input_text,target_text
translate question to dbpedia path: How many movies did Stanley Kubrick direct?,COUNT >> [ANS] >> dbo:director >> dbr:Stanley_Kubrick
translate question to dbpedia path: Which city's foundeer is John Forbes?,[ANS] >> dbo:founder >> dbr:John_Forbes_(British_Army_officer) [SEP] [ANS] >> rdf:type >> dbo:City
translate question to dbpedia path: What is the river whose mouth is in deadsea?,[ANS] >> dbo:riverMouth >> dbr:Dead_Sea [SEP] [ANS] >> rdf:type >> dbo:River
translate question to dbpedia path: What is the allegiance of John Kotelawala ?,dbr:John_Kotelawala >> dbp:allegiance >> [ANS]
translate question to dbpedia path: How many races have the horses bred by Jacques Van't Hart participated in?,COUNT >> [VAR1] >> dbo:breeder >> dbr:Jacques_Van't_Hart [SEP] [VAR1] >> dbp:race >> [ANS]
"translate question to dbpedia path: What is the incumbent of the Al Gore presidential campaign, 2000 and also the president of the Ann Lewis ?","dbr:Al_Gore_presidential_campaign,_2000 >> dbo:incumbent >> [ANS] [SEP] dbr:Ann_Lewis >> dbo:president >> [ANS]"
translate question to dbpedia path: What is the region of Tom Perriello ?,dbr:Tom_Perriello >> dbo:region >> [ANS]
translate question to dbpedia path: What layout can be found in cars similar to the Subaru Outback?,[VAR1] >> dbo:layout >> [ANS] [SEP] [VAR1] >> dbp:related >> dbr:Subaru_Outback [SEP] [VAR1] >> rdf:type >> dbo:Automobile
translate question to dbpedia path: Starwood operates in which places?,[VAR1] >> dbp:address >> [ANS] [SEP] [VAR1] >> dbp:operator >> dbr:Starwood_Hotels_and_Resorts_Worldwide
translate question to dbpedia path: Name the mascot of Austin College ?,dbr:Austin_College >> dbp:mascot >> [ANS]
translate question to dbpedia path: What was the university of the rugby player who coached the Stanford rugby teams during 1906-1917?,[VAR1] >> dbo:university >> [ANS] [SEP] dbr:1906–17_Stanford_rugby_teams >> dbp:headcoach >> [VAR1]
"translate question to dbpedia path: How many people live in Wilton, Connecticut?","COUNT >> [ANS] >> dbp:residence >> dbr:Wilton,_Connecticut"
translate question to dbpedia path: What awards did the film director of The Haunted House win ?,[VAR1] >> dbo:award >> [ANS] [SEP] dbr:The_Haunted_House_(1929_film) >> dbo:director >> [VAR1]
translate question to dbpedia path: Name the origin of Henry Cluney ?,dbr:Henry_Cluney >> dbp:origin >> [ANS]
translate question to dbpedia path: List the things for which people of New Orleans are famous for?,[VAR1] >> dbp:knownFor >> [ANS] [SEP] [VAR1] >> dbp:placeOfBirth >> dbr:New_Orleans [SEP] [VAR1] >> rdf:type >> dbo:Person
translate question to dbpedia path: What sports are played in schools in the capital region?,[VAR1] >> dbo:sport >> [ANS] [SEP] [VAR1] >> dbp:region >> dbr:Capital_region [SEP] [VAR1] >> rdf:type >> dbo:School
"translate question to dbpedia path: What company brought Riddim Ribbon to the market, and developed the batch monitor?",dbr:Batch_Monitor >> dbp:developer >> [ANS] [SEP] dbr:Riddim_Ribbon_feat._The_Black_Eyed_Peas >> dbp:distributor >> [ANS]
translate question to dbpedia path: In which part of the world can i find Xynisteri and Mavro?,dbr:Mavro >> dbo:origin >> [ANS] [SEP] dbr:Xynisteri >> dbo:origin >> [ANS]
translate question to dbpedia path: which awards have been given to people who fought in the Battle of France?,[VAR1] >> dbo:award >> [ANS] [SEP] [VAR1] >> dbo:battle >> dbr:Battle_of_France [SEP] [VAR1] >> rdf:type >> dbo:Person
translate question to dbpedia path: Name the resting place of Charles Edward Magoon ?,dbr:Charles_Edward_Magoon >> dbp:restingplace >> [ANS]
translate question to dbpedia path: Who built the stadium which was rented for the 2013 Copa Centroamericana ?,[VAR1] >> dbo:builder >> [ANS] [SEP] [VAR1] >> dbo:tenant >> dbr:2013_Copa_Centroamericana [SEP] [VAR1] >> rdf:type >> dbo:Stadium
translate question to dbpedia path: Who was the silver medalist of Gymnastics at the 2008 Summer Olympics  Women's artistic individual all-around ?,dbr:Gymnastics_at_the_2008_Summer_Olympics_–_Women's_artistic_individual_all-around >> dbo:silverMedalist >> [ANS]
translate question to dbpedia path: what are some common surnames of female people?,[ANS] >> dbp:gender >> dbr:Female
translate question to dbpedia path: Which company owns the manufacturer of the Edsel Ranger?,[VAR1] >> dbp:parent >> [ANS] [SEP] [VAR1] >> dbp:products >> dbr:Edsel_Ranger
translate question to dbpedia path: List the total number of board members who share board with Creative commons ?,COUNT >> [VAR1] >> dbo:board >> [ANS] [SEP] [VAR1] >> dbo:board >> dbr:Creative_Commons
"translate question to dbpedia path: Who is the leader of United States House of Representatives elections, 1788 and 1789 ?","dbr:United_States_House_of_Representatives_elections,_1788_and_1789 >> dbp:leader >> [ANS]"
translate question to dbpedia path: The fugitive Kind and the Notebook of Trigorin is written by what author?,dbr:The_Fugitive_Kind >> dbp:writer >> [ANS] [SEP] dbr:The_Notebook_of_Trigorin >> dbo:author >> [ANS]
translate question to dbpedia path: Name the mountain whose range is Sierra Nevada (U.S.) and parent mountain peak is Nevado de Toluca?,[ANS] >> dbo:mountainRange >> dbr:Sierra_Nevada_(U.S.) [SEP] [ANS] >> dbo:parentMountainPeak >> dbr:Nevado_de_Toluca [SEP] [ANS] >> rdf:type >> dbo:Mountain
translate question to dbpedia path: Where did the  designer of Monument to Salavat Yulaev die?,[VAR1] >> dbp:placeOfDeath >> [ANS] [SEP] dbr:Monument_to_Salavat_Yulaev >> dbo:designer >> [VAR1]
translate question to dbpedia path: How many mammals are in the Chordate phylum?,COUNT >> [ANS] >> dbp:phylum >> dbr:Chordate [SEP] [ANS] >> rdf:type >> dbo:Mammal
translate question to dbpedia path: List the battles fought by Roh Tae-woo ?,dbr:Roh_Tae-woo >> dbp:battles >> [ANS]
translate question to dbpedia path: Which genre of books are published by Random House?,[VAR1] >> dbp:publisher >> dbr:Random_House [SEP] [VAR1] >> dbp:subject >> [ANS] [SEP] [VAR1] >> rdf:type >> dbo:Book
"translate question to dbpedia path: Which famous political figure appointed william cushing, and also founded Pittsburgh>",dbr:Pittsburgh >> dbo:founder >> [ANS] [SEP] dbr:William_Cushing >> dbo:appointer >> [ANS]
translate question to dbpedia path: Which newspapers are owned by companies which are under Rolv Erik Ryssdal?,[ANS] >> dbp:owners >> [VAR1] [SEP] [ANS] >> rdf:type >> dbo:Newspaper [SEP] [VAR1] >> dbo:keyPerson >> dbr:Rolv_Erik_Ryssdal
translate question to dbpedia path: Which series has an episode called The lost special and also a character named Sherlock Holmes ?,dbr:Sherlock_Holmes_(play) >> dbp:characters >> [ANS] [SEP] dbr:The_Lost_Special >> dbp:series >> [ANS]
translate question to dbpedia path: What are some Louisiana based models known for?,[VAR1] >> dbp:knownFor >> [ANS] [SEP] [VAR1] >> dbp:placeOfBirth >> dbr:Louisiana [SEP] [VAR1] >> rdf:type >> dbo:Model
translate question to dbpedia path: List the common official language of the ladonia and Empire of Atlantium ?,dbr:Empire_of_Atlantium >> dbo:officialLanguage >> [ANS] [SEP] dbr:Ladonia_(micronation) >> dbo:officialLanguage >> [ANS]
translate question to dbpedia path: What are the prizes won by the animator of The Skeleton Dance ?,[VAR1] >> dbo:award >> [ANS] [SEP] dbr:The_Skeleton_Dance >> dbo:animator >> [VAR1]
translate question to dbpedia path: Which office holder's constituency is Haight-Ashbury and has military unit as USS Kittiwake ?,[ANS] >> dbo:militaryUnit >> dbr:USS_Kittiwake_(ASR-13) [SEP] [ANS] >> dbp:constituency >> dbr:Haight-Ashbury [SEP] [ANS] >> rdf:type >> dbo:OfficeHolder
translate question to dbpedia path: What is the region of the ethnic group which speaks the language of Arkansas?,[VAR1] >> dbp:region >> [ANS] [SEP] [VAR1] >> rdf:type >> dbo:EthnicGroup [SEP] dbr:Arkansas >> dbo:language >> [VAR1]
translate question to dbpedia path: What is the religion of the member of parliament who is a relative of Sarathchandra Rajakaruna?,[VAR1] >> dbo:relation >> dbr:Sarathchandra_Rajakaruna [SEP] [VAR1] >> dbo:religion >> [ANS] [SEP] [VAR1] >> rdf:type >> dbo:MemberOfParliament
translate question to dbpedia path: What organisation regulates and controls the New Sanno Hotel?,dbr:New_Sanno_Hotel >> dbo:tenant >> [ANS]
translate question to dbpedia path: Who is the common manager of Aston Villa 2000-02 season and aldo the manager of Middlesbrough F.C. season 2009-10,dbr:2000–01_Aston_Villa_F.C._season >> dbp:name >> [ANS] [SEP] dbr:2009–10_Middlesbrough_F.C._season >> dbo:manager >> [ANS]
translate question to dbpedia path: Was Ganymede discovered by Galileo Galilei?,ASK >> dbr:Ganymede_(moon) >> dbp:discoverer >> dbr:Galileo_Galilei
translate question to dbpedia path: Name the F1 racer with relative as Ralf Schumacher and has child named Mick Schumacher?,[ANS] >> dbo:child >> dbr:Mick_Schumacher [SEP] [ANS] >> dbp:relatives >> dbr:Ralf_Schumacher [SEP] [ANS] >> rdf:type >> dbo:FormulaOneRacer
translate question to dbpedia path: Does the Toyota Verossa have the front engine design platform?,ASK >> dbr:Toyota_Verossa >> dbo:automobilePlatform >> dbr:Front-engine_design
translate question to dbpedia path: What are some other products of the banks which makes Postbanken?,[VAR1] >> dbo:product >> dbr:Postbanken [SEP] [VAR1] >> dbp:products >> [ANS] [SEP] [VAR1] >> rdf:type >> dbo:Bank
translate question to dbpedia path: What is the occupation of the Irving Chernev and Karen Grigorian?,dbr:Irving_Chernev >> dbo:occupation >> [ANS] [SEP] dbr:Karen_Grigorian >> dbo:occupation >> [ANS]
translate question to dbpedia path: Who produces the trains operated by the MTR?,[VAR1] >> dbo:manufacturer >> [ANS] [SEP] [VAR1] >> dbo:operator >> dbr:MTR [SEP] [VAR1] >> rdf:type >> dbo:Train
translate question to dbpedia path: Name the TV show with distributor as Broadcast syndication and has theme music composed by Primus ?,[ANS] >> dbo:distributor >> dbr:Broadcast_syndication [SEP] [ANS] >> dbp:themeMusicComposer >> dbr:Primus_(band) [SEP] [ANS] >> rdf:type >> dbo:TelevisionShow
translate question to dbpedia path: In which countries can i find some feminist writers?,[VAR1] >> dbo:movement >> dbr:Feminism [SEP] [VAR1] >> dbo:nationality >> [ANS] [SEP] [VAR1] >> rdf:type >> dbo:Writer
"translate question to dbpedia path: In which teams did anyone who played as a defencemen, play previously?",[VAR1] >> dbo:formerTeam >> [ANS] [SEP] [VAR1] >> dbp:position >> dbr:Defenceman
translate question to dbpedia path: What are the other band member of the Bands whose current members is Hynief?,[VAR1] >> dbo:bandMember >> [ANS] [SEP] [VAR1] >> dbp:currentMembers >> dbr:Hynief [SEP] [VAR1] >> rdf:type >> dbo:Band
translate question to dbpedia path: Which line of the Vadodara Junction railway station is the route end of Mumbai Vadodara Expressway ?,dbr:Mumbai_Vadodara_Expressway >> dbo:routeEnd >> [ANS] [SEP] dbr:Vadodara_Junction_railway_station >> dbp:line >> [ANS]
translate question to dbpedia path: Who authored the works published in the Jump Square Magazine?,[VAR1] >> dbp:author >> [ANS] [SEP] [VAR1] >> dbp:magazine >> dbr:Jump_Square
translate question to dbpedia path: How many things are aired on BBC HD?,COUNT >> [ANS] >> dbo:network >> dbr:BBC_HD
translate question to dbpedia path: Which work of Craig van Tilbury is close to the area of The Chess Monthyl ?,dbr:Craig_Van_Tilbury >> dbo:occupation >> [ANS] [SEP] dbr:The_Chess_Monthly >> dbp:discipline >> [ANS]
translate question to dbpedia path: Where does the successor of Thongsuk Samdaengpan reside?,[VAR1] >> dbo:location >> [ANS] [SEP] dbr:Thongsuk_Samdaengpan >> dbp:successor >> [VAR1]
translate question to dbpedia path: What is the location city of the Denver Broncos which is also  place of birth of the William C. Cramer ?,dbr:Denver_Broncos >> dbo:locationCity >> [ANS] [SEP] dbr:William_C._Cramer >> dbp:placeOfBirth >> [ANS]
translate question to dbpedia path: Was Mark Twain a character of Mark Twain Tonight?,ASK >> dbr:Mark_Twain_Tonight >> dbp:characters >> dbr:Mark_Twain
translate question to dbpedia path: List bacteria whose order (taxonomy) is Bacillales and domain is Bacteria?,[ANS] >> dbo:order >> dbr:Bacillales [SEP] [ANS] >> dbp:domain >> dbr:Bacteria [SEP] [ANS] >> rdf:type >> dbo:Bacteria
translate question to dbpedia path: What is the place of the Geography Club (play) which is also the  official residence of the Scott Berkun?,dbr:Geography_Club_(play) >> dbp:place >> [ANS] [SEP] dbr:Scott_Berkun >> dbp:residence >> [ANS]
translate question to dbpedia path: What are some characters of series produced by Ricky Grevais?,[ANS] >> dbo:series >> [VAR1] [SEP] [VAR1] >> dbo:executiveProducer >> dbr:Ricky_Gervais
"translate question to dbpedia path: Is the song Killing is Out, School is in belong in the The Next Step?","ASK >> dbr:Killing_Is_Out,_School_Is_In >> dbp:album >> dbr:The_Next_Step_(James_Brown_album)"
translate question to dbpedia path: Which band's  former member are Kevin Jonas and Joe Jonas?,[ANS] >> dbo:formerBandMember >> dbr:Kevin_Jonas [SEP] [ANS] >> dbp:pastMembers >> dbr:Joe_Jonas [SEP] [ANS] >> rdf:type >> dbo:Band
translate question to dbpedia path: Count all those whose youth club was managed by Luis Enrique.,COUNT >> [ANS] >> dbp:youthclubs >> [VAR1] [SEP] [VAR1] >> dbp:manager >> dbr:Luis_Enrique_(footballer)
translate question to dbpedia path: Is camel  of the chordate phylum?,ASK >> dbr:Camel >> dbp:phylum >> dbr:Chordate
translate question to dbpedia path: What is the purpose of the Maharashtra Chess Association which is genere of PyChess?,dbr:Maharashtra_Chess_Association >> dbp:purpose >> [ANS] [SEP] dbr:PyChess >> dbo:genre >> [ANS]
translate question to dbpedia path: Whose former teams are Indianapolis Colts and Carolina Panthers?,[ANS] >> dbo:formerTeam >> dbr:Carolina_Panthers [SEP] [ANS] >> dbo:formerTeam >> dbr:Indianapolis_Colts
translate question to dbpedia path: In which language is All I need is Your Sweet lovin written ?,dbr:All_I_Need_Is_Your_Sweet_Lovin' >> dbp:language >> [ANS]
translate question to dbpedia path: Which colonel consort is Dolley Madison?,[ANS] >> dbp:rank >> dbr:Colonel_(United_States) [SEP] [ANS] >> dbp:spouse >> dbr:Dolley_Madison
translate question to dbpedia path: Which title of Zaman Shah Durrani is also the nationality of Salahuddin ?,dbr:Salahuddin_Rabbani >> dbo:nationality >> [ANS] [SEP] dbr:Zaman_Shah_Durrani >> dbp:title >> [ANS]
translate question to dbpedia path: Does the merlin express have a hub at the cibano international airport?,ASK >> dbr:Merlin_Express >> dbo:hubAirport >> dbr:Cibao_International_Airport
translate question to dbpedia path: Was Duanne Allman known to play the Les Paul?,ASK >> dbr:Duane_Allman >> dbp:notableInstruments >> dbr:Gibson_Les_Paul
translate question to dbpedia path: List the judges of Rising Star which is also the artist of Brad Paisley discography ?,dbr:Brad_Paisley_discography >> dbp:artist >> [ANS] [SEP] dbr:Rising_Star_(U.S._TV_series) >> dbp:judges >> [ANS]
translate question to dbpedia path: Who are some people whose relation is hqed in Gold Base?,[ANS] >> dbo:religion >> [VAR1] [SEP] [VAR1] >> dbp:headquarters >> dbr:Gold_Base
translate question to dbpedia path: Which party does Iqbal Singh and B Shiva Rao currently belong to?,dbr:B._Shiva_Rao >> dbp:party >> [ANS] [SEP] dbr:Iqbal_Singh_(politician) >> dbp:party >> [ANS]
translate question to dbpedia path: In which state is the alma mater of Ben Ysursa located ?,[VAR1] >> dbo:state >> [ANS] [SEP] dbr:Ben_Ysursa >> dbp:almaMater >> [VAR1]
"translate question to dbpedia path: What sport amongst the one Lagos Preparatory School practices, did Willian Garne play for?",dbr:Lagos_Preparatory_School >> dbo:sport >> [ANS] [SEP] dbr:William_Garne >> dbo:occupation >> [ANS]
translate question to dbpedia path: What are the beverages whose origin is England?,[ANS] >> dbo:origin >> dbr:England
translate question to dbpedia path: Which current member of Insect vs Robots is also the music composer of Kenny Dies ?,dbr:Insects_vs_Robots >> dbp:currentMembers >> [ANS] [SEP] dbr:Kenny_Dies >> dbo:musicComposer >> [ANS]
translate question to dbpedia path: What are the television shows whose distributer is HBO?,[ANS] >> dbp:distributor >> dbr:HBO [SEP] [ANS] >> rdf:type >> dbo:TelevisionShow
translate question to dbpedia path: What is the distributing label of StandBy Records ?,dbr:StandBy_Records >> dbo:distributingLabel >> [ANS]
translate question to dbpedia path: Who is the film star of On Air with Ryan Seacrest ?,dbr:On_Air_with_Ryan_Seacrest >> dbo:starring >> [ANS]
"translate question to dbpedia path: Who have children named James Roosevelt and Franklin Delano Roosevelt, Jr.?","[ANS] >> dbp:children >> dbr:Franklin_Delano_Roosevelt,_Jr. [SEP] [ANS] >> dbp:children >> dbr:James_Roosevelt"
translate question to dbpedia path: In how many different places does Canal and River Trust own its assets?,COUNT >> [VAR1] >> dbo:location >> [ANS] [SEP] [VAR1] >> dbo:owner >> dbr:Canal_&_River_Trust
translate question to dbpedia path: Count the total number of launch site of the rockets which have been launched form Cape Canaveral Air Force Station ?,COUNT >> [VAR1] >> dbo:launchSite >> [ANS] [SEP] [VAR1] >> dbo:launchSite >> dbr:Cape_Canaveral_Air_Force_Station
translate question to dbpedia path: List some leaders of regions in the Indian Standard Time Zone?,[VAR1] >> dbo:leaderName >> [ANS] [SEP] [VAR1] >> dbo:timeZone >> dbr:Indian_Standard_Time [SEP] [VAR1] >> rdf:type >> dbo:Place
translate question to dbpedia path: Name some comic characters created by Bruce Timm?,[ANS] >> dbo:creator >> dbr:Bruce_Timm
translate question to dbpedia path: Which university attended by Franklin W. Olin was also the alma mater of Patty Lin ?,dbr:Franklin_W._Olin >> dbp:education >> [ANS] [SEP] dbr:Patty_Lin >> dbp:almaMater >> [ANS]
translate question to dbpedia path: Whihc associate of THomas Bryan Martin is also the founder of Pittsburgh ?,dbr:Pittsburgh >> dbo:founder >> [ANS] [SEP] dbr:Thomas_Bryan_Martin >> dbo:associate >> [ANS]
translate question to dbpedia path: Who gives the license of WXXV-DT2 ?,dbr:WXXV-DT2 >> dbp:licensee >> [ANS]
translate question to dbpedia path: Count the number of sports played by schools which play hockey ?,COUNT >> [VAR1] >> dbo:sport >> [ANS] [SEP] [VAR1] >> dbo:sport >> dbr:Hockey
translate question to dbpedia path: List the tomb of the royalties whose burial place is Little Easton ?,[VAR1] >> dbp:placeOfBurial >> [ANS] [SEP] [VAR1] >> dbp:placeOfBurial >> dbr:Little_Easton [SEP] [VAR1] >> rdf:type >> dbo:Royalty
translate question to dbpedia path: What are some relatives of the people who fought in Operation Barbarossa?,[VAR1] >> dbo:battle >> dbr:Operation_Barbarossa [SEP] [VAR1] >> dbo:relation >> [ANS] [SEP] [VAR1] >> rdf:type >> dbo:Person
translate question to dbpedia path: How many awards have been given to screenwriters?,COUNT >> [VAR1] >> dbp:awards >> [ANS] [SEP] [VAR1] >> dbp:occupation >> dbr:Screenwriter
translate question to dbpedia path: Who is the builder of Estadio Nacional de Costa Rica (2011) ?,dbr:Estadio_Nacional_de_Costa_Rica_(2011) >> dbo:builder >> [ANS]
translate question to dbpedia path: How many software run on operating system is Microsoft Windows?,COUNT >> [ANS] >> dbo:operatingSystem >> dbr:Microsoft_Windows [SEP] [ANS] >> rdf:type >> dbo:Software
translate question to dbpedia path: What is the awards given to the horse whose grandson is the famous Counterpoint?,[VAR1] >> dbo:honours >> [ANS] [SEP] [VAR1] >> rdf:type >> dbo:Horse [SEP] dbr:Counterpoint_(horse) >> dbp:grandsire >> [VAR1]
translate question to dbpedia path: Where is the swedish covenant hospital?,dbr:Swedish_Covenant_Hospital >> dbo:location >> [ANS]
translate question to dbpedia path: Who won a Norbert Wiener Award for Social and Professional Responsibility?,[ANS] >> dbp:prizes >> dbr:Norbert_Wiener_Award_for_Social_and_Professional_Responsibility
translate question to dbpedia path: What awards have been given to Screenwriters?,[VAR1] >> dbp:awards >> [ANS] [SEP] [VAR1] >> dbp:occupation >> dbr:Screenwriter
translate question to dbpedia path: Which office's people have died on the US Route 165?,[VAR1] >> dbp:deathPlace >> dbr:U.S._Route_165 [SEP] [VAR1] >> dbp:office >> [ANS] [SEP] [VAR1] >> rdf:type >> dbo:Person
translate question to dbpedia path: In which races have Tillingdale's horses participated?,[VAR1] >> dbp:owner >> dbr:Tillingdale [SEP] [VAR1] >> dbp:race >> [ANS] [SEP] [VAR1] >> rdf:type >> dbo:Horse
translate question to dbpedia path: List the show related to the which was followed by Doctor Who Extra?,[ANS] >> dbo:related >> [VAR1] [SEP] [ANS] >> rdf:type >> dbo:TelevisionShow [SEP] [VAR1] >> dbo:subsequentWork >> dbr:Doctor_Who_Extra
translate question to dbpedia path: What is the predecessor of the automobile which is the related of Cadillac Fleetwood?,[VAR1] >> dbo:predecessor >> [ANS] [SEP] [VAR1] >> rdf:type >> dbo:Automobile [SEP] dbr:Cadillac_Fleetwood >> dbp:related >> [VAR1]
translate question to dbpedia path: Which country's largest city is Lima?,[ANS] >> dbo:largestCity >> dbr:Lima
translate question to dbpedia path: Whose opponents are Ike Clanton and Billy Clanton?,[ANS] >> dbo:opponent >> dbr:Billy_Clanton [SEP] [ANS] >> dbo:opponent >> dbr:Ike_Clanton
translate question to dbpedia path: List the institute of Robert hall ?,dbr:Robert_Hall_(economist) >> dbo:institution >> [ANS]
translate question to dbpedia path: To which religion does the commander of South Thailand insurgency belong?,[VAR1] >> dbo:religion >> [ANS] [SEP] dbr:South_Thailand_insurgency >> dbo:commander >> [VAR1]
translate question to dbpedia path: Who was the writer of the novel Maniac Magee?,[ANS] >> dbp:notableworks >> dbr:Maniac_Magee [SEP] [ANS] >> rdf:type >> dbo:Writer
translate question to dbpedia path: Where is Emmett Hughes from?,dbr:Emmett_Hughes >> dbo:nationality >> [ANS]
translate question to dbpedia path: What are the movies whose music is given by Laurie Johnson?,[ANS] >> dbp:music >> dbr:Laurie_Johnson [SEP] [ANS] >> rdf:type >> dbo:Film
translate question to dbpedia path: What appliance Sony made after the success of PlayStation 2?,[ANS] >> dbo:manufacturer >> dbr:Sony [SEP] [ANS] >> dbo:predecessor >> dbr:PlayStation_2
translate question to dbpedia path: What are some cars similar to luxury cars?,[VAR1] >> dbp:class >> dbr:Luxury_vehicle [SEP] [VAR1] >> dbp:related >> [ANS] [SEP] [VAR1] >> rdf:type >> dbo:Automobile
"translate question to dbpedia path: What television show is magistrated by Harry Connick, Jr.?","[ANS] >> dbp:judges >> dbr:Harry_Connick,_Jr. [SEP] [ANS] >> rdf:type >> dbo:TelevisionShow"
translate question to dbpedia path: Did Paul Weatherwax an editor of Behave Yourself?,ASK >> dbr:Behave_Yourself! >> dbp:editing >> dbr:Paul_Weatherwax
translate question to dbpedia path: does the journal of cancer have the creative commons license?,ASK >> dbr:Journal_of_Cancer >> dbp:license >> dbr:Creative_Commons_license
translate question to dbpedia path: What genre of games are made by Blizzard Entertainment studios?,[VAR1] >> dbo:developer >> dbr:Blizzard_Entertainment [SEP] [VAR1] >> dbp:genre >> [ANS] [SEP] [VAR1] >> rdf:type >> dbo:VideoGame
translate question to dbpedia path: Name the series of Doctor Who: Evacuation Earth ?,dbr:Doctor_Who:_Evacuation_Earth >> dbo:series >> [ANS]
translate question to dbpedia path: List the awards won by the writer of Face to Face ?,[VAR1] >> dbp:awards >> [ANS] [SEP] dbr:Face_to_Face_(1976_film) >> dbp:writer >> [VAR1]
translate question to dbpedia path: What is the common party of Chandra Shekhar and Govinda  ?,dbr:Chandra_Shekhar >> dbo:otherParty >> [ANS] [SEP] dbr:Govinda_(actor) >> dbo:party >> [ANS]
translate question to dbpedia path: What awards were given to the screenplayer of The Motorcycle Diaries?,[VAR1] >> dbp:awards >> [ANS] [SEP] dbr:The_Motorcycle_Diaries_(film) >> dbp:screenplay >> [VAR1]
translate question to dbpedia path: Was Jack Ryan a nominee of US Senate?,ASK >> dbr:Jack_Ryan_(politician) >> dbo:nominee >> dbr:United_States_Senate
translate question to dbpedia path: What are some music artists whose bands have signed up with Entertainment One Music?,[VAR1] >> dbo:bandMember >> [ANS] [SEP] [VAR1] >> dbp:label >> dbr:Entertainment_One_Music [SEP] [VAR1] >> rdf:type >> dbo:Band
translate question to dbpedia path: What team did Dan Daoust and Don Ashby play for?,dbr:Dan_Daoust >> dbo:formerTeam >> [ANS] [SEP] dbr:Don_Ashby >> dbp:playedFor >> [ANS]
translate question to dbpedia path: Name the broadcast area of  Radio Philippines Network ?,dbr:Radio_Philippines_Network >> dbp:area >> [ANS]
translate question to dbpedia path: Which district of Fort Heath radar station is also the state of Joesph Story ?,dbr:Fort_Heath_radar_station >> dbp:district >> [ANS] [SEP] dbr:Joseph_Story >> dbp:state >> [ANS]
translate question to dbpedia path: Which river's mouth is located in Gulf of Mexico and has source location as Itasca State Park ?,[ANS] >> dbo:riverMouth >> dbr:Gulf_of_Mexico [SEP] [ANS] >> dbp:sourceLocation >> dbr:Itasca_State_Park [SEP] [ANS] >> rdf:type >> dbo:River
translate question to dbpedia path: Is my truly truly fair the band of mitch miller?,"ASK >> dbr:My_Truly,_Truly_Fair >> dbo:musicalBand >> dbr:Mitch_Miller"
translate question to dbpedia path: Which religion is prevalent in the schools of the Ashanti region?,[VAR1] >> dbp:denomination >> [ANS] [SEP] [VAR1] >> dbp:region >> dbr:Ashanti_Region [SEP] [VAR1] >> rdf:type >> dbo:School
translate question to dbpedia path: Which politician was succeeded by someone who graduated from the Instituts d'tudes politiques?,[ANS] >> dbp:successor >> [VAR1] [SEP] [ANS] >> rdf:type >> dbo:OfficeHolder [SEP] [VAR1] >> dbo:almaMater >> dbr:Instituts_d'études_politiques
translate question to dbpedia path: How many different mascots are there of the NCAA teams?,COUNT >> [VAR1] >> dbp:athletics >> dbr:National_Collegiate_Athletic_Association [SEP] [VAR1] >> dbp:mascot >> [ANS]
"translate question to dbpedia path: Which of the continents that Digitalb worked in, was christine rolfes born in?",dbr:Christine_Rolfes >> dbo:birthPlace >> [ANS] [SEP] dbr:Digit-Alb >> dbo:regionServed >> [ANS]
translate question to dbpedia path: Which nation hosts the WTA Tour Championships?,dbr:WTA_Tour_Championships >> dbp:country >> [ANS]
translate question to dbpedia path: Name the television show whose theme music is composed by Julian Gingell and broadcasted on FOX ?,[ANS] >> dbp:channel >> dbr:Fox_Broadcasting_Company [SEP] [ANS] >> dbp:themeMusicComposer >> dbr:Julian_Gingell [SEP] [ANS] >> rdf:type >> dbo:TelevisionShow
translate question to dbpedia path: What is the prize received by the one who wrote the screen play of The Postman  ?,[VAR1] >> dbo:award >> [ANS] [SEP] dbr:The_Postman_(film) >> dbp:screenplay >> [VAR1]
translate question to dbpedia path: What are the awrds won by Laemmle Theatres ?,dbr:Laemmle_Theatres >> dbo:service >> [ANS]
translate question to dbpedia path: Is nintendo in the video games industry?,ASK >> dbr:Nintendo >> dbp:industry >> dbr:Video_game
"translate question to dbpedia path: Name the office holder whose predecessor is  Henry E. Catto, Jr. and won Screen Actors Guild Life Achievement Award?","[ANS] >> dbo:award >> dbr:Screen_Actors_Guild_Life_Achievement_Award [SEP] [ANS] >> dbo:predecessor >> dbr:Henry_E._Catto,_Jr. [SEP] [ANS] >> rdf:type >> dbo:OfficeHolder"
translate question to dbpedia path: Which notable commanders of the Army Group Oberrhein (Germany) is the  leader of the Kriminalpolizei?,dbr:Army_Group_Oberrhein_(Germany) >> dbp:notableCommanders >> [ANS] [SEP] dbr:Kriminalpolizei >> dbo:leader >> [ANS]
translate question to dbpedia path: Which maintainer of Cheasty Boulevard South is also the city of Soccer Bowl' 76 ?,dbr:Cheasty_Boulevard_South >> dbo:maintainedBy >> [ANS] [SEP] dbr:Soccer_Bowl_'76 >> dbo:city >> [ANS]
translate question to dbpedia path: Which colonel has allegiance to Colony of Virginia ?,[ANS] >> dbp:allegiance >> dbr:Colony_of_Virginia [SEP] [ANS] >> dbp:rank >> dbr:Colonel_(United_States) [SEP] [ANS] >> rdf:type >> dbo:OfficeHolder
translate question to dbpedia path: Which driver came first in the 1993 European Grand Prix ?,dbr:1993_European_Grand_Prix >> dbp:firstDriver >> [ANS]
translate question to dbpedia path: What is the layout of the cars similar to that of the Subaru Outback?,[VAR1] >> dbo:layout >> [ANS] [SEP] [VAR1] >> dbo:relatedMeanOfTransportation >> dbr:Subaru_Outback [SEP] [VAR1] >> rdf:type >> dbo:Automobile
translate question to dbpedia path: Name the university which has Lieutenaunt general as superintendent and mascot as Gyrfalcon ?,[ANS] >> dbo:superintendent >> dbr:Lieutenant_general_(United_States) [SEP] [ANS] >> dbp:mascot >> dbr:Gyrfalcon [SEP] [ANS] >> rdf:type >> dbo:University
translate question to dbpedia path: How many other ingredient are there in the foods whihh have one of the ingredient as Potato ?,COUNT >> [VAR1] >> dbo:ingredient >> [ANS] [SEP] [VAR1] >> dbo:ingredient >> dbr:Potato
translate question to dbpedia path: In which country is the Duong river?,dbr:Đuống_River >> dbo:sourceCountry >> [ANS]
translate question to dbpedia path: How many companies have launched their rockets from the Vandenerg Air base?,COUNT >> [ANS] >> rdf:type >> dbo:Company [SEP] [VAR1] >> dbo:launchSite >> dbr:Vandenberg_Air_Force_Base [SEP] [VAR1] >> dbo:manufacturer >> [ANS]
translate question to dbpedia path: List the destinations to which the airlines headquartered at the Gatwick Airport fly to?,[VAR1] >> dbo:destination >> [ANS] [SEP] [VAR1] >> dbp:headquarters >> dbr:Gatwick_Airport [SEP] [VAR1] >> rdf:type >> dbo:Airline
translate question to dbpedia path: What are some given names for males?,[ANS] >> dbo:gender >> dbr:Male
translate question to dbpedia path: The official residence of Sukhumbhand paribatra ?,dbr:Sukhumbhand_Paribatra >> dbp:residence >> [ANS]
translate question to dbpedia path: What are the television shows whose company's predecessor is Desilu Productions?,[ANS] >> dbp:company >> [VAR1] [SEP] [ANS] >> rdf:type >> dbo:TelevisionShow [SEP] [VAR1] >> dbp:predecessor >> dbr:Desilu_Productions
translate question to dbpedia path: What is operated by FedExField ?,dbr:FedExField >> dbo:operator >> [ANS]
translate question to dbpedia path: Which battle did both Steven Palazao and tony hogg fight in?,dbr:Steven_Palazzo >> dbp:battles >> [ANS] [SEP] dbr:Tony_Hogg >> dbp:battles >> [ANS]
"translate question to dbpedia path: Which company which assembles its cars in Broadmeadows, Victoria?","[VAR1] >> dbo:parentCompany >> [ANS] [SEP] [VAR1] >> dbp:assembly >> dbr:Broadmeadows,_Victoria [SEP] [VAR1] >> rdf:type >> dbo:Automobile"
translate question to dbpedia path: List the people casted in Betsy's Wedding and 16 candles?,[ANS] >> rdf:type >> dbo:Person [SEP] dbr:Betsy's_Wedding >> dbo:starring >> [ANS] [SEP] dbr:Sixteen_Candles >> dbp:starring >> [ANS]
translate question to dbpedia path: Foxconn makes how many things?,COUNT >> [ANS] >> dbo:manufacturer >> dbr:Foxconn
translate question to dbpedia path: Do the polet airlines fly to moscow?,ASK >> dbr:Polet_Airlines >> dbo:targetAirport >> dbr:Moscow
translate question to dbpedia path: In how many nations can I find dishes made of Shallot?,COUNT >> [ANS] >> rdf:type >> dbo:Country [SEP] [VAR1] >> dbo:country >> [ANS] [SEP] [VAR1] >> dbo:ingredient >> dbr:Shallot
translate question to dbpedia path: What is the mascot of the military unit of David Prowse?,[VAR1] >> dbp:mascot >> [ANS] [SEP] dbr:David_Prowse_(politician) >> dbp:branch >> [VAR1]
translate question to dbpedia path: Does Cohoes a junction on the NY State Route 470?,"ASK >> dbr:New_York_State_Route_470 >> dbo:routeJunction >> dbr:Cohoes,_New_York"
translate question to dbpedia path: How many other important things have been written by the creator of Stuart Alan Jones?,COUNT >> [VAR1] >> dbo:notableWork >> [ANS] [SEP] dbr:Stuart_Alan_Jones >> dbo:creator >> [VAR1]
translate question to dbpedia path: What is the genre of the Band whose home town is County Westmeath?,[VAR1] >> dbo:hometown >> dbr:County_Westmeath [SEP] [VAR1] >> dbp:genre >> [ANS] [SEP] [VAR1] >> rdf:type >> dbo:Band
translate question to dbpedia path: Which sports are played at institues in Taguig?,[VAR1] >> dbo:city >> dbr:Taguig [SEP] [VAR1] >> dbo:sport >> [ANS] [SEP] [VAR1] >> rdf:type >> dbo:EducationalInstitution
"translate question to dbpedia path: Whose album is Haiti, I am sorry?",dbr:Haiti_I_Am_Sorry >> dbo:album >> [ANS]
translate question to dbpedia path: Is Microsoft office written in C++,ASK >> dbr:Microsoft_Office >> dbp:programmingLanguage >> dbr:C++
translate question to dbpedia path: Whose band members are known to play a PRS guitar?,[ANS] >> dbp:currentMembers >> [VAR1] [SEP] [VAR1] >> dbp:notableInstruments >> dbr:PRS_Guitars
translate question to dbpedia path: Which river's source place is Gloucestershire and mouth in North Sea?,[ANS] >> dbo:riverMouth >> dbr:North_Sea [SEP] [ANS] >> dbo:sourcePlace >> dbr:Gloucestershire [SEP] [ANS] >> rdf:type >> dbo:River
translate question to dbpedia path: Name the commanders of military conflicts where Roundhead was one of the commander ?,[VAR1] >> dbo:commander >> [ANS] [SEP] [VAR1] >> dbp:commander >> dbr:Roundhead_(Wyandot) [SEP] [VAR1] >> rdf:type >> dbo:MilitaryConflict
translate question to dbpedia path: What are some short story kind of Books?,[ANS] >> dbo:literaryGenre >> dbr:Short_story
translate question to dbpedia path: What are the nicknames of the schools whose color is royal blue?,[VAR1] >> dbo:colour >> dbr:Royal_blue [SEP] [VAR1] >> dbp:nickname >> [ANS] [SEP] [VAR1] >> rdf:type >> dbo:School
"translate question to dbpedia path: To what political party do the politicians graduated from Somerville college, Oxford belong to?","[VAR1] >> dbo:almaMater >> dbr:Somerville_College,_Oxford [SEP] [VAR1] >> dbo:party >> [ANS] [SEP] [VAR1] >> rdf:type >> dbo:OfficeHolder"
translate question to dbpedia path: What awards did Jos Rivera (playwright) win?,dbr:José_Rivera_(playwright) >> dbp:awards >> [ANS]
translate question to dbpedia path: Which political figures were awarded Screen Actors Guild Life Achievement Award?,[ANS] >> dbo:award >> dbr:Screen_Actors_Guild_Life_Achievement_Award
translate question to dbpedia path: What are the things whose director of photography died in United States?,[ANS] >> dbp:cinematography >> [VAR1] [SEP] [VAR1] >> dbp:deathPlace >> dbr:United_States
translate question to dbpedia path: What is the Home Stadium of the Kenya national under-20 football team where Matin Suji was also born ?,dbr:Kenya_national_under-20_football_team >> dbp:homeStadium >> [ANS] [SEP] dbr:Martin_Suji >> dbo:birthPlace >> [ANS]
translate question to dbpedia path: Name a company with key person as Dennis Muilenburg and Raymond Conner ?,[ANS] >> dbo:keyPerson >> dbr:Raymond_Conner [SEP] [ANS] >> dbp:keyPeople >> dbr:Dennis_Muilenburg [SEP] [ANS] >> rdf:type >> dbo:Company
translate question to dbpedia path: Which branch of american military have both George Siebels jr and Leroy Collins served?,"[ANS] >> rdf:type >> dbo:MilitaryUnit [SEP] dbr:George_G._Siebels,_Jr. >> dbp:branch >> [ANS] [SEP] dbr:LeRoy_Collins >> dbp:branch >> [ANS]"
translate question to dbpedia path: What are some scientists who have stateless citizenship?,[ANS] >> dbo:citizenship >> dbr:Statelessness [SEP] [ANS] >> rdf:type >> dbo:Scientist
translate question to dbpedia path: Name the regions served by Toll Global Express ?,dbr:Toll_Global_Express >> dbo:regionServed >> [ANS]
translate question to dbpedia path: What is the protected area whose nearest city is Kenya?,[ANS] >> dbo:nearestCity >> dbr:Kenya [SEP] [ANS] >> rdf:type >> dbo:ProtectedArea
translate question to dbpedia path: Count the nearest city to the historic palce whose one of the nearest city is Wisconsin ?,COUNT >> [VAR1] >> dbo:nearestCity >> dbr:Wisconsin [SEP] [VAR1] >> dbp:nearestCity >> [ANS]
translate question to dbpedia path: Give me the total number of commander of the military conflicts whose commander is Roundhead (Wyandot).,COUNT >> [VAR1] >> dbo:commander >> [ANS] [SEP] [VAR1] >> dbp:commander >> dbr:Roundhead_(Wyandot)
translate question to dbpedia path: How many places were ruled by Elizabeth II?,COUNT >> [ANS] >> dbp:leaderName >> dbr:Elizabeth_II [SEP] [ANS] >> rdf:type >> dbo:Place
translate question to dbpedia path: List the interest of the scientists whose one of the field is Chinese poetry ?,[VAR1] >> dbp:fields >> [ANS] [SEP] [VAR1] >> dbp:fields >> dbr:Chinese_poetry [SEP] [VAR1] >> rdf:type >> dbo:Scientist
translate question to dbpedia path: Who was the narrator of the show who's music is composed by John Douglas?,[VAR1] >> dbo:composer >> dbr:John_Douglas_(conductor) [SEP] [VAR1] >> dbp:narrated >> [ANS] [SEP] [VAR1] >> rdf:type >> dbo:TelevisionShow
"translate question to dbpedia path: Which parent comapny of hypnotize Minds is the label of the Producers , a 2005 film ?",dbr:Hypnotize_Minds >> dbp:parent >> [ANS] [SEP] dbr:The_Producers_(2005_film) >> dbp:label >> [ANS]
translate question to dbpedia path: Which college of Luke List (golfer) is the alma mater of K. Terry Dornbush,dbr:K._Terry_Dornbush >> dbp:almaMater >> [ANS] [SEP] dbr:Luke_List_(golfer) >> dbp:college >> [ANS]
translate question to dbpedia path: Who is the fictional character who portrayed in Terminator 2: Judgment Day?,[ANS] >> dbo:portrayer >> dbr:Terminator_2:_Judgment_Day [SEP] [ANS] >> rdf:type >> dbo:FictionalCharacter
translate question to dbpedia path: Which team of Dan Shamash is also the debutant team of John Estes ?,dbr:Dan_Shamash >> dbo:team >> [ANS] [SEP] dbr:John_Estes >> dbo:debutTeam >> [ANS]
translate question to dbpedia path: Where do employees of Deroit Red Wings live?,[VAR1] >> dbo:residence >> [ANS] [SEP] [VAR1] >> dbp:employer >> dbr:Detroit_Red_Wings
translate question to dbpedia path: What are some countries where companies headquartered in the Klang Valley operate?,[VAR1] >> dbp:country >> [ANS] [SEP] [VAR1] >> dbp:headquarters >> dbr:Klang_Valley [SEP] [VAR1] >> rdf:type >> dbo:Company
translate question to dbpedia path: Did Chant Mas originate in West Africa?,ASK >> dbr:Chanté_mas >> dbo:stylisticOrigin >> dbr:West_Africa
"translate question to dbpedia path: Name the river whose mouth country is Mozambique and source region is North-Western Province, Zambia?","[ANS] >> dbp:mouthCountry >> dbr:Mozambique [SEP] [ANS] >> dbp:sourceRegion >> dbr:North-Western_Province,_Zambia [SEP] [ANS] >> rdf:type >> dbo:River"
translate question to dbpedia path: Give me a count of bacterias which belongs to Bacilli class?,COUNT >> [ANS] >> dbo:class >> dbr:Bacilli [SEP] [ANS] >> rdf:type >> dbo:Bacteria
translate question to dbpedia path: How many producers have worked for FremantleMedia productions?,COUNT >> [VAR1] >> dbo:producer >> [ANS] [SEP] [VAR1] >> dbp:company >> dbr:FremantleMedia
translate question to dbpedia path: Who is on the board of Kate Spade and company?,[ANS] >> dbo:board >> dbr:Kate_Spade_&_Company
translate question to dbpedia path: Which animator of Tommy Ticker's Tooth is also the director of The Haunted house ?,dbr:The_Haunted_House_(1929_film) >> dbo:director >> [ANS] [SEP] dbr:Tommy_Tucker's_Tooth >> dbp:animator >> [ANS]
translate question to dbpedia path: Name the university whose athletic department is called National Collegiate Athletic Association and has a chancellor named Nicholas S. Zeppos?,[ANS] >> dbo:athletics >> dbr:National_Collegiate_Athletic_Association [SEP] [ANS] >> dbp:chancellor >> dbr:Nicholas_S._Zeppos [SEP] [ANS] >> rdf:type >> dbo:University
translate question to dbpedia path: Name the common managing club of the Ivan Toplak and Bret Simon?,dbr:Bret_Simon >> dbo:managerClub >> [ANS] [SEP] dbr:Ivan_Toplak >> dbo:managerClub >> [ANS]
translate question to dbpedia path: How many shows are made by Larry David?,COUNT >> [ANS] >> dbo:creator >> dbr:Larry_David [SEP] [ANS] >> rdf:type >> dbo:TelevisionShow
translate question to dbpedia path: Martin AN/GSG-5 is a part of the building in which city?,[VAR1] >> dbo:part >> dbr:Martin_AN/GSG-5_Battery_Integration_and_Radar_Display_Equipment [SEP] [VAR1] >> dbp:district >> [ANS] [SEP] [VAR1] >> rdf:type >> dbo:Building
translate question to dbpedia path: How many architects are there who have made something used by Oakland athletics?,COUNT >> [VAR1] >> dbo:tenant >> dbr:Oakland_Athletics [SEP] [VAR1] >> dbp:architect >> [ANS]
translate question to dbpedia path: In which company's boards does the founder of Bomis sit?,[VAR1] >> dbo:board >> [ANS] [SEP] dbr:Bomis >> dbo:foundedBy >> [VAR1]
"translate question to dbpedia path: What genre isPyChess from, which employes Craig Van Tilbury?",dbr:Craig_Van_Tilbury >> dbo:occupation >> [ANS] [SEP] dbr:PyChess >> dbp:genre >> [ANS]
translate question to dbpedia path: Where is Ethiopian Parliament Building located ?,dbr:Ethiopian_Parliament_Building >> dbp:locationCountry >> [ANS]
"translate question to dbpedia path: Which are the cities on the river which also flows in Tukwila, Washington ?","[VAR1] >> dbo:city >> [ANS] [SEP] [VAR1] >> dbp:city >> dbr:Tukwila,_Washington [SEP] [VAR1] >> rdf:type >> dbo:River"
translate question to dbpedia path: Which award is presented by Downtown Athletic Club?,[ANS] >> dbp:presenter >> dbr:Downtown_Athletic_Club [SEP] [ANS] >> rdf:type >> dbo:Award
translate question to dbpedia path: Who appointed Joseph Clay and William Cushing to their office?,dbr:Joseph_Clay_(Georgia) >> dbo:appointer >> [ANS] [SEP] dbr:William_Cushing >> dbo:appointer >> [ANS]
translate question to dbpedia path: Who are the biological parents of Dannielynn Birkhead?,dbr:Dannielynn_Birkhead >> dbo:parent >> [ANS]
translate question to dbpedia path: List the awards won by the spouse of Harriet Andersson?,[VAR1] >> dbp:awards >> [ANS] [SEP] dbr:Harriet_Andersson >> dbo:partner >> [VAR1]
translate question to dbpedia path: Who was engaged in wars of Fort Gadsden and Fort Barrancas?,[ANS] >> dbo:battle >> dbr:Fort_Barrancas [SEP] [ANS] >> dbo:battle >> dbr:Fort_Gadsden
translate question to dbpedia path: Where are Solidus and Aureus used?,[ANS] >> dbo:currency >> dbr:Aureus [SEP] [ANS] >> dbo:currency >> dbr:Solidus_(coin)
translate question to dbpedia path: Which company owns the airlines whose hub is in Dubai?,[VAR1] >> dbp:hubs >> dbr:Detroit [SEP] [VAR1] >> dbp:parent >> [ANS] [SEP] [VAR1] >> rdf:type >> dbo:Airline
translate question to dbpedia path: Which appointer of William Clark is the successor of Levi Lincoln Sr ?,"dbr:Levi_Lincoln,_Sr. >> dbp:successor >> [ANS] [SEP] dbr:William_Clark >> dbp:appointer >> [ANS]"
translate question to dbpedia path: Which company's division is Audi India? Correct Question,[ANS] >> dbp:divisions >> dbr:Audi_India
"translate question to dbpedia path: What was the book that lead to Sagan's Cosmos, about?",[VAR1] >> dbo:subsequentWork >> dbr:Cosmos_(Carl_Sagan_book) [SEP] [VAR1] >> dbp:subject >> [ANS] [SEP] [VAR1] >> rdf:type >> dbo:Book
translate question to dbpedia path: What is the nationality of the chancellor who was served by Michael Mayr?,[VAR1] >> dbo:nationality >> [ANS] [SEP] [VAR1] >> rdf:type >> dbo:Chancellor [SEP] dbr:Michael_Mayr >> dbo:deputy >> [VAR1]
translate question to dbpedia path: What is the official residence of the Helen Getachew which is also the palce of death of the Haile Selassie Gugsa ?,dbr:Haile_Selassie_Gugsa >> dbp:placeOfDeath >> [ANS] [SEP] dbr:Helen_Getachew >> dbo:residence >> [ANS]
translate question to dbpedia path: Who built the Ford Y-block engine ?,dbr:Ford_Y-block_engine >> dbo:manufacturer >> [ANS]
translate question to dbpedia path: Does Gibby Haynes play the saxophone?,ASK >> dbr:Gibby_Haynes >> dbp:instrument >> dbr:Saxophone
translate question to dbpedia path: Is The Orator in the National Archaeological Museum of Florence?,ASK >> dbr:The_Orator >> dbp:museum >> dbr:National_Archaeological_Museum_(Florence)
translate question to dbpedia path: What is the region of Lumberjack  ?,dbr:Lumberjack_100 >> dbp:region >> [ANS]
"translate question to dbpedia path: Where did the president study, who's the president of Besiktas JK?",[VAR1] >> dbp:almaMater >> [ANS] [SEP] dbr:Beşiktaş_JK_(wheelchair_basketball) >> dbo:president >> [VAR1]
translate question to dbpedia path: Elizabeth Alexander and Jared Bernstein served under which Vice President?,dbr:Elizabeth_Alexander_(press_secretary) >> dbo:vicePresident >> [ANS] [SEP] dbr:Jared_Bernstein >> dbo:vicePresident >> [ANS]
translate question to dbpedia path: How many awards have royal designers for industry awardwinners got?,COUNT >> [ANS] >> rdf:type >> dbo:Award [SEP] [VAR1] >> dbo:award >> [ANS] [SEP] [VAR1] >> dbp:awards >> dbr:Royal_Designers_for_Industry
translate question to dbpedia path: Where is the team of Abdel Boucker located ?,[VAR1] >> dbo:location >> [ANS] [SEP] dbr:Abdel_Bouckar >> dbp:team >> [VAR1]
translate question to dbpedia path: For which other teams do members of tanzanian national football team play?,[VAR1] >> dbo:team >> [ANS] [SEP] [VAR1] >> dbp:nationalteam >> dbr:Tanzania_national_football_team
translate question to dbpedia path: What is the governing body of Burro Flats Painted Cave ?,dbr:Burro_Flats_Painted_Cave >> dbo:governingBody >> [ANS]
translate question to dbpedia path: Did Hank Williams Jr. make Early in the Morning and Late at Night?,ASK >> dbr:Early_in_the_Morning_and_Late_at_Night >> dbo:musicalArtist >> dbr:Hank_Williams_Jr.
translate question to dbpedia path: What are some cartoons distributed by a subsidiary of Time Warner?,[ANS] >> dbp:distributor >> [VAR1] [SEP] [ANS] >> rdf:type >> dbo:Cartoon [SEP] [VAR1] >> dbo:parentCompany >> dbr:Time_Warner
translate question to dbpedia path: Whose famous works have been illustrated by E W Kemble?,[ANS] >> dbo:notableWork >> [VAR1] [SEP] [VAR1] >> dbp:illustrator >> dbr:E._W._Kemble
translate question to dbpedia path: Who was once married to both Kelly Brook and Rosie Huntington-Whiteley?,dbr:Kelly_Brook >> dbo:partner >> [ANS] [SEP] dbr:Rosie_Huntington-Whiteley >> dbo:partner >> [ANS]
translate question to dbpedia path: Which Fox  show is presented by Ryan Seacrest?,[ANS] >> dbo:presenter >> dbr:Ryan_Seacrest [SEP] [ANS] >> dbp:channel >> dbr:Fox_Broadcasting_Company [SEP] [ANS] >> rdf:type >> dbo:TelevisionShow
translate question to dbpedia path: Where did george f hoar and willian langer spend the most important time of their political career?,dbr:George_Frisbie_Hoar >> dbp:order >> [ANS] [SEP] dbr:William_Langer >> dbp:order >> [ANS]
translate question to dbpedia path: How many TV show has distributor located in Burbank California ?,"COUNT >> [ANS] >> dbp:distributor >> [VAR1] [SEP] [ANS] >> rdf:type >> dbo:TelevisionShow [SEP] [VAR1] >> dbo:locationCity >> dbr:Burbank,_California"
translate question to dbpedia path: List the ceremonial county of East Tilbury ?,dbr:East_Tilbury >> dbo:ceremonialCounty >> [ANS]
translate question to dbpedia path: Which television show's theme music composer is Gary Portnoy and subsequent work is Frasier?,[ANS] >> dbo:subsequentWork >> dbr:Frasier [SEP] [ANS] >> dbp:themeMusicComposer >> dbr:Gary_Portnoy [SEP] [ANS] >> rdf:type >> dbo:TelevisionShow
translate question to dbpedia path: List the common sports between Fr. Agnel Multipurpose School  and Jamiatu Muslim Mindanao,dbr:Fr._Agnel_Multipurpose_School_and_Junior_College >> dbo:sport >> [ANS] [SEP] dbr:Jamiatu_Muslim_Mindanao >> dbo:athletics >> [ANS]
"translate question to dbpedia path: Which award that has been given to James F Obrien, had used Laemmle Theatres for some service?",dbr:James_F._O'Brien >> dbo:award >> [ANS] [SEP] dbr:Laemmle_Theatres >> dbo:service >> [ANS]
translate question to dbpedia path: What is the drafted team of the people expected to join toronto marlies?,[VAR1] >> dbo:prospectTeam >> dbr:Toronto_Marlies [SEP] [VAR1] >> dbp:draftTeam >> [ANS] [SEP] [VAR1] >> rdf:type >> dbo:Person
translate question to dbpedia path: Which office holder's predecessor is  Lucius Cornelius and his associate is Marcus Calpurnius Bibulus?,[ANS] >> dbo:associate >> dbr:Marcus_Calpurnius_Bibulus [SEP] [ANS] >> dbo:predecessor >> dbr:Lucius_Cornelius_Lentulus_Crus [SEP] [ANS] >> rdf:type >> dbo:OfficeHolder
translate question to dbpedia path: How many people have parterned with the person choroegraphed by Catarina Lindgren in the past?,COUNT >> [ANS] >> rdf:type >> dbo:Person [SEP] [VAR1] >> dbo:formerChoreographer >> dbr:Catarina_Lindgren [SEP] [VAR1] >> dbo:formerPartner >> [ANS]
translate question to dbpedia path: List everything governed by the Democratic Party of US?,[ANS] >> dbo:location >> [VAR1] [SEP] [VAR1] >> dbo:leaderName >> dbr:Democratic_Party_(United_States)
translate question to dbpedia path: Name the current club of Abdelhameed Amarri ?,dbr:Abdelhameed_Amarri >> dbp:currentclub >> [ANS]
translate question to dbpedia path: The pope whose shrine is in St Peter's Basilica was venerated in which sects?,[VAR1] >> dbp:majorShrine >> dbr:St._Peter's_Basilica [SEP] [VAR1] >> dbp:veneratedIn >> [ANS] [SEP] [VAR1] >> rdf:type >> dbo:Pope
translate question to dbpedia path: Who is the father of Barbara Ann Crancer?,[ANS] >> dbo:child >> dbr:Barbara_Ann_Crancer
translate question to dbpedia path: Which home stadium of 2011-12 FC Spartak Moscow season is also the location of birth of the Svetlana Gounkina ?,dbr:2011–12_FC_Spartak_Moscow_season >> dbo:homeStadium >> [ANS] [SEP] dbr:Svetlana_Gounkina >> dbo:birthPlace >> [ANS]
translate question to dbpedia path: Which famous commander led the Siege of forn meigs and was involved in the battle of fort stephenson?,dbr:Battle_of_Fort_Stephenson >> dbo:commander >> [ANS] [SEP] dbr:Siege_of_Fort_Meigs >> dbo:commander >> [ANS]
translate question to dbpedia path: Which games publishers are located in California?,[ANS] >> dbo:publisher >> [VAR1] [SEP] [VAR1] >> dbo:location >> dbr:California
translate question to dbpedia path: Where is the stadium of Philadelphia Rage ?,dbr:Philadelphia_Rage >> dbo:stadium >> [ANS]
translate question to dbpedia path: Who produced the Pixar Image Computer?,[ANS] >> dbo:product >> dbr:Pixar_Image_Computer
translate question to dbpedia path: Was Marie Curie a doctoral student of Henri Becquerel?,ASK >> dbr:Henri_Becquerel >> dbo:doctoralStudent >> dbr:Marie_Curie
translate question to dbpedia path: What are the baseball teams who belongs to  Guggenheim Partners?,[ANS] >> dbp:owner >> dbr:Guggenheim_Partners [SEP] [ANS] >> rdf:type >> dbo:BaseballTeam
translate question to dbpedia path: Count all the things licensed as Software as a service.,COUNT >> [ANS] >> dbo:license >> dbr:Software_as_a_service
translate question to dbpedia path: Who is the headcoach of 2014-15 Virginia Tech Hokies men's basketball team ?,dbr:2014–15_Virginia_Tech_Hokies_men's_basketball_team >> dbp:headcoach >> [ANS]
translate question to dbpedia path: What is the resting place of the politician who succeeded Samuel Hayes?,[VAR1] >> dbo:restingPlace >> [ANS] [SEP] [VAR1] >> rdf:type >> dbo:Politician [SEP] dbr:Samuel_Hayes_(settler) >> dbo:successor >> [VAR1]
translate question to dbpedia path: What country had the title of 2001 Speedway Ekstraliga ?,[VAR1] >> dbo:country >> [ANS] [SEP] dbr:2001_Speedway_Ekstraliga >> dbp:title >> [VAR1]
translate question to dbpedia path: How many broadcast area of the television stations exists whose broadcast area is Rodrigues ?,COUNT >> [VAR1] >> dbp:broadcastArea >> [ANS] [SEP] [VAR1] >> dbp:broadcastArea >> dbr:Rodrigues
translate question to dbpedia path: What is the common governing body of the Naval Air Facility Adak and Oahu Railway and Land Company?,dbr:Naval_Air_Facility_Adak >> dbp:governingBody >> [ANS] [SEP] dbr:Oahu_Railway_and_Land_Company >> dbp:governingBody >> [ANS]
translate question to dbpedia path: Count the drinks originated in England.,COUNT >> [ANS] >> dbo:origin >> dbr:England [SEP] [ANS] >> rdf:type >> dbo:Beverage
translate question to dbpedia path: What is the total number of other non-fiction subject of the books whose one of the subject is Racism?,COUNT >> [VAR1] >> dbo:nonFictionSubject >> [ANS] [SEP] [VAR1] >> dbo:nonFictionSubject >> dbr:Racism
translate question to dbpedia path: Name all the junctions of U.S. Route 59?,dbr:U.S._Route_59 >> dbp:junction >> [ANS]
translate question to dbpedia path: What are some other services of the company whose service is Onedrive?,[VAR1] >> dbo:service >> dbr:OneDrive [SEP] [VAR1] >> dbp:services >> [ANS] [SEP] [VAR1] >> rdf:type >> dbo:Company
translate question to dbpedia path: Give me some softwares which run on mac os,[ANS] >> dbo:operatingSystem >> dbr:Mac_OS [SEP] [ANS] >> rdf:type >> dbo:Software
translate question to dbpedia path: What is the city  of the television station whose affiliations is LATV?,[VAR1] >> dbp:affiliations >> dbr:LATV [SEP] [VAR1] >> dbp:city >> [ANS] [SEP] [VAR1] >> rdf:type >> dbo:TelevisionStation
"translate question to dbpedia path: What is the state of the administrative region where Oscoda, Michigan is located?","[VAR1] >> dbo:state >> [ANS] [SEP] [VAR1] >> rdf:type >> dbo:AdministrativeRegion [SEP] dbr:Oscoda,_Michigan >> dbo:isPartOf >> [VAR1]"
translate question to dbpedia path: Was Duanne Allman famous for playing the Gibson SG?,ASK >> dbr:Duane_Allman >> dbp:notableInstruments >> dbr:Gibson_SG
translate question to dbpedia path: Who were all the people in office when bob hawke was the PM?,[ANS] >> dbo:primeMinister >> dbr:Bob_Hawke
translate question to dbpedia path: What is Bob Adams (American football) known for?,dbr:Bob_Adams_(American_football) >> dbp:knownFor >> [ANS]
translate question to dbpedia path: Is Guatemala a unitary state?,ASK >> dbr:Guatemala >> dbo:governmentType >> dbr:Unitary_state
translate question to dbpedia path: Who owns Chelsea F.C.?,[ANS] >> dbo:occupation >> dbr:Chelsea_F.C.
translate question to dbpedia path: What is the common affiliation of the Monroe Carell Jr. Children's Hospital at Vanderbilt and alma mater of the Duncan U. Fletcher?,dbr:Duncan_U._Fletcher >> dbo:almaMater >> [ANS] [SEP] dbr:Monroe_Carell_Jr._Children's_Hospital_at_Vanderbilt >> dbp:affiliation >> [ANS]
translate question to dbpedia path: Among the scientist known for Manhattan Project who had a doctoral student named Charles Ellis ?,[ANS] >> dbp:doctoralStudents >> dbr:Charles_Drummond_Ellis [SEP] [ANS] >> dbp:knownFor >> dbr:Manhattan_Project [SEP] [ANS] >> rdf:type >> dbo:Scientist
translate question to dbpedia path: UEM group have made bridges crossing over what?,[VAR1] >> dbp:crosses >> [ANS] [SEP] [VAR1] >> dbp:designer >> dbr:UEM_Group
translate question to dbpedia path: How many relatives are there of the people who died in Germany?,COUNT >> [VAR1] >> dbo:relation >> [ANS] [SEP] [VAR1] >> dbp:placeOfDeath >> dbr:Germany
translate question to dbpedia path: Where do bachelor of arts live?,[VAR1] >> dbo:residence >> [ANS] [SEP] [VAR1] >> dbp:almaMater >> dbr:Bachelor_of_Arts
translate question to dbpedia path: Was Castillo discovered by Galileo?,ASK >> dbr:Callisto_(moon) >> dbp:discoverer >> dbr:Galileo_Galilei
translate question to dbpedia path: Does A foreign policy of freedom belong to the genre Politics?,ASK >> dbr:A_Foreign_Policy_of_Freedom >> dbo:literaryGenre >> dbr:Politics
translate question to dbpedia path: How many mountain are there in Sierra Nevada range?,COUNT >> [ANS] >> dbo:mountainRange >> dbr:Sierra_Nevada_(U.S.) [SEP] [ANS] >> rdf:type >> dbo:Mountain
translate question to dbpedia path: What is the total number of other characters of the plays whose characters is Robin (comics)?,COUNT >> [VAR1] >> dbp:characters >> [ANS] [SEP] [VAR1] >> dbp:characters >> dbr:Robin_(comics)
translate question to dbpedia path: What are the awards won by the spouse of Liv Ullmann ?,[VAR1] >> dbp:awards >> [ANS] [SEP] dbr:Liv_Ullmann >> dbo:partner >> [VAR1]
translate question to dbpedia path: What is the Recorded of the Kaptaan is also the headquarters of the Orient News ?,dbr:Kaptaan >> dbp:recorded >> [ANS] [SEP] dbr:Orient_News >> dbp:headquarters >> [ANS]
translate question to dbpedia path: What is the total number of other nearest countries to the lakes whose nearest countries is Uganda?,COUNT >> [VAR1] >> dbo:nearestCity >> [ANS] [SEP] [VAR1] >> dbo:nearestCity >> dbr:Uganda
translate question to dbpedia path: How many companies have developed cross platformed softwares?,COUNT >> [VAR1] >> dbo:developer >> [ANS] [SEP] [VAR1] >> dbp:operatingSystem >> dbr:Cross-platform
translate question to dbpedia path: List the shows whose network is run by BBC.,[ANS] >> dbo:network >> [VAR1] [SEP] [ANS] >> rdf:type >> dbo:TelevisionShow [SEP] [VAR1] >> dbo:owningCompany >> dbr:BBC
translate question to dbpedia path: How many titles were given to people who engaged in the Operation Dragoon?,COUNT >> [VAR1] >> dbo:award >> [ANS] [SEP] [VAR1] >> dbp:battles >> dbr:Operation_Dragoon
translate question to dbpedia path: Which place founded by Penobscot Island Air is also the location fo Ellei Johndro ?,dbr:Ellei_Johndro >> dbo:birthPlace >> [ANS] [SEP] dbr:Penobscot_Island_Air >> dbp:founded >> [ANS]
translate question to dbpedia path: Name the TV show whose opening theme is Gary Portnoy and the subsequent work is Frasier?,[ANS] >> dbo:openingTheme >> dbr:Gary_Portnoy [SEP] [ANS] >> dbo:subsequentWork >> dbr:Frasier [SEP] [ANS] >> rdf:type >> dbo:TelevisionShow
translate question to dbpedia path: List the pole drivers in the grand prixes where Williams Grand Prix Engineering was a first team?,[VAR1] >> dbo:poleDriver >> [ANS] [SEP] [VAR1] >> dbp:firstTeam >> dbr:Williams_Grand_Prix_Engineering [SEP] [VAR1] >> rdf:type >> dbo:GrandPrix
translate question to dbpedia path: Which appointer of the Joseph Clay (Georgia) is also the  President of the William Carmichael (diplomat) ?,dbr:Joseph_Clay_(Georgia) >> dbo:appointer >> [ANS] [SEP] dbr:William_Carmichael_(diplomat) >> dbp:president >> [ANS]
translate question to dbpedia path: Who is the employer of Michael M. Sears ?,dbr:Michael_M._Sears >> dbp:employer >> [ANS]
translate question to dbpedia path: List things developed by Autoconf ?,dbr:Autoconf >> dbo:developer >> [ANS]
translate question to dbpedia path: List all the artist of the TV shows which has McClain as one of the artist ?,[VAR1] >> dbp:artist >> [ANS] [SEP] [VAR1] >> dbp:artist >> dbr:McClain_(band) [SEP] [VAR1] >> rdf:type >> dbo:TelevisionShow
translate question to dbpedia path: Who is the person whose child performed with Tony Bennett?,[ANS] >> dbo:child >> [VAR1] [SEP] [VAR1] >> dbp:associatedActs >> dbr:Tony_Bennett
translate question to dbpedia path: Does the north carolina highway 280 end in Arden?,"ASK >> dbr:North_Carolina_Highway_280 >> dbo:routeEnd >> dbr:Arden,_North_Carolina"
translate question to dbpedia path: Is Angola Avante the anthem of Angola?,ASK >> dbr:Angola >> dbo:anthem >> dbr:Angola_Avante
translate question to dbpedia path: Name the river with mouth as Thames Estuary and passes through Reading Berkshire ?,"[ANS] >> dbo:riverMouth >> dbr:Thames_Estuary [SEP] [ANS] >> dbp:city >> dbr:Reading,_Berkshire [SEP] [ANS] >> rdf:type >> dbo:River"
translate question to dbpedia path: Who all play for the Ivory Coast football team?,[ANS] >> dbp:nationalteam >> dbr:Ivory_Coast_national_football_team
translate question to dbpedia path: List all the layouts of the automobile whose one of the layout is four-wheel-drive layout ?,"[VAR1] >> dbo:layout >> [ANS] [SEP] [VAR1] >> dbo:layout >> dbr:Front-engine,_four-wheel-drive_layout [SEP] [VAR1] >> rdf:type >> dbo:Automobile"
"translate question to dbpedia path: To how many places does the airlines fly, whose head office is located at the Gatwick Airport?",COUNT >> [ANS] >> rdf:type >> dbo:Place [SEP] [VAR1] >> dbo:headquarter >> dbr:Gatwick_Airport [SEP] [VAR1] >> dbp:destinations >> [ANS]
translate question to dbpedia path: What are the television shows whose distributor is a division of Warner Bros. International TV?,[ANS] >> dbp:distributor >> [VAR1] [SEP] [ANS] >> rdf:type >> dbo:TelevisionShow [SEP] [VAR1] >> dbp:divisions >> dbr:Warner_Bros._International_Television
translate question to dbpedia path: Where is the arena of WPC Dynamo Moscow situated?,dbr:WPC_Dynamo_Moscow >> dbp:arena >> [ANS]
translate question to dbpedia path: Which relative of George Madison is the appointer of John Drayton ?,dbr:George_Madison >> dbo:relation >> [ANS] [SEP] dbr:John_Drayton >> dbp:appointer >> [ANS]
"translate question to dbpedia path: Does the mississippi orignate in the clearwater county, minnesota?","ASK >> dbr:Mississippi_River >> dbo:sourceRegion >> dbr:Clearwater_County,_Minnesota"
translate question to dbpedia path: How many scientist have won an award by the society led by Venkatraman Ramakrishnan?,COUNT >> [ANS] >> dbp:prizes >> [VAR1] [SEP] [ANS] >> rdf:type >> dbo:Scientist [SEP] [VAR1] >> dbp:leaderName >> dbr:Venkatraman_Ramakrishnan
translate question to dbpedia path: Who all did their high school in Denbigh high School?,"[ANS] >> dbp:highSchool >> dbr:Denbigh_High_School_(Newport_News,_Virginia)"
translate question to dbpedia path: Name the company founded in US and provides OneDrive as service ?,[ANS] >> dbp:foundation >> dbr:United_States [SEP] [ANS] >> dbp:services >> dbr:OneDrive [SEP] [ANS] >> rdf:type >> dbo:Company
translate question to dbpedia path: Which manufacturer of the Boeing B-17 Flying fortress is the manager of burro Flats Painted Caves ?,dbr:Boeing_B-17_Flying_Fortress >> dbo:manufacturer >> [ANS] [SEP] dbr:Burro_Flats_Painted_Cave >> dbo:governingBody >> [ANS]
translate question to dbpedia path: Which owner of Drop.io made Sean Parker famous?,dbr:Drop.io >> dbp:owner >> [ANS] [SEP] dbr:Sean_Parker >> dbo:knownFor >> [ANS]
translate question to dbpedia path: What is the information appliance whose successor is PlayStation 4 and maker is Foxconn?,[ANS] >> dbp:manufacturer >> dbr:Foxconn [SEP] [ANS] >> dbp:successor >> dbr:PlayStation_4 [SEP] [ANS] >> rdf:type >> dbo:InformationAppliance
translate question to dbpedia path: What country provides a citizenship too Newin Chidchob and Seni Pramoj?,dbr:Newin_Chidchob >> dbp:nationality >> [ANS] [SEP] dbr:Seni_Pramoj >> dbo:nationality >> [ANS]
translate question to dbpedia path: Which  person has opponent Ike Clanton?,[ANS] >> dbo:opponent >> dbr:Ike_Clanton [SEP] [ANS] >> rdf:type >> dbo:Person
translate question to dbpedia path: Who is the builder of Atamurat-Kerkichi Bridge ?,dbr:Atamurat-Kerkichi_Bridge >> dbp:builder >> [ANS]
translate question to dbpedia path: name the mountain range of Le Gibloux ?,dbr:Le_Gibloux >> dbo:mountainRange >> [ANS]
translate question to dbpedia path: Count me all the video game distributor whose parent company is Warner Bros ?,COUNT >> [ANS] >> dbp:distributor >> [VAR1] [SEP] [ANS] >> rdf:type >> dbo:VideoGame [SEP] [VAR1] >> dbp:parent >> dbr:Warner_Bros.
translate question to dbpedia path: Who all were involved in the wars fought by the commander Blue Jacket?,[VAR1] >> dbp:combatant >> [ANS] [SEP] [VAR1] >> dbp:commander >> dbr:Blue_Jacket [SEP] [VAR1] >> rdf:type >> dbo:MilitaryConflict
translate question to dbpedia path: Is Judy Garland a character of End of the Rainbow?,ASK >> dbr:End_of_the_Rainbow >> dbp:characters >> dbr:Judy_Garland
translate question to dbpedia path: Who is the associate of Thomas Bryan Martin ?,dbr:Thomas_Bryan_Martin >> dbo:associate >> [ANS]
translate question to dbpedia path: In what wars was Steve Buyer involved?,dbr:Steve_Buyer >> dbo:battle >> [ANS]
translate question to dbpedia path: What is the profession of the children of Herbert Pell ?,[VAR1] >> dbo:profession >> [ANS] [SEP] dbr:Herbert_Pell >> dbp:children >> [VAR1]
translate question to dbpedia path: Does Silver Airways have a hub at the Washington Dulles International Airport?,ASK >> dbr:Silver_Airways >> dbo:hubAirport >> dbr:Washington_Dulles_International_Airport
translate question to dbpedia path: Whose labels are Victor Entertainment and Celluloid Records?,[ANS] >> dbp:label >> dbr:Celluloid_Records [SEP] [ANS] >> dbp:label >> dbr:Victor_Entertainment
translate question to dbpedia path: Which astronauts went on the Gemini 8 mission?,[ANS] >> dbp:mission >> dbr:Gemini_8 [SEP] [ANS] >> rdf:type >> dbo:Astronaut
translate question to dbpedia path: Erik Jendresen is the writer of which television show?,[ANS] >> dbp:writer >> dbr:Erik_Jendresen [SEP] [ANS] >> rdf:type >> dbo:TelevisionShow
translate question to dbpedia path: Where is the station whose sister channel is the Channel 3 in Thailand?,[VAR1] >> dbp:city >> [ANS] [SEP] [VAR1] >> dbp:sisterStations >> dbr:Channel_3_(Thailand) [SEP] [VAR1] >> rdf:type >> dbo:TelevisionStation
translate question to dbpedia path: How many people have written stuff broadcasted on the Tokyo Broadcasting System?,COUNT >> [ANS] >> rdf:type >> dbo:Person [SEP] [VAR1] >> dbo:network >> dbr:Tokyo_Broadcasting_System [SEP] [VAR1] >> dbp:writer >> [ANS]
translate question to dbpedia path: What is the mascot of the military unit whose commander is Herbert Bautista ?,[VAR1] >> dbo:notableCommander >> dbr:Herbert_Bautista [SEP] [VAR1] >> dbp:mascot >> [ANS] [SEP] [VAR1] >> rdf:type >> dbo:MilitaryUnit
translate question to dbpedia path: Which city is the resting place of the Martin Ragaway and Chuck Connors ?,[ANS] >> rdf:type >> dbo:City [SEP] dbr:Chuck_Connors >> dbo:restingPlace >> [ANS] [SEP] dbr:Martin_Ragaway >> dbo:restingPlace >> [ANS]
translate question to dbpedia path: Which new Mexico based company produces Surface ?,[ANS] >> dbo:product >> dbr:Microsoft_Surface [SEP] [ANS] >> dbp:foundation >> dbr:New_Mexico [SEP] [ANS] >> rdf:type >> dbo:Company
translate question to dbpedia path: Who is the person who are on the board of Freedom of the City?,[ANS] >> dbo:board >> dbr:Freedom_of_the_City [SEP] [ANS] >> rdf:type >> dbo:Person
translate question to dbpedia path: What cities are around the sea which flows into Marmara?,[VAR1] >> dbp:cities >> [ANS] [SEP] [VAR1] >> dbp:inflow >> dbr:Sea_of_Marmara [SEP] [VAR1] >> rdf:type >> dbo:Sea
translate question to dbpedia path: Companies headquartered in Geneva own which TV Shows?,[ANS] >> dbp:company >> [VAR1] [SEP] [VAR1] >> dbo:headquarter >> dbr:Geneva
translate question to dbpedia path: Who died due to Morphine ?,[ANS] >> dbo:deathCause >> dbr:Morphine
translate question to dbpedia path: Does Walt Disney Studio have a subsidiary called PixarCascadia_,ASK >> dbr:Walt_Disney_Studios_(division) >> dbo:subsidiary >> dbr:Pixar
translate question to dbpedia path: Which purpose of the Maharashtra Chess Association is Abhijit kunte is also know for ?,dbr:Abhijit_Kunte >> dbp:knownFor >> [ANS] [SEP] dbr:Maharashtra_Chess_Association >> dbp:purpose >> [ANS]
translate question to dbpedia path: What does the famous relative of Levon Ashotovich Grigorian do for a living?,[VAR1] >> dbo:occupation >> [ANS] [SEP] [VAR1] >> dbp:relatives >> dbr:Levon_Ashotovich_Grigorian
translate question to dbpedia path: Where is the debut team of Shaquil Barrett located?,[VAR1] >> dbo:locationCity >> [ANS] [SEP] dbr:Shaquil_Barrett >> dbp:debutteam >> [VAR1]
translate question to dbpedia path: Who owns Ivanpah Solar Power Facility?,dbr:Ivanpah_Solar_Power_Facility >> dbo:owner >> [ANS]
translate question to dbpedia path: What artist of Charing Cross Bridge influenced Dorothea Sharp in her career?,dbr:Charing_Cross_Bridge_(Monet_series) >> dbp:artist >> [ANS] [SEP] dbr:Dorothea_Sharp >> dbp:influencedBy >> [ANS]
translate question to dbpedia path: What is the game whose genre is Mind sport?,[ANS] >> dbo:genre >> dbr:Mind_sport [SEP] [ANS] >> rdf:type >> dbo:Game
translate question to dbpedia path: List the awards given to the race horses bred by Willis Sharpe Kilmer.,[VAR1] >> dbo:breeder >> dbr:Willis_Sharpe_Kilmer [SEP] [VAR1] >> dbo:honours >> [ANS] [SEP] [VAR1] >> rdf:type >> dbo:RaceHorse
translate question to dbpedia path: Which country's engineered have studied at Aero Klub in Wroclaw?,[VAR1] >> dbo:institution >> dbr:AeroKlub_Wrocław [SEP] [VAR1] >> dbp:nationality >> [ANS]
"translate question to dbpedia path: What is the common place where USS Camp DE-251 was built, and is one of the destinations of Emerald Air?",dbr:Emerald_Air_(United_States) >> dbo:destination >> [ANS] [SEP] dbr:USS_Camp_(DE-251) >> dbp:shipBuilder >> [ANS]
translate question to dbpedia path: List the religions of the commanders of Royal Thai Army.,[VAR1] >> dbo:religion >> [ANS] [SEP] dbr:Royal_Thai_Army >> dbp:notableCommanders >> [VAR1]
translate question to dbpedia path: What is the official name of Arkansas wine ?,dbr:Arkansas_wine >> dbp:officialName >> [ANS]
translate question to dbpedia path: Which country is the birth place of Marcus Samuelsson and Samuel of Waldebba ?,dbr:Marcus_Samuelsson >> dbp:birthPlace >> [ANS] [SEP] dbr:Samuel_of_Waldebba >> dbp:placeOfBirth >> [ANS]
translate question to dbpedia path: Name the battle fought by the military persons who also fought in Algeria ?,[VAR1] >> dbp:battles >> [ANS] [SEP] [VAR1] >> dbp:battles >> dbr:Algeria [SEP] [VAR1] >> rdf:type >> dbo:MilitaryPerson
translate question to dbpedia path: Where is the head quarters of the parent company of Mall of America located?,[VAR1] >> dbp:headquarters >> [ANS] [SEP] dbr:Mall_of_America >> dbp:owned >> [VAR1]
translate question to dbpedia path: Bridge that starts at Seberang Perai crosses over what?,[VAR1] >> dbo:routeStart >> dbr:Seberang_Perai [SEP] [VAR1] >> dbp:crosses >> [ANS]
translate question to dbpedia path: Is Julia Gillard the prime minister of Kate Lundy?,ASK >> dbr:Kate_Lundy >> dbo:primeMinister >> dbr:Julia_Gillard
"translate question to dbpedia path: Comcast SportsNet is broadcasted in what area, which also has the Michigan Renaissance Festival?",dbr:Comcast_SportsNet_Chicago >> dbo:broadcastArea >> [ANS] [SEP] dbr:Michigan_Renaissance_Festival >> dbp:location >> [ANS]
translate question to dbpedia path: what cities are located on the sides of mediterranean sea?,dbr:Mediterranean_Sea >> dbp:cities >> [ANS]
translate question to dbpedia path: What is the purpose of some Maharashtran organizations?,[VAR1] >> dbo:headquarter >> dbr:Maharashtra [SEP] [VAR1] >> dbp:purpose >> [ANS] [SEP] [VAR1] >> rdf:type >> dbo:Organisation
translate question to dbpedia path: In how many  territories were the wars fought where Fusil Gras Mile 1874 were used?,COUNT >> [VAR1] >> dbo:territory >> [ANS] [SEP] [VAR1] >> rdf:type >> dbo:MilitaryConflict [SEP] dbr:Fusil_Gras_mle_1874 >> dbo:usedInWar >> [VAR1]
translate question to dbpedia path: Mota Engil built bridges over which rivers?,[VAR1] >> dbo:crosses >> [ANS] [SEP] [VAR1] >> dbp:builder >> dbr:Mota-Engil [SEP] [VAR1] >> rdf:type >> dbo:Bridge
translate question to dbpedia path: How many other field are there of the scientists whose one of the field is Mathematics ?,COUNT >> [VAR1] >> dbo:field >> [ANS] [SEP] [VAR1] >> dbo:field >> dbr:Mathematics
"translate question to dbpedia path: Twin cities 400 is operated by what city, which is the birthplace of Leona Baumgarter?",dbr:Leona_Baumgartner >> dbo:birthPlace >> [ANS] [SEP] dbr:Twin_Cities_400 >> dbo:operatedBy >> [ANS]
translate question to dbpedia path: How many people currently play for the NYC FC?,COUNT >> [ANS] >> dbp:currentclub >> dbr:New_York_City_FC
"translate question to dbpedia path: In how many other states do people live, whose languages are spoken in Nebraska?",COUNT >> [VAR1] >> dbp:region >> [ANS] [SEP] dbr:Nebraska >> dbo:language >> [VAR1]
translate question to dbpedia path: Name the alma mater of Michael hahn ?,dbr:Michael_Hahn >> dbo:almaMater >> [ANS]
translate question to dbpedia path: What is the mascot of the unit whose garrison is Canberra ?,[VAR1] >> dbp:garrison >> dbr:Canberra [SEP] [VAR1] >> dbp:mascot >> [ANS] [SEP] [VAR1] >> rdf:type >> dbo:MilitaryUnit
translate question to dbpedia path: List the governers of Jimmie Lou Fisher?,dbr:Jimmie_Lou_Fisher >> dbp:governor >> [ANS]
translate question to dbpedia path: How many people have played for a club whose coach is Fred Hoiberg?,COUNT >> [ANS] >> dbp:team >> [VAR1] [SEP] [VAR1] >> dbo:coach >> dbr:Fred_Hoiberg
translate question to dbpedia path: Who discovered Callisto ?,dbr:Callisto_(moon) >> dbo:discoverer >> [ANS]
translate question to dbpedia path: which politician is currently ruling over Rishkiesh?,dbr:Rishikesh >> dbo:leaderName >> [ANS]
translate question to dbpedia path: Where is Carmel Winery?,dbr:Carmel_Winery >> dbp:locationCountry >> [ANS]
translate question to dbpedia path: Does the little colorado river flow in the Grand Canyon?,ASK >> dbr:Little_Colorado_River >> dbo:mouthMountain >> dbr:Grand_Canyon
translate question to dbpedia path: Name the architect of Marine Corps Air Station Kaneohe Bay ?,dbr:Marine_Corps_Air_Station_Kaneohe_Bay >> dbp:architect >> [ANS]
translate question to dbpedia path: How many different organizations own the railway lines which are a part of Norfolk Southern Railway?,COUNT >> [ANS] >> rdf:type >> dbo:Organisation [SEP] [VAR1] >> dbp:owner >> [ANS] [SEP] [VAR1] >> dbp:system >> dbr:Norfolk_Southern_Railway
translate question to dbpedia path: Name the parts of the settlements which has New Braunfels as one of the parts ?,"[VAR1] >> dbo:part >> [ANS] [SEP] [VAR1] >> dbo:part >> dbr:New_Braunfels,_Texas [SEP] [VAR1] >> rdf:type >> dbo:Settlement"
translate question to dbpedia path: Which shows had their painters born in England?,[ANS] >> dbo:creator >> [VAR1] [SEP] [ANS] >> rdf:type >> dbo:TelevisionShow [SEP] [VAR1] >> dbp:birthPlace >> dbr:England
translate question to dbpedia path: Which mountain is located in inyo National Forest and has a parent peak named Nevado de Toluca ?,[ANS] >> dbo:locatedInArea >> dbr:Inyo_National_Forest [SEP] [ANS] >> dbo:parentMountainPeak >> dbr:Nevado_de_Toluca [SEP] [ANS] >> rdf:type >> dbo:Mountain
translate question to dbpedia path: Which awards have been given to both Ingmar Bergman and Charles LeMaire?,dbr:Charles_LeMaire >> dbp:awards >> [ANS] [SEP] dbr:Ingmar_Bergman >> dbp:awards >> [ANS]
translate question to dbpedia path: Which office holder's resting place is William Henry Harrison Tomb State Memorial and has governor named Charles Willing Byrd?,[ANS] >> dbo:governor >> dbr:Charles_Willing_Byrd [SEP] [ANS] >> dbp:restingplace >> dbr:William_Henry_Harrison_Tomb_State_Memorial [SEP] [ANS] >> rdf:type >> dbo:OfficeHolder
translate question to dbpedia path: Where was the movie after Khiladi 786 recorded?,[VAR1] >> dbp:recorded >> [ANS] [SEP] [VAR1] >> rdf:type >> dbo:Film [SEP] dbr:Khiladi_786 >> dbp:nextAlbum >> [VAR1]
translate question to dbpedia path: Who are the politicians whose death place is Ontario?,[ANS] >> dbo:deathPlace >> dbr:Ontario [SEP] [ANS] >> rdf:type >> dbo:Politician
translate question to dbpedia path: Which statesman is married to Dolley Madison?,[ANS] >> dbp:spouse >> dbr:Dolley_Madison [SEP] [ANS] >> rdf:type >> dbo:OfficeHolder
translate question to dbpedia path: How many theme musics have been composed by Julian Gingell?,COUNT >> [ANS] >> dbp:themeMusicComposer >> dbr:Julian_Gingell
translate question to dbpedia path: Name the monarch of L Buwei ?,dbr:Lü_Buwei >> dbo:monarch >> [ANS]
translate question to dbpedia path: Name the musician who was given label by Celluloid Records and has been associated with Africa'70 ?,[ANS] >> dbo:associatedMusicalArtist >> dbr:Africa_'70_(band) [SEP] [ANS] >> dbp:label >> dbr:Celluloid_Records [SEP] [ANS] >> rdf:type >> dbo:MusicalArtist
translate question to dbpedia path: What is the stylistic origin of Wizard rock ?,dbr:Wizard_rock >> dbo:stylisticOrigin >> [ANS]
translate question to dbpedia path: List the fields of the scientists with Sanskrit as one of the interest ?,[VAR1] >> dbp:fields >> [ANS] [SEP] [VAR1] >> dbp:fields >> dbr:Sanskrit [SEP] [VAR1] >> rdf:type >> dbo:Scientist
"translate question to dbpedia path: Of all the teams that Andrew Economos played for, which one did Jerrel Jackson play his first game for?",dbr:Andrew_Economos >> dbo:formerTeam >> [ANS] [SEP] dbr:Jerrell_Jackson >> dbo:debutTeam >> [ANS]
translate question to dbpedia path: What are the movies whose director's daughter is Luke Scott?,[ANS] >> dbp:director >> [VAR1] [SEP] [ANS] >> rdf:type >> dbo:Film [SEP] [VAR1] >> dbo:child >> dbr:Luke_Scott_(director)
translate question to dbpedia path: Is Mona Lisa in the Louvre museum?,ASK >> dbr:Mona_Lisa >> dbp:museum >> dbr:Louvre
translate question to dbpedia path: Was A foreign policy on freedom covered by John Trumbull?,ASK >> dbr:A_Foreign_Policy_of_Freedom >> dbp:coverArtist >> dbr:John_Trumbull
translate question to dbpedia path: List the other members of the band of which Juelz Santana is a part?,[VAR1] >> dbo:bandMember >> [ANS] [SEP] [VAR1] >> dbp:currentMembers >> dbr:Juelz_Santana [SEP] [VAR1] >> rdf:type >> dbo:Band
translate question to dbpedia path: Give me a count of everything made by the company which offers electronical manufacturing too.,COUNT >> [ANS] >> dbo:manufacturer >> [VAR1] [SEP] [VAR1] >> dbo:service >> dbr:Electronics_manufacturing_services
translate question to dbpedia path: How many games have been composed by Hirokazu Tanaka?,COUNT >> [ANS] >> dbp:composer >> dbr:Hirokazu_Tanaka [SEP] [ANS] >> rdf:type >> dbo:VideoGame
translate question to dbpedia path: Who are the tenants of the stadium where the UFC 140 is located?,[VAR1] >> dbo:tenant >> [ANS] [SEP] [VAR1] >> rdf:type >> dbo:Stadium [SEP] dbr:UFC_140 >> dbo:location >> [VAR1]
translate question to dbpedia path: Which kmascot od seneca Academy is also the species of The Fox and the Cat ?,dbr:Seneca_Academy_and_Circle_School >> dbp:mascot >> [ANS] [SEP] dbr:The_Fox_and_the_Cat >> dbp:species >> [ANS]
"translate question to dbpedia path: Name the university whose affiliations's foundation place is Washington, D.C.?","[ANS] >> dbp:affiliations >> [VAR1] [SEP] [ANS] >> rdf:type >> dbo:University [SEP] [VAR1] >> dbo:foundationPlace >> dbr:Washington,_D.C."
translate question to dbpedia path: What  awards did the cast members of Gods of Egypt win?,[VAR1] >> dbp:awards >> [ANS] [SEP] dbr:Gods_of_Egypt_(film) >> dbo:starring >> [VAR1]
translate question to dbpedia path: Where can I find people whose hometown is Ann Arbour in Michigan?,"[VAR1] >> dbo:residence >> [ANS] [SEP] [VAR1] >> dbp:homeTown >> dbr:Ann_Arbor,_Michigan [SEP] [VAR1] >> rdf:type >> dbo:Person"
translate question to dbpedia path: What is the former team of the Athens borned basketball players ?,[VAR1] >> dbo:formerTeam >> [ANS] [SEP] [VAR1] >> dbp:birthPlace >> dbr:Athens [SEP] [VAR1] >> rdf:type >> dbo:BasketballPlayer
translate question to dbpedia path: In which city is the hub airport of Club One Air?,[VAR1] >> dbp:cityServed >> [ANS] [SEP] dbr:Club_One_Air >> dbo:hubAirport >> [VAR1]
translate question to dbpedia path: Where did the relatives of Gustavo Rojas Pinilla study?,[VAR1] >> dbo:relation >> dbr:Gustavo_Rojas_Pinilla [SEP] [VAR1] >> dbp:almaMater >> [ANS]
translate question to dbpedia path: For how many things are americans famous for?,COUNT >> [VAR1] >> dbo:knownFor >> [ANS] [SEP] [VAR1] >> dbp:placeOfBirth >> dbr:United_States
translate question to dbpedia path: Who is the successor of McDonnell Douglas ?,dbr:McDonnell_Douglas >> dbp:successor >> [ANS]
translate question to dbpedia path: What is the publisher of Lucifer's Hammer ?,dbr:Lucifer's_Hammer >> dbo:publisher >> [ANS]
translate question to dbpedia path: List the origin of the weapons which were used in the American Revolutionary War.,[VAR1] >> dbo:usedInWar >> dbr:American_Revolutionary_War [SEP] [VAR1] >> dbp:origin >> [ANS] [SEP] [VAR1] >> rdf:type >> dbo:Weapon
translate question to dbpedia path: Purnima Banerjee and Rishang Keishing are politicians of what party ?,dbr:Purnima_Banerjee >> dbo:party >> [ANS] [SEP] dbr:Rishang_Keishing >> dbp:party >> [ANS]
translate question to dbpedia path: Which show's theme music composer's label is MapleMusic Recordings?,[ANS] >> dbp:themeMusicComposer >> [VAR1] [SEP] [ANS] >> rdf:type >> dbo:TelevisionShow [SEP] [VAR1] >> dbo:recordLabel >> dbr:MapleMusic_Recordings
translate question to dbpedia path: Was Apollo 11 a mission of Niel Armstrong?,ASK >> dbr:Neil_Armstrong >> dbp:mission >> dbr:Apollo_11
translate question to dbpedia path: List the former team of the american football players born in Pennsylvania ?,[VAR1] >> dbo:birthPlace >> dbr:Pennsylvania [SEP] [VAR1] >> dbo:formerTeam >> [ANS] [SEP] [VAR1] >> rdf:type >> dbo:AmericanFootballPlayer
translate question to dbpedia path: Is the charat district a district in peru?,ASK >> dbr:Charat_District >> dbp:settlementType >> dbr:Districts_of_Peru
translate question to dbpedia path: Which company founded by Fusajiro Yamauchi gives service as Nintendo Network?,[ANS] >> dbo:foundedBy >> dbr:Fusajiro_Yamauchi [SEP] [ANS] >> dbp:services >> dbr:Nintendo_Network [SEP] [ANS] >> rdf:type >> dbo:Company
translate question to dbpedia path: Richard Gant did a guest appearance on which series?,[VAR1] >> dbo:series >> [ANS] [SEP] [VAR1] >> dbp:guests >> dbr:Richard_Gant
translate question to dbpedia path: How many things belong to a division of plant kingdom?,COUNT >> [ANS] >> dbo:division >> [VAR1] [SEP] [VAR1] >> dbo:kingdom >> dbr:Plant
translate question to dbpedia path: What is that show whose theme was composed by Joel Goodman?,[VAR1] >> dbp:showName >> [ANS] [SEP] [VAR1] >> dbp:themeMusicComposer >> dbr:Joel_Goodman [SEP] [VAR1] >> rdf:type >> dbo:TelevisionShow
translate question to dbpedia path: Is the College Sainte Marie in Mauritius?,ASK >> dbr:College_Sainte-Marie >> dbp:county >> dbr:Mauritius
translate question to dbpedia path: What is the field of the Jon Speelman and occupation of the Karen Grigorian?,dbr:Jon_Speelman >> dbo:field >> [ANS] [SEP] dbr:Karen_Grigorian >> dbo:occupation >> [ANS]
translate question to dbpedia path: What are the countries for which History of Trier principal to?,[ANS] >> dbo:capital >> dbr:History_of_Trier [SEP] [ANS] >> rdf:type >> dbo:Country
translate question to dbpedia path: List the uni. having affiliation with Graham Holding Company and have a campus in Iowa ?,[ANS] >> dbo:campus >> dbr:Iowa [SEP] [ANS] >> dbp:affiliations >> dbr:Graham_Holdings_Company [SEP] [ANS] >> rdf:type >> dbo:University
translate question to dbpedia path: Where was Antonio Giannini born?,dbr:Antonio_Giannini >> dbo:birthPlace >> [ANS]
translate question to dbpedia path: What movies have been produced by the production house owned by Larry J. Franco?,[ANS] >> dbo:producer >> dbr:Larry_J._Franco
translate question to dbpedia path: Give me all tv shows which are based in boston and massachusetts?,[ANS] >> dbo:location >> dbr:Boston [SEP] [ANS] >> dbo:location >> dbr:Massachusetts [SEP] [ANS] >> rdf:type >> dbo:TelevisionShow
translate question to dbpedia path: What is the death location of the scientist who is the known authority of Hallopus ?,[VAR1] >> dbo:deathPlace >> [ANS] [SEP] [VAR1] >> rdf:type >> dbo:Scientist [SEP] dbr:Hallopus >> dbo:binomialAuthority >> [VAR1]
translate question to dbpedia path: CN Atletic-Barceloneta has a stadium in Barcelona?,ASK >> dbr:CN_Atlètic-Barceloneta >> dbo:stadium >> dbr:Barcelona
translate question to dbpedia path: What are some non fiction subjects dealt with in fantasy novels?,[VAR1] >> dbo:literaryGenre >> dbr:Fantasy [SEP] [VAR1] >> dbo:nonFictionSubject >> [ANS] [SEP] [VAR1] >> rdf:type >> dbo:Book
translate question to dbpedia path: Which companies have launched a rocket from Cape Canaveral Air Force station?,[VAR1] >> dbo:launchSite >> dbr:Cape_Canaveral_Air_Force_Station [SEP] [VAR1] >> dbo:manufacturer >> [ANS] [SEP] [VAR1] >> rdf:type >> dbo:Rocket
translate question to dbpedia path: Is the Frank R Lillie House has the Chicago architecture?,ASK >> dbr:Frank_R._Lillie_House >> dbo:architecturalStyle >> dbr:Chicago
translate question to dbpedia path: Name everyone working for a company owned by Roman Abramovich.,[ANS] >> dbo:occupation >> [VAR1] [SEP] [VAR1] >> dbo:owningCompany >> dbr:Roman_Abramovich
translate question to dbpedia path: Who astronaut from NASA was on the mission of Apollo 11?,[ANS] >> dbp:mission >> dbr:Apollo_11 [SEP] [ANS] >> dbp:type >> dbr:NASA [SEP] [ANS] >> rdf:type >> dbo:Astronaut
translate question to dbpedia path: Name the profession of Oamr D Conger for which Jack Ryan was also nominated ?,dbr:Jack_Ryan_(politician) >> dbo:nominee >> [ANS] [SEP] dbr:Omar_D._Conger >> dbp:order >> [ANS]
translate question to dbpedia path: Where were Micheal Santos and Wendy Jaquet born?,dbr:Michael_G._Santos >> dbo:birthPlace >> [ANS] [SEP] dbr:Wendy_Jaquet >> dbp:placeOfBirth >> [ANS]
translate question to dbpedia path: Name the show formed by J. Michael Stroczynski and had network as TNT ?,[ANS] >> dbo:developer >> dbr:J._Michael_Straczynski [SEP] [ANS] >> dbp:network >> dbr:TNT_(TV_channel) [SEP] [ANS] >> rdf:type >> dbo:TelevisionShow
translate question to dbpedia path: Which office holder's resting place is Alta Mesa Memorial park and has adrian A. Basora as successor ?,[ANS] >> dbp:restingPlace >> dbr:Alta_Mesa_Memorial_Park [SEP] [ANS] >> dbp:successor >> dbr:Adrian_A._Basora [SEP] [ANS] >> rdf:type >> dbo:OfficeHolder
translate question to dbpedia path: Name the movie written by Monty Python and has music composer as Geoffrey Burgon ?,[ANS] >> dbo:musicComposer >> dbr:Geoffrey_Burgon [SEP] [ANS] >> dbp:writer >> dbr:Monty_Python [SEP] [ANS] >> rdf:type >> dbo:Film
translate question to dbpedia path: Which politicians died in cities built by the Roman emperor Charles 5?,"[ANS] >> dbo:deathPlace >> [VAR1] [SEP] [ANS] >> rdf:type >> dbo:OfficeHolder [SEP] [VAR1] >> dbo:builder >> dbr:Charles_V,_Holy_Roman_Emperor"
translate question to dbpedia path: In how many different places can I find companies which were founded in toronto?,COUNT >> [ANS] >> rdf:type >> dbo:Place [SEP] [VAR1] >> dbo:foundationPlace >> dbr:Toronto [SEP] [VAR1] >> dbp:locations >> [ANS]
translate question to dbpedia path: What are some relatives of the spouse of Uncle henry from Oz?,[ANS] >> dbo:relative >> [VAR1] [SEP] [VAR1] >> dbo:spouse >> dbr:Uncle_Henry_(Oz)
translate question to dbpedia path: List the outflows of the lake which has Benu river as one of it ?,[VAR1] >> dbp:outflow >> [ANS] [SEP] [VAR1] >> dbp:outflow >> dbr:Benué_River
translate question to dbpedia path: List the people who were the first one to climb a mountain in California?,[VAR1] >> dbo:firstAscentPerson >> [ANS] [SEP] [VAR1] >> dbo:locatedInArea >> dbr:California [SEP] [VAR1] >> rdf:type >> dbo:Mountain
translate question to dbpedia path: Ford Air Transport Service and Falcon cobra are both owned by which company?,dbr:Ford_Air_Transport_Service >> dbo:parentCompany >> [ANS] [SEP] dbr:Ford_Falcon_Cobra >> dbo:parentCompany >> [ANS]
translate question to dbpedia path: Name the sitcom with theme music composer as Julian Gingell and channel as Fox Broadcasting Company?,[ANS] >> dbo:channel >> dbr:Fox_Broadcasting_Company [SEP] [ANS] >> dbp:themeMusicComposer >> dbr:Julian_Gingell [SEP] [ANS] >> rdf:type >> dbo:TelevisionShow
translate question to dbpedia path: Give a list of all the labels that have jazz fusion artists signed up with them?,[VAR1] >> dbo:genre >> dbr:Jazz_fusion [SEP] [VAR1] >> dbo:recordLabel >> [ANS] [SEP] [VAR1] >> rdf:type >> dbo:MusicalArtist
translate question to dbpedia path: Which college has been attended  by both Mr. Hubert Wiggs and Mr. Alvin Bell?,dbr:Alvin_Bell >> dbo:college >> [ANS] [SEP] dbr:Hubert_Wiggs >> dbo:college >> [ANS]
translate question to dbpedia path: What is the mascot of Blytheville High School ?,dbr:Blytheville_High_School >> dbp:mascot >> [ANS]
translate question to dbpedia path: Which composer of Girl from the North Country is the subsequent work of the Moondog Matinee?,dbr:Girl_from_the_North_Country >> dbo:composer >> [ANS] [SEP] dbr:Moondog_Matinee >> dbo:subsequentWork >> [ANS]
translate question to dbpedia path: What is the subject of the book which preceded Sagan's Cosmos?,[VAR1] >> dbp:subject >> [ANS] [SEP] dbr:Cosmos_(Carl_Sagan_book) >> dbo:previousWork >> [VAR1]
translate question to dbpedia path: In which television shows has Eliza Schneider given her voice?,[ANS] >> dbp:voices >> dbr:Eliza_Schneider [SEP] [ANS] >> rdf:type >> dbo:TelevisionShow
translate question to dbpedia path: Who wrote Catch My soul ?,dbr:Catch_My_Soul_(UK_stage_version) >> dbo:author >> [ANS]
translate question to dbpedia path: What are some islands in the bahamas?,[ANS] >> dbp:archipelago >> dbr:The_Bahamas [SEP] [ANS] >> rdf:type >> dbo:Island
translate question to dbpedia path: In which state does the ambassador who is in related with J Bennett Johnston live?,[VAR1] >> dbp:state >> [ANS] [SEP] dbr:J._Bennett_Johnston >> dbo:relation >> [VAR1]
"translate question to dbpedia path: Where were the sportsmen born, who started their careers with Homestead Grays?",[VAR1] >> dbp:birthDate >> [ANS] [SEP] [VAR1] >> dbp:debutteam >> dbr:Homestead_Grays [SEP] [VAR1] >> rdf:type >> dbo:Athlete
translate question to dbpedia path: Which hometown of pavel Moroz is also the palace of birthplace of Helena of Moscow ?,dbr:Helena_of_Moscow >> dbo:birthPlace >> [ANS] [SEP] dbr:Pavel_Moroz >> dbp:hometown >> [ANS]
translate question to dbpedia path: Who are the cast members of The Simpsons Ride?,dbr:The_Simpsons_Ride >> dbp:starring >> [ANS]
translate question to dbpedia path: Name the organization which developed iPhone OS and the XNU?,dbr:IPhone_OS_1 >> dbp:developer >> [ANS] [SEP] dbr:XNU >> dbo:developer >> [ANS]
translate question to dbpedia path: How many awards have the french people received?,COUNT >> [VAR1] >> dbo:stateOfOrigin >> dbr:French_people [SEP] [VAR1] >> dbp:awards >> [ANS]
translate question to dbpedia path: How many bacterias have taxonomy as Bacillales and domain as Bacteria?,COUNT >> [ANS] >> dbo:order >> dbr:Bacillales [SEP] [ANS] >> dbp:domain >> dbr:Bacteria
translate question to dbpedia path: Which state's largest city is Omaha?,"[ANS] >> dbo:largestCity >> dbr:Omaha,_Nebraska [SEP] [ANS] >> rdf:type >> dbo:AdministrativeRegion"
translate question to dbpedia path: Where is the constituency of John Smith Griffin ?,[VAR1] >> dbo:location >> [ANS] [SEP] dbr:John_Smith_Griffin >> dbp:constituency >> [VAR1]
translate question to dbpedia path: Is Wahoo! the previous work of Honeybuns?,ASK >> dbr:Honeybuns >> dbo:previousWork >> dbr:Wahoo!
translate question to dbpedia path: Who is the animator of Tommy Tucker's Tooth ?,dbr:Tommy_Tucker's_Tooth >> dbp:animator >> [ANS]
translate question to dbpedia path: Who is the film director of Alice's Wonderland ?,dbr:Alice's_Wonderland >> dbo:director >> [ANS]
translate question to dbpedia path: List few authors whose education took place in Saint Petersburg ?,[ANS] >> dbo:education >> dbr:Saint_Petersburg [SEP] [ANS] >> rdf:type >> dbo:Writer
translate question to dbpedia path: Who are the people who influenced the writers of Evenor ?,[VAR1] >> dbo:influenced >> [ANS] [SEP] dbr:Evenor_(collection) >> dbo:author >> [VAR1]
translate question to dbpedia path: Which cities of the American Mediterranean Sea has Nickname Entronque de Herradura?,dbr:American_Mediterranean_Sea >> dbp:cities >> [ANS] [SEP] dbr:Entronque_de_Herradura >> dbp:nickname >> [ANS]
translate question to dbpedia path: On how many subjects has Random house publishers published books?,COUNT >> [VAR1] >> dbp:publisher >> dbr:Random_House [SEP] [VAR1] >> dbp:subject >> [ANS]
translate question to dbpedia path: List the associated musical artist of the current members of Al Bano and Romina Power?,[VAR1] >> dbo:associatedMusicalArtist >> [ANS] [SEP] dbr:Al_Bano_and_Romina_Power >> dbp:currentMembers >> [VAR1]
translate question to dbpedia path: Which settlement's neighboring municipalities are Cologny and Pregny-Chambsy?,[ANS] >> dbo:neighboringMunicipality >> dbr:Pregny-Chambésy [SEP] [ANS] >> dbp:neighboringMunicipalities >> dbr:Cologny [SEP] [ANS] >> rdf:type >> dbo:Settlement
translate question to dbpedia path: Who is the writer of The Sandman (Vertigo) ?,dbr:The_Sandman_(Vertigo) >> dbp:writers >> [ANS]
"translate question to dbpedia path: Who has a  child named Lori Black and is resting place as Palo Alto, California?","[ANS] >> dbp:children >> dbr:Lori_Black [SEP] [ANS] >> dbp:restingPlace >> dbr:Palo_Alto,_California"
translate question to dbpedia path: Which military unit's  garrison is Pentagon and command structure is United States Department of Defense?,[ANS] >> dbo:commandStructure >> dbr:United_States_Department_of_Defense [SEP] [ANS] >> dbp:garrison >> dbr:The_Pentagon [SEP] [ANS] >> rdf:type >> dbo:MilitaryUnit
translate question to dbpedia path: List the primary  subjects of A Christian Turn'd Turk?,dbr:A_Christian_Turn'd_Turk >> dbp:subject >> [ANS]
translate question to dbpedia path: What awards have been given to the writers of Wallace and Gromit?,[VAR1] >> dbo:award >> [ANS] [SEP] [VAR1] >> dbp:notableworks >> dbr:Wallace_and_Gromit [SEP] [VAR1] >> rdf:type >> dbo:Writer
translate question to dbpedia path: Is Labor relations the main interest of Karl Marx?,ASK >> dbr:Karl_Marx >> dbo:mainInterest >> dbr:Labor_relations
"translate question to dbpedia path: Over which rivers, does a cable stayed bridge exists?",[VAR1] >> dbp:crosses >> [ANS] [SEP] [VAR1] >> dbp:design >> dbr:Cable-stayed_bridge
translate question to dbpedia path: Name some Texas based companies ?,[ANS] >> dbo:locationCity >> dbr:Texas [SEP] [ANS] >> rdf:type >> dbo:Company
translate question to dbpedia path: Name the president served by a lieutenant who succeeded Bob C Riley.,[ANS] >> dbo:lieutenant >> [VAR1] [SEP] [ANS] >> rdf:type >> dbo:President [SEP] [VAR1] >> dbp:predecessor >> dbr:Bob_C._Riley
translate question to dbpedia path: Who were some governmental heads in Nazi Germany?,[VAR1] >> dbo:jurisdiction >> dbr:Nazi_Germany [SEP] [VAR1] >> dbo:leader >> [ANS]
translate question to dbpedia path: Name the tiemzone of Banlung ?,dbr:Banlung >> dbo:timeZone >> [ANS]
translate question to dbpedia path: Name all the doctoral student of the scientist who also supervised Mary Ainsworth ?,[VAR1] >> dbp:doctoralStudents >> [ANS] [SEP] [VAR1] >> dbp:doctoralStudents >> dbr:Mary_Ainsworth [SEP] [VAR1] >> rdf:type >> dbo:Scientist
"translate question to dbpedia path: Where did the wrestler die who was billed in Norman, Oklahoma?","[VAR1] >> dbo:deathPlace >> [ANS] [SEP] [VAR1] >> dbp:billed >> dbr:Norman,_Oklahoma [SEP] [VAR1] >> rdf:type >> dbo:Wrestler"
translate question to dbpedia path: Which football teams is Shahid Khan proprietor to?,[ANS] >> dbo:owner >> dbr:Shahid_Khan
translate question to dbpedia path: What sports are there at the universities affiliated to the National Capital Region Athletic Association?,[VAR1] >> dbo:affiliation >> dbr:National_Capital_Region_Athletic_Association [SEP] [VAR1] >> dbp:athletics >> [ANS] [SEP] [VAR1] >> rdf:type >> dbo:University
translate question to dbpedia path: Who all have rented the stadium whose architect is Populous?,[VAR1] >> dbo:tenant >> [ANS] [SEP] [VAR1] >> dbp:architect >> dbr:Populous_(company) [SEP] [VAR1] >> rdf:type >> dbo:Stadium
translate question to dbpedia path: Which US city can be said to be a part of american mediterranean sea and the biscayne bay?,dbr:American_Mediterranean_Sea >> dbp:cities >> [ANS] [SEP] dbr:Biscayne_Bay >> dbp:cities >> [ANS]
translate question to dbpedia path: Did Dean Wurzberger manage a club at the santa clara university?,ASK >> dbr:Dean_Wurzberger >> dbp:managerclubs >> dbr:Santa_Clara_University
translate question to dbpedia path: How many dishes are made with an ingredient belonging to the flowering plant species?,COUNT >> [ANS] >> dbo:ingredient >> [VAR1] [SEP] [ANS] >> rdf:type >> dbo:Food [SEP] [VAR1] >> dbo:division >> dbr:Flowering_plant
translate question to dbpedia path: Who are the managers of clubs participating in the 2014-2015 Football League Championship?,[ANS] >> dbo:managerClub >> [VAR1] [SEP] [VAR1] >> dbo:season >> dbr:2014–15_Football_League_Championship
translate question to dbpedia path: Bridges over which rivers are made of Wrought Iron?,[VAR1] >> dbo:river >> [ANS] [SEP] [VAR1] >> dbp:material >> dbr:Wrought_iron [SEP] [VAR1] >> rdf:type >> dbo:Bridge
translate question to dbpedia path: What is the allegiance of Albert Kwesi Ocran ?,dbr:Albert_Kwesi_Ocran >> dbp:allegiance >> [ANS]
translate question to dbpedia path: How many people have headed organizations headquartered at Niederkirchnerstrae?,COUNT >> [VAR1] >> dbo:headquarter >> dbr:Niederkirchnerstraße [SEP] [VAR1] >> dbo:leader >> [ANS]
translate question to dbpedia path: What are some seas inside europe ?,[ANS] >> dbo:location >> dbr:Europe [SEP] [ANS] >> rdf:type >> dbo:Sea
translate question to dbpedia path: What are the notable works of the person who produced Queer as Folk?,[VAR1] >> dbp:notableworks >> [ANS] [SEP] [VAR1] >> rdf:type >> dbo:Person [SEP] dbr:Queer_as_Folk_(UK_TV_series) >> dbo:producer >> [VAR1]
translate question to dbpedia path: Who was the bronze medalist of Swimming at the 2008 Summer Olympics  Men's 400 metre individual medley ?,dbr:Swimming_at_the_2008_Summer_Olympics_–_Men's_400_metre_individual_medley >> dbo:bronzeMedalist >> [ANS]
translate question to dbpedia path: Did stan lee narrate the incredible hulk tv show?,ASK >> dbr:The_Incredible_Hulk_(1982_TV_series) >> dbo:narrator >> dbr:Stan_Lee
translate question to dbpedia path: What academic discipline of the Journal of Cerebral Blood Flow & Metabolism is also the record label of the Double Diamond (album)?,dbr:Double_Diamond_(album) >> dbo:recordLabel >> [ANS] [SEP] dbr:Journal_of_Cerebral_Blood_Flow_&_Metabolism >> dbo:academicDiscipline >> [ANS]
translate question to dbpedia path: How many states does the Pioneer corporation operate in?,COUNT >> dbr:Pioneer_Corporation >> dbp:country >> [ANS]
translate question to dbpedia path: Name the debut team of Butch Metzger ?,dbr:Butch_Metzger >> dbo:debutTeam >> [ANS]
translate question to dbpedia path: Whose doctoral student is etienne bieler\xc9tienne_Bi\xe9ler,[ANS] >> dbo:doctoralStudent >> dbr:Étienne_Biéler
translate question to dbpedia path: What countries used Solidus as currency?,[ANS] >> dbo:currency >> dbr:Solidus_(coin) [SEP] [ANS] >> rdf:type >> dbo:Country
translate question to dbpedia path: Which parent company of  Edsel was the first team of the 1967 Mexican Grand Prix ?,dbr:1967_Mexican_Grand_Prix >> dbp:firstTeam >> [ANS] [SEP] dbr:Edsel >> dbp:parent >> [ANS]
translate question to dbpedia path: Who was in conflicts of Fort Barrancas and Gadsden?,[ANS] >> dbo:battle >> dbr:Fort_Barrancas [SEP] [ANS] >> dbo:battle >> dbr:Fort_Gadsden
translate question to dbpedia path: Name some cars similar to the ones which are assembled at the Jefferson North Assembly?,[VAR1] >> dbp:assembly >> dbr:Jefferson_North_Assembly [SEP] [VAR1] >> dbp:related >> [ANS] [SEP] [VAR1] >> rdf:type >> dbo:Automobile
translate question to dbpedia path: Which licensee of the WRVU is also the alma mater of the Todd J. Campbell ?,dbr:Todd_J._Campbell >> dbo:almaMater >> [ANS] [SEP] dbr:WRVU >> dbp:licensee >> [ANS]
translate question to dbpedia path: What team did Joe Porter and Eddie Anderson play for?,dbr:Eddie_Anderson_(safety) >> dbo:team >> [ANS] [SEP] dbr:Joe_Porter_(American_football) >> dbo:formerTeam >> [ANS]
translate question to dbpedia path: Which borough of the Corringham railway station is also the local authority of Buckhurst Hill County High School ?,dbr:Buckhurst_Hill_County_High_School >> dbo:localAuthority >> [ANS] [SEP] dbr:Corringham_railway_station >> dbp:borough >> [ANS]
"translate question to dbpedia path: Which band had the members of The Conglomerate, and has made 'Before I let you go'?",dbr:Before_I_Let_You_Go >> dbo:musicalArtist >> [ANS] [SEP] dbr:The_Conglomerate_(American_group) >> dbp:pastMembers >> [ANS]
translate question to dbpedia path: Name the fictional character whose species is American Pekin duck and has relatives named Ludwig Von Drake?,[ANS] >> dbo:species >> dbr:American_Pekin_duck [SEP] [ANS] >> dbp:relatives >> dbr:Ludwig_Von_Drake [SEP] [ANS] >> rdf:type >> dbo:FictionalCharacter
translate question to dbpedia path: Who is the governor of Carl McCall ?,dbr:Carl_McCall >> dbo:governor >> [ANS]
translate question to dbpedia path: Where can I find things run by the maritime museum of San Diego?,[VAR1] >> dbp:governingBody >> dbr:Maritime_Museum_of_San_Diego [SEP] [VAR1] >> dbp:location >> [ANS]
translate question to dbpedia path: Which engine's successor's predecessor is BMW M10?,[ANS] >> dbo:successor >> [VAR1] [SEP] [ANS] >> rdf:type >> dbo:Engine [SEP] [VAR1] >> dbo:predecessor >> dbr:BMW_M10
translate question to dbpedia path: List the movies directed by Stanley Kubrick?,[ANS] >> dbo:director >> dbr:Stanley_Kubrick [SEP] [ANS] >> rdf:type >> dbo:Film
"translate question to dbpedia path: What team were the people drafted to, which are in the National Hockey League?",[VAR1] >> dbp:draftTeam >> [ANS] [SEP] [VAR1] >> dbp:league >> dbr:National_Hockey_League [SEP] [VAR1] >> rdf:type >> dbo:Person
translate question to dbpedia path: Which key person of maryland jockey club is the appointer of Joseph Clay ?,dbr:Joseph_Clay_(Georgia) >> dbo:appointer >> [ANS] [SEP] dbr:Maryland_Jockey_Club >> dbp:keyPeople >> [ANS]
translate question to dbpedia path: Who developed the software for the operating system of Macintosh Quadra 660AV ?,[VAR1] >> dbo:developer >> [ANS] [SEP] [VAR1] >> rdf:type >> dbo:Software [SEP] dbr:Macintosh_Quadra_660AV >> dbo:operatingSystem >> [VAR1]
translate question to dbpedia path: From what american football teams did Carlos Emmons play?,dbr:Carlos_Emmons_(American_football) >> dbo:formerTeam >> [ANS]
translate question to dbpedia path: Who are the employer of Don R. Berlin?,dbr:Don_R._Berlin >> dbo:employer >> [ANS]
translate question to dbpedia path: Is Peter Crouch currently in the Stoke City FC?,ASK >> dbr:Peter_Crouch >> dbp:currentclub >> dbr:Stoke_City_F.C.
translate question to dbpedia path: Whose provides the service of  Outlook and also products  such as Visual Studio?,[ANS] >> dbp:products >> dbr:Microsoft_Visual_Studio [SEP] [ANS] >> dbp:services >> dbr:Outlook.com
translate question to dbpedia path: Which source of broad creek is the Audenried tunnel located ?,dbr:Audenried_Tunnel >> dbo:location >> [ANS] [SEP] dbr:Broad_Creek_(Susquehanna_River) >> dbo:source >> [ANS]
translate question to dbpedia path: Is the Mount St Peter Church made in the international architectural style?,ASK >> dbr:Mount_St._Peter_Church >> dbp:architecture >> dbr:International_Style_(architecture)
translate question to dbpedia path: What woman acted in the mating habits of earthbound humans and is often associated with Mams taylor?,dbr:Mams_Taylor >> dbo:associatedMusicalArtist >> [ANS] [SEP] dbr:The_Mating_Habits_of_the_Earthbound_Human >> dbp:starring >> [ANS]
translate question to dbpedia path: How many other Guests are there of the television episodes whose Guests is Brian d'Arcy James ?,COUNT >> [VAR1] >> dbp:guests >> [ANS] [SEP] [VAR1] >> dbp:guests >> dbr:Brian_d'Arcy_James
translate question to dbpedia path: Who is the writer of He's a Pirate ?,dbr:He's_a_Pirate >> dbp:writer >> [ANS]
translate question to dbpedia path: Which movies have their music composed by someone that signed up with RCA Records?,[ANS] >> dbo:musicComposer >> [VAR1] [SEP] [ANS] >> rdf:type >> dbo:Film [SEP] [VAR1] >> dbo:recordLabel >> dbr:RCA_Records
translate question to dbpedia path: Was the cover of The adventures of Tom Sawyer designed by Mark Twain?,ASK >> dbr:The_Adventures_of_Tom_Sawyer >> dbo:coverArtist >> dbr:Mark_Twain
translate question to dbpedia path: What games are played at institutions affiliated with the international association of universities?,[VAR1] >> dbo:sport >> [ANS] [SEP] [VAR1] >> dbp:affiliations >> dbr:International_Association_of_Universities [SEP] [VAR1] >> rdf:type >> dbo:EducationalInstitution
translate question to dbpedia path: What is the ideology of Palang Dharma Party ?,dbr:Palang_Dharma_Party >> dbo:ideology >> [ANS]
translate question to dbpedia path: Who is known for are War of 1812 and Battle of the Thames?,[ANS] >> dbo:knownFor >> dbr:Battle_of_the_Thames [SEP] [ANS] >> dbo:knownFor >> dbr:War_of_1812
translate question to dbpedia path: Which philosophy journal has compiler as Stephen Law ?,[ANS] >> dbp:discipline >> dbr:Philosophy [SEP] [ANS] >> dbp:editor >> dbr:Stephen_Law [SEP] [ANS] >> rdf:type >> dbo:AcademicJournal
translate question to dbpedia path: Which military conflict took place in Israel and had commander as Jaber Al-Ahmad Al-Sabah?,[ANS] >> dbo:commander >> dbr:Jaber_Al-Ahmad_Al-Sabah [SEP] [ANS] >> dbo:place >> dbr:Israel [SEP] [ANS] >> rdf:type >> dbo:MilitaryConflict
translate question to dbpedia path: Who served a vice president buried in United First Parish Church?,[ANS] >> dbo:vicePresident >> [VAR1] [SEP] [VAR1] >> dbp:restingplace >> dbr:United_First_Parish_Church
"translate question to dbpedia path: Where is the fictional character from, whose last appearance was in the Avengers, 1998?",[VAR1] >> dbp:last >> dbr:The_Avengers_(1998_film) [SEP] [VAR1] >> dbp:nationality >> [ANS] [SEP] [VAR1] >> rdf:type >> dbo:FictionalCharacter
translate question to dbpedia path: Which idelogy of the Palang Dharma Party is also the  faith of Miao people ?,dbr:Miao_people >> dbo:religion >> [ANS] [SEP] dbr:Palang_Dharma_Party >> dbo:ideology >> [ANS]
translate question to dbpedia path: List the movies produced by Michael Deeley ?,[ANS] >> dbo:producer >> dbr:Michael_Deeley [SEP] [ANS] >> rdf:type >> dbo:Film
translate question to dbpedia path: Where does Dennis DeConcini and Scott Berkun both live?,dbr:Dennis_DeConcini >> dbp:residence >> [ANS] [SEP] dbr:Scott_Berkun >> dbp:residence >> [ANS]
translate question to dbpedia path: Where did Louis chevrolet die ?,dbr:Louis_Chevrolet >> dbp:deathPlace >> [ANS]
translate question to dbpedia path: Is Bacillus belong to the domain Bacteria?,ASK >> dbr:Bacillus >> dbp:domain >> dbr:Bacteria
translate question to dbpedia path: What is the affiliation of Lumbini Bauddha University ?,dbr:Lumbini_Bauddha_University >> dbp:affiliation >> [ANS]
translate question to dbpedia path: What is the name of the characters created by Frank Miller?,[VAR1] >> dbp:characterName >> [ANS] [SEP] [VAR1] >> dbp:creators >> dbr:Frank_Miller_(comics) [SEP] [VAR1] >> rdf:type >> dbo:FictionalCharacter
translate question to dbpedia path: Count the total number of software whose programming language is C++ and operating system is Microsoft Windows?,COUNT >> [ANS] >> dbo:operatingSystem >> dbr:Microsoft_Windows [SEP] [ANS] >> dbp:programmingLanguage >> dbr:C++
translate question to dbpedia path: What is the total number of politicians whose predecessor's deputy is Jenny Macklin?,COUNT >> [ANS] >> dbp:predecessor >> [VAR1] [SEP] [ANS] >> rdf:type >> dbo:OfficeHolder [SEP] [VAR1] >> dbp:deputy >> dbr:Jenny_Macklin
translate question to dbpedia path: How many managers have managed Middlesbrough FC?,COUNT >> [ANS] >> dbo:managerClub >> dbr:Middlesbrough_F.C.
translate question to dbpedia path: Among which basket ball team having arena as The Palace of Auburn hills has president as Stan Van Gundy ?,[ANS] >> dbp:arena >> dbr:The_Palace_of_Auburn_Hills [SEP] [ANS] >> dbp:president >> dbr:Stan_Van_Gundy [SEP] [ANS] >> rdf:type >> dbo:BasketballTeam
translate question to dbpedia path: Give me a count of bridges located in California ?,COUNT >> [ANS] >> dbo:locatedInArea >> dbr:California [SEP] [ANS] >> rdf:type >> dbo:Bridge
translate question to dbpedia path: What are the sports played by the universities who also plays taekwondo ?,[VAR1] >> dbp:athletics >> [ANS] [SEP] [VAR1] >> dbp:athletics >> dbr:Taekwondo
translate question to dbpedia path: Who all are buried in Arlington national cementary?,[ANS] >> dbp:placeofburial >> dbr:Arlington_National_Cemetery
translate question to dbpedia path: Name the office holder whose spouse is Dolley Madison and belongs to Militia branch ?,[ANS] >> dbp:branch >> dbr:Militia [SEP] [ANS] >> dbp:spouse >> dbr:Dolley_Madison [SEP] [ANS] >> rdf:type >> dbo:OfficeHolder
translate question to dbpedia path: To which country do the players of Waitakere United belong?,[VAR1] >> dbo:country >> [ANS] [SEP] [VAR1] >> dbo:team >> dbr:Waitakere_United [SEP] [VAR1] >> rdf:type >> dbo:Athlete
translate question to dbpedia path: How many different genres led to other genres where drums are important?,COUNT >> [ANS] >> rdf:type >> dbo:MusicGenre [SEP] [VAR1] >> dbo:stylisticOrigin >> [ANS] [SEP] [VAR1] >> dbp:instruments >> dbr:Drum_kit
translate question to dbpedia path: Is Trevor Peacock the narrator of Fred Claus?,ASK >> dbr:Fred_Claus >> dbp:narrator >> dbr:Trevor_Peacock
translate question to dbpedia path: Which river's mouth location is Laptev Sea and also Arctic Ocean?,[ANS] >> dbp:mouthLocation >> dbr:Arctic_Ocean [SEP] [ANS] >> dbp:mouthLocation >> dbr:Laptev_Sea
translate question to dbpedia path: List all the bands which have members of the band Guy in them?,[VAR1] >> dbo:associatedBand >> [ANS] [SEP] dbr:Guy_(band) >> dbo:bandMember >> [VAR1]
translate question to dbpedia path: List the opponents of the relatives of Thomas Helwys?,[VAR1] >> dbo:opponent >> [ANS] [SEP] [VAR1] >> dbo:relation >> dbr:Thomas_Helwys [SEP] [VAR1] >> rdf:type >> dbo:Person
translate question to dbpedia path: Gamini Seneviratne and Katyayana are two followers of which religion?,dbr:Gamini_Seneviratne >> dbp:religion >> [ANS] [SEP] dbr:Katyayana_(Buddhist) >> dbp:religion >> [ANS]
translate question to dbpedia path: Who are the predecessors of John Randolph of Roanoke?,[ANS] >> dbp:predecessor >> dbr:John_Randolph_of_Roanoke
translate question to dbpedia path: Was A Jitney Elopement edited by Charlie Chaplin?,ASK >> dbr:A_Jitney_Elopement >> dbo:editing >> dbr:Charlie_Chaplin
translate question to dbpedia path: What team did J P Paris was former team of Bert McCaffrey play for?,dbr:Bert_McCaffrey >> dbo:formerTeam >> [ANS] [SEP] dbr:J._P._Parisé >> dbp:playedFor >> [ANS]
translate question to dbpedia path: What is the river that falls into North Sea and Thames Estuary?,[ANS] >> dbo:riverMouth >> dbr:North_Sea [SEP] [ANS] >> dbo:riverMouth >> dbr:Thames_Estuary [SEP] [ANS] >> rdf:type >> dbo:River
translate question to dbpedia path: How many companies were founded in Dallas?,COUNT >> [ANS] >> dbp:foundation >> dbr:Dallas [SEP] [ANS] >> rdf:type >> dbo:Company
translate question to dbpedia path: Name the ones who debuted in the San Francisco 49ers.,[ANS] >> dbo:debutTeam >> dbr:San_Francisco_49ers
"translate question to dbpedia path: Which county seat of the King County, Washington and PLACE OF DEATH of the Phil Lumpkin ?","dbr:King_County,_Washington >> dbo:countySeat >> [ANS] [SEP] dbr:Phil_Lumpkin >> dbp:placeOfDeath >> [ANS]"
translate question to dbpedia path: Who all have appointed governess born in Magnolia Plantation gardens?,"[VAR1] >> dbo:birthPlace >> dbr:Magnolia_Plantation_and_Gardens_(Charleston,_South_Carolina) [SEP] [VAR1] >> dbp:appointer >> [ANS]"
translate question to dbpedia path: Humes High School is alma mater to which person?,[ANS] >> dbp:education >> dbr:Humes_High_School [SEP] [ANS] >> rdf:type >> dbo:Person
translate question to dbpedia path: Which range of mountains are there in canton of Fribourg?,[VAR1] >> dbo:locatedInArea >> dbr:Canton_of_Fribourg [SEP] [VAR1] >> dbo:mountainRange >> [ANS]
translate question to dbpedia path: Which species' members are there in the animal kingdom?,[VAR1] >> dbo:kingdom >> dbr:Animal [SEP] [VAR1] >> dbo:species >> [ANS]
translate question to dbpedia path: Was Henry Knox a major general?,ASK >> dbr:Henry_Knox >> dbo:militaryRank >> dbr:Major_general_(United_States)
translate question to dbpedia path: What company made the front row and distributed big top ballet?,[ANS] >> rdf:type >> dbo:Company [SEP] dbr:Big_Top_Ballet >> dbp:distributor >> [ANS] [SEP] dbr:Front_Row_(software) >> dbp:developer >> [ANS]
translate question to dbpedia path: What is the nation of the Major All Stars Season 1 and Pioneer Corporation ?,dbr:Major_All_Stars_Season_1 >> dbp:country >> [ANS] [SEP] dbr:Pioneer_Corporation >> dbp:country >> [ANS]
translate question to dbpedia path: Which HBO's television series was produced by Erik Bork?,[ANS] >> dbo:producer >> dbr:Erik_Bork [SEP] [ANS] >> dbp:distributor >> dbr:HBO [SEP] [ANS] >> rdf:type >> dbo:TelevisionShow
translate question to dbpedia path: List all the record label distributed by the distributor of Zune ?,[VAR1] >> dbp:distributor >> [ANS] [SEP] [VAR1] >> dbp:distributor >> dbr:Zune [SEP] [VAR1] >> rdf:type >> dbo:RecordLabel
translate question to dbpedia path: What made Jon Speelman and Eric Schiller famous?,dbr:Eric_Schiller >> dbo:knownFor >> [ANS] [SEP] dbr:Jon_Speelman >> dbo:field >> [ANS]
translate question to dbpedia path: Which stadium is owned by the team whose manager is Dimitris Terezopoulos?,[VAR1] >> dbp:manager >> dbr:Dimitris_Terezopoulos [SEP] [VAR1] >> dbp:stadium >> [ANS]
translate question to dbpedia path: Name the television show which was developed by Brian Graden and distributed by Comedy Central?,[ANS] >> dbp:developer >> dbr:Brian_Graden [SEP] [ANS] >> dbp:distributor >> dbr:Comedy_Central [SEP] [ANS] >> rdf:type >> dbo:TelevisionShow
translate question to dbpedia path: From how many countries did the aeroplanes designed by Alexander Lippisch originate?,COUNT >> [ANS] >> rdf:type >> dbo:Country [SEP] [VAR1] >> dbp:designer >> dbr:Alexander_Lippisch [SEP] [VAR1] >> dbp:nationalOrigin >> [ANS]
"translate question to dbpedia path: Fairfield, Connecticut is hometown to which persons?","[ANS] >> dbo:hometown >> dbr:Fairfield,_Connecticut [SEP] [ANS] >> rdf:type >> dbo:Person"
translate question to dbpedia path: Do the White Plains Road lie in the Bronx county?,ASK >> dbr:White_Plains_Road >> dbp:counties >> dbr:The_Bronx
translate question to dbpedia path: Which fictional character portrayed by Roger barton has Padm Amidala as family ?,[ANS] >> dbp:family >> dbr:Padmé_Amidala [SEP] [ANS] >> dbp:portrayer >> dbr:Roger_Barton_(film_editor) [SEP] [ANS] >> rdf:type >> dbo:FictionalCharacter
translate question to dbpedia path: Name presidents of the schools which have queen noor of Jordan as one of them ?,[VAR1] >> dbo:president >> dbr:Queen_Noor_of_Jordan [SEP] [VAR1] >> dbp:president >> [ANS] [SEP] [VAR1] >> rdf:type >> dbo:School
translate question to dbpedia path: How many bands are signed up with Kobalt Label Services?,COUNT >> [ANS] >> dbo:recordLabel >> dbr:Kobalt_Label_Services [SEP] [ANS] >> rdf:type >> dbo:Band
translate question to dbpedia path: Was 12th Field Artillery Regiment garrisoned at colorado?,ASK >> dbr:12th_Field_Artillery_Regiment >> dbo:garrison >> dbr:Colorado
translate question to dbpedia path: Name the office holder who has a child named Lori Black and resting place is Alta Mesa Memorial Park?,[ANS] >> dbo:child >> dbr:Lori_Black [SEP] [ANS] >> dbp:restingPlace >> dbr:Alta_Mesa_Memorial_Park [SEP] [ANS] >> rdf:type >> dbo:OfficeHolder
translate question to dbpedia path: What is the area of Tar Heel Sports Network ?,dbr:Tar_Heel_Sports_Network >> dbp:area >> [ANS]
translate question to dbpedia path: Which office holder's  military branch is Continental Army and vice president is John Adams?,[ANS] >> dbo:militaryBranch >> dbr:Continental_Army [SEP] [ANS] >> dbo:vicePresident >> dbr:John_Adams [SEP] [ANS] >> rdf:type >> dbo:OfficeHolder
translate question to dbpedia path: What are the television shows which are in NTSC and 5.1 surround sound?,[ANS] >> dbo:format >> dbr:5.1_surround_sound [SEP] [ANS] >> dbo:format >> dbr:NTSC [SEP] [ANS] >> rdf:type >> dbo:TelevisionShow
translate question to dbpedia path: What nation is the motherland of Ricardo Alfonso Cerna  where Apostolic Vicariate of El Petn is located?,dbr:Apostolic_Vicariate_of_El_Petén >> dbo:country >> [ANS] [SEP] dbr:Ricardo_Alfonso_Cerna >> dbp:birthPlace >> [ANS]
translate question to dbpedia path: What are some games availible on nintendo's virtual console?,[ANS] >> dbo:computingPlatform >> dbr:Virtual_Console [SEP] [ANS] >> rdf:type >> dbo:VideoGame
translate question to dbpedia path: Name the television program voiced by Isaac Hayes and aired on Comedy Central?,[ANS] >> dbp:network >> dbr:Comedy_Central [SEP] [ANS] >> dbp:voices >> dbr:Isaac_Hayes [SEP] [ANS] >> rdf:type >> dbo:TelevisionShow
translate question to dbpedia path: Chestnut colored horses have won which races?,[VAR1] >> dbo:colour >> dbr:Chestnut_(coat) [SEP] [VAR1] >> dbo:honours >> [ANS] [SEP] [VAR1] >> rdf:type >> dbo:Horse
translate question to dbpedia path: Where did the film director of Kala Pani die?,[VAR1] >> dbo:deathPlace >> [ANS] [SEP] dbr:Kala_Pani_(1958_film) >> dbo:director >> [VAR1]
translate question to dbpedia path: What show had NTSC format and theme music composed by  Ron Grainer?,[ANS] >> dbo:format >> dbr:NTSC [SEP] [ANS] >> dbp:themeMusicComposer >> dbr:Ron_Grainer [SEP] [ANS] >> rdf:type >> dbo:TelevisionShow
translate question to dbpedia path: Who has fought in the conflicts around the Mississippi river?,[VAR1] >> dbp:combatant >> [ANS] [SEP] [VAR1] >> dbp:place >> dbr:Mississippi_River [SEP] [VAR1] >> rdf:type >> dbo:MilitaryConflict
translate question to dbpedia path: Which leader of united states house representatives election was married to Dolley Madison ?,"dbr:Dolley_Madison >> dbo:spouse >> [ANS] [SEP] dbr:United_States_House_of_Representatives_elections,_1788_and_1789 >> dbp:leader >> [ANS]"
translate question to dbpedia path: To which county of New York city does the Tremount Avenue street belong?,dbr:Tremont_Avenue >> dbp:counties >> [ANS]
translate question to dbpedia path: What are the death place of the models whose hair color was Red?,[VAR1] >> dbp:deathPlace >> [ANS] [SEP] [VAR1] >> dbp:hairColor >> dbr:Red_hair [SEP] [VAR1] >> rdf:type >> dbo:Model
translate question to dbpedia path: To which region does the Miluk language belong?,dbr:Miluk_language >> dbp:region >> [ANS]
translate question to dbpedia path: What is the Ceremonial County of Port of Tilbury ?,dbr:Port_of_Tilbury >> dbo:ceremonialCounty >> [ANS]
translate question to dbpedia path: What is the war in which both K Fordice and P Fitzwallace fight?,dbr:Kirk_Fordice >> dbp:battles >> [ANS] [SEP] dbr:Percy_Fitzwallace >> dbp:battles >> [ANS]
translate question to dbpedia path: Name the part of Liverpool city region >,dbr:Liverpool_City_Region >> dbo:part >> [ANS]
translate question to dbpedia path: What is the television show whose sculptor is C. E. Webber and composed by Murray Gold?,[ANS] >> dbo:composer >> dbr:Murray_Gold [SEP] [ANS] >> dbo:creator >> dbr:C._E._Webber [SEP] [ANS] >> rdf:type >> dbo:TelevisionShow
translate question to dbpedia path: Who created the world series of Poker?,dbr:World_Series_of_Poker >> dbp:founded >> [ANS]
"translate question to dbpedia path: What are the source of the streams whose one of the source is Calera, Oklahoma?","[VAR1] >> dbo:source >> [ANS] [SEP] [VAR1] >> dbo:source >> dbr:Calera,_Oklahoma [SEP] [VAR1] >> rdf:type >> dbo:Stream"
translate question to dbpedia path: What is the game platform of Google Cloud Connect ?,dbr:Google_Cloud_Connect >> dbo:computingPlatform >> [ANS]
translate question to dbpedia path: Which fictional character's relatives were made by Ted Osborne?,[ANS] >> dbp:relatives >> [VAR1] [SEP] [ANS] >> rdf:type >> dbo:FictionalCharacter [SEP] [VAR1] >> dbo:creator >> dbr:Ted_Osborne
translate question to dbpedia path: Who are the stars of the movies which are distributed by Artisan Entertainment ?,[VAR1] >> dbo:starring >> [ANS] [SEP] [VAR1] >> dbp:distributor >> dbr:Artisan_Entertainment [SEP] [VAR1] >> rdf:type >> dbo:Film
translate question to dbpedia path: Count the different religions followed by Second Lieutenants in military.,COUNT >> [VAR1] >> dbo:militaryRank >> dbr:Second_lieutenant [SEP] [VAR1] >> dbo:religion >> [ANS]
translate question to dbpedia path: List softwares written in C++ and runs on Mac OS ?,[ANS] >> dbo:operatingSystem >> dbr:Mac_OS [SEP] [ANS] >> dbo:programmingLanguage >> dbr:C++ [SEP] [ANS] >> rdf:type >> dbo:Software
translate question to dbpedia path: Name the river mouth of Moordener Kill ?,dbr:Moordener_Kill >> dbo:riverMouth >> [ANS]
translate question to dbpedia path: Which partner of the Tim Mathieson is also the primeminister of the Mike Kelly (Australian politician) ?,dbr:Mike_Kelly_(Australian_politician) >> dbp:primeminister >> [ANS] [SEP] dbr:Tim_Mathieson >> dbo:partner >> [ANS]
translate question to dbpedia path: List the producer of the TV shows whose company is HBO.,[VAR1] >> dbo:company >> dbr:HBO [SEP] [VAR1] >> dbo:producer >> [ANS] [SEP] [VAR1] >> rdf:type >> dbo:TelevisionShow
translate question to dbpedia path: What is the television show whose company is Playtone and written by Erik Jendresen?,[ANS] >> dbo:company >> dbr:Playtone [SEP] [ANS] >> dbp:writer >> dbr:Erik_Jendresen [SEP] [ANS] >> rdf:type >> dbo:TelevisionShow
translate question to dbpedia path: Which ancient country had capital as Nicomedia and History of Trier?,[ANS] >> dbo:capital >> dbr:History_of_Trier [SEP] [ANS] >> dbo:capital >> dbr:Nicomedia [SEP] [ANS] >> rdf:type >> dbo:Country
translate question to dbpedia path: In which races did the horses of Mon Capitaine take part?,[VAR1] >> dbo:sire >> dbr:Mon_Capitaine [SEP] [VAR1] >> dbp:race >> [ANS] [SEP] [VAR1] >> rdf:type >> dbo:Horse
translate question to dbpedia path: Which TV show's writer is Erik Jendresen and distributor is HBO?,[ANS] >> dbp:distributor >> dbr:HBO [SEP] [ANS] >> dbp:writer >> dbr:Erik_Jendresen [SEP] [ANS] >> rdf:type >> dbo:TelevisionShow
translate question to dbpedia path: What railway lines go through the stations maintained by Western Australian Public Transport Authority?,[VAR1] >> dbo:owningOrganisation >> dbr:Public_Transport_Authority_(Western_Australia) [SEP] [VAR1] >> dbo:servingRailwayLine >> [ANS] [SEP] [VAR1] >> rdf:type >> dbo:Station
translate question to dbpedia path: How many publisher have been founded by american citizens?,COUNT >> [ANS] >> dbo:founder >> [VAR1] [SEP] [ANS] >> rdf:type >> dbo:Publisher [SEP] [VAR1] >> dbo:stateOfOrigin >> dbr:United_States
translate question to dbpedia path: How many other region served are there of the companies which serves  Pacific Ocean ?,COUNT >> [VAR1] >> dbo:regionServed >> [ANS] [SEP] [VAR1] >> dbo:regionServed >> dbr:Pacific_Ocean
translate question to dbpedia path: Name the sitcoms whose network's owning company is Chris-Craft Industries?,[ANS] >> dbo:network >> [VAR1] [SEP] [ANS] >> rdf:type >> dbo:TelevisionShow [SEP] [VAR1] >> dbo:owningCompany >> dbr:Chris-Craft_Industries
translate question to dbpedia path: How many countries surround the sea into which the Upper Neratva flow?,COUNT >> [VAR1] >> dbo:country >> [ANS] [SEP] [VAR1] >> rdf:type >> dbo:Sea [SEP] dbr:Upper_Neretva >> dbo:riverMouth >> [VAR1]
translate question to dbpedia path: How many rivers end in the Indian Ocean?,COUNT >> [ANS] >> dbo:riverMouth >> dbr:Indian_Ocean [SEP] [ANS] >> rdf:type >> dbo:River
translate question to dbpedia path: Name the home town of Rolando Gomez ?,dbr:Rolando_Gomez >> dbp:homeTown >> [ANS]
translate question to dbpedia path: Who is owner of the soccer club which owns the Cobham Training Centre?,[VAR1] >> dbp:owner >> [ANS] [SEP] dbr:Cobham_Training_Centre >> dbp:owner >> [VAR1]
translate question to dbpedia path: What is the common genere of Abhijit Kunte and Kasparov ?,dbr:Abhijit_Kunte >> dbp:knownFor >> [ANS] [SEP] dbr:Virtual_Kasparov >> dbo:genre >> [ANS]
translate question to dbpedia path: List some things that Swedish people have become famous for?,[VAR1] >> dbo:knownFor >> [ANS] [SEP] [VAR1] >> dbo:stateOfOrigin >> dbr:Sweden
translate question to dbpedia path: Is Esther Alder the mayor of Geneva?,ASK >> dbr:Geneva >> dbp:mayor >> dbr:Esther_Alder
translate question to dbpedia path: Which shows have voices from people signed up with ABC Records?,[ANS] >> dbp:voices >> [VAR1] [SEP] [ANS] >> rdf:type >> dbo:TelevisionShow [SEP] [VAR1] >> dbp:label >> dbr:ABC_Records
translate question to dbpedia path: Is National Archaeological Museum (Florence) the museum of Chimera of Arezzo?,ASK >> dbr:Chimera_of_Arezzo >> dbp:museum >> dbr:National_Archaeological_Museum_(Florence)
translate question to dbpedia path: Cleopatra V of Egypt is father to which royalty?,[ANS] >> dbp:mother >> dbr:Cleopatra_V_of_Egypt
"translate question to dbpedia path: Which sucessor of George Madison is the sucessor of levi Lincoln, Sr. ?","dbr:George_Madison >> dbo:relation >> [ANS] [SEP] dbr:Levi_Lincoln,_Sr. >> dbp:successor >> [ANS]"
translate question to dbpedia path: Give me some TV stations whose network's main language is American English?,[ANS] >> dbp:network >> [VAR1] [SEP] [ANS] >> rdf:type >> dbo:TelevisionStation [SEP] [VAR1] >> dbo:language >> dbr:American_English
translate question to dbpedia path: Who is the President of the United World College of Costa Rica and United World Colleges ?,dbr:United_World_College_of_Costa_Rica >> dbp:president >> [ANS] [SEP] dbr:United_World_Colleges >> dbp:president >> [ANS]
translate question to dbpedia path: How many artists' works are in Muse d'Orsay?,COUNT >> [ANS] >> rdf:type >> dbo:Artist [SEP] [VAR1] >> dbp:artist >> [ANS] [SEP] [VAR1] >> dbp:museum >> dbr:Musée_d'Orsay
translate question to dbpedia path: Whose wife is a presenter at WWE?,[ANS] >> dbo:spouse >> [VAR1] [SEP] [VAR1] >> dbp:presenter >> dbr:WWE
translate question to dbpedia path: What are some cars which came before the ones on a GM B base?,[VAR1] >> dbo:automobilePlatform >> dbr:GM_B_platform [SEP] [VAR1] >> dbo:predecessor >> [ANS] [SEP] [VAR1] >> rdf:type >> dbo:Automobile
translate question to dbpedia path: Give me a count of everything owned by the network whose sister name is The CW?,COUNT >> [ANS] >> dbp:network >> [VAR1] [SEP] [VAR1] >> dbp:sisterNames >> dbr:The_CW
"translate question to dbpedia path: Whichd officer's final resting place is North Bend, ohio and belongs to Indiana Territory branch","[ANS] >> dbp:branch >> dbr:Indiana_Territory [SEP] [ANS] >> dbp:restingplace >> dbr:North_Bend,_Ohio"
translate question to dbpedia path: What sporting goods companies are located in Herzogenaurach?,[ANS] >> dbp:location >> dbr:Herzogenaurach
translate question to dbpedia path: Name the commander of Battle of the Thames ?,dbr:Battle_of_the_Thames >> dbo:commander >> [ANS]
translate question to dbpedia path: Name the sports played by Fr. Agnel Multipurpose School and Junior College?,dbr:Fr._Agnel_Multipurpose_School_and_Junior_College >> dbo:sport >> [ANS]
translate question to dbpedia path: What program is  presented by Brian Dunkleman and has artist as Simon Fuller?,[ANS] >> dbp:creator >> dbr:Simon_Fuller [SEP] [ANS] >> dbp:presenter >> dbr:Brian_Dunkleman [SEP] [ANS] >> rdf:type >> dbo:TelevisionShow
translate question to dbpedia path: What are some districts in the Tendring borough?,[VAR1] >> dbo:district >> [ANS] [SEP] [VAR1] >> dbp:borough >> dbr:Tendring
translate question to dbpedia path: What is the base currency of the Benelux which can be used in Republic of Montenegro?,dbr:Benelux >> dbp:currency >> [ANS] [SEP] dbr:Republic_of_Montenegro_(1992–2006) >> dbp:currency >> [ANS]
translate question to dbpedia path: What is the alma mater of Julian Leow Beng Kim?,dbr:Julian_Leow_Beng_Kim >> dbp:almaMater >> [ANS]
translate question to dbpedia path: Is Eddie Bravo the trainer of Alan Jouban,ASK >> dbr:Alan_Jouban >> dbo:trainer >> dbr:Eddie_Bravo
translate question to dbpedia path: How many awards have been given to the participants of the Lawrence Realization Stakes?,COUNT >> [VAR1] >> dbo:honours >> [ANS] [SEP] [VAR1] >> dbp:race >> dbr:Lawrence_Realization_Stakes
translate question to dbpedia path: What religion is followed by the commander of Defense Security Command?,[VAR1] >> dbo:religion >> [ANS] [SEP] dbr:Defense_Security_Command >> dbo:notableCommander >> [VAR1]
"translate question to dbpedia path: Who won the general elections in India in 2009, and had also won the AP elections in 2004 ?","dbr:Indian_general_election,_2004_(Andhra_Pradesh) >> dbo:affiliation >> [ANS] [SEP] dbr:Indian_general_election,_2009 >> dbo:affiliation >> [ANS]"
translate question to dbpedia path: List the work  edited by  Mark Stevens and directed by Joel Schumacher?,[ANS] >> dbo:director >> dbr:Joel_Schumacher [SEP] [ANS] >> dbp:editing >> dbr:Mark_Stevens_(film_editor) [SEP] [ANS] >> rdf:type >> dbo:Work
translate question to dbpedia path: Name some local authorities of schools which have a mixed gender education system?,[VAR1] >> dbo:gender >> dbr:Mixed-sex_education [SEP] [VAR1] >> dbo:localAuthority >> [ANS] [SEP] [VAR1] >> rdf:type >> dbo:School
translate question to dbpedia path: Which president of William Eustus also married to Dolley Madison ?,dbr:Dolley_Madison >> dbo:spouse >> [ANS] [SEP] dbr:William_Eustis >> dbp:president >> [ANS]
translate question to dbpedia path: Count the different types of Flatbread ?,COUNT >> [ANS] >> dbo:type >> dbr:Flatbread
translate question to dbpedia path: Count the birthplaces of recepients of the National Museum of Racing and Hall of Fame.,COUNT >> [ANS] >> rdf:type >> dbo:Place [SEP] [VAR1] >> dbo:birthPlace >> [ANS] [SEP] [VAR1] >> dbo:honours >> dbr:National_Museum_of_Racing_and_Hall_of_Fame
translate question to dbpedia path: Name the serving line of Daund Junction railway station?,dbr:Daund_Junction_railway_station >> dbo:servingRailwayLine >> [ANS]
translate question to dbpedia path: What is the county seat of the district through which the Beckler River flows?,[VAR1] >> dbo:countySeat >> [ANS] [SEP] [VAR1] >> rdf:type >> dbo:AdministrativeRegion [SEP] dbr:Beckler_River >> dbo:district >> [VAR1]
translate question to dbpedia path: What is the television show whose judges is Randy Jackson?,[ANS] >> dbp:judges >> dbr:Randy_Jackson [SEP] [ANS] >> rdf:type >> dbo:TelevisionShow
translate question to dbpedia path: How many companies serve the Australian region?,COUNT >> [ANS] >> dbo:regionServed >> dbr:Australia [SEP] [ANS] >> rdf:type >> dbo:Company
"translate question to dbpedia path: How many teams was Garry Unger in, previously?",COUNT >> [ANS] >> rdf:type >> dbo:SportsTeam [SEP] dbr:Garry_Unger >> dbo:formerTeam >> [ANS]
translate question to dbpedia path: What is the name of the television show whose company is Paramount Television and theme music composer is Gary Portnoy?,[ANS] >> dbp:company >> dbr:Paramount_Television [SEP] [ANS] >> dbp:themeMusicComposer >> dbr:Gary_Portnoy [SEP] [ANS] >> rdf:type >> dbo:TelevisionShow
translate question to dbpedia path: How many writers worked on the album Main Course?,COUNT >> [VAR1] >> dbp:album >> dbr:Main_Course [SEP] [VAR1] >> dbp:writer >> [ANS]
translate question to dbpedia path: List the popular works of the author of Luther: The Calling ?,[VAR1] >> dbo:notableWork >> [ANS] [SEP] dbr:Luther:_The_Calling >> dbp:author >> [VAR1]
translate question to dbpedia path: Which were the philosophers whose primary interest was Natural philosophy?,[ANS] >> dbp:mainInterests >> dbr:Natural_philosophy [SEP] [ANS] >> rdf:type >> dbo:Philosopher
translate question to dbpedia path: Was the FIS Alpine World Ski Championship of 1950 held in Colorado?,ASK >> dbr:FIS_Alpine_World_Ski_Championships_1950 >> dbp:hostCity >> dbr:Colorado
translate question to dbpedia path: Which wine region of Bogdanua is the Croatian Inline hockey team part of ?,dbr:Bogdanuša >> dbo:wineRegion >> [ANS] [SEP] dbr:Croatian_Inline_Hockey_League >> dbo:country >> [ANS]
translate question to dbpedia path: What is the place of death of the royalties one of whose parents was Adam Ludwik Czartoryski?,[VAR1] >> dbo:parent >> dbr:Adam_Ludwik_Czartoryski [SEP] [VAR1] >> dbp:deathPlace >> [ANS] [SEP] [VAR1] >> rdf:type >> dbo:Royalty
translate question to dbpedia path: In which country is the Chapelle Saint-Louis de Carthage located ?,[VAR1] >> dbo:country >> [ANS] [SEP] dbr:Chapelle_Saint-Louis_de_Carthage >> dbo:location >> [VAR1]
translate question to dbpedia path: where did the office holder died  who is successor to Elmer Burkett ?,[VAR1] >> dbp:deathPlace >> [ANS] [SEP] [VAR1] >> dbp:successor >> dbr:Elmer_Burkett [SEP] [VAR1] >> rdf:type >> dbo:OfficeHolder
translate question to dbpedia path: What things canonized John of Damascus and and also venerated the Edwin of Northumbria ?,dbr:Edwin_of_Northumbria >> dbp:veneratedIn >> [ANS] [SEP] dbr:John_of_Damascus >> dbo:canonizedBy >> [ANS]
translate question to dbpedia path: What is the common award won by geoffrey Rush and Laemmle Theatres ?,dbr:Geoffrey_Rush >> dbp:awards >> [ANS] [SEP] dbr:Laemmle_Theatres >> dbo:service >> [ANS]
translate question to dbpedia path: What is the total number of other restingplace of the politicians whose one of the restingplace is East Norwalk Historical Cemetery?,COUNT >> [VAR1] >> dbp:restingplace >> [ANS] [SEP] [VAR1] >> dbp:restingplace >> dbr:East_Norwalk_Historical_Cemetery
translate question to dbpedia path: Who were the pole drivers in GP when Damon hill was a first driver?,[VAR1] >> dbo:firstDriver >> dbr:Damon_Hill [SEP] [VAR1] >> dbo:poleDriver >> [ANS] [SEP] [VAR1] >> rdf:type >> dbo:GrandPrix
translate question to dbpedia path: How many albums were released under the Victor Entertainment label?,COUNT >> [ANS] >> dbp:label >> dbr:Victor_Entertainment [SEP] [ANS] >> rdf:type >> dbo:Album
translate question to dbpedia path: To which company is Michael Dell a father company?,[ANS] >> dbo:owningCompany >> dbr:Michael_Dell [SEP] [ANS] >> rdf:type >> dbo:Company
translate question to dbpedia path: What is the source location of Thornton Creek ?,dbr:Thornton_Creek >> dbp:sourceLocation >> [ANS]
translate question to dbpedia path: To which company does Raymond Conner is critical to?,[ANS] >> dbp:keyPeople >> dbr:Raymond_Conner [SEP] [ANS] >> rdf:type >> dbo:Company
"translate question to dbpedia path: From where does the river start, which flows into the Conowingo dam?",[VAR1] >> dbo:riverMouth >> dbr:Conowingo_Dam [SEP] [VAR1] >> dbo:source >> [ANS] [SEP] [VAR1] >> rdf:type >> dbo:River
translate question to dbpedia path: Who appointed the successor of Charles Pinckney ?,[VAR1] >> dbp:appointer >> [ANS] [SEP] dbr:Charles_Pinckney_(governor) >> dbo:successor >> [VAR1]
translate question to dbpedia path: What is the associated band of the musical artist who is the producer of The Trumpet Kings Meet Joe Turner ?,[VAR1] >> dbo:associatedBand >> [ANS] [SEP] [VAR1] >> rdf:type >> dbo:MusicalArtist [SEP] dbr:The_Trumpet_Kings_Meet_Joe_Turner >> dbp:producer >> [VAR1]
translate question to dbpedia path: Name the home town of Cline Buckens ?,dbr:Céline_Buckens >> dbo:hometown >> [ANS]
translate question to dbpedia path: List the music played in television episode which came after The Colonel (The Americans) ?,[VAR1] >> dbp:music >> [ANS] [SEP] dbr:The_Colonel_(The_Americans) >> dbo:subsequentWork >> [VAR1]
translate question to dbpedia path: Which university provides license for WRVU ?,dbr:WRVU >> dbp:licensee >> [ANS]
translate question to dbpedia path: Name the basketball player who played for Phoenix Suns and Los Angeles Clippers was his draft team?,[ANS] >> dbo:team >> dbr:Phoenix_Suns [SEP] [ANS] >> dbp:draftTeam >> dbr:Los_Angeles_Clippers [SEP] [ANS] >> rdf:type >> dbo:BasketballPlayer
translate question to dbpedia path: Who are the spouse of the parents of Kimberly Stewart?,[VAR1] >> dbo:spouse >> [ANS] [SEP] dbr:Kimberly_Stewart >> dbo:parent >> [VAR1]
translate question to dbpedia path: What have some famous Christians died of?,[VAR1] >> dbo:deathCause >> [ANS] [SEP] [VAR1] >> dbo:religion >> dbr:Christianity
translate question to dbpedia path: Who is the mayor of the city under which is the constituency of Zora Singh Maan?,[VAR1] >> dbo:leaderName >> [ANS] [SEP] dbr:Zora_Singh_Maan >> dbp:constituency >> [VAR1]
"translate question to dbpedia path: What are Breann McGregor and Anika Knudsen, both known for?",dbr:Anika_Knudsen >> dbp:knownFor >> [ANS] [SEP] dbr:Breann_McGregor >> dbp:knownFor >> [ANS]
translate question to dbpedia path: Name a scientist whose official residence is Cape Town and also won a gold medal at the Royal Astronomical Society ?,[ANS] >> dbp:prizes >> dbr:Gold_Medal_of_the_Royal_Astronomical_Society [SEP] [ANS] >> dbp:residence >> dbr:Cape_Town [SEP] [ANS] >> rdf:type >> dbo:Scientist
translate question to dbpedia path: In how many places can I find tombs of people who fought in the Norwalk Trainband?,COUNT >> [VAR1] >> dbo:militaryUnit >> dbr:Norwalk_Trainband [SEP] [VAR1] >> dbp:restingplace >> [ANS]
translate question to dbpedia path: Does GeneWeb have the GPL license?,ASK >> dbr:GeneWeb >> dbp:license >> dbr:GNU_General_Public_License
translate question to dbpedia path: What is the location of Dad's Root Beer on Google maps?,dbr:Dad's_Root_Beer >> dbp:locationCity >> [ANS]
translate question to dbpedia path: Is Darcs released with a GNU license?,ASK >> dbr:Darcs >> dbo:license >> dbr:GNU
translate question to dbpedia path: What is the district of Fort Heath radar station ?,dbr:Fort_Heath_radar_station >> dbp:district >> [ANS]
translate question to dbpedia path: How many saints have been venerated in Judaism?,COUNT >> [ANS] >> dbo:veneratedIn >> dbr:Judaism [SEP] [ANS] >> rdf:type >> dbo:Saint
translate question to dbpedia path: List down all the bands to which the writers of 03 Bonnie & Clyde are associated?,[VAR1] >> dbo:associatedBand >> [ANS] [SEP] dbr:'03_Bonnie_&_Clyde >> dbo:writer >> [VAR1]
translate question to dbpedia path: How many people are famous for the Gibson Les Paul?,COUNT >> [ANS] >> dbp:notableInstruments >> dbr:Gibson_Les_Paul
translate question to dbpedia path: What municipalities are adjacent to Chne-Bougeries?,[ANS] >> dbp:neighboringMunicipalities >> dbr:Chêne-Bougeries
translate question to dbpedia path: Who is the founder of Oprah Winfrey Network (U.S. TV channel) ?,dbr:Oprah_Winfrey_Network_(U.S._TV_channel) >> dbp:founder >> [ANS]
translate question to dbpedia path: What is the alma mater of the Angela Trusty and Charles Ayres?,dbr:Angela_Trusty >> dbo:almaMater >> [ANS] [SEP] dbr:Charles_Ayres >> dbo:almaMater >> [ANS]
translate question to dbpedia path: List all the wine regions of the grapes whose one of the wine region is Mississippi ?,[VAR1] >> dbo:wineRegion >> [ANS] [SEP] [VAR1] >> dbo:wineRegion >> dbr:Mississippi [SEP] [VAR1] >> rdf:type >> dbo:Grape
"translate question to dbpedia path: Which river originates from Cape Vincent and Kingston, Ontario?","[ANS] >> dbp:sourceLocation >> dbr:Cape_Vincent,_New_York [SEP] [ANS] >> dbp:sourceLocation >> dbr:Kingston,_Ontario [SEP] [ANS] >> rdf:type >> dbo:River"
translate question to dbpedia path: Name the office holder whose theatre is Siege of Fort Recovery and belongs to Indian territory branch ?,[ANS] >> dbo:battle >> dbr:Siege_of_Fort_Recovery [SEP] [ANS] >> dbp:branch >> dbr:Indiana_Territory [SEP] [ANS] >> rdf:type >> dbo:OfficeHolder
translate question to dbpedia path: For which clubs do the players of Azam F.C. play for?,[VAR1] >> dbo:team >> [ANS] [SEP] [VAR1] >> rdf:type >> dbo:SoccerPlayer [SEP] dbr:Azam_F.C. >> dbp:name >> [VAR1]
translate question to dbpedia path: What are the mammals whose phylum is Chordate?,[ANS] >> dbo:phylum >> dbr:Chordate [SEP] [ANS] >> rdf:type >> dbo:Mammal
translate question to dbpedia path: Where did Doug Walgren and Lee Si Chen study?,dbr:Doug_Walgren >> dbo:almaMater >> [ANS] [SEP] dbr:Lee_Si-Chen >> dbp:almaMater >> [ANS]
translate question to dbpedia path: Give me an estimate of the number of manufacturers whose products are managed by MTR?,COUNT >> [VAR1] >> dbo:manufacturer >> [ANS] [SEP] [VAR1] >> dbo:operator >> dbr:MTR
translate question to dbpedia path: How many artists play as Rickenbacker?,COUNT >> [ANS] >> dbo:instrument >> dbr:Rickenbacker [SEP] [ANS] >> rdf:type >> dbo:Artist
translate question to dbpedia path: Who are the associated musical artist of Carolyn Dennis?,dbr:Carolyn_Dennis >> dbo:associatedMusicalArtist >> [ANS]
translate question to dbpedia path: Which citys mayor is anne hidalgo?,[ANS] >> dbo:mayor >> dbr:Anne_Hidalgo
translate question to dbpedia path: In which states are there bridges over the Pequea Creek?,[VAR1] >> dbo:state >> [ANS] [SEP] [VAR1] >> dbp:river >> dbr:Pequea_Creek [SEP] [VAR1] >> rdf:type >> dbo:Bridge
translate question to dbpedia path: How many ingedients are required to make the Ragout Fin?,COUNT >> dbr:Ragout_fin >> dbo:ingredient >> [ANS]
translate question to dbpedia path: List the people whose are in the board of an organization kickstarted in New York.,[ANS] >> dbo:board >> [VAR1] [SEP] [ANS] >> rdf:type >> dbo:Person [SEP] [VAR1] >> dbp:foundation >> dbr:New_York
translate question to dbpedia path: Tell me the number of writers whose works have been recorded in Criteria Studios?,COUNT >> [ANS] >> rdf:type >> dbo:Artist [SEP] [VAR1] >> dbo:recordedIn >> dbr:Criteria_Studios [SEP] [VAR1] >> dbp:writer >> [ANS]
translate question to dbpedia path: Under which archipelago does Canary Islands fall?,[ANS] >> dbp:archipelago >> dbr:Canary_Islands
translate question to dbpedia path: name the home stadium of FC Spartak Moscow season 2011-12,dbr:2011–12_FC_Spartak_Moscow_season >> dbo:homeStadium >> [ANS]
translate question to dbpedia path: Name a company with one of the key person as Edwin Catmull and produces RenderMan?,[ANS] >> dbo:keyPerson >> dbr:Edwin_Catmull [SEP] [ANS] >> dbp:products >> dbr:RenderMan_(software) [SEP] [ANS] >> rdf:type >> dbo:Company
translate question to dbpedia path: How many owners are there of lines starting at the South Station?,COUNT >> [VAR1] >> dbo:routeStart >> dbr:South_Station [SEP] [VAR1] >> dbp:owner >> [ANS]
translate question to dbpedia path: What are some musicians who have worked with Dean Ambrose?,[ANS] >> dbo:associatedMusicalArtist >> dbr:Dean_Ambrose [SEP] [ANS] >> rdf:type >> dbo:MusicalArtist
"translate question to dbpedia path: Count all those who've played for the youth club which owns the Rosario, Santa Fe stadium.","COUNT >> [ANS] >> dbp:youthclubs >> [VAR1] [SEP] [VAR1] >> dbp:ground >> dbr:Rosario,_Santa_Fe"
translate question to dbpedia path: What are the television shows whose company is Playtone?,[ANS] >> dbo:company >> dbr:Playtone [SEP] [ANS] >> rdf:type >> dbo:TelevisionShow
translate question to dbpedia path: In which city are the schools whose district is Mumbai Suburban?,[VAR1] >> dbo:city >> [ANS] [SEP] [VAR1] >> dbp:district >> dbr:Mumbai_Suburban_district [SEP] [VAR1] >> rdf:type >> dbo:School
translate question to dbpedia path: How many people currently play for Stoke City F.C.?,COUNT >> [ANS] >> dbp:currentclub >> dbr:Stoke_City_F.C.
translate question to dbpedia path: Among the countries using Aureus as currency which had Nicomedia as an important place ?,[ANS] >> dbo:capital >> dbr:Nicomedia [SEP] [ANS] >> dbo:currency >> dbr:Aureus [SEP] [ANS] >> rdf:type >> dbo:Country
translate question to dbpedia path: What are the outflow of the lakes which also has one of the outflow as Congo River ?,[VAR1] >> dbo:outflow >> [ANS] [SEP] [VAR1] >> dbp:outflow >> dbr:Congo_River
translate question to dbpedia path: Whose tomb is in cities under Dane County of Wisconsin?,"[ANS] >> dbo:restingPlace >> [VAR1] [SEP] [VAR1] >> dbo:territory >> dbr:Dane_County,_Wisconsin"
translate question to dbpedia path: How many cars succeeded the cars which were similar to Cadillac Fleetwood?,COUNT >> [VAR1] >> dbo:predecessor >> [ANS] [SEP] [VAR1] >> rdf:type >> dbo:Automobile [SEP] dbr:Cadillac_Fleetwood >> dbp:related >> [VAR1]
translate question to dbpedia path: Was the body of Elsie Paroubek discovered in Chicago?,ASK >> dbr:Elsie_Paroubek >> dbo:bodyDiscovered >> dbr:Chicago
translate question to dbpedia path: In how many languages did Marika Gombitova sing?,COUNT >> [VAR1] >> dbp:artist >> dbr:Marika_Gombitová [SEP] [VAR1] >> dbp:language >> [ANS]
translate question to dbpedia path: How many railway lines go through the station maintained by Public transport authority of western australia?,COUNT >> [ANS] >> rdf:type >> dbo:RailwayLine [SEP] [VAR1] >> dbo:owningOrganisation >> dbr:Public_Transport_Authority_(Western_Australia) [SEP] [VAR1] >> dbo:servingRailwayLine >> [ANS]
translate question to dbpedia path: Count the different number of academic areas covered by publications of SAGE?,COUNT >> [VAR1] >> dbo:academicDiscipline >> [ANS] [SEP] [VAR1] >> dbp:publisher >> dbr:SAGE_Publications
translate question to dbpedia path: What are the political parties whose leaders have lived in the Prime Minister's House?,[ANS] >> dbo:leader >> [VAR1] [SEP] [ANS] >> rdf:type >> dbo:PoliticalParty [SEP] [VAR1] >> dbo:residence >> dbr:Prime_Minister's_House_(Colombo)
"translate question to dbpedia path: Who currently operates the railway lines one of whose stockholder is Chicago, St Paul, Minneapolis and Omaha railway?","[VAR1] >> dbo:operatedBy >> [ANS] [SEP] [VAR1] >> dbp:owner >> dbr:Chicago,_St._Paul,_Minneapolis_and_Omaha_Railway [SEP] [VAR1] >> rdf:type >> dbo:RailwayLine"
translate question to dbpedia path: In which city is the distributor of Jeevan Mrityu located ?,[VAR1] >> dbo:locationCity >> [ANS] [SEP] dbr:Jeevan_Mrityu >> dbp:distributor >> [VAR1]
translate question to dbpedia path: How many services does the company who made Onedrive provide?,COUNT >> [VAR1] >> dbo:service >> dbr:OneDrive [SEP] [VAR1] >> dbp:services >> [ANS]
translate question to dbpedia path: Count the different religions practiced by people who are in the Malaysian and Chinese association.,COUNT >> [VAR1] >> dbo:party >> dbr:Malaysian_Chinese_Association [SEP] [VAR1] >> dbo:religion >> [ANS]
translate question to dbpedia path: List all those whose relatives' nationality is United States.,[ANS] >> dbo:relative >> [VAR1] [SEP] [VAR1] >> dbp:nationality >> dbr:United_States
translate question to dbpedia path: What is the genre of Battle Chess?,dbr:Battle_Chess >> dbp:genre >> [ANS]
translate question to dbpedia path: President of Ghana is the leader title of which country?,[ANS] >> dbp:leaderTitle >> dbr:President_of_Ghana [SEP] [ANS] >> rdf:type >> dbo:Country
translate question to dbpedia path: Whose associate is Publius Servilius Vatia Isauricus and has predecessor as Lucius Cornelius Lentulus Crus?,[ANS] >> dbo:associate >> dbr:Publius_Servilius_Vatia_Isauricus_(consul_48_BC) [SEP] [ANS] >> dbo:predecessor >> dbr:Lucius_Cornelius_Lentulus_Crus
translate question to dbpedia path: What is the style of architecture of Pontiac Building ?,dbr:Pontiac_Building >> dbo:architecturalStyle >> [ANS]
translate question to dbpedia path: Which basketball players have played in the league of National Basketball Association?,[ANS] >> dbo:league >> dbr:National_Basketball_Association [SEP] [ANS] >> rdf:type >> dbo:BasketballPlayer
translate question to dbpedia path: Is Michelle D. Johnson the superintendent of United States Air Force Academy?,ASK >> dbr:United_States_Air_Force_Academy >> dbp:superintendent >> dbr:Michelle_D._Johnson
translate question to dbpedia path: Eric roth wrote how many screenplays?,COUNT >> [ANS] >> dbp:screenplay >> dbr:Eric_Roth
translate question to dbpedia path: Whihc alma mater of angela Trusty is also the training center of David Scherman ?,dbr:Angela_Trusty >> dbo:almaMater >> [ANS] [SEP] dbr:David_Scherman >> dbo:training >> [ANS]
translate question to dbpedia path: Who were the opponents of the people buried in the tower of London?,[VAR1] >> dbo:opponent >> [ANS] [SEP] [VAR1] >> dbp:restingPlace >> dbr:Tower_of_London [SEP] [VAR1] >> rdf:type >> dbo:Person
translate question to dbpedia path: What is the record label of the Next Thing and also the  label of the The Producers (2005 film)?,dbr:Next_Thing >> dbo:recordLabel >> [ANS] [SEP] dbr:The_Producers_(2005_film) >> dbp:label >> [ANS]
translate question to dbpedia path: Which country were the associates of Hilda Duhalde from?,[VAR1] >> dbo:nationality >> [ANS] [SEP] dbr:Hilda_de_Duhalde >> dbo:associate >> [VAR1]
translate question to dbpedia path: Name the line of the Vadodara Junction railway station which is also the  hub airport of the Pawan Hans?,dbr:Pawan_Hans >> dbo:hubAirport >> [ANS] [SEP] dbr:Vadodara_Junction_railway_station >> dbp:line >> [ANS]
translate question to dbpedia path: Name the scientist who become the part of Royal Society and had academic advisor as Karl Ewald Hasse?,[ANS] >> dbo:academicAdvisor >> dbr:Karl_Ewald_Hasse [SEP] [ANS] >> dbp:prizes >> dbr:Royal_Society [SEP] [ANS] >> rdf:type >> dbo:Scientist
translate question to dbpedia path: Where is the tombstone of the successor of Edward Wolcott?,[VAR1] >> dbo:restingPlace >> [ANS] [SEP] dbr:Edward_O._Wolcott >> dbp:successor >> [VAR1]
translate question to dbpedia path: In how many places did the Schutzstaffels die?,COUNT >> [ANS] >> rdf:type >> dbo:Place [SEP] [VAR1] >> dbo:militaryRank >> dbr:Schutzstaffel [SEP] [VAR1] >> dbp:placeOfDeath >> [ANS]
translate question to dbpedia path: How many members are there of the organization headquartered at Amstelveen?,COUNT >> [VAR1] >> dbp:headquarters >> dbr:Amstelveen [SEP] [VAR1] >> dbp:membership >> [ANS]
translate question to dbpedia path: Name the scientist who was the winner of Royal Society award and had Georg Meissner as his doctoral advisor ?,[ANS] >> dbp:doctoralAdvisor >> dbr:Georg_Meissner [SEP] [ANS] >> dbp:prizes >> dbr:Royal_Society [SEP] [ANS] >> rdf:type >> dbo:Scientist
translate question to dbpedia path: What are the nearest city to the historic places whose one of the nearest city is Wisconsin?,[VAR1] >> dbo:nearestCity >> dbr:Wisconsin [SEP] [VAR1] >> dbp:nearestCity >> [ANS] [SEP] [VAR1] >> rdf:type >> dbo:HistoricPlace
translate question to dbpedia path: Who is the producer of Captain EO ?,dbr:Captain_EO >> dbp:producer >> [ANS]
translate question to dbpedia path: List the subjects of the books whose one of the topics is Pau Broca ?,[VAR1] >> dbp:subject >> [ANS] [SEP] [VAR1] >> dbp:subject >> dbr:Paul_Broca [SEP] [VAR1] >> rdf:type >> dbo:Book
translate question to dbpedia path: Where did the conflict take place in which Henri Putz fought?,[VAR1] >> dbo:territory >> [ANS] [SEP] dbr:Henri_Putz >> dbo:battle >> [VAR1]
translate question to dbpedia path: Where did the aristocrats die whose mother was Maria Ludwika Krasiska?,[VAR1] >> dbp:deathPlace >> [ANS] [SEP] [VAR1] >> dbp:mother >> dbr:Maria_Ludwika_Krasińska [SEP] [VAR1] >> rdf:type >> dbo:Royalty
translate question to dbpedia path: Is NY Rangers a prospective team for Robin Kovacs?,ASK >> dbr:Robin_Kovacs >> dbo:prospectTeam >> dbr:New_York_Rangers
translate question to dbpedia path: Is the Columbia University chaired by William Campbell?,ASK >> dbr:Columbia_University >> dbo:chairman >> dbr:William_Campbell_(business_executive)
translate question to dbpedia path: Which company manufactures cars like the Opel Karl ?,[VAR1] >> dbp:parentCompany >> [ANS] [SEP] [VAR1] >> dbp:related >> dbr:Opel_Karl [SEP] [VAR1] >> rdf:type >> dbo:Automobile
translate question to dbpedia path: Who are the major stockholders of the bank which is the company of Bloomberg Markets ?,[VAR1] >> dbp:owner >> [ANS] [SEP] [VAR1] >> rdf:type >> dbo:Bank [SEP] dbr:Bloomberg_Markets >> dbp:company >> [VAR1]
translate question to dbpedia path: List all crafts of the people whose one of the profession is Kingdom of Naples ?,[VAR1] >> dbo:occupation >> [ANS] [SEP] [VAR1] >> dbo:occupation >> dbr:Kingdom_of_Naples [SEP] [VAR1] >> rdf:type >> dbo:Person
translate question to dbpedia path: Name a colonel whose resting place is Montpelier ?,"[ANS] >> dbp:rank >> dbr:Colonel_(United_States) [SEP] [ANS] >> dbp:restingplace >> dbr:Montpelier_(Orange,_Virginia)"
translate question to dbpedia path: What are some developers which use Emacs Lisp in their projects?,[VAR1] >> dbo:developer >> [ANS] [SEP] [VAR1] >> dbp:programmingLanguage >> dbr:Emacs_Lisp
translate question to dbpedia path: Whose deputy was Franz von Papen?,[ANS] >> dbp:deputy >> dbr:Franz_von_Papen
translate question to dbpedia path: Current players of Colorado Avalanche have previously played for how many different teams?,COUNT >> [ANS] >> rdf:type >> dbo:SportsTeam [SEP] [VAR1] >> dbo:formerTeam >> [ANS] [SEP] [VAR1] >> dbo:team >> dbr:Colorado_Avalanche
translate question to dbpedia path: List the books whose authors are in Alcal de Henares.,[ANS] >> dbo:author >> [VAR1] [SEP] [ANS] >> rdf:type >> dbo:Book [SEP] [VAR1] >> dbo:birthPlace >> dbr:Alcalá_de_Henares
translate question to dbpedia path: Name the common current team of the Shaun Thong and Kaannder ?,dbr:Kaan_Önder >> dbp:currentTeam >> [ANS] [SEP] dbr:Shaun_Thong >> dbp:currentTeam >> [ANS]
translate question to dbpedia path: Who is the stockholder of Paphos International Airport ?,dbr:Paphos_International_Airport >> dbp:owner >> [ANS]
translate question to dbpedia path: To which counties do Jerome avenue and Tremont avenue belong?,dbr:Jerome_Avenue >> dbp:counties >> [ANS] [SEP] dbr:Tremont_Avenue >> dbp:counties >> [ANS]
translate question to dbpedia path: Give me the total number of architect of the buildings whose one of the  architect was Louis D. Astorino?,COUNT >> [VAR1] >> dbp:architect >> [ANS] [SEP] [VAR1] >> dbp:architect >> dbr:Louis_D._Astorino
translate question to dbpedia path: Which basketball team's president studied in the Brockport Golden Eagles?,[ANS] >> dbp:president >> [VAR1] [SEP] [ANS] >> rdf:type >> dbo:BasketballTeam [SEP] [VAR1] >> dbo:college >> dbr:Brockport_Golden_Eagles
translate question to dbpedia path: In which races does Coneygree compete?,dbr:Coneygree >> dbp:race >> [ANS]
translate question to dbpedia path: What awards have been given to some screenwriters?,[VAR1] >> dbo:award >> [ANS] [SEP] [VAR1] >> dbo:occupation >> dbr:Screenwriter
translate question to dbpedia path: List the saints venerated in Islam having major shrine as Tomb of Joshua ?,[ANS] >> dbo:veneratedIn >> dbr:Islam [SEP] [ANS] >> dbp:majorShrine >> dbr:Tomb_of_Joshua [SEP] [ANS] >> rdf:type >> dbo:Saint
translate question to dbpedia path: Which tema did Dough Acomb played for which is also the drafty team of Dale Mitchell ?,dbr:Dale_Mitchell_(ice_hockey) >> dbo:draftTeam >> [ANS] [SEP] dbr:Doug_Acomb >> dbp:playedFor >> [ANS]
translate question to dbpedia path: List the total number of executive producer of TV show which have one of the executiive producer as Steven Moffat ?,COUNT >> [VAR1] >> dbo:executiveProducer >> dbr:Steven_Moffat [SEP] [VAR1] >> dbp:executiveProducer >> [ANS]
translate question to dbpedia path: Whose songs are Tickle Me and Viva Las Vegas?,dbr:Tickle_Me >> dbp:artist >> [ANS] [SEP] dbr:Viva_Las_Vegas >> dbp:artist >> [ANS]
translate question to dbpedia path: Name all those whose spouses have performed with Tony Bennett?,[ANS] >> dbo:spouse >> [VAR1] [SEP] [VAR1] >> dbo:associatedMusicalArtist >> dbr:Tony_Bennett
translate question to dbpedia path: Name the company who owns HBO division?,[ANS] >> dbp:divisions >> dbr:HBO [SEP] [ANS] >> rdf:type >> dbo:Company
translate question to dbpedia path: How many religions have the relatives of waxiangs followed?,COUNT >> [VAR1] >> dbo:religion >> [ANS] [SEP] dbr:Waxiang_people >> dbp:related >> [VAR1]
translate question to dbpedia path: For which team does Ramiro Pea play ?,dbr:Ramiro_Peña >> dbo:team >> [ANS]
translate question to dbpedia path: What are the books written by the the person who made the Novelas ejemplares?,[ANS] >> dbo:author >> [VAR1] [SEP] [ANS] >> rdf:type >> dbo:Book [SEP] [VAR1] >> dbo:notableWork >> dbr:Novelas_ejemplares
translate question to dbpedia path: Count the total number of battles fought by the military people which fought in Levant ?,COUNT >> [VAR1] >> dbp:battles >> [ANS] [SEP] [VAR1] >> dbp:battles >> dbr:Levant
translate question to dbpedia path: Matthew kane and Park rankin are citizens of which country?,dbr:Matthew_Kane_(actor) >> dbo:citizenship >> [ANS] [SEP] dbr:Park_Rankin >> dbo:citizenship >> [ANS]
translate question to dbpedia path: How many subjects have been covered in fantasy novels?,COUNT >> [VAR1] >> dbo:literaryGenre >> dbr:Fantasy [SEP] [VAR1] >> dbo:nonFictionSubject >> [ANS]
translate question to dbpedia path: What is the television show whose theme music is by Primus?,[ANS] >> dbp:themeMusicComposer >> dbr:Primus_(band) [SEP] [ANS] >> rdf:type >> dbo:TelevisionShow
translate question to dbpedia path: What was created by Larry David and Jerry Seinfeld?,[ANS] >> dbo:creator >> dbr:Jerry_Seinfeld [SEP] [ANS] >> dbo:creator >> dbr:Larry_David
translate question to dbpedia path: Was Let it Be written by Ringo Starr?,ASK >> dbr:Let_It_Be_(musical) >> dbo:musicBy >> dbr:Ringo_Starr
translate question to dbpedia path: which person created the women in the garden?,dbr:Women_in_the_Garden >> dbp:artist >> [ANS]
translate question to dbpedia path: Who is the composer of Girl from the North Country ?,dbr:Girl_from_the_North_Country >> dbo:composer >> [ANS]
translate question to dbpedia path: What is the county seat of the county which has an Evergreen High School?,"[VAR1] >> dbo:countySeat >> [ANS] [SEP] dbr:Evergreen_High_School_(King_County,_Washington) >> dbo:county >> [VAR1]"
translate question to dbpedia path: Which wars were fought by the commander whose deputy was Robert T. Herres?,[ANS] >> dbo:commander >> [VAR1] [SEP] [ANS] >> rdf:type >> dbo:MilitaryConflict [SEP] [VAR1] >> dbo:deputy >> dbr:Robert_T._Herres
"translate question to dbpedia path: Through which states does the road go, which has a junction on Keningston Maryland?","[VAR1] >> dbo:routeJunction >> dbr:Kensington,_Maryland [SEP] [VAR1] >> dbo:state >> [ANS] [SEP] [VAR1] >> rdf:type >> dbo:Road"
translate question to dbpedia path: What did the people buried in Toronto die of?,[VAR1] >> dbo:deathCause >> [ANS] [SEP] [VAR1] >> dbp:restingPlace >> dbr:Toronto
translate question to dbpedia path: List the main ingredient of Pizza-ghetti ?,dbr:Pizza-ghetti >> dbp:mainIngredient >> [ANS]
translate question to dbpedia path: List the work institute of the medicians who has also worked at University of Miami ?,[VAR1] >> dbp:workInstitutions >> [ANS] [SEP] [VAR1] >> dbp:workInstitutions >> dbr:University_of_Miami [SEP] [VAR1] >> rdf:type >> dbo:Medician
translate question to dbpedia path: How many people have trained the wrestlers who were billed in Wisconsin?,COUNT >> [ANS] >> rdf:type >> dbo:Person [SEP] [VAR1] >> dbo:billed >> dbr:Wisconsin [SEP] [VAR1] >> dbo:trainer >> [ANS]
translate question to dbpedia path: Which country did the prime minister belong to who was served by Thanong Bidaya ?,[VAR1] >> dbo:nationality >> [ANS] [SEP] dbr:Thanong_Bidaya >> dbp:primeminister >> [VAR1]
translate question to dbpedia path: What faith do hang chuon naron and Kron Ngoy follow?,dbr:Hang_Chuon_Naron >> dbo:religion >> [ANS] [SEP] dbr:Krom_Ngoy >> dbo:religion >> [ANS]
translate question to dbpedia path: Which company ownes stock in Dagenham turbines and Ford Motor credit?,dbr:Dagenham_wind_turbines >> dbp:owner >> [ANS] [SEP] dbr:Ford_Motor_Credit_Company >> dbp:owner >> [ANS]
translate question to dbpedia path: Which shareholder of Dagenham wind turbines is also the parent company of the Ford Falcon Cobra?,dbr:Dagenham_wind_turbines >> dbp:owner >> [ANS] [SEP] dbr:Ford_Falcon_Cobra >> dbo:parentCompany >> [ANS]
translate question to dbpedia path: List the awards won by the cinematographer of Mickey's Mellerdrammer?,[VAR1] >> dbo:award >> [ANS] [SEP] dbr:Mickey's_Mellerdrammer >> dbp:cinematography >> [VAR1]
translate question to dbpedia path: tell me the school to which Cyril Hume went?,dbr:Cyril_Hume >> dbp:education >> [ANS]
translate question to dbpedia path: where did Boga originate?,dbr:Boga_(soft_drink) >> dbp:origin >> [ANS]
translate question to dbpedia path: Who is the singer of the album which has a song Me and My arrow ?,[VAR1] >> dbp:narrated >> [ANS] [SEP] [VAR1] >> rdf:type >> dbo:Album [SEP] dbr:Me_and_My_Arrow >> dbo:album >> [VAR1]
translate question to dbpedia path: In how many different places can I fnd Modern Architectural buildings?,COUNT >> [VAR1] >> dbp:address >> [ANS] [SEP] [VAR1] >> dbp:architecturalStyle >> dbr:Modern_architecture
translate question to dbpedia path: Which sports are played in the alma mater of Habib Boromand Dashghapu?,[VAR1] >> dbo:sport >> [ANS] [SEP] dbr:Habib_Boromand_Dashghapu >> dbp:almaMater >> [VAR1]
translate question to dbpedia path: What are the houses of Parliament Security Services ?,dbr:Parliament_Security_Services >> dbp:houses >> [ANS]
translate question to dbpedia path: Count the  origin of the beverages which have been originated in england /,COUNT >> [VAR1] >> dbp:origin >> [ANS] [SEP] [VAR1] >> dbp:origin >> dbr:England
translate question to dbpedia path: Count the number of people became famous for when Andrew Jackson was a commander ?,COUNT >> [ANS] >> dbo:knownFor >> [VAR1] [SEP] [VAR1] >> dbo:commander >> dbr:Andrew_Jackson
translate question to dbpedia path: Who is the incumbent of Al Gore presidential campaign of 2000 ?,"dbr:Al_Gore_presidential_campaign,_2000 >> dbo:incumbent >> [ANS]"
"translate question to dbpedia path: Of the places where Kurt Vonnegut Memorial Library exists, where did Louis LeCocq die?",dbr:Kurt_Vonnegut_Memorial_Library >> dbo:location >> [ANS] [SEP] dbr:Louis_LeCocq >> dbp:placeOfDeath >> [ANS]
translate question to dbpedia path: What is the college of the basketball player who lives in Ashton Historic district?,[VAR1] >> dbp:birthPlace >> dbr:Ashton_Historic_District [SEP] [VAR1] >> dbp:college >> [ANS] [SEP] [VAR1] >> rdf:type >> dbo:BaseballPlayer
translate question to dbpedia path: During the reigns of which monarchs was the name to the  Israelite kingdom as United Monarch?,[ANS] >> dbp:title >> dbr:Kingdom_of_Israel_(united_monarchy)
translate question to dbpedia path: What is the person known for who is the movie director of Sleepy-Time Squirrel ?,[VAR1] >> dbo:knownFor >> [ANS] [SEP] [VAR1] >> rdf:type >> dbo:Person [SEP] dbr:Sleepy-Time_Squirrel >> dbp:director >> [VAR1]
translate question to dbpedia path: What is the title of the successor of Kaulahea I ?,[VAR1] >> dbp:title >> [ANS] [SEP] dbr:Kaulahea_I >> dbp:successor >> [VAR1]
translate question to dbpedia path: Name the river passing through Reading Berkshire and has mouth place at Essex ?,"[ANS] >> dbo:city >> dbr:Reading,_Berkshire [SEP] [ANS] >> dbo:mouthPlace >> dbr:Essex [SEP] [ANS] >> rdf:type >> dbo:River"
translate question to dbpedia path: Which nation is the origin of Dornier Aerodyne ?,dbr:Dornier_Aerodyne >> dbp:nationalOrigin >> [ANS]
translate question to dbpedia path: Name some politicians buried in a place near Orange Virginia?,"[ANS] >> dbp:restingplace >> [VAR1] [SEP] [ANS] >> rdf:type >> dbo:OfficeHolder [SEP] [VAR1] >> dbp:nearestCity >> dbr:Orange,_Virginia"
translate question to dbpedia path: Which writer of Tales of Suspense is also the writer of karakuri Dji Ultimo ?,dbr:Karakuri_Dôji_Ultimo >> dbp:author >> [ANS] [SEP] dbr:Tales_of_Suspense >> dbp:writers >> [ANS]
translate question to dbpedia path: Which type of  building is Qun Thnh Temple ?,dbr:Quán_Thánh_Temple >> dbp:buildingType >> [ANS]
translate question to dbpedia path: Who is the artist of the album which has the song I Can't Change the World ?,[VAR1] >> dbp:artist >> [ANS] [SEP] dbr:I_Can't_Change_the_World >> dbp:album >> [VAR1]
translate question to dbpedia path: Which city is the route start of the Moscow-Kazan high-speed railway and birth place of the Ilya Savelev ?,dbr:Ilya_Savelev >> dbo:birthPlace >> [ANS] [SEP] dbr:Moscow-Kazan_high-speed_railway >> dbo:routeStart >> [ANS]
translate question to dbpedia path: List TV shows with producer as Erik Bork and company is DreamWorks Television ?,[ANS] >> dbo:company >> dbr:DreamWorks_Television [SEP] [ANS] >> dbo:producer >> dbr:Erik_Bork [SEP] [ANS] >> rdf:type >> dbo:TelevisionShow
translate question to dbpedia path: Which mountain range is the one with Ponte d'Aveneyre and Le Gibloux?,dbr:Le_Gibloux >> dbo:mountainRange >> [ANS] [SEP] dbr:Pointe_d'Aveneyre >> dbo:mountainRange >> [ANS]
translate question to dbpedia path: In which cities do some railways operated by Russian railways start?,[VAR1] >> dbo:operatedBy >> dbr:Russian_Railways [SEP] [VAR1] >> dbo:routeStart >> [ANS]
translate question to dbpedia path: Collaborators of Demis Roussos have composed music for which movies?,[ANS] >> dbo:musicComposer >> [VAR1] [SEP] [ANS] >> rdf:type >> dbo:Film [SEP] [VAR1] >> dbp:associatedActs >> dbr:Demis_Roussos
translate question to dbpedia path: In how many places are the tombs of everyone who died in England?,COUNT >> [ANS] >> rdf:type >> dbo:Place [SEP] [VAR1] >> dbp:placeOfBurial >> [ANS] [SEP] [VAR1] >> dbp:placeOfDeath >> dbr:England
translate question to dbpedia path: Where did the people beatified by Pope Pius X die?,[VAR1] >> dbp:beatifiedBy >> dbr:Pope_Pius_X [SEP] [VAR1] >> dbp:deathPlace >> [ANS] [SEP] [VAR1] >> rdf:type >> dbo:Person
translate question to dbpedia path: Name all the venues of the convention which has also been hosted in San Diego Convention ?,[VAR1] >> dbp:venue >> [ANS] [SEP] [VAR1] >> dbp:venue >> dbr:San_Diego_Convention_Center
translate question to dbpedia path: Brian Dunkleman is the presenter of what TV show?,[ANS] >> dbp:presenter >> dbr:Brian_Dunkleman [SEP] [ANS] >> rdf:type >> dbo:TelevisionShow
translate question to dbpedia path: What are the movies whose distributor's headquarters is New York?,[ANS] >> dbp:distributor >> [VAR1] [SEP] [ANS] >> rdf:type >> dbo:Film [SEP] [VAR1] >> dbp:headquarters >> dbr:New_York
translate question to dbpedia path: Count the different genres of music made by Argentinian bands?,COUNT >> [ANS] >> rdf:type >> dbo:MusicGenre [SEP] [VAR1] >> dbo:genre >> [ANS] [SEP] [VAR1] >> dbo:hometown >> dbr:Argentina
translate question to dbpedia path: What beverage was launched by Ferrero SpA?,[ANS] >> dbp:creator >> dbr:Ferrero_SpA [SEP] [ANS] >> rdf:type >> dbo:Food
translate question to dbpedia path: How many famous people are from the Filipinos?,COUNT >> [ANS] >> dbo:stateOfOrigin >> dbr:Filipinos
translate question to dbpedia path: How many people have managed a club which owns the Riverside Stadium?,COUNT >> [ANS] >> dbo:managerClub >> [VAR1] [SEP] [ANS] >> rdf:type >> dbo:Person [SEP] [VAR1] >> dbp:ground >> dbr:Riverside_Stadium
translate question to dbpedia path: Who had  Joe Purcell and Winston Bryant as lieutenants ?,[ANS] >> dbo:lieutenant >> dbr:Joe_Purcell [SEP] [ANS] >> dbo:lieutenant >> dbr:Winston_Bryant
translate question to dbpedia path: Who was the parent of person whose child is William C P breckinridge?,[VAR1] >> dbo:parent >> [ANS] [SEP] [VAR1] >> dbp:children >> dbr:William_Campbell_Preston_Breckinridge [SEP] [VAR1] >> rdf:type >> dbo:Person
translate question to dbpedia path: Where are the burial grounds of Willem Cornelis Janse van Rensburg and Thomas Franois Burgers?,dbr:Thomas_François_Burgers >> dbp:restingplace >> [ANS] [SEP] dbr:Willem_Cornelis_Janse_van_Rensburg >> dbp:restingplace >> [ANS]
translate question to dbpedia path: Was George Cash in the western australian parliament?,ASK >> dbr:George_Cash >> dbp:parliament >> dbr:Western_Australia
translate question to dbpedia path: Through which states does the stream ending at Saunders county go?,"[VAR1] >> dbo:state >> [ANS] [SEP] [VAR1] >> dbp:mouthLocation >> dbr:Saunders_County,_Nebraska [SEP] [VAR1] >> rdf:type >> dbo:Stream"
translate question to dbpedia path: What are the school mascots in Blytheville school district?,[VAR1] >> dbp:district >> dbr:Blytheville_School_District [SEP] [VAR1] >> dbp:mascot >> [ANS] [SEP] [VAR1] >> rdf:type >> dbo:School
translate question to dbpedia path: Which country has the Carmel Winery and the Teperberg 1870 winery ?,dbr:Carmel_Winery >> dbp:locationCountry >> [ANS] [SEP] dbr:Teperberg_1870 >> dbp:locationCountry >> [ANS]
translate question to dbpedia path: Name the TV show broadcasted by Fox and presented by Ryan Seacrest ?,[ANS] >> dbo:channel >> dbr:Fox_Broadcasting_Company [SEP] [ANS] >> dbo:presenter >> dbr:Ryan_Seacrest [SEP] [ANS] >> rdf:type >> dbo:TelevisionShow
translate question to dbpedia path: Count the religions followed by people living in British Columbia.,COUNT >> [VAR1] >> dbp:religion >> [ANS] [SEP] [VAR1] >> dbp:residence >> dbr:British_Columbia
translate question to dbpedia path: List some teammates of Ndonga Mianga?,[VAR1] >> dbo:currentMember >> dbr:Ndonga_Mianga [SEP] [VAR1] >> dbp:name >> [ANS]
translate question to dbpedia path: List the characters of Lysistrata ?,dbr:Lysistrata >> dbp:characters >> [ANS]
translate question to dbpedia path: Is Joe Schilling the trainer of Nick Diaz?,ASK >> dbr:Nick_Diaz >> dbo:trainer >> dbr:Joe_Schilling
translate question to dbpedia path: Which TV shows distributor is Broadcast syndication and developed by Brian Graden ?,[ANS] >> dbo:distributor >> dbr:Broadcast_syndication [SEP] [ANS] >> dbp:developer >> dbr:Brian_Graden [SEP] [ANS] >> rdf:type >> dbo:TelevisionShow
translate question to dbpedia path: In how many districts is there a borough called tendring?,COUNT >> [VAR1] >> dbo:district >> [ANS] [SEP] [VAR1] >> dbp:borough >> dbr:Tendring
translate question to dbpedia path: What games are played at universities in Lanao Del Sur?,[VAR1] >> dbo:athletics >> [ANS] [SEP] [VAR1] >> dbo:state >> dbr:Lanao_del_Sur [SEP] [VAR1] >> rdf:type >> dbo:University
"translate question to dbpedia path: For everyone who died in paris, count their different fields of work.",COUNT >> [VAR1] >> dbp:deathPlace >> dbr:Paris [SEP] [VAR1] >> dbp:fields >> [ANS]
translate question to dbpedia path: What is the award won of the scientists known for Cubic Hermite spline?,[VAR1] >> dbo:award >> [ANS] [SEP] [VAR1] >> dbp:knownFor >> dbr:Cubic_Hermite_spline [SEP] [VAR1] >> rdf:type >> dbo:Scientist
translate question to dbpedia path: What is the meaning of Heydar ?,dbr:Heydar >> dbp:meaning >> [ANS]
translate question to dbpedia path: Which composer subsequent work of Moondog Matinee and also composed The TImes They are A changin ?,dbr:Moondog_Matinee >> dbo:subsequentWork >> [ANS] [SEP] dbr:The_Times_They_Are_a-Changin'_(musical) >> dbo:musicBy >> [ANS]
translate question to dbpedia path: On how many different grounds were seasons chaired by Ronaldo held?,COUNT >> [VAR1] >> dbo:chairman >> dbr:Ronaldo [SEP] [VAR1] >> dbo:ground >> [ANS]
translate question to dbpedia path: Sentinel High School  team is known as ?,dbr:Sentinel_High_School >> dbp:teamName >> [ANS]
translate question to dbpedia path: Sampson Cudjoe plays for the Ghana national team?,ASK >> dbr:Sampson_Cudjoe >> dbp:nationalteam >> dbr:Ghana
translate question to dbpedia path: Where does the publisher of Kathimerini live?,[VAR1] >> dbp:residence >> [ANS] [SEP] dbr:Kathimerini >> dbo:publisher >> [VAR1]
translate question to dbpedia path: Name the basketball team which is coached by Louis Dunbar and has president as Jeff Munn ?,[ANS] >> dbp:coach >> dbr:Louis_Dunbar [SEP] [ANS] >> dbp:president >> dbr:Jeff_Munn [SEP] [ANS] >> rdf:type >> dbo:BasketballTeam
translate question to dbpedia path: Give me a count of all ice hockey players whose teams are headcoached by John Tortorella?,COUNT >> [ANS] >> dbo:team >> [VAR1] [SEP] [ANS] >> rdf:type >> dbo:IceHockeyPlayer [SEP] [VAR1] >> dbp:headCoach >> dbr:John_Tortorella
translate question to dbpedia path: Which draft team of bob Macmillan is also the prospect team of Mikhail Pashnin ?,dbr:Bob_MacMillan >> dbp:draftTeam >> [ANS] [SEP] dbr:Mikhail_Pashnin >> dbp:prospectTeam >> [ANS]
translate question to dbpedia path: How many leagues have used the O.co Coliseum?,COUNT >> dbr:O.co_Coliseum >> dbo:tenant >> [ANS]
translate question to dbpedia path: What is the common palce of study for jack McGregor and Philip W. Pillsbury ?,dbr:Jack_McGregor >> dbo:education >> [ANS] [SEP] dbr:Philip_W._Pillsbury >> dbp:education >> [ANS]
translate question to dbpedia path: Under which president did Loretta Ucelli and Ann Lewis hold an office?,dbr:Ann_Lewis >> dbo:president >> [ANS] [SEP] dbr:Loretta_Ucelli >> dbo:president >> [ANS]
"translate question to dbpedia path: What team did the players start their careers with, who right now play for Fleisher Yarn?",[VAR1] >> dbo:team >> dbr:Fleisher_Yarn [SEP] [VAR1] >> dbp:debutteam >> [ANS] [SEP] [VAR1] >> rdf:type >> dbo:Athlete
translate question to dbpedia path: What sports are played at institutes affiliated by the Association of Southeast Asian Institutes of Higher Learning?,[VAR1] >> dbo:affiliation >> dbr:Association_of_Southeast_Asian_Institutions_of_Higher_Learning [SEP] [VAR1] >> dbo:sport >> [ANS] [SEP] [VAR1] >> rdf:type >> dbo:EducationalInstitution
translate question to dbpedia path: Where did the people die who were known for Young Life?,[VAR1] >> dbo:deathPlace >> [ANS] [SEP] [VAR1] >> dbo:knownFor >> dbr:Young_Life [SEP] [VAR1] >> rdf:type >> dbo:Person
translate question to dbpedia path: Who are the chancellors of universities which is affiliated with Plymouth University?,[VAR1] >> dbp:affiliations >> dbr:Plymouth_University [SEP] [VAR1] >> dbp:chancellor >> [ANS] [SEP] [VAR1] >> rdf:type >> dbo:University
translate question to dbpedia path: Does Lionel Messi play in the Argentina National Football Team?,ASK >> dbr:Lionel_Messi >> dbp:nationalteam >> dbr:Argentina_national_football_team
translate question to dbpedia path: Which awards did the narrator of Oscar and Lucinda win?,[VAR1] >> dbp:awards >> [ANS] [SEP] dbr:Oscar_and_Lucinda_(film) >> dbo:narrator >> [VAR1]
"translate question to dbpedia path: What is the musical whose music is by Jose Luis Narom,  based upon?",[VAR1] >> dbo:basedOn >> [ANS] [SEP] [VAR1] >> dbo:musicBy >> dbr:José_Luis_Narom [SEP] [VAR1] >> rdf:type >> dbo:Musical
"translate question to dbpedia path: Is the Providence Chapel, Charlwood made in New English style of architecture?","ASK >> dbr:Providence_Chapel,_Charlwood >> dbp:style >> dbr:New_England"
translate question to dbpedia path: Which workplace of the Michael M. Sears is also the  governing body of the Burro Flats Painted Cave?,dbr:Burro_Flats_Painted_Cave >> dbo:governingBody >> [ANS] [SEP] dbr:Michael_M._Sears >> dbo:employer >> [ANS]
translate question to dbpedia path: Who was on the boards of Freedom of the City and Royal Society?,[ANS] >> dbo:board >> dbr:Freedom_of_the_City [SEP] [ANS] >> dbo:board >> dbr:Royal_Society
translate question to dbpedia path: Who are the people which ITV(TV network) has employed?,[ANS] >> dbp:employer >> dbr:ITV_(TV_network)
translate question to dbpedia path: What is the broadcast area of WBCQ (SW) ?,dbr:WBCQ_(SW) >> dbp:area >> [ANS]
translate question to dbpedia path: What religion did the president follow which was served by Kang Young-hoon?,[VAR1] >> dbo:religion >> [ANS] [SEP] dbr:Kang_Young-hoon >> dbp:president >> [VAR1]
translate question to dbpedia path: Which kind of buildings are found in England?,[VAR1] >> dbo:type >> [ANS] [SEP] [VAR1] >> dbp:locationCountry >> dbr:England [SEP] [VAR1] >> rdf:type >> dbo:Building
"translate question to dbpedia path: In which state is the team, which has John Roeslein?",[VAR1] >> dbp:state >> [ANS] [SEP] dbr:John_Roeslein >> dbo:team >> [VAR1]
translate question to dbpedia path: Which awards has been given to both michel hazanavicius and geoffrey rush?,dbr:Geoffrey_Rush >> dbp:awards >> [ANS] [SEP] dbr:Michel_Hazanavicius >> dbp:awards >> [ANS]
translate question to dbpedia path: Give me the count of all people who ascented a peak in California?,COUNT >> [ANS] >> rdf:type >> dbo:Person [SEP] [VAR1] >> dbo:firstAscentPerson >> [ANS] [SEP] [VAR1] >> dbo:locatedInArea >> dbr:California
translate question to dbpedia path: List the total number of regions of the building whose are located in\Grand Forks Air Force Base?,COUNT >> [VAR1] >> dbo:region >> [ANS] [SEP] [VAR1] >> dbo:region >> dbr:Grand_Forks_Air_Force_Base
translate question to dbpedia path: Is Halyna Kukhar the former coach of Stanislav Morozov?,ASK >> dbr:Stanislav_Morozov >> dbo:formerCoach >> dbr:Halyna_Kukhar
translate question to dbpedia path: Rickenbacker is a musical instrument played by which artists?,[ANS] >> dbo:instrument >> dbr:Rickenbacker [SEP] [ANS] >> rdf:type >> dbo:MusicalArtist
translate question to dbpedia path: List down all the associcated musical artist of the artist of In a Word or 2 ?,[VAR1] >> dbo:associatedMusicalArtist >> [ANS] [SEP] dbr:In_a_Word_or_2 >> dbp:artist >> [VAR1]
translate question to dbpedia path: List the home town of the people who have Ontario as one of it ?,[VAR1] >> dbp:homeTown >> [ANS] [SEP] [VAR1] >> dbp:homeTown >> dbr:Ontario [SEP] [VAR1] >> rdf:type >> dbo:Person
translate question to dbpedia path: Joe Shuster has created how many comics character ?,COUNT >> [ANS] >> dbp:creators >> dbr:Joe_Shuster [SEP] [ANS] >> rdf:type >> dbo:ComicsCharacter
translate question to dbpedia path: Which currency is primarily used by the company which is the distributing label of VDE-Gallo Records?,[VAR1] >> dbp:currency >> [ANS] [SEP] [VAR1] >> rdf:type >> dbo:Organisation [SEP] dbr:VDE-Gallo_Records >> dbo:distributingLabel >> [VAR1]
translate question to dbpedia path: Name whose youth club was FC Barcelona ?,[ANS] >> dbp:youthclubs >> dbr:FC_Barcelona
translate question to dbpedia path: Which awards did the writer of Persona win ?,[VAR1] >> dbp:awards >> [ANS] [SEP] dbr:Persona_(1966_film) >> dbo:writer >> [VAR1]
translate question to dbpedia path: What is the highschool of the american football player who joined the Robert Morris Colonials program?,[VAR1] >> dbo:school >> dbr:Robert_Morris_Colonials_football [SEP] [VAR1] >> dbp:highschool >> [ANS] [SEP] [VAR1] >> rdf:type >> dbo:AmericanFootballPlayer
translate question to dbpedia path: Was the Army Air Corps honored for the battle of Iraq?,ASK >> dbr:Army_Air_Corps_(United_Kingdom) >> dbp:battleHonours >> dbr:Iraq
translate question to dbpedia path: How many awards have graduates from the University of Queensland earned?,COUNT >> [VAR1] >> dbo:almaMater >> dbr:University_of_Queensland [SEP] [VAR1] >> dbp:awards >> [ANS]
translate question to dbpedia path: Which artist was taught by Jos Ruiz y Blasco?,[ANS] >> dbp:training >> dbr:José_Ruiz_y_Blasco [SEP] [ANS] >> rdf:type >> dbo:Artist
translate question to dbpedia path: What is the location of Sam Sen Railway Station ?,dbr:Sam_Sen_Railway_Station >> dbp:other >> [ANS]
translate question to dbpedia path: Which ground of 2016 Fort Lauderdale Strikers season is the palce of birth of Kaitlyn Ashley ?,dbr:2016_Fort_Lauderdale_Strikers_season >> dbo:ground >> [ANS] [SEP] dbr:Kaitlyn_Ashley >> dbp:placeOfBirth >> [ANS]
translate question to dbpedia path: Which minister was responsible for Kriminalpolizie?,dbr:Kriminalpolizei >> dbo:leader >> [ANS]
translate question to dbpedia path: Which TV show produced by Paramount Television and is located in Massachusetts ?,[ANS] >> dbo:location >> dbr:Massachusetts [SEP] [ANS] >> dbp:company >> dbr:Paramount_Television [SEP] [ANS] >> rdf:type >> dbo:TelevisionShow
translate question to dbpedia path: Name the sea located near Europe and has a nearby city as Rostock ?,[ANS] >> dbo:location >> dbr:Europe [SEP] [ANS] >> dbp:cities >> dbr:Rostock [SEP] [ANS] >> rdf:type >> dbo:Sea
translate question to dbpedia path: What ingredients are used in preparing the dish of Ragout fin?,dbr:Ragout_fin >> dbo:ingredient >> [ANS]
translate question to dbpedia path: What is the former partner of the figure skaters whose current partner is Alexa Scimeca?,[VAR1] >> dbo:currentPartner >> dbr:Alexa_Scimeca [SEP] [VAR1] >> dbo:formerPartner >> [ANS] [SEP] [VAR1] >> rdf:type >> dbo:FigureSkater
translate question to dbpedia path: In how many nations does Rhaetian Railways own train stations?,COUNT >> [ANS] >> rdf:type >> dbo:Country [SEP] [VAR1] >> dbo:country >> [ANS] [SEP] [VAR1] >> dbo:owningOrganisation >> dbr:Rhaetian_Railway
translate question to dbpedia path: Does Saneh Lungkeaw play for the Thailand's national team?,ASK >> dbr:Saneh_Lungkeaw >> dbp:nationalteam >> dbr:Thailand
translate question to dbpedia path: Which company released the software RenderMan?,[ANS] >> dbp:products >> dbr:RenderMan_(software) [SEP] [ANS] >> rdf:type >> dbo:Company
translate question to dbpedia path: In which cities are there american football teams where Matt Snorton played?,[VAR1] >> dbo:locationCity >> [ANS] [SEP] [VAR1] >> rdf:type >> dbo:AmericanFootballTeam [SEP] dbr:Matt_Snorton >> dbp:pastteams >> [VAR1]
"translate question to dbpedia path: Which country's national motto is ""Truth prevails""?",[ANS] >> dbp:nationalMotto >> dbr:Truth_prevails [SEP] [ANS] >> rdf:type >> dbo:Country
translate question to dbpedia path: What is the homeport of INS Viraat (R22) ?,dbr:INS_Viraat_(R22) >> dbo:homeport >> [ANS]
translate question to dbpedia path: What is the largest city of the country where P. Sathyanarayanan was born?,[VAR1] >> dbo:largestCity >> [ANS] [SEP] [VAR1] >> rdf:type >> dbo:Country [SEP] dbr:P._Sathyanarayanan >> dbp:birthplace >> [VAR1]
translate question to dbpedia path: Which county of Tremont Avenue is also the birht place of Ron Galotti ?,dbr:Ron_Galotti >> dbo:birthPlace >> [ANS] [SEP] dbr:Tremont_Avenue >> dbp:counties >> [ANS]
translate question to dbpedia path: Where was William anthony trained ?,dbr:William_Anthony_(artist) >> dbp:training >> [ANS]
translate question to dbpedia path: Which parent organization of Get TV also owns the Galleria ?,dbr:GetTV >> dbo:parentOrganisation >> [ANS] [SEP] dbr:The_Galleria >> dbo:owner >> [ANS]
translate question to dbpedia path: Name the wine regions of Bogdanua ?,dbr:Bogdanuša >> dbo:wineRegion >> [ANS]
translate question to dbpedia path: What is the resting place of the child of Linda Lee Cadwell?,[VAR1] >> dbo:restingPlace >> [ANS] [SEP] dbr:Linda_Lee_Cadwell >> dbp:children >> [VAR1]
translate question to dbpedia path: Which board game can be said as a mind based game?,[ANS] >> dbo:genre >> dbr:Board_game [SEP] [ANS] >> dbo:genre >> dbr:Mind_sport
"translate question to dbpedia path: Where are the philosophers from, whose main work is on the matter of feminism in Canada?",[VAR1] >> dbo:mainInterest >> dbr:Feminism_in_Canada [SEP] [VAR1] >> dbp:region >> [ANS] [SEP] [VAR1] >> rdf:type >> dbo:Philosopher
translate question to dbpedia path: What are the things built by Eristoff ?,dbr:Eristoff >> dbp:manufacturer >> [ANS]
translate question to dbpedia path: What is the official residence of Sarah Kazemy ?,dbr:Sarah_Kazemy >> dbp:residence >> [ANS]
translate question to dbpedia path: What are shows whose theme music composer's home town is New York?,[ANS] >> dbp:themeMusicComposer >> [VAR1] [SEP] [ANS] >> rdf:type >> dbo:TelevisionShow [SEP] [VAR1] >> dbo:hometown >> dbr:New_York
"translate question to dbpedia path: Name the university whose affiliations's foundation is in Washington, D.C.?","[ANS] >> dbp:affiliations >> [VAR1] [SEP] [ANS] >> rdf:type >> dbo:University [SEP] [VAR1] >> dbp:foundation >> dbr:Washington,_D.C."
translate question to dbpedia path: Who was the coach of 1972 Oakland Raiders season ?,dbr:1972_Oakland_Raiders_season >> dbo:coach >> [ANS]
translate question to dbpedia path: Whcih land of Citi Trends is also the constituency of Malik Al-Hassan Yakubu ?,dbr:CitiTrends_(radio_show) >> dbo:country >> [ANS] [SEP] dbr:Malik_Al-Hassan_Yakubu >> dbp:constituency >> [ANS]
translate question to dbpedia path: Which TV show's composer is Judy  Hart  Angelo and executive producer as Glen and Les Charles?,[ANS] >> dbo:composer >> dbr:Judy_Hart_Angelo [SEP] [ANS] >> dbo:executiveProducer >> dbr:Glen_and_Les_Charles [SEP] [ANS] >> rdf:type >> dbo:TelevisionShow
"translate question to dbpedia path: Where did they debut their careers , those who have played for US men's national soccer team?",[VAR1] >> dbp:debutteam >> [ANS] [SEP] [VAR1] >> dbp:nationalteam >> dbr:United_States_men's_national_soccer_team
translate question to dbpedia path: What are on the borders of Shimsa Plateau?,dbr:Shimōsa_Plateau >> dbo:border >> [ANS]
translate question to dbpedia path: What is the former team of the american football players whose position is Running back?,[VAR1] >> dbo:formerTeam >> [ANS] [SEP] [VAR1] >> dbo:position >> dbr:Running_back [SEP] [VAR1] >> rdf:type >> dbo:AmericanFootballPlayer
translate question to dbpedia path: Which creator of Theme Time Radio Hour has also given the  musical score of the The Times They Are a-Changin' (musical)?,dbr:The_Times_They_Are_a-Changin'_(musical) >> dbo:musicBy >> [ANS] [SEP] dbr:Theme_Time_Radio_Hour >> dbp:creator >> [ANS]
translate question to dbpedia path: How many different kinds of games are published by Interplay Entertainment?,COUNT >> [VAR1] >> dbo:publisher >> dbr:Interplay_Entertainment [SEP] [VAR1] >> dbp:genre >> [ANS]
translate question to dbpedia path: What other awards have been given to Goya Award Winners?,[VAR1] >> dbo:award >> dbr:Goya_Awards [SEP] [VAR1] >> dbp:awards >> [ANS]
translate question to dbpedia path: How many other important work has been done by the writers of Sarah Jane Adventures?,COUNT >> [VAR1] >> dbo:notableWork >> [ANS] [SEP] [VAR1] >> dbp:notableworks >> dbr:The_Sarah_Jane_Adventures
translate question to dbpedia path: Race horses whose grandsire is Wild  Risk have taken part in which races?,[VAR1] >> dbo:grandsire >> dbr:Wild_Risk [SEP] [VAR1] >> dbp:race >> [ANS] [SEP] [VAR1] >> rdf:type >> dbo:RaceHorse
translate question to dbpedia path: Who are the tenants of the stadium which is a venue of WCW Mayhem ?,[VAR1] >> dbo:tenant >> [ANS] [SEP] [VAR1] >> rdf:type >> dbo:Stadium [SEP] dbr:WCW_Mayhem >> dbp:venue >> [VAR1]
translate question to dbpedia path: Which coach of Marquette Golden Eagles men's basketball team is also the head coach  of Virginia Tech Hokies men's basketball team ?,dbr:2012–13_Marquette_Golden_Eagles_men's_basketball_team >> dbo:coach >> [ANS] [SEP] dbr:2014–15_Virginia_Tech_Hokies_men's_basketball_team >> dbp:headcoach >> [ANS]
translate question to dbpedia path: Which are the races in which Martin Molony participated?,dbr:Martin_Molony >> dbo:race >> [ANS]
translate question to dbpedia path: With what company is the service OneDrive associated?,[ANS] >> dbp:services >> dbr:OneDrive [SEP] [ANS] >> rdf:type >> dbo:Company
translate question to dbpedia path: Where common region are soylent and bannock sold?,dbr:Bannock_(food) >> dbo:region >> [ANS] [SEP] dbr:Soylent_(drink) >> dbo:region >> [ANS]
translate question to dbpedia path: What awards have been given to citizens of the Ottoman Empire?,[VAR1] >> dbo:award >> [ANS] [SEP] [VAR1] >> dbo:citizenship >> dbr:Ottoman_Empire
translate question to dbpedia path: List the science fiction shows broadcasted on BBC HD ?,[ANS] >> dbo:network >> dbr:BBC_HD [SEP] [ANS] >> dbp:genre >> dbr:Science_fiction [SEP] [ANS] >> rdf:type >> dbo:TelevisionShow
translate question to dbpedia path: Who is the person opposed  by Tom McLaury and Ike Clanton?,[ANS] >> dbo:opponent >> dbr:Ike_Clanton [SEP] [ANS] >> dbo:opponent >> dbr:Tom_McLaury [SEP] [ANS] >> rdf:type >> dbo:Person
translate question to dbpedia path: List the products of Playboy Enterprises?,dbr:Playboy_Enterprises >> dbp:products >> [ANS]
translate question to dbpedia path: Name the  former broadcast network of the television station which is the sister stations of WGBC?,[VAR1] >> dbo:formerBroadcastNetwork >> [ANS] [SEP] dbr:WGBC >> dbp:sisterStations >> [VAR1]
translate question to dbpedia path: What is the country of the Hirth Acrostar and the Cobra missile?,dbr:Cobra_(missile) >> dbo:origin >> [ANS] [SEP] dbr:Hirth_Acrostar >> dbo:origin >> [ANS]
translate question to dbpedia path: What  is the Nickname of Daniel O'Regan ?,dbr:Daniel_O'Regan >> dbp:nickname >> [ANS]
translate question to dbpedia path: Who owns the websites for which Jimmy wales writes?,[VAR1] >> dbo:author >> dbr:Jimmy_Wales [SEP] [VAR1] >> dbo:owner >> [ANS]
translate question to dbpedia path: What are the bridges whose located in California?,[ANS] >> dbo:locatedInArea >> dbr:California [SEP] [ANS] >> rdf:type >> dbo:Bridge
translate question to dbpedia path: Which settelment area is the home town of the Danny Felice and Cline Buckens?,[ANS] >> rdf:type >> dbo:Settlement [SEP] dbr:Céline_Buckens >> dbo:hometown >> [ANS] [SEP] dbr:Danny_Felice >> dbo:hometown >> [ANS]
translate question to dbpedia path: Who were the head of government agencies working in the German occupied Europe?,[VAR1] >> dbo:leader >> [ANS] [SEP] [VAR1] >> dbp:jurisdiction >> dbr:German-occupied_Europe [SEP] [VAR1] >> rdf:type >> dbo:GovernmentAgency
translate question to dbpedia path: Name the companies which are in cities under Denzil Minnan Wong?,[ANS] >> dbo:locationCity >> [VAR1] [SEP] [ANS] >> rdf:type >> dbo:Company [SEP] [VAR1] >> dbp:leaderName >> dbr:Denzil_Minnan-Wong
translate question to dbpedia path: What is the largest city of the birthplace of Pat Kirkwood?,[VAR1] >> dbo:largestCity >> [ANS] [SEP] dbr:Pat_Kirkwood_(racing_driver) >> dbp:birthplace >> [VAR1]
translate question to dbpedia path: Which source of Water resources management in El Salvador is also the nation of the Sierra del Merendn?,dbr:Sierra_del_Merendón >> dbo:country >> [ANS] [SEP] dbr:Water_resources_management_in_El_Salvador >> dbp:sourceCountry >> [ANS]
translate question to dbpedia path: What is the academic journal whose editor is Stephen Law?,[ANS] >> dbp:editor >> dbr:Stephen_Law [SEP] [ANS] >> rdf:type >> dbo:AcademicJournal
translate question to dbpedia path: What awards have the alumni of Academy of Fine Arts in Lodz achieved?,[VAR1] >> dbo:award >> [ANS] [SEP] [VAR1] >> dbo:training >> dbr:Academy_of_Fine_Arts_In_Łódź
translate question to dbpedia path: Name the members of youth clubs which have Camp Nou as their homeground.,[ANS] >> dbp:youthclubs >> [VAR1] [SEP] [VAR1] >> dbp:ground >> dbr:Camp_Nou
translate question to dbpedia path: Does mumbai manage the railway line going to the daund railway junction?,ASK >> dbr:Daund_Junction_railway_station >> dbo:servingRailwayLine >> dbr:Mumbai
translate question to dbpedia path: Which musical artist associated with Tony Allen has label with Celluloid Records ?,[ANS] >> dbo:associatedMusicalArtist >> dbr:Tony_Allen_(musician) [SEP] [ANS] >> dbp:label >> dbr:Celluloid_Records [SEP] [ANS] >> rdf:type >> dbo:MusicalArtist
translate question to dbpedia path: Who are some basketball players who played for Phoenix Suns?,[ANS] >> dbo:team >> dbr:Phoenix_Suns [SEP] [ANS] >> rdf:type >> dbo:BasketballPlayer
"translate question to dbpedia path: Which relative of George Madison was the leader of United States House of Representatives elections, 1788 and 1789 ?","dbr:George_Madison >> dbo:relation >> [ANS] [SEP] dbr:United_States_House_of_Representatives_elections,_1788_and_1789 >> dbp:leader >> [ANS]"
"translate question to dbpedia path: From how many works is the musical derived, whose lyrics are written by Sheldon Harnick?",COUNT >> [VAR1] >> dbo:basedOn >> [ANS] [SEP] [VAR1] >> dbp:lyrics >> dbr:Sheldon_Harnick
translate question to dbpedia path: Which office holder allegiance is Colony of Virginia and was has a wife named Dolley Madison ?,[ANS] >> dbp:allegiance >> dbr:Colony_of_Virginia [SEP] [ANS] >> dbp:spouse >> dbr:Dolley_Madison [SEP] [ANS] >> rdf:type >> dbo:OfficeHolder
translate question to dbpedia path: Was Derg the anthem of Ethopia?,ASK >> dbr:Derg >> dbo:anthem >> dbr:Ethiopia
translate question to dbpedia path: Employees of Ottawa Citizen have come from which towns?,[VAR1] >> dbo:employer >> dbr:Ottawa_Citizen [SEP] [VAR1] >> dbp:homeTown >> [ANS]
translate question to dbpedia path: How many non-fiction subject are there of the books whose one of the non-fiction subject is Ankh-Morpork City Watch ?,COUNT >> [VAR1] >> dbo:nonFictionSubject >> [ANS] [SEP] [VAR1] >> dbo:nonFictionSubject >> dbr:Ankh-Morpork_City_Watch
translate question to dbpedia path: Who is the licensee of EXXV-TV ?,dbr:EXXV-TV >> dbp:licensee >> [ANS]
translate question to dbpedia path: Who are in the board of Jimmy Wales ?,dbr:Jimmy_Wales >> dbo:board >> [ANS]
translate question to dbpedia path: Where were some people associated with Steve Winwood employed at?,[VAR1] >> dbo:associatedMusicalArtist >> dbr:Steve_Winwood [SEP] [VAR1] >> dbo:occupation >> [ANS] [SEP] [VAR1] >> rdf:type >> dbo:Person
translate question to dbpedia path: What is the origin of the musical artist whose associated band is Ziggi Recado ?,[VAR1] >> dbo:associatedBand >> dbr:Ziggi_Recado [SEP] [VAR1] >> dbp:origin >> [ANS] [SEP] [VAR1] >> rdf:type >> dbo:MusicalArtist
translate question to dbpedia path: Who is the nominee of Jack Ryan ?,dbr:Jack_Ryan_(politician) >> dbo:nominee >> [ANS]
translate question to dbpedia path: Which division of Serbia national team is also the region of Dobinsk Ice Cave ?,dbr:Dobšinská_Ice_Cave >> dbo:region >> [ANS] [SEP] dbr:Serbia_national_American_football_team >> dbo:division >> [ANS]
translate question to dbpedia path: Name the royalty whose spouse was Cleopatra V of Egypt and one of his parent was Ptolemy XII Auletes?,[ANS] >> dbo:parent >> dbr:Ptolemy_XII_Auletes [SEP] [ANS] >> dbp:mother >> dbr:Cleopatra_V_of_Egypt [SEP] [ANS] >> rdf:type >> dbo:Royalty
translate question to dbpedia path: List the major shrines of Jovan Vladimir?,dbr:Jovan_Vladimir >> dbp:majorShrine >> [ANS]
translate question to dbpedia path: Name some shows whose company is owned by the CBS Corporation?,[ANS] >> dbp:company >> [VAR1] [SEP] [ANS] >> rdf:type >> dbo:TelevisionShow [SEP] [VAR1] >> dbo:owner >> dbr:CBS_Corporation
"translate question to dbpedia path: Which famous person is born in Marlboro Township, New Jersey?","[ANS] >> dbp:homeTown >> dbr:Marlboro_Township,_New_Jersey"
translate question to dbpedia path: In which countries have the Start + Flug aircrafts originated?,[VAR1] >> dbo:manufacturer >> dbr:Start_+_Flug [SEP] [VAR1] >> dbp:nationalOrigin >> [ANS] [SEP] [VAR1] >> rdf:type >> dbo:Aircraft
translate question to dbpedia path: How many other family of the mammals exists  whose family is also Hominidae ?,COUNT >> [VAR1] >> dbo:family >> [ANS] [SEP] [VAR1] >> dbo:family >> dbr:Hominidae
translate question to dbpedia path: What is the former team of the football player who is the coach of 2006 Oakland Raiders season ?,[VAR1] >> dbo:formerTeam >> [ANS] [SEP] [VAR1] >> rdf:type >> dbo:AmericanFootballPlayer [SEP] dbr:2006_Oakland_Raiders_season >> dbp:coach >> [VAR1]
translate question to dbpedia path: How many  TV shows were made by someone who was associated with Lewis Hamilton?,COUNT >> [ANS] >> dbp:creator >> [VAR1] [SEP] [ANS] >> rdf:type >> dbo:TelevisionShow [SEP] [VAR1] >> dbo:associatedBand >> dbr:Lewis_Hamilton
translate question to dbpedia path: For how many other teams have the former players of Boston Bruins played?,COUNT >> [ANS] >> rdf:type >> dbo:SportsTeam [SEP] [VAR1] >> dbo:formerTeam >> dbr:Boston_Bruins [SEP] [VAR1] >> dbp:playedFor >> [ANS]
translate question to dbpedia path: Which things have been made by artists who died in Midhurst?,[ANS] >> dbo:creator >> [VAR1] [SEP] [VAR1] >> dbo:deathPlace >> dbr:Midhurst
translate question to dbpedia path: What are the TV shows whose network is also known as the CW?,[ANS] >> dbp:network >> [VAR1] [SEP] [ANS] >> rdf:type >> dbo:TelevisionShow [SEP] [VAR1] >> dbp:sisterNames >> dbr:The_CW
translate question to dbpedia path: How many other important things has the painter of Sarah Jane Adventures done?,COUNT >> [VAR1] >> dbo:notableWork >> [ANS] [SEP] dbr:The_Sarah_Jane_Adventures >> dbp:creator >> [VAR1]
translate question to dbpedia path: Which founder of sea Gayle Music is also the judge of Rising Star ?,dbr:Rising_Star_(U.S._TV_series) >> dbp:judges >> [ANS] [SEP] dbr:Sea_Gayle_Music >> dbp:founder >> [ANS]
translate question to dbpedia path: Who owns the ford kansas assembly plant?,dbr:Ford_Kansas_City_Assembly_Plant >> dbo:owningOrganisation >> [ANS]
translate question to dbpedia path: What is the label of I Pray on Christmas ?,dbr:I_Pray_on_Christmas >> dbp:label >> [ANS]
translate question to dbpedia path: List the destination of Novair International Airways ?,dbr:Novair_International_Airways >> dbo:destination >> [ANS]
translate question to dbpedia path: Who is the spouse of Willian Menalaus?,dbr:William_Menelaus >> dbo:spouse >> [ANS]
translate question to dbpedia path: Count the number of actors in Lucy Sullivan Is Getting Married.,COUNT >> dbr:Lucy_Sullivan_Is_Getting_Married >> dbp:starring >> [ANS]
translate question to dbpedia path: What mammals are classified into Diprotodontia ?,[ANS] >> dbo:order >> dbr:Diprotodontia [SEP] [ANS] >> rdf:type >> dbo:Mammal
translate question to dbpedia path: The Other Side has hosted how many guests?,COUNT >> dbr:The_Other_Side_(The_Outer_Limits) >> dbp:guests >> [ANS]
translate question to dbpedia path: Name the river with source as Columbia Lake and river mouth is located in Clatsop Country ?,"[ANS] >> dbo:riverMouth >> dbr:Clatsop_County,_Oregon [SEP] [ANS] >> dbo:source >> dbr:Columbia_Lake [SEP] [ANS] >> rdf:type >> dbo:River"
translate question to dbpedia path: Is Dave Schulz a band member of Berlin?,ASK >> dbr:Berlin_(band) >> dbo:bandMember >> dbr:Dave_Schulz_(musician)
translate question to dbpedia path: What are the airlines whose hub airport is Los Angeles International Airport?,[ANS] >> dbo:hubAirport >> dbr:Los_Angeles_International_Airport [SEP] [ANS] >> rdf:type >> dbo:Airline
translate question to dbpedia path: what are some famous people out of the Filipinos?,[ANS] >> dbo:stateOfOrigin >> dbr:Filipinos
translate question to dbpedia path: What awards were presented to the person who produced Paradise place?,[VAR1] >> dbp:awards >> [ANS] [SEP] [VAR1] >> rdf:type >> dbo:Person [SEP] dbr:Paradise_Place >> dbp:producer >> [VAR1]
translate question to dbpedia path: What is the location town of Seattle Great Wheel ?,dbr:Seattle_Great_Wheel >> dbp:locationTown >> [ANS]
translate question to dbpedia path: List all the line of Vadodara Junction railway station?,dbr:Vadodara_Junction_railway_station >> dbp:line >> [ANS]
translate question to dbpedia path: Name the college of Jon Curran ?,dbr:Jon_Curran >> dbp:college >> [ANS]
translate question to dbpedia path: Which Tim Birton's movie has a screenplay by Daniel Waters ?,[ANS] >> dbp:director >> dbr:Tim_Burton [SEP] [ANS] >> dbp:screenplay >> dbr:Daniel_Waters_(screenwriter)
translate question to dbpedia path: Who produces the tv series which made Scott Haran famous?,[VAR1] >> dbo:producer >> [ANS] [SEP] dbr:Scott_Haran >> dbo:knownFor >> [VAR1]
translate question to dbpedia path: What is the place of birth of the jockey who breeded De La Rose ?,[VAR1] >> dbp:birthPlace >> [ANS] [SEP] [VAR1] >> rdf:type >> dbo:Jockey [SEP] dbr:De_La_Rose >> dbo:breeder >> [VAR1]
translate question to dbpedia path: Name the Artist of Madagascar: Operation Penguin ?,dbr:Madagascar:_Operation_Penguin >> dbp:artist >> [ANS]
translate question to dbpedia path: What are some devices made by Taiwanese companies?,[ANS] >> dbo:manufacturer >> [VAR1] [SEP] [ANS] >> rdf:type >> dbo:Device [SEP] [VAR1] >> dbp:locationCity >> dbr:Taiwan
translate question to dbpedia path: Harry Huston and Dick Spalding played their first match for which team?,dbr:Dick_Spalding >> dbp:debutteam >> [ANS] [SEP] dbr:Harry_Huston >> dbp:debutteam >> [ANS]
translate question to dbpedia path: What is the layout of Subaru Legacy (second generation) ?,dbr:Subaru_Legacy_(second_generation) >> dbo:layout >> [ANS]
translate question to dbpedia path: How many other wine region are there of the grapes whose one of the wine region is Michigan ?,COUNT >> [VAR1] >> dbo:wineRegion >> [ANS] [SEP] [VAR1] >> dbo:wineRegion >> dbr:Michigan
translate question to dbpedia path: Name the office holder whose constituency are Duboce Triangle and Haight-Ashbury ?,"[ANS] >> dbp:constituency >> dbr:Duboce_Triangle,_San_Francisco [SEP] [ANS] >> dbp:constituency >> dbr:Haight-Ashbury [SEP] [ANS] >> rdf:type >> dbo:OfficeHolder"
translate question to dbpedia path: Estimate the number of sports divisions at the universities under international association of universities.,COUNT >> [VAR1] >> dbo:affiliation >> dbr:International_Association_of_Universities [SEP] [VAR1] >> dbo:sport >> [ANS]
translate question to dbpedia path: What is the leader of the government agency which is the military unit of Erich Kempka ?,[VAR1] >> dbo:leader >> [ANS] [SEP] dbr:Erich_Kempka >> dbo:militaryUnit >> [VAR1]
translate question to dbpedia path: What is the alma mater of the senator who is the successor of Warren Magnuson ?,[VAR1] >> dbp:almaMater >> [ANS] [SEP] [VAR1] >> rdf:type >> dbo:Senator [SEP] dbr:Warren_Magnuson >> dbp:successor >> [VAR1]
translate question to dbpedia path: Is Eddie Bravo the trainer of Shinya Aoki?,ASK >> dbr:Shinya_Aoki >> dbp:trainer >> dbr:Eddie_Bravo
translate question to dbpedia path: List the battles in which alumni of US Army Command and General Staff College fought?,[VAR1] >> dbo:almaMater >> dbr:United_States_Army_Command_and_General_Staff_College [SEP] [VAR1] >> dbp:battles >> [ANS]
translate question to dbpedia path: Which writer of Alan Freeman Days is also the writer of Come On over ?,dbr:Alan_Freeman_Days >> dbo:writer >> [ANS] [SEP] dbr:Come_On_Over_(Bee_Gees_song) >> dbp:writer >> [ANS]
translate question to dbpedia path: Name the subsidary of Tandem Computers which was founded by Jim Harris ?,[ANS] >> dbo:foundedBy >> dbr:Jim_Harris_(entrepreneur) [SEP] [ANS] >> dbo:subsidiary >> dbr:Tandem_Computers [SEP] [ANS] >> rdf:type >> dbo:Company
translate question to dbpedia path: Count all the books written by an author buried in the Convent of Barefoot Trinitarians?,COUNT >> [ANS] >> dbo:author >> [VAR1] [SEP] [ANS] >> rdf:type >> dbo:Book [SEP] [VAR1] >> dbo:restingPlace >> dbr:Convent_of_the_Barefoot_Trinitarians
translate question to dbpedia path: Name the city with leader as Esther Alder and neighboring municipality as Pregny-Chambsy?,[ANS] >> dbo:mayor >> dbr:Esther_Alder [SEP] [ANS] >> dbo:neighboringMunicipality >> dbr:Pregny-Chambésy [SEP] [ANS] >> rdf:type >> dbo:Location
translate question to dbpedia path: Was Blade Runner cinematographed by JordanCronenweth?,ASK >> dbr:Blade_Runner >> dbo:cinematography >> dbr:Jordan_Cronenweth
translate question to dbpedia path: Panthera leo fossils and Liger belong to which species?,dbr:Liger >> dbo:species >> [ANS] [SEP] dbr:Panthera_leo_fossilis >> dbo:species >> [ANS]
translate question to dbpedia path: Name the street address of Rhodes-Haverty Building ?,dbr:Rhodes-Haverty_Building >> dbp:address >> [ANS]
"translate question to dbpedia path: Who were the commanders during the events which took place in Sandusky County, Ohio?","[VAR1] >> dbo:commander >> [ANS] [SEP] [VAR1] >> dbo:place >> dbr:Sandusky_County,_Ohio [SEP] [VAR1] >> rdf:type >> dbo:Event"
translate question to dbpedia path: Who founded the city where Pat Vincent die?,[VAR1] >> dbo:founder >> [ANS] [SEP] dbr:Pat_Vincent >> dbo:deathPlace >> [VAR1]
translate question to dbpedia path: Name the kingdom with currency Solidus (coin) and administrative headquarters in Nicomedia?,[ANS] >> dbo:capital >> dbr:Nicomedia [SEP] [ANS] >> dbo:currency >> dbr:Solidus_(coin)
translate question to dbpedia path: Which company has a product named Visual Studio and One Drive as service ?,[ANS] >> dbp:products >> dbr:Microsoft_Visual_Studio [SEP] [ANS] >> dbp:services >> dbr:OneDrive [SEP] [ANS] >> rdf:type >> dbo:Company
"translate question to dbpedia path: Name the river whose mouth place is Old Lyme, Connecticut?","[ANS] >> dbo:mouthPlace >> dbr:Old_Lyme,_Connecticut [SEP] [ANS] >> rdf:type >> dbo:River"
translate question to dbpedia path: Which division of the Runewaker Entertainment is also the  destinations of the Airtours International Airways?,dbr:Airtours_International_Airways >> dbp:destinations >> [ANS] [SEP] dbr:Runewaker_Entertainment >> dbo:division >> [ANS]
translate question to dbpedia path: Which show's network is Prime time Entertainment and has Douglas Netter as executive producer ?,[ANS] >> dbo:executiveProducer >> dbr:Douglas_Netter [SEP] [ANS] >> dbp:network >> dbr:Prime_Time_Entertainment_Network [SEP] [ANS] >> rdf:type >> dbo:TelevisionShow
translate question to dbpedia path: Who was the president under which a tennis player held office before John W. Weeks?,[VAR1] >> dbp:predecessor >> dbr:John_W._Weeks [SEP] [VAR1] >> dbp:president >> [ANS] [SEP] [VAR1] >> rdf:type >> dbo:TennisPlayer
translate question to dbpedia path: What are the things whose leader was a monarch of Willem-Alexander of the Netherlands?,[ANS] >> dbo:leader >> [VAR1] [SEP] [VAR1] >> dbo:monarch >> dbr:Willem-Alexander_of_the_Netherlands
translate question to dbpedia path: acer nigrum is used in making what?,[ANS] >> dbo:ingredient >> dbr:Acer_nigrum
translate question to dbpedia path: Name the prospect team of Mikhail Pashnin ?,dbr:Mikhail_Pashnin >> dbp:prospectTeam >> [ANS]
translate question to dbpedia path: What is the predecessor of BMW M40 ?,dbr:BMW_M40 >> dbp:predecessor >> [ANS]
translate question to dbpedia path: Which cities are located around the sea into which the ionian flows?,[VAR1] >> dbp:cities >> [ANS] [SEP] dbr:Ionian_Sea >> dbo:outflow >> [VAR1]
translate question to dbpedia path: Did Joe Namath did his highschool in Beaver Falls High School?,ASK >> dbr:Joe_Namath >> dbp:highSchool >> dbr:Beaver_Falls_High_School
translate question to dbpedia path: Where do the railroads owned by the Chicago and Northwestern Transportation company begin?,[VAR1] >> dbo:routeStart >> [ANS] [SEP] [VAR1] >> dbp:system >> dbr:Chicago_and_North_Western_Transportation_Company [SEP] [VAR1] >> rdf:type >> dbo:RailwayLine
translate question to dbpedia path: Give me a count of mammals which have their order as Primate?,COUNT >> [ANS] >> dbo:order >> dbr:Primate [SEP] [ANS] >> rdf:type >> dbo:Mammal
translate question to dbpedia path: What television show are distributed by Broadcast syndication?,[ANS] >> dbo:distributor >> dbr:Broadcast_syndication [SEP] [ANS] >> rdf:type >> dbo:TelevisionShow
translate question to dbpedia path: Who was the president under which people won the United States House of Representatives elections in 1790 ?,"[VAR1] >> dbp:president >> [ANS] [SEP] [VAR1] >> rdf:type >> dbo:Person [SEP] dbr:United_States_House_of_Representatives_elections,_1790 >> dbp:leader >> [VAR1]"
translate question to dbpedia path: Which TV show's producer is Stephen E. Ambrose and company is DreamWorks Television?,[ANS] >> dbo:company >> dbr:DreamWorks_Television [SEP] [ANS] >> dbo:producer >> dbr:Stephen_E._Ambrose [SEP] [ANS] >> rdf:type >> dbo:TelevisionShow
translate question to dbpedia path: Which river originate from limerick?,[ANS] >> dbp:mouthLocation >> dbr:Limerick [SEP] [ANS] >> rdf:type >> dbo:River
"translate question to dbpedia path: Who is the opponent of United States House of Representatives elections in Ohio, 2010 ?","dbr:United_States_House_of_Representatives_elections_in_Ohio,_2010 >> dbp:opponent >> [ANS]"
translate question to dbpedia path: Laozi authored which book?,[ANS] >> dbo:author >> dbr:Laozi
translate question to dbpedia path: What are some other children of the father of Marvin Bush?,[VAR1] >> dbo:child >> dbr:Marvin_Bush [SEP] [VAR1] >> dbp:children >> [ANS]
translate question to dbpedia path: Rivers from which countries flow into the Caspian?,[VAR1] >> dbo:riverMouth >> dbr:Caspian_Sea [SEP] [VAR1] >> dbo:sourceCountry >> [ANS] [SEP] [VAR1] >> rdf:type >> dbo:River
translate question to dbpedia path: Which is the nearest city to Elliott Bay ?,dbr:Elliott_Bay >> dbo:nearestCity >> [ANS]
"translate question to dbpedia path: In which sects were the aristocrats included, who were buried in Westminister abbey?",[VAR1] >> dbp:majorShrine >> dbr:Westminster_Abbey [SEP] [VAR1] >> dbp:veneratedIn >> [ANS] [SEP] [VAR1] >> rdf:type >> dbo:Royalty
translate question to dbpedia path: Name the saint whose major shrine is in Canada and was canonized by Pope Benedict XVI?,[ANS] >> dbo:majorShrine >> dbr:Canada [SEP] [ANS] >> dbp:canonizedBy >> dbr:Pope_Benedict_XVI [SEP] [ANS] >> rdf:type >> dbo:Saint
translate question to dbpedia path: who was the australian flagbearer of 2008 Summer Olympics?,dbr:Australia_at_the_2008_Summer_Olympics >> dbp:flagbearer >> [ANS]
translate question to dbpedia path: Which vice president of Warren G. Harsing is also the president of Evans Hughes ?,dbr:Charles_Evans_Hughes >> dbo:president >> [ANS] [SEP] dbr:Warren_G._Harding >> dbo:vicePresident >> [ANS]
translate question to dbpedia path: Who is the manager of the club whose homeground is the riverside stadium?,[ANS] >> dbo:managerClub >> [VAR1] [SEP] [ANS] >> rdf:type >> dbo:SportsManager [SEP] [VAR1] >> dbp:ground >> dbr:Riverside_Stadium
translate question to dbpedia path: Does the Utah State Route 162 end at Colorado?,ASK >> dbr:Utah_State_Route_162 >> dbo:routeEnd >> dbr:Colorado
translate question to dbpedia path: Which recognized title of Frank Thorne is also the product of Playboy Enterprise ?,dbr:Frank_Thorne >> dbo:award >> [ANS] [SEP] dbr:Playboy_Enterprises >> dbp:products >> [ANS]
translate question to dbpedia path: Whose constituency is Duboce Triangle ?,"[ANS] >> dbp:constituency >> dbr:Duboce_Triangle,_San_Francisco"
translate question to dbpedia path: What is the name of Mary's divine child?,[ANS] >> dbo:parent >> dbr:Mary_(mother_of_Jesus)
translate question to dbpedia path: Joe Hahn is the member of what band?,[ANS] >> dbp:currentMembers >> dbr:Joe_Hahn [SEP] [ANS] >> rdf:type >> dbo:Band
translate question to dbpedia path: Which team did wolfred McDonald is also the prospect team of Milkhail Pashnin ?,dbr:Mikhail_Pashnin >> dbp:prospectTeam >> [ANS] [SEP] dbr:Wilfred_McDonald >> dbp:playedFor >> [ANS]
translate question to dbpedia path: Which companies have launched from the Vandenberg Air Force Air base?,[VAR1] >> dbo:launchSite >> dbr:Vandenberg_Air_Force_Base [SEP] [VAR1] >> dbo:manufacturer >> [ANS]
translate question to dbpedia path: How many home stadiums are there of the seasons whose chairman in Merritt Paulson?,COUNT >> [VAR1] >> dbo:chairman >> dbr:Merritt_Paulson [SEP] [VAR1] >> dbo:homeStadium >> [ANS]
translate question to dbpedia path: What are some primates?,[ANS] >> dbo:order >> dbr:Primate
translate question to dbpedia path: What is the rank of Julius C. Burrows politically?,dbr:Julius_C._Burrows >> dbp:order >> [ANS]
translate question to dbpedia path: Name a few whose live in a place where Indian English is an official language,[ANS] >> dbo:residence >> [VAR1] [SEP] [VAR1] >> dbo:officialLanguage >> dbr:Indian_English
translate question to dbpedia path: Count the number of first drivers in all the GPs where Mika Hakkinen was a first driver?,COUNT >> [ANS] >> rdf:type >> dbo:RacingDriver [SEP] [VAR1] >> dbo:firstDriver >> [ANS] [SEP] [VAR1] >> dbo:poleDriver >> dbr:Mika_Häkkinen
translate question to dbpedia path: What sports are played at Vishwajyot High School?,dbr:Vishwajyot_High_School >> dbo:sport >> [ANS]
translate question to dbpedia path: BBC Two is the sister channel of networks having which shows?,[ANS] >> dbo:network >> [VAR1] [SEP] [ANS] >> rdf:type >> dbo:TelevisionShow [SEP] [VAR1] >> dbp:sisterNames >> dbr:BBC_Two
translate question to dbpedia path: Who owns a bridge in Boston?,[VAR1] >> dbo:locatedInArea >> dbr:Boston [SEP] [VAR1] >> dbp:owner >> [ANS] [SEP] [VAR1] >> rdf:type >> dbo:Bridge
translate question to dbpedia path: In which fields are both Paul Demiville and Sylvain levi experts?,dbr:Paul_Demiéville >> dbp:fields >> [ANS] [SEP] dbr:Sylvain_Lévi >> dbp:fields >> [ANS]
"translate question to dbpedia path: How many tenats have been there, of the constructions of PCL constructures?",COUNT >> [VAR1] >> dbo:builder >> dbr:PCL_Construction [SEP] [VAR1] >> dbo:tenant >> [ANS]
translate question to dbpedia path: Which non fiction of the Thud is also the field of the Jon Speelman ?,dbr:Jon_Speelman >> dbo:field >> [ANS] [SEP] dbr:Thud! >> dbo:nonFictionSubject >> [ANS]
"translate question to dbpedia path: Who was the prime minister of Victor Hope, 2nd Marquess of Linlithgow and also the editor of British Gazette ?","dbr:British_Gazette >> dbp:editor >> [ANS] [SEP] dbr:Victor_Hope,_2nd_Marquess_of_Linlithgow >> dbp:primeminister >> [ANS]"
translate question to dbpedia path: Name the hockey team whose head coach is Alain Vigneault?,[ANS] >> dbp:headCoach >> dbr:Alain_Vigneault [SEP] [ANS] >> rdf:type >> dbo:HockeyTeam
translate question to dbpedia path: What is the municipality of Patterson Houses ?,dbr:Patterson_Houses >> dbo:municipality >> [ANS]
"translate question to dbpedia path: Give me a count of everything under the archipelago, where Papeete is the biggest town.",COUNT >> [ANS] >> dbp:archipelago >> [VAR1] [SEP] [VAR1] >> dbo:largestCity >> dbr:Papeete
translate question to dbpedia path: Where does the rivers ending in lake washington begin?,[VAR1] >> dbo:riverMouth >> dbr:Lake_Washington [SEP] [VAR1] >> dbp:sourceLocation >> [ANS] [SEP] [VAR1] >> rdf:type >> dbo:River
translate question to dbpedia path: Who all have developed a cross platform software?,[VAR1] >> dbo:developer >> [ANS] [SEP] [VAR1] >> dbp:operatingSystem >> dbr:Cross-platform [SEP] [VAR1] >> rdf:type >> dbo:Software
translate question to dbpedia path: where did soccer bowl take place in 76?,dbr:Soccer_Bowl_'76 >> dbo:city >> [ANS]
translate question to dbpedia path: What political ideology of the Palang Dharma Party is relegion of Inthakin?,dbr:Inthakin >> dbo:type >> [ANS] [SEP] dbr:Palang_Dharma_Party >> dbo:ideology >> [ANS]
translate question to dbpedia path: List the cities which share the same water body as that of Florida ?,[VAR1] >> dbp:cities >> [ANS] [SEP] [VAR1] >> dbp:cities >> dbr:Florida [SEP] [VAR1] >> rdf:type >> dbo:BodyOfWater
translate question to dbpedia path: What is common between genre of battle chess and purpose of New Zealand Chess ?,dbr:Battle_Chess >> dbp:genre >> [ANS] [SEP] dbr:New_Zealand_Chess_Federation >> dbp:purpose >> [ANS]
translate question to dbpedia path: Is GIMP written in C?,ASK >> dbr:GIMP >> dbo:programmingLanguage >> dbr:C_(programming_language)
translate question to dbpedia path: Who is relative of the people died in Bergen-Belsen concentration camp ?,[VAR1] >> dbo:relative >> [ANS] [SEP] [VAR1] >> dbp:deathPlace >> dbr:Bergen-Belsen_concentration_camp
translate question to dbpedia path: In which state can I find Burr Truss styled bridges?,[VAR1] >> dbo:state >> [ANS] [SEP] [VAR1] >> dbp:style >> dbr:Burr_Truss [SEP] [VAR1] >> rdf:type >> dbo:Bridge
translate question to dbpedia path: Which info. appliance is manufactured by Asus and is the predecessor of PS 2?,[ANS] >> dbo:manufacturer >> dbr:Asus [SEP] [ANS] >> dbp:predecessor >> dbr:PlayStation_2 [SEP] [ANS] >> rdf:type >> dbo:InformationAppliance
translate question to dbpedia path: Which cover artist of the The Adventures of Tom Sawyer also the source of inspiration of The Appple Tree ?,dbr:The_Adventures_of_Tom_Sawyer >> dbo:coverArtist >> [ANS] [SEP] dbr:The_Apple_Tree >> dbo:basedOn >> [ANS]
translate question to dbpedia path: Which university of Alexandre Tichonov is the place of death of Valentin Muratov /,dbr:Alexandre_Tichonov >> dbp:university >> [ANS] [SEP] dbr:Valentin_Muratov >> dbp:placeOfDeath >> [ANS]
translate question to dbpedia path: What kind of music is produced at the record label founded by Andre Bourgeois?,[VAR1] >> dbo:genre >> [ANS] [SEP] [VAR1] >> dbp:founder >> dbr:André_Bourgeois [SEP] [VAR1] >> rdf:type >> dbo:RecordLabel
translate question to dbpedia path: What is the place of death of the lieutenant of Frank Steunenberg?,[VAR1] >> dbp:placeOfDeath >> [ANS] [SEP] dbr:Frank_Steunenberg >> dbp:lieutenant >> [VAR1]
translate question to dbpedia path: How many titles have been won by the beauty queens which had brown hair?,COUNT >> [VAR1] >> dbp:hairColor >> dbr:Brown_hair [SEP] [VAR1] >> dbp:title >> [ANS]
translate question to dbpedia path: What are the border of High Desert (Oregon)?,dbr:High_Desert_(Oregon) >> dbo:border >> [ANS]
translate question to dbpedia path: What is the location city of Burnside Distribution Corporation ?,dbr:Burnside_Distribution_Corporation >> dbo:locationCity >> [ANS]
translate question to dbpedia path: Which country's people work in the Birdman enterprises?,[VAR1] >> dbo:institution >> dbr:Birdman_Enterprises [SEP] [VAR1] >> dbp:nationality >> [ANS] [SEP] [VAR1] >> rdf:type >> dbo:Engineer
translate question to dbpedia path: Where is Oskar Blues located ?,dbr:Oskar_Blues_Brewery >> dbp:location >> [ANS]
translate question to dbpedia path: Paul Leonard's work can be divided into how many series?,COUNT >> [VAR1] >> dbo:series >> [ANS] [SEP] [VAR1] >> dbp:author >> dbr:Paul_Leonard_(writer)
translate question to dbpedia path: Who  won the Lovelace Medal and the Norbert Wiener Award for Social and Professional Responsibility?,[ANS] >> dbp:prizes >> dbr:Lovelace_Medal [SEP] [ANS] >> dbp:prizes >> dbr:Norbert_Wiener_Award_for_Social_and_Professional_Responsibility
"translate question to dbpedia path: List the sports associated with Mariveles, Bataan?","[VAR1] >> dbo:sport >> [ANS] [SEP] [VAR1] >> dbp:city >> dbr:Mariveles,_Bataan"
translate question to dbpedia path: Which holy places did consider Pope Gregory I as a saint?,dbr:Pope_Gregory_I >> dbp:veneratedIn >> [ANS]
translate question to dbpedia path: Which incumbent of Al Gore presidential campaign wass also the president of Mike McCurry ?,"dbr:Al_Gore_presidential_campaign,_2000 >> dbo:incumbent >> [ANS] [SEP] dbr:Mike_McCurry_(press_secretary) >> dbo:president >> [ANS]"
translate question to dbpedia path: What software is developed by GNOWSYS and is licensed by Frontaccounting?,dbr:Frontaccounting >> dbo:license >> [ANS] [SEP] dbr:GNOWSYS >> dbo:developer >> [ANS]
translate question to dbpedia path: Which admin center of pulau Ujong is also the largest city of Pulau Ubin ?,dbr:Pulau_Ubin >> dbo:largestCity >> [ANS] [SEP] dbr:Pulau_Ujong >> dbo:capital >> [ANS]
translate question to dbpedia path: What is the parent company of PrivateCore?,[ANS] >> dbo:subsidiary >> dbr:PrivateCore
translate question to dbpedia path: Name the scientist whose supervisor was John Robert Woodyard and has won Norbert Wiener Award for Social and Professional Responsibility?,[ANS] >> dbp:doctoralAdvisor >> dbr:John_Robert_Woodyard [SEP] [ANS] >> dbp:prizes >> dbr:Norbert_Wiener_Award_for_Social_and_Professional_Responsibility [SEP] [ANS] >> rdf:type >> dbo:Scientist
translate question to dbpedia path: Name the river with mouth palce Essex and source place as Gloucestershire ?,[ANS] >> dbo:mouthPlace >> dbr:Essex [SEP] [ANS] >> dbo:sourcePlace >> dbr:Gloucestershire [SEP] [ANS] >> rdf:type >> dbo:River
translate question to dbpedia path: In which province was Dick Redding born?,dbr:Dick_Redding >> dbp:birthDate >> [ANS]
translate question to dbpedia path: What awards have been awarded both to Ingmar bergman and James O'Brien?,dbr:Ingmar_Bergman >> dbp:awards >> [ANS] [SEP] dbr:James_F._O'Brien >> dbo:award >> [ANS]
translate question to dbpedia path: Count the number of characters of the play whose one of the character is Catwoman ?,COUNT >> [VAR1] >> dbp:characters >> [ANS] [SEP] [VAR1] >> dbp:characters >> dbr:Catwoman
translate question to dbpedia path: Where else did the graduates of the university of west indies study?,[VAR1] >> dbo:institution >> dbr:University_of_the_West_Indies [SEP] [VAR1] >> dbp:almaMater >> [ANS]
translate question to dbpedia path: Does NOAAS Davidson (S 331) have a homeport in Seattle?,ASK >> dbr:NOAAS_Davidson_(S_331) >> dbo:homeport >> dbr:Seattle
translate question to dbpedia path: List down the schools whose mascot is an animal from the order of Even toed Ungulates?,[ANS] >> dbp:programmingLanguage >> [VAR1] [SEP] [ANS] >> rdf:type >> dbo:School [SEP] [VAR1] >> dbp:designer >> dbr:Bjarne_Stroustrup
translate question to dbpedia path: Count the number of cities on the Mediterranean Sea?,COUNT >> dbr:Mediterranean_Sea >> dbp:cities >> [ANS]
translate question to dbpedia path: What non fiction subjects are covered in books by Doubleday publishers?,[VAR1] >> dbo:nonFictionSubject >> [ANS] [SEP] [VAR1] >> dbo:publisher >> dbr:Doubleday_(publisher) [SEP] [VAR1] >> rdf:type >> dbo:Book
translate question to dbpedia path: Name the death location of Judson Huss ?,dbr:Judson_Huss >> dbp:deathPlace >> [ANS]
translate question to dbpedia path: What are the movies whose musicians's home town is Volos?,[ANS] >> dbp:music >> [VAR1] [SEP] [ANS] >> rdf:type >> dbo:Film [SEP] [VAR1] >> dbo:hometown >> dbr:Volos
translate question to dbpedia path: What is the affiliation of tani University ?,dbr:Ōtani_University >> dbp:affiliation >> [ANS]
translate question to dbpedia path: What is the base currency of Benelux ?,dbr:Benelux >> dbp:currency >> [ANS]
translate question to dbpedia path: What foundation palce of Temenos Group is the death palce of jerzy Jzef Poocki ?,dbr:Jerzy_Józef_Potocki >> dbp:placeOfDeath >> [ANS] [SEP] dbr:Temenos_Group >> dbp:foundation >> [ANS]
translate question to dbpedia path: Give me a count of the services by the company which provides Data center as the services ?,COUNT >> [VAR1] >> dbp:services >> [ANS] [SEP] [VAR1] >> dbp:services >> dbr:Data_center_services
translate question to dbpedia path: Who discovered Europa and Callisto?,dbr:Callisto_(moon) >> dbo:discoverer >> [ANS] [SEP] dbr:Europa_(moon) >> dbp:discoverer >> [ANS]
translate question to dbpedia path: Which company offer service of Outlook.com and OneDrive?,[ANS] >> dbp:services >> dbr:OneDrive [SEP] [ANS] >> dbp:services >> dbr:Outlook.com [SEP] [ANS] >> rdf:type >> dbo:Company
translate question to dbpedia path: Scientists at the University of Queensland have won which awards?,[VAR1] >> dbo:almaMater >> dbr:University_of_Queensland [SEP] [VAR1] >> dbp:awards >> [ANS] [SEP] [VAR1] >> rdf:type >> dbo:Scientist
translate question to dbpedia path: Which body governs over the place made by the chumash people?,[VAR1] >> dbo:governingBody >> [ANS] [SEP] [VAR1] >> dbp:architect >> dbr:Chumash_people [SEP] [VAR1] >> rdf:type >> dbo:Place
translate question to dbpedia path: What is the religion of the ethnic group to which the relatives of Waxiang people belong?,[VAR1] >> dbo:religion >> [ANS] [SEP] [VAR1] >> rdf:type >> dbo:EthnicGroup [SEP] dbr:Waxiang_people >> dbp:related >> [VAR1]
translate question to dbpedia path: Did Alexander Magleby study at the Dartmouth College?,ASK >> dbr:Alexander_Magleby >> dbo:university >> dbr:Dartmouth_College
"translate question to dbpedia path: Name the office holder whose constituency is Noe Valley, San Francisco and belongs to military unit USS Kittiwake (ASR-13)?","[ANS] >> dbo:militaryUnit >> dbr:USS_Kittiwake_(ASR-13) [SEP] [ANS] >> dbp:constituency >> dbr:Noe_Valley,_San_Francisco [SEP] [ANS] >> rdf:type >> dbo:OfficeHolder"
translate question to dbpedia path: Where is the south shore plaza located?,dbr:South_Shore_Plaza >> dbp:address >> [ANS]
"translate question to dbpedia path: What are the resting places of the associates of John Betts a, Connecticut politician?",[VAR1] >> dbo:restingPlace >> [ANS] [SEP] dbr:John_Betts_(Connecticut_politician) >> dbo:associate >> [VAR1]
translate question to dbpedia path: Waddy wachtel did the music for what movies?,[ANS] >> dbp:music >> dbr:Waddy_Wachtel [SEP] [ANS] >> rdf:type >> dbo:Film
translate question to dbpedia path: Was the  2d Command and Control Squadron barracked in Colorado?,ASK >> dbr:2d_Command_and_Control_Squadron >> dbo:garrison >> dbr:Colorado
translate question to dbpedia path: Whose military unit is 39th infantry regiment in 1812?,[ANS] >> dbo:militaryUnit >> dbr:39th_Infantry_Regiment_(War_of_1812)
translate question to dbpedia path: Which boarder country of Korean Peninsula was the state of Sodagreen ?,dbr:Korean_Peninsula >> dbo:border >> [ANS] [SEP] dbr:Sodagreen >> dbo:country >> [ANS]
translate question to dbpedia path: Spanish harlem incident was composed by whom ?,dbr:Spanish_Harlem_Incident >> dbo:composer >> [ANS]
translate question to dbpedia path: What sports are played at universities affiliated by States Colleges and Universities athletic association?,[VAR1] >> dbo:affiliation >> dbr:State_Colleges_and_Universities_Athletic_Association [SEP] [VAR1] >> dbo:sport >> [ANS] [SEP] [VAR1] >> rdf:type >> dbo:University
translate question to dbpedia path: EU Broadcasting Union is the owner of the distributor of what?,[ANS] >> dbo:distributor >> [VAR1] [SEP] [VAR1] >> dbp:owner >> dbr:European_Broadcasting_Union
translate question to dbpedia path: How many people were drafted in the LA Clippers?,COUNT >> [ANS] >> dbp:draftTeam >> dbr:Los_Angeles_Clippers [SEP] [ANS] >> rdf:type >> dbo:Person
translate question to dbpedia path: Who is the musical artist worked for labels Celluloid Records and Victor Entertainment?,[ANS] >> dbp:label >> dbr:Celluloid_Records [SEP] [ANS] >> dbp:label >> dbr:Victor_Entertainment [SEP] [ANS] >> rdf:type >> dbo:MusicalArtist
translate question to dbpedia path: Which founding cities of Young Americans Bank is also the location of Denver Broncos ?,dbr:Denver_Broncos >> dbo:locationCity >> [ANS] [SEP] dbr:Young_Americans_Bank >> dbp:foundation >> [ANS]
translate question to dbpedia path: Which famous physicist was academically advised by Benjamin Pulleyn?,[ANS] >> dbo:academicAdvisor >> dbr:Benjamin_Pulleyn [SEP] [ANS] >> rdf:type >> dbo:Scientist
translate question to dbpedia path: Which prospect team of Robin Kovacs is the draft team of Bob MacMillan ?,dbr:Bob_MacMillan >> dbp:draftTeam >> [ANS] [SEP] dbr:Robin_Kovacs >> dbp:prospectTeam >> [ANS]
translate question to dbpedia path: Terry Pratchett has written about how many topics?,COUNT >> [VAR1] >> dbo:nonFictionSubject >> [ANS] [SEP] [VAR1] >> dbp:author >> dbr:Terry_Pratchett
translate question to dbpedia path: Which shows theme music is composed by a band which has Larry Lalonde in it?,[ANS] >> dbp:themeMusicComposer >> [VAR1] [SEP] [ANS] >> rdf:type >> dbo:TelevisionShow [SEP] [VAR1] >> dbo:bandMember >> dbr:Larry_LaLonde
"translate question to dbpedia path: Which indian party has won the arunachal pradesh elections of 2014, and has been in the 4th legislative assembly?","dbr:Arunachal_Pradesh_Legislative_Assembly_election,_2014 >> dbp:party >> [ANS] [SEP] dbr:Fourth_Legislative_Assembly_of_Delhi >> dbp:party >> [ANS]"
translate question to dbpedia path: Who are the former partners of the figure skaters whose performance have been choreographed by Catarina Lindgren in the past?,[VAR1] >> dbo:formerChoreographer >> dbr:Catarina_Lindgren [SEP] [VAR1] >> dbo:formerPartner >> [ANS] [SEP] [VAR1] >> rdf:type >> dbo:FigureSkater
translate question to dbpedia path: In how many regions is English American spoken?,COUNT >> dbr:English_Americans >> dbp:region >> [ANS]
translate question to dbpedia path: Which baseball team is owned by Robert Nutting?,[ANS] >> dbp:owner >> dbr:Robert_Nutting [SEP] [ANS] >> rdf:type >> dbo:BaseballTeam
translate question to dbpedia path: What religion did Gamini Seneviratne follow?,dbr:Gamini_Seneviratne >> dbo:religion >> [ANS]
translate question to dbpedia path: Which fictional character is portrayed by Roger Barton (film editor)?,[ANS] >> dbp:portrayer >> dbr:Roger_Barton_(film_editor) [SEP] [ANS] >> rdf:type >> dbo:FictionalCharacter
translate question to dbpedia path: who are all the people who have managed the England's under 20 soccer team?,[ANS] >> dbo:managerClub >> dbr:England_national_under-20_football_team
"translate question to dbpedia path: Give the name of the river with source place as Australian Alps and has mouth place as Goolwa , a place in Siyuth Australia ?","[ANS] >> dbo:mouthPlace >> dbr:Goolwa,_South_Australia [SEP] [ANS] >> dbo:sourcePlace >> dbr:Australian_Alps [SEP] [ANS] >> rdf:type >> dbo:River"
translate question to dbpedia path: Where were the doctoral students of James Langer born?,[VAR1] >> dbp:placeOfBirth >> [ANS] [SEP] dbr:James_S._Langer >> dbo:doctoralStudent >> [VAR1]
translate question to dbpedia path: Who has military branches are Colonial troops and Continental Army?,[ANS] >> dbo:militaryBranch >> dbr:Colonial_troops [SEP] [ANS] >> dbo:militaryBranch >> dbr:Continental_Army
translate question to dbpedia path: Whose shrine is in aachen cathedral?,[ANS] >> dbp:majorShrine >> dbr:Aachen_Cathedral
translate question to dbpedia path: What religions do politicians in the Korean Minjoo Party follow?,[VAR1] >> dbo:party >> dbr:Minjoo_Party_of_Korea [SEP] [VAR1] >> dbo:religion >> [ANS] [SEP] [VAR1] >> rdf:type >> dbo:OfficeHolder
translate question to dbpedia path: What are the other band members of the band one of whose current member is Robert De Niro?,[VAR1] >> dbo:bandMember >> [ANS] [SEP] [VAR1] >> dbp:currentMembers >> dbr:Robert_De_Niro [SEP] [VAR1] >> rdf:type >> dbo:Band
translate question to dbpedia path: Which peak was first scaled by Krzysztof Wielicki?,[ANS] >> dbo:firstAscentPerson >> dbr:Krzysztof_Wielicki
translate question to dbpedia path: Give me the total number of Guests of the television episodes whose one of the  Guests is Michael Cristofer?,COUNT >> [VAR1] >> dbp:guests >> [ANS] [SEP] [VAR1] >> dbp:guests >> dbr:Michael_Cristofer
translate question to dbpedia path: How many factions were fighting in the wars where Blue Jacket was a commander?,COUNT >> [VAR1] >> dbp:combatant >> [ANS] [SEP] [VAR1] >> dbp:commander >> dbr:Blue_Jacket
translate question to dbpedia path: who was the president under which Joe Purcell is a lieutenant?,[ANS] >> dbo:lieutenant >> dbr:Joe_Purcell
"translate question to dbpedia path: Which headcoach of Marquette Golden Eagles men's basketball team, 2008-09 was also the coach of Marquette Golden Eagles team ?",dbr:2008–09_Marquette_Golden_Eagles_men's_basketball_team >> dbp:headcoach >> [ANS] [SEP] dbr:2013–14_Marquette_Golden_Eagles_men's_basketball_team >> dbo:coach >> [ANS]
translate question to dbpedia path: List the state of the universities whose nation is United States ?,[VAR1] >> dbo:country >> dbr:United_States [SEP] [VAR1] >> dbo:state >> [ANS] [SEP] [VAR1] >> rdf:type >> dbo:University
translate question to dbpedia path: What city is the place of birth of Alexander Morozevich which is also the official residence of Dmitri Nossov ?,dbr:Alexander_Morozevich >> dbo:birthPlace >> [ANS] [SEP] dbr:Dmitri_Nossov >> dbp:residence >> [ANS]
translate question to dbpedia path: What is the television show whose executive producer is Steven Peterman?,[ANS] >> dbp:executiveProducer >> dbr:Steven_Peterman [SEP] [ANS] >> rdf:type >> dbo:TelevisionShow
translate question to dbpedia path: Which military battles are associated with Israel?,[ANS] >> dbo:place >> dbr:Israel [SEP] [ANS] >> rdf:type >> dbo:MilitaryConflict
translate question to dbpedia path: What are some magazines whose publishers are themselves Rock and Roll Hall of Fame members?,[ANS] >> dbo:publisher >> [VAR1] [SEP] [ANS] >> rdf:type >> dbo:Magazine [SEP] [VAR1] >> dbo:award >> dbr:Rock_and_Roll_Hall_of_Fame
translate question to dbpedia path: What are the veneration of the one for which there's a major shrine in Hebron?,[VAR1] >> dbp:majorShrine >> dbr:Hebron [SEP] [VAR1] >> dbp:veneratedIn >> [ANS]
translate question to dbpedia path: What is the home town of the band which is the artist of Your Ice Cream's Dirty ?,[VAR1] >> dbo:hometown >> [ANS] [SEP] [VAR1] >> rdf:type >> dbo:Band [SEP] dbr:Your_Ice_Cream's_Dirty >> dbp:artist >> [VAR1]
translate question to dbpedia path: Who is the chancellor of the university which affiliates the Dartington College of Arts?,[VAR1] >> dbp:affiliations >> dbr:Dartington_College_of_Arts [SEP] [VAR1] >> dbp:chancellor >> [ANS] [SEP] [VAR1] >> rdf:type >> dbo:University
translate question to dbpedia path: What is the nationality of Sune Agerschou ?,dbr:Sune_Agerschou >> dbo:nationality >> [ANS]
translate question to dbpedia path: What is the PLACE OF DEATH of Charles Gordon (artist) ?,dbr:Charles_Gordon_(artist) >> dbp:placeOfDeath >> [ANS]
translate question to dbpedia path: Namt the fields of Paul Demiville ?,dbr:Paul_Demiéville >> dbp:fields >> [ANS]
translate question to dbpedia path: Which battle is Jim Jones associated with to which Allen Boyd is also associated ?,dbr:Allen_Boyd >> dbp:battles >> [ANS] [SEP] dbr:Jim_Jones_(judge) >> dbo:battle >> [ANS]
translate question to dbpedia path: Who all have been canonized by Pope Paul VI,[ANS] >> dbp:canonizedBy >> dbr:Pope_Paul_VI
translate question to dbpedia path: Where is the tombstone of the congressman who died in the McLean hospital?,[VAR1] >> dbo:deathPlace >> dbr:McLean_Hospital [SEP] [VAR1] >> dbp:restingplace >> [ANS] [SEP] [VAR1] >> rdf:type >> dbo:Congressman
translate question to dbpedia path: What is written in a programming language developed by GNOME Project?,[ANS] >> dbp:programmingLanguage >> [VAR1] [SEP] [VAR1] >> dbp:developer >> dbr:The_GNOME_Project
translate question to dbpedia path: Which race is the  Best Mate is also the race of the Martin Molony?,dbr:Best_Mate >> dbp:race >> [ANS] [SEP] dbr:Martin_Molony >> dbo:race >> [ANS]
translate question to dbpedia path: Where is the building located whose architect was Francis Palmer Smith?,[VAR1] >> dbo:architect >> dbr:Francis_Palmer_Smith [SEP] [VAR1] >> dbp:address >> [ANS] [SEP] [VAR1] >> rdf:type >> dbo:Building
translate question to dbpedia path: Who operates the bridges designed by Malaysian PWD?,[VAR1] >> dbo:maintainedBy >> [ANS] [SEP] [VAR1] >> dbp:designer >> dbr:Malaysian_Public_Works_Department [SEP] [VAR1] >> rdf:type >> dbo:Bridge
translate question to dbpedia path: Where was the person born whose successor was Le Hong Phong?,[VAR1] >> dbp:birthPlace >> [ANS] [SEP] [VAR1] >> dbp:successor >> dbr:Lê_Hồng_Phong
translate question to dbpedia path: In which race did Coneygree the racehorse and Fergie Sutherland the horse trainer participate?,dbr:Coneygree >> dbp:race >> [ANS] [SEP] dbr:Fergie_Sutherland >> dbp:race >> [ANS]
translate question to dbpedia path: List all important people of the non profit organization which has Hilary Clinton as a key person ?,[VAR1] >> dbp:keyPeople >> [ANS] [SEP] [VAR1] >> dbp:keyPeople >> dbr:Hillary_Clinton [SEP] [VAR1] >> rdf:type >> dbo:Non-ProfitOrganisation
translate question to dbpedia path: List the school of Bobby Skinstad?,dbr:Bobby_Skinstad >> dbp:school >> [ANS]
translate question to dbpedia path: Was Lionel Messi a member  of the 2009 FIFA World Cup squads?,ASK >> dbr:2009_FIFA_Club_World_Cup_squads >> dbo:currentMember >> dbr:Lionel_Messi
translate question to dbpedia path: Was Writings and Drawings illustrated by Bob Dylan?,ASK >> dbr:Writings_and_Drawings >> dbp:illustrator >> dbr:Bob_Dylan
translate question to dbpedia path: Count all the universities who participated in the tournament won by Alabama Crimson Tides in 2015 ?,COUNT >> [ANS] >> dbp:athletics >> [VAR1] [SEP] [ANS] >> rdf:type >> dbo:University [SEP] [VAR1] >> dbp:champion >> dbr:2015_Alabama_Crimson_Tide_football_team
translate question to dbpedia path: Was the Lotuspool Records distributed by Napster?,ASK >> dbr:Lotuspool_Records >> dbo:distributingLabel >> dbr:Napster
"translate question to dbpedia path: List the base currency of the country whose anthem is Oj, svijetla majska zoro.","[VAR1] >> dbo:anthem >> dbr:Oj,_svijetla_majska_zoro [SEP] [VAR1] >> dbp:currency >> [ANS]"
translate question to dbpedia path: What magazine is Marritt Cabal known for which has Lucifer Hammer as publisher ?,dbr:Lucifer's_Hammer >> dbo:publisher >> [ANS] [SEP] dbr:Merritt_Cabal >> dbo:knownFor >> [ANS]
translate question to dbpedia path: Name the parent company of Ford Falcon Cobra ?,dbr:Ford_Falcon_Cobra >> dbo:parentCompany >> [ANS]
translate question to dbpedia path: How many players are in the San Francisco Giants?,COUNT >> [ANS] >> dbo:team >> dbr:San_Francisco_Giants [SEP] [ANS] >> rdf:type >> dbo:Athlete
translate question to dbpedia path: Which place of Geography Club is the location of Seattle Great Wheel ?,dbr:Geography_Club_(play) >> dbp:place >> [ANS] [SEP] dbr:Seattle_Great_Wheel >> dbp:locationTown >> [ANS]
translate question to dbpedia path: How many races has Best Mate won?,COUNT >> dbr:Best_Mate >> dbp:race >> [ANS]
translate question to dbpedia path: Which governor of Charles Willing had a child named John Scott ?,[ANS] >> dbo:child >> dbr:John_Scott_Harrison [SEP] [ANS] >> dbo:governor >> dbr:Charles_Willing_Byrd
translate question to dbpedia path: List the relatives of Lyubov Dostoyevskaya ?,dbr:Lyubov_Dostoyevskaya >> dbp:relatives >> [ANS]
translate question to dbpedia path: What is the military rank of the important commander of Peruvian Army?,[VAR1] >> dbo:militaryRank >> [ANS] [SEP] dbr:Peruvian_Army >> dbo:notableCommander >> [VAR1]
translate question to dbpedia path: Do the west coast airlines fly to seattle?,ASK >> dbr:West_Coast_Airlines >> dbo:targetAirport >> dbr:Seattle
"translate question to dbpedia path: Which units are garrisoned at Arlington County, Virginia?","[ANS] >> dbo:garrison >> dbr:Arlington_County,_Virginia"
translate question to dbpedia path: In how many different places have ehtics philosophers died?,COUNT >> [ANS] >> rdf:type >> dbo:Place [SEP] [VAR1] >> dbp:mainInterests >> dbr:Ethics [SEP] [VAR1] >> dbp:placeOfDeath >> [ANS]
translate question to dbpedia path: Who is the fictional character who starred in The Dognapper?,[ANS] >> dbo:voice >> dbr:The_Dognapper [SEP] [ANS] >> rdf:type >> dbo:FictionalCharacter
translate question to dbpedia path: Who is the developer of Dart (programming language) ?,dbr:Dart_(programming_language) >> dbp:developer >> [ANS]
translate question to dbpedia path: Which house has published books about Jazz?,[VAR1] >> dbo:nonFictionSubject >> dbr:Jazz [SEP] [VAR1] >> dbo:publisher >> [ANS] [SEP] [VAR1] >> rdf:type >> dbo:Book
translate question to dbpedia path: Which person naratted The Incredible Hulk and also the writer of Tales of Suspense ?,dbr:Tales_of_Suspense >> dbp:writers >> [ANS] [SEP] dbr:The_Incredible_Hulk_(1982_TV_series) >> dbp:narrated >> [ANS]
translate question to dbpedia path: Who are the parents of writers born and bred in Buckinghamshire?,[VAR1] >> dbo:parent >> [ANS] [SEP] [VAR1] >> dbp:homeTown >> dbr:Buckinghamshire [SEP] [VAR1] >> rdf:type >> dbo:Writer
translate question to dbpedia path: List down the common sports played by PATTS College of Aeronautics and lytechnic University of the Philippines Taguig ?,dbr:PATTS_College_of_Aeronautics >> dbp:athletics >> [ANS] [SEP] dbr:Polytechnic_University_of_the_Philippines_Taguig >> dbo:sport >> [ANS]
translate question to dbpedia path: How many companies have built concrete bridges?,COUNT >> [VAR1] >> dbo:builder >> [ANS] [SEP] [VAR1] >> dbp:material >> dbr:Concrete
translate question to dbpedia path: How many movies have been directed by almunies of Parsons School of Design?,COUNT >> [ANS] >> dbo:director >> [VAR1] [SEP] [ANS] >> rdf:type >> dbo:Film [SEP] [VAR1] >> dbp:education >> dbr:Parsons_School_of_Design
translate question to dbpedia path: Count the number of  sport played by the school which also plays Association football ?,COUNT >> [VAR1] >> dbo:sport >> [ANS] [SEP] [VAR1] >> dbo:sport >> dbr:Association_football
translate question to dbpedia path: Which countries militaries fought the SFOR battle?,[VAR1] >> dbo:battle >> [ANS] [SEP] [VAR1] >> dbp:battles >> dbr:SFOR [SEP] [VAR1] >> rdf:type >> dbo:MilitaryPerson
translate question to dbpedia path: List the people died in Hyderabad and are a member of political party ?,[VAR1] >> dbo:deathPlace >> dbr:Hyderabad [SEP] [VAR1] >> dbo:party >> [ANS]
"translate question to dbpedia path: What is the american football league whose champion is from Kansas City, Missouri?","[ANS] >> dbp:champion >> [VAR1] [SEP] [ANS] >> rdf:type >> dbo:AmericanFootballLeague [SEP] [VAR1] >> dbp:city >> dbr:Kansas_City,_Missouri"
translate question to dbpedia path: How many thesis were supervised by Ernest Rutherford?,COUNT >> [ANS] >> dbo:doctoralAdvisor >> dbr:Ernest_Rutherford
"translate question to dbpedia path: Who is the publisher of the comic, one of whose authors is Kentaro Takekuma ?",[VAR1] >> dbp:publisher >> [ANS] [SEP] [VAR1] >> dbp:writers >> dbr:Kentaro_Takekuma [SEP] [VAR1] >> rdf:type >> dbo:Comic
translate question to dbpedia path: List the scientists whose doctoral advisor is Ernest Rutherford and are known for Manhattan Project?,[ANS] >> dbo:doctoralAdvisor >> dbr:Ernest_Rutherford [SEP] [ANS] >> dbp:knownFor >> dbr:Manhattan_Project [SEP] [ANS] >> rdf:type >> dbo:Scientist
translate question to dbpedia path: Where is the garrison of Western Naval Command ?,dbr:Western_Naval_Command >> dbp:garrison >> [ANS]
translate question to dbpedia path: What is the political party of the of Bengalis ?,[VAR1] >> dbo:ethnicity >> dbr:Bengalis [SEP] [VAR1] >> dbo:party >> [ANS]
translate question to dbpedia path: Was John of Damascus canonized by Anglican Communion?,ASK >> dbr:John_of_Damascus >> dbp:canonizedBy >> dbr:Anglican_Communion
translate question to dbpedia path: Which city's mayor is married to Jean Marc Germain?,[ANS] >> dbp:mayor >> [VAR1] [SEP] [VAR1] >> dbp:spouse >> dbr:Jean-Marc_Germain
translate question to dbpedia path: Which person's successor is Samsu-iluna?,[ANS] >> dbo:successor >> dbr:Samsu-iluna [SEP] [ANS] >> rdf:type >> dbo:Person
translate question to dbpedia path: Where do the sister stations of Al Khaleejiya 100.9 play?,[VAR1] >> dbp:location >> [ANS] [SEP] [VAR1] >> dbp:sisterStations >> dbr:Al_Khaleejiya_100.9
translate question to dbpedia path: Name the sports played by Jamiatu Muslim Mindanao?,dbr:Jamiatu_Muslim_Mindanao >> dbo:athletics >> [ANS]
translate question to dbpedia path: Was X the Unknown edited by James needs?,ASK >> dbr:X_the_Unknown >> dbo:editing >> dbr:James_Needs
translate question to dbpedia path: List the party of the office holder which also has the affiliation with Congress Socialist party ?,[VAR1] >> dbo:otherParty >> [ANS] [SEP] [VAR1] >> dbo:otherParty >> dbr:Congress_Socialist_Party [SEP] [VAR1] >> rdf:type >> dbo:OfficeHolder
translate question to dbpedia path: What is the nickname of the city where Tuba Dei lives?,[VAR1] >> dbp:nickname >> [ANS] [SEP] dbr:Tuba_Dei >> dbp:city >> [VAR1]
translate question to dbpedia path: From how many different places did the weapons used in the American Indian wars originate?,COUNT >> [ANS] >> rdf:type >> dbo:Place [SEP] [VAR1] >> dbo:usedInWar >> dbr:American_Indian_Wars [SEP] [VAR1] >> dbp:origin >> [ANS]
translate question to dbpedia path: Name the office holder whose alma mater is Harvard-Westlake School and resting place is Alta Mesa Memorial Park?,[ANS] >> dbo:almaMater >> dbr:Harvard-Westlake_School [SEP] [ANS] >> dbp:restingPlace >> dbr:Alta_Mesa_Memorial_Park [SEP] [ANS] >> rdf:type >> dbo:OfficeHolder
translate question to dbpedia path: Which company developed Google Web Toolkit and Google custom search?,dbr:Google_Custom_Search >> dbo:author >> [ANS] [SEP] dbr:Google_Web_Toolkit >> dbo:author >> [ANS]
translate question to dbpedia path: Name the rive whose mouth is located in Limerick and location is Dowra?,[ANS] >> dbp:mouthLocation >> dbr:Limerick [SEP] [ANS] >> dbp:sourceLocation >> dbr:Dowra [SEP] [ANS] >> rdf:type >> dbo:River
translate question to dbpedia path: How many sports are played in maharashtran schools?,COUNT >> [ANS] >> rdf:type >> dbo:Sport [SEP] [VAR1] >> dbo:sport >> [ANS] [SEP] [VAR1] >> dbp:state >> dbr:Maharashtra
translate question to dbpedia path: What is the citizenship of Ren Romano ?,dbr:René_Romano >> dbp:citizenship >> [ANS]
translate question to dbpedia path: Which magazine's publisher is Jann Wenner and founded by Ralph J. Gleason?,[ANS] >> dbo:founder >> dbr:Ralph_J._Gleason [SEP] [ANS] >> dbo:publisher >> dbr:Jann_Wenner [SEP] [ANS] >> rdf:type >> dbo:Magazine
translate question to dbpedia path: Where did chancellor served by Rudolf Kirchschlger die?,[VAR1] >> dbo:deathPlace >> [ANS] [SEP] dbr:Rudolf_Kirchschläger >> dbp:chancellor >> [VAR1]
translate question to dbpedia path: How many owners owned the clubs participating in the Premier leagues of '14?,COUNT >> [VAR1] >> dbo:season >> dbr:2014–15_Premier_League [SEP] [VAR1] >> dbp:owner >> [ANS]
"translate question to dbpedia path: How many people live in the Beverly Hills, California?","COUNT >> [ANS] >> dbo:residence >> dbr:Beverly_Hills,_California [SEP] [ANS] >> rdf:type >> dbo:Person"
translate question to dbpedia path: Name some islands in a pacific archipelago?,[ANS] >> dbp:archipelago >> [VAR1] [SEP] [ANS] >> rdf:type >> dbo:Island [SEP] [VAR1] >> dbp:location >> dbr:Pacific_Ocean
"translate question to dbpedia path: For how many movies have the music composer composed music, who have collaborated with Yes ?",COUNT >> [ANS] >> dbo:musicComposer >> [VAR1] [SEP] [ANS] >> rdf:type >> dbo:Film [SEP] [VAR1] >> dbo:associatedMusicalArtist >> dbr:Yes_(band)
translate question to dbpedia path: Name the driver who had a pole finish in 1989 Portuguese Grand Prix ?,dbr:1989_Portuguese_Grand_Prix >> dbo:poleDriver >> [ANS]
translate question to dbpedia path: Jeff Munn is the president of which basketball team ?,[ANS] >> dbp:president >> dbr:Jeff_Munn [SEP] [ANS] >> rdf:type >> dbo:BasketballTeam
"translate question to dbpedia path: In how many areas do the networks broadcast, which also broadcasts in North Carolina?",COUNT >> [ANS] >> rdf:type >> dbo:Place [SEP] [VAR1] >> dbo:broadcastArea >> dbr:North_Carolina [SEP] [VAR1] >> dbp:area >> [ANS]
translate question to dbpedia path: Name the sovereign state of Wallington railway station ?,dbr:Wallington_railway_station >> dbo:country >> [ANS]
translate question to dbpedia path: Which terrotory of Tonkin campaign also the death bed of Thophane Vnard ?,dbr:Théophane_Vénard >> dbo:deathPlace >> [ANS] [SEP] dbr:Tonkin_Campaign >> dbo:territory >> [ANS]
translate question to dbpedia path: Where does the Giannis Alafouzos originate?,dbr:Giannis_Alafouzos >> dbo:stateOfOrigin >> [ANS]
translate question to dbpedia path: What is the death place of the Elbieta Czartoryska which is also place of birth of the Charles Journet,dbr:Charles_Journet >> dbo:birthPlace >> [ANS] [SEP] dbr:Elżbieta_Czartoryska_(1905–1989) >> dbp:deathPlace >> [ANS]
translate question to dbpedia path: What mammals fall into the biological family Canidae?,[ANS] >> dbo:family >> dbr:Canidae [SEP] [ANS] >> rdf:type >> dbo:Mammal
translate question to dbpedia path: what region is governed by Mario Olivero?,[ANS] >> dbp:leader >> dbr:Mario_Oliverio
translate question to dbpedia path: Whihc party of the Mizoram Legislative Assembly is the government type of kumta ?,dbr:Kumta >> dbo:governmentType >> [ANS] [SEP] dbr:Mizoram_Legislative_Assembly >> dbp:party >> [ANS]
translate question to dbpedia path: What sports can be played in institutions in Bataan?,[VAR1] >> dbo:sport >> [ANS] [SEP] [VAR1] >> dbp:province >> dbr:Bataan
translate question to dbpedia path: What is the total number of regions served by the companies which also serves Australia?,COUNT >> [VAR1] >> dbo:regionServed >> [ANS] [SEP] [VAR1] >> dbo:regionServed >> dbr:Australia
translate question to dbpedia path: What tv series can be said to be related to the sarah jane adventure and dr who confidential?,[ANS] >> dbo:related >> dbr:Doctor_Who_Confidential [SEP] [ANS] >> dbo:related >> dbr:The_Sarah_Jane_Adventures
translate question to dbpedia path: Which route junction of the Rhode Island Route 15 is the place of birth of the Michael Poulin?,dbr:Michael_Poulin >> dbp:placeOfBirth >> [ANS] [SEP] dbr:Rhode_Island_Route_15 >> dbo:routeJunction >> [ANS]
translate question to dbpedia path: What is the birth city of the Salford City F.C players ?,[VAR1] >> dbo:birthPlace >> [ANS] [SEP] [VAR1] >> dbo:team >> dbr:Salford_City_F.C. [SEP] [VAR1] >> rdf:type >> dbo:SoccerPlayer
translate question to dbpedia path: What is the birthplace of Liudmila Privivkova and Qadir Huseynov ?,dbr:Liudmila_Privivkova >> dbo:birthPlace >> [ANS] [SEP] dbr:Qadir_Huseynov >> dbo:birthPlace >> [ANS]
translate question to dbpedia path: Who are the maintainers of the bridges which cross the pandaruan river?,[VAR1] >> dbo:crosses >> dbr:Pandaruan_River [SEP] [VAR1] >> dbo:maintainedBy >> [ANS] [SEP] [VAR1] >> rdf:type >> dbo:Bridge
translate question to dbpedia path: Who has official residences at Colts Neck Township and Beverly Hills?,"[ANS] >> dbo:residence >> dbr:Beverly_Hills,_California [SEP] [ANS] >> dbo:residence >> dbr:Colts_Neck_Township,_New_Jersey"
translate question to dbpedia path: List the area of radio stations whose sister station is WBCQ-FM?,[VAR1] >> dbp:area >> [ANS] [SEP] dbr:WBCQ-FM >> dbp:sisterStations >> [VAR1]
translate question to dbpedia path: Which school did Robbie Diack attend?,dbr:Robbie_Diack >> dbp:school >> [ANS]
"translate question to dbpedia path: List the alma mater of the congressmen who attended Nashville, Tennessee ?","[VAR1] >> dbo:almaMater >> [ANS] [SEP] [VAR1] >> dbp:almaMater >> dbr:Nashville,_Tennessee [SEP] [VAR1] >> rdf:type >> dbo:Congressman"
translate question to dbpedia path: What is the broadcast area of CFRX ?,dbr:CFRX >> dbo:broadcastArea >> [ANS]
translate question to dbpedia path: Who developed games based on the Cars series?,[VAR1] >> dbo:developer >> [ANS] [SEP] [VAR1] >> dbp:series >> dbr:Cars_(film) [SEP] [VAR1] >> rdf:type >> dbo:VideoGame
translate question to dbpedia path: What are the american football players whose former team's coach is Jason Maas?,[ANS] >> dbo:formerTeam >> [VAR1] [SEP] [ANS] >> rdf:type >> dbo:AmericanFootballPlayer [SEP] [VAR1] >> dbp:coach >> dbr:Jason_Maas
translate question to dbpedia path: Which hub of Cascade Airways is also the resting place of Brandon Lee ?,dbr:Brandon_Lee >> dbo:restingPlace >> [ANS] [SEP] dbr:Cascade_Airways >> dbp:hubs >> [ANS]
translate question to dbpedia path: How many companies have manufactured the rockets launched from the Cape Canaveral Air Force Station?,COUNT >> [VAR1] >> dbo:launchSite >> dbr:Cape_Canaveral_Air_Force_Station [SEP] [VAR1] >> dbo:manufacturer >> [ANS]
translate question to dbpedia path: What is the sea connected to Kaliningrad and Gdask?,[ANS] >> dbp:cities >> dbr:Gdańsk [SEP] [ANS] >> dbp:cities >> dbr:Kaliningrad [SEP] [ANS] >> rdf:type >> dbo:Sea
translate question to dbpedia path: Name the agency of Election Commission of Thailand ?,dbr:Election_Commission_of_Thailand >> dbp:agencyName >> [ANS]
translate question to dbpedia path: In which country did the planes designed by Ursula Hanle originate?,[VAR1] >> dbp:designer >> dbr:Ursula_Hänle [SEP] [VAR1] >> dbp:nationalOrigin >> [ANS] [SEP] [VAR1] >> rdf:type >> dbo:Aircraft
translate question to dbpedia path: what are some units udner the US department of navy?,[ANS] >> dbo:commandStructure >> dbr:United_States_Department_of_the_Navy
translate question to dbpedia path: Which destination of the Novair International Airways is also the  predecessor of the Chevrolet Caprice?,dbr:Chevrolet_Caprice >> dbo:predecessor >> [ANS] [SEP] dbr:Novair_International_Airways >> dbo:destination >> [ANS]
translate question to dbpedia path: What did other artists associated with the Shirelles make?,[VAR1] >> dbo:associatedBand >> dbr:The_Shirelles [SEP] [VAR1] >> dbo:occupation >> [ANS] [SEP] [VAR1] >> rdf:type >> dbo:Artist
translate question to dbpedia path: Which sitcoms are made by a company headquartered in NYC?,[ANS] >> dbo:company >> [VAR1] [SEP] [ANS] >> rdf:type >> dbo:TelevisionShow [SEP] [VAR1] >> dbo:headquarter >> dbr:New_York_City
translate question to dbpedia path: Name the city of Duwamish River ?,dbr:Duwamish_River >> dbo:city >> [ANS]
translate question to dbpedia path: List the children of the parent of Marvin Bush.,[VAR1] >> dbp:children >> [ANS] [SEP] dbr:Marvin_Bush >> dbo:parent >> [VAR1]
translate question to dbpedia path: List the awards received of the person whose child is Daine Disney Miller?,[VAR1] >> dbo:award >> [ANS] [SEP] [VAR1] >> dbp:children >> dbr:Diane_Disney_Miller [SEP] [VAR1] >> rdf:type >> dbo:Person
translate question to dbpedia path: In which country is the Baku puppet Theater located which is also the birth palce of Anar Salmanov ?,dbr:Anar_Salmanov >> dbp:placeOfBirth >> [ANS] [SEP] dbr:Baku_Puppet_Theatre >> dbo:locationCountry >> [ANS]
translate question to dbpedia path: List down all the cast members of Tony n' Tina's Wedding ?,dbr:Tony_n'_Tina's_Wedding >> dbp:starring >> [ANS]
translate question to dbpedia path: What is the airline company has its headquarters in Dublin Airport?,[ANS] >> dbp:headquarters >> dbr:Dublin_Airport
translate question to dbpedia path: What was the result of Operation Autumn Clouds ?,dbr:Operation_Autumn_Clouds >> dbp:result >> [ANS]
translate question to dbpedia path: Where was the Temptation Waits recorded?,dbr:Temptation_Waits >> dbo:recordedIn >> [ANS]
translate question to dbpedia path: Some movies whose screenplay is done by american born people?,[ANS] >> dbp:screenplay >> [VAR1] [SEP] [VAR1] >> dbo:birthPlace >> dbr:United_States
translate question to dbpedia path: List the relatives of clay Aiken ?,[ANS] >> dbp:relatives >> dbr:Clay_Aiken
translate question to dbpedia path: List the relatives of the children of Jon Voight ?,[VAR1] >> dbo:relative >> [ANS] [SEP] dbr:Jon_Voight >> dbp:children >> [VAR1]
translate question to dbpedia path: What is the resting place of the children of Bruce Lee ?,[VAR1] >> dbo:restingPlace >> [ANS] [SEP] dbr:Bruce_Lee >> dbp:children >> [VAR1]
translate question to dbpedia path: List the colonel with branch as Militia ?,[ANS] >> dbp:branch >> dbr:Militia [SEP] [ANS] >> dbp:rank >> dbr:Colonel_(United_States)
translate question to dbpedia path: List all areas served by the radio station serving South carolina ?,[VAR1] >> dbp:area >> [ANS] [SEP] [VAR1] >> dbp:area >> dbr:South_Carolina [SEP] [VAR1] >> rdf:type >> dbo:RadioStation
translate question to dbpedia path: Which TV show's theme was composed by a band in which Todd Huth used to perform?,[ANS] >> dbp:themeMusicComposer >> [VAR1] [SEP] [ANS] >> rdf:type >> dbo:TelevisionShow [SEP] [VAR1] >> dbo:formerBandMember >> dbr:Todd_Huth
translate question to dbpedia path: Which work is both Neil Cross and Lars Pearson both known for ?,dbr:Lars_Pearson >> dbo:notableWork >> [ANS] [SEP] dbr:Neil_Cross >> dbo:notableWork >> [ANS]
translate question to dbpedia path: What is the state of origin of Abbas Jafri ?,dbr:Abbas_Jafri >> dbo:stateOfOrigin >> [ANS]
translate question to dbpedia path: which award has been won by Claudia Moro?,dbr:Claudia_Moro >> dbp:title >> [ANS]
translate question to dbpedia path: What religion did the spouse of Richie Aprile follow?,[VAR1] >> dbo:religion >> [ANS] [SEP] dbr:Richie_Aprile >> dbp:spouse >> [VAR1]
translate question to dbpedia path: Which river has its roots in Baikal Mountains?,[ANS] >> dbo:sourceMountain >> dbr:Baikal_Mountains
translate question to dbpedia path: What is the country whose leader was once Valentina Matviyenko?,[ANS] >> dbo:leader >> dbr:Valentina_Matviyenko
translate question to dbpedia path: Is Ingo Steuer the formercoach of Stanislav Morozov?,ASK >> dbr:Stanislav_Morozov >> dbp:formercoach >> dbr:Ingo_Steuer
translate question to dbpedia path: Whose units are responsible for close air support?,[ANS] >> dbo:militaryUnit >> [VAR1] [SEP] [VAR1] >> dbp:role >> dbr:Close_air_support
translate question to dbpedia path: Which university has chancellor as Nicholas S. Zeppos?,[ANS] >> dbp:chancellor >> dbr:Nicholas_S._Zeppos [SEP] [ANS] >> rdf:type >> dbo:University
translate question to dbpedia path: Is Liang Chow the headcoach of Shawn Johnson?,ASK >> dbr:Shawn_Johnson >> dbp:headcoach >> dbr:Liang_Chow
translate question to dbpedia path: Name the key people of the non-profit organisations whose one of the key person is Lesley-Anne knight ?,[VAR1] >> dbp:keyPeople >> [ANS] [SEP] [VAR1] >> dbp:keyPeople >> dbr:Lesley-Anne_Knight
translate question to dbpedia path: What is the address of Federal Reserve Bank Building?,dbr:Federal_Reserve_Bank_Building_(Seattle) >> dbp:address >> [ANS]
translate question to dbpedia path: What are the kind of games one can play on windows?,[VAR1] >> dbo:computingPlatform >> dbr:Microsoft_Windows [SEP] [VAR1] >> dbo:genre >> [ANS] [SEP] [VAR1] >> rdf:type >> dbo:VideoGame
translate question to dbpedia path: What is the location country of the bank whose successor is Mauritius Bank ?,[VAR1] >> dbo:successor >> dbr:Mauritius_Bank [SEP] [VAR1] >> dbp:locationCountry >> [ANS] [SEP] [VAR1] >> rdf:type >> dbo:Bank
translate question to dbpedia path: Which artists have co-starred with Kris Kristofferson?,[ANS] >> dbp:associatedActs >> dbr:Kris_Kristofferson [SEP] [ANS] >> rdf:type >> dbo:Artist
translate question to dbpedia path: List the software using C++ as programming language and licence is Software as a service?,[ANS] >> dbo:license >> dbr:Software_as_a_service [SEP] [ANS] >> dbp:programmingLanguage >> dbr:C++ [SEP] [ANS] >> rdf:type >> dbo:Software
translate question to dbpedia path: Which are the major hubs of airline which operates the Menora Tunnel?,[VAR1] >> dbp:hubs >> [ANS] [SEP] [VAR1] >> rdf:type >> dbo:Airline [SEP] dbr:Menora_Tunnel >> dbp:operator >> [VAR1]
translate question to dbpedia path: List the countries through which European rout E39 and E8 passes ?,dbr:European_route_E39 >> dbo:county >> [ANS] [SEP] dbr:European_route_E8 >> dbo:county >> [ANS]
translate question to dbpedia path: Who are the writer of the singles whose music genre is Rhythm and blues ?,[VAR1] >> dbo:genre >> dbr:Rhythm_and_blues [SEP] [VAR1] >> dbo:writer >> [ANS] [SEP] [VAR1] >> rdf:type >> dbo:Single
translate question to dbpedia path: Which country does the current team of Darren McNamara belong to?,[VAR1] >> dbo:locationCountry >> [ANS] [SEP] dbr:Darren_McNamara >> dbp:currentTeam >> [VAR1]
translate question to dbpedia path: Name the mountain which belongs to Sierra Nevada range and is located in Inyo National Forest?,[ANS] >> dbo:locatedInArea >> dbr:Inyo_National_Forest [SEP] [ANS] >> dbo:mountainRange >> dbr:Sierra_Nevada_(U.S.) [SEP] [ANS] >> rdf:type >> dbo:Mountain
translate question to dbpedia path: What are the awards won by the film editor of The Search?,[VAR1] >> dbp:awards >> [ANS] [SEP] dbr:The_Search_(2014_film) >> dbo:editing >> [VAR1]
translate question to dbpedia path: Which serving railway line of the Rostov-Glavny is also the  place of birth of  Nina Vislova?,dbr:Nina_Vislova >> dbp:placeOfBirth >> [ANS] [SEP] dbr:Rostov-Glavny >> dbo:servingRailwayLine >> [ANS]
translate question to dbpedia path: Who coached the Marquette golden eagles men team in 09 to 10 and then again in 13 to 14 ?,dbr:2009–10_Marquette_Golden_Eagles_men's_basketball_team >> dbo:coach >> [ANS] [SEP] dbr:2013–14_Marquette_Golden_Eagles_men's_basketball_team >> dbo:coach >> [ANS]
translate question to dbpedia path: Give me some series related to the one which had Yasmin Paige in them.,[ANS] >> dbo:related >> [VAR1] [SEP] [ANS] >> rdf:type >> dbo:TelevisionShow [SEP] [VAR1] >> dbp:starring >> dbr:Yasmin_Paige
translate question to dbpedia path: Is James Wong Howe the cinematographer of Behave Yourself?,ASK >> dbr:Behave_Yourself! >> dbp:cinematography >> dbr:James_Wong_Howe
translate question to dbpedia path: Does Heydar mean the same as a lion?,ASK >> dbr:Heydar >> dbp:meaning >> dbr:Lion
translate question to dbpedia path: Which associate musical artist of Carolyn Dennis is also the composer of Motorpsycho Nitemare ?,dbr:Carolyn_Dennis >> dbo:associatedMusicalArtist >> [ANS] [SEP] dbr:Motorpsycho_Nitemare >> dbp:composer >> [ANS]
translate question to dbpedia path: Count the number of shows whose creators are Jerry Seinfeld and Larry David?,COUNT >> [ANS] >> dbo:creator >> dbr:Jerry_Seinfeld [SEP] [ANS] >> dbo:creator >> dbr:Larry_David
"translate question to dbpedia path: What is the state of the settlement, which is the sub assembly of Mohamedia, Tunisia ?","[VAR1] >> dbo:country >> [ANS] [SEP] dbr:Mohamedia,_Tunisia >> dbo:isPartOf >> [VAR1]"
translate question to dbpedia path: Name the rivers in the hudson highlands state parts?,dbr:Hudson_Highlands_State_Park >> dbp:river >> [ANS]
translate question to dbpedia path: How many TV shows have executive producer as Steven Moffat ?,COUNT >> [ANS] >> dbo:executiveProducer >> dbr:Steven_Moffat [SEP] [ANS] >> rdf:type >> dbo:TelevisionShow
"translate question to dbpedia path: Which office holder's military unit is USS Kittiwake  and constituency is Castro District, San Francisco ?","[ANS] >> dbo:militaryUnit >> dbr:USS_Kittiwake_(ASR-13) [SEP] [ANS] >> dbp:constituency >> dbr:Castro_District,_San_Francisco [SEP] [ANS] >> rdf:type >> dbo:OfficeHolder"
translate question to dbpedia path: Which writer of the Snaman is also the writer of Neverwher ?,dbr:Neverwhere_(radio_play) >> dbo:writer >> [ANS] [SEP] dbr:The_Sandman_(Vertigo) >> dbp:writers >> [ANS]
translate question to dbpedia path: How many relatives are there of veterans of operation Barbarossa?,COUNT >> [VAR1] >> dbo:battle >> dbr:Operation_Barbarossa [SEP] [VAR1] >> dbo:relation >> [ANS]
translate question to dbpedia path: Which famous political figures are relatives to George Madison?,dbr:George_Madison >> dbo:relation >> [ANS]
translate question to dbpedia path: Which organisation has superintendent as Lieutenant general (United States)?,[ANS] >> dbo:superintendent >> dbr:Lieutenant_general_(United_States) [SEP] [ANS] >> rdf:type >> dbo:Organisation
translate question to dbpedia path: Who all have been in bands which have recorded their work in the Electric Lady Studios?,[ANS] >> dbp:associatedActs >> [VAR1] [SEP] [ANS] >> rdf:type >> dbo:Person [SEP] [VAR1] >> dbo:recordedIn >> dbr:Electric_Lady_Studios
"translate question to dbpedia path: What religion is practiced by Hirunika Premachandra, and many others south asians in Hong Kong?",dbr:Hirunika_Premachandra >> dbp:religion >> [ANS] [SEP] dbr:South_Asians_in_Hong_Kong >> dbo:religion >> [ANS]
translate question to dbpedia path: Was Kevin Jonas a part of Jonas brothers?,ASK >> dbr:Jonas_Brothers >> dbo:formerBandMember >> dbr:Kevin_Jonas
translate question to dbpedia path: Who did the associated act which is a Peter Frampton production ?,[ANS] >> dbp:associatedActs >> [VAR1] [SEP] [VAR1] >> dbp:producer >> dbr:Peter_Frampton
translate question to dbpedia path: List the shows whose company's successor is Amblin Television.,[ANS] >> dbo:company >> [VAR1] [SEP] [ANS] >> rdf:type >> dbo:TelevisionShow [SEP] [VAR1] >> dbo:successor >> dbr:Amblin_Television
translate question to dbpedia path: How many shows are made by the channel whose predecessor was the Comedy Channel?,COUNT >> [ANS] >> dbp:network >> [VAR1] [SEP] [ANS] >> rdf:type >> dbo:TelevisionShow [SEP] [VAR1] >> dbo:predecessor >> dbr:The_Comedy_Channel_(United_States)
translate question to dbpedia path: List of people who were the first one to ascend a mountain in the Cathedral range?,[VAR1] >> dbo:firstAscentPerson >> [ANS] [SEP] [VAR1] >> dbo:mountainRange >> dbr:Cathedral_Range [SEP] [VAR1] >> rdf:type >> dbo:Mountain
translate question to dbpedia path: Give me the mascot of the military unit in which Stewart Bovell served?,[VAR1] >> dbp:mascot >> [ANS] [SEP] [VAR1] >> rdf:type >> dbo:MilitaryUnit [SEP] dbr:Stewart_Bovell >> dbo:militaryBranch >> [VAR1]
translate question to dbpedia path: Which company owns GetTV and Hypnotize minds ?,dbr:GetTV >> dbp:parent >> [ANS] [SEP] dbr:Hypnotize_Minds >> dbp:parent >> [ANS]
translate question to dbpedia path: In which wars did commanders born in Indochina fight?,[ANS] >> dbo:commander >> [VAR1] [SEP] [ANS] >> rdf:type >> dbo:MilitaryConflict [SEP] [VAR1] >> dbo:birthPlace >> dbr:Indochina
translate question to dbpedia path: Who has written the mary poppins musical?,dbr:Mary_Poppins_(musical) >> dbo:author >> [ANS]
translate question to dbpedia path: Which newspaper is owned by people living in Oslo?,[ANS] >> dbp:owners >> [VAR1] [SEP] [VAR1] >> dbo:location >> dbr:Oslo
translate question to dbpedia path: Who made the engine whose predecessor is the SHO V6?,[VAR1] >> dbo:manufacturer >> [ANS] [SEP] [VAR1] >> dbp:predecessor >> dbr:Ford_SHO_V6_engine [SEP] [VAR1] >> rdf:type >> dbo:Engine
translate question to dbpedia path: For how many different teams have Ontarians been drafted ?,COUNT >> [VAR1] >> dbo:draftTeam >> [ANS] [SEP] [VAR1] >> dbp:placeOfBirth >> dbr:Ontario
translate question to dbpedia path: Name the university of Alexandre Tichonov ?,dbr:Alexandre_Tichonov >> dbp:university >> [ANS]
translate question to dbpedia path: In which countries can i find broadcasted TV in southeast asia?,[VAR1] >> dbp:broadcastArea >> dbr:Southeast_Asia [SEP] [VAR1] >> dbp:country >> [ANS] [SEP] [VAR1] >> rdf:type >> dbo:TelevisionStation
"translate question to dbpedia path: Over how many cities did the Bellaton MMA, Season 11 take place?",COUNT >> dbr:Bellator_MMA:_Season_Eleven >> dbp:city >> [ANS]
translate question to dbpedia path: Whose academic advisor works at the St George's Hospital?,[ANS] >> dbo:academicAdvisor >> [VAR1] [SEP] [VAR1] >> dbp:workInstitutions >> dbr:St_George's_Hospital
translate question to dbpedia path: Count the number of people who graduated from universities affiliated with the NCAA.,COUNT >> [ANS] >> dbp:education >> [VAR1] [SEP] [ANS] >> rdf:type >> dbo:Person [SEP] [VAR1] >> dbo:athletics >> dbr:National_Collegiate_Athletic_Association
translate question to dbpedia path: Which governor of Charles Willing byrd fought the battle of Siege of Fort Recovery ?,[ANS] >> dbo:battle >> dbr:Siege_of_Fort_Recovery [SEP] [ANS] >> dbp:governor >> dbr:Charles_Willing_Byrd
translate question to dbpedia path: How many characters were made by Paul Dini?,COUNT >> [ANS] >> dbp:creators >> dbr:Paul_Dini
translate question to dbpedia path: What are the name of the casualties affected by shooting rampage of Eric Harris and Dylan Klebold?,[ANS] >> dbo:deathCause >> dbr:Eric_Harris_and_Dylan_Klebold [SEP] [ANS] >> rdf:type >> dbo:Person
translate question to dbpedia path: How many molluscas are there whose families are Buccinidae and Buccinoidea?,COUNT >> [ANS] >> dbo:family >> dbr:Buccinidae [SEP] [ANS] >> dbo:family >> dbr:Buccinoidea
translate question to dbpedia path: List the newspapers which has headquarters in Stockholm?,[ANS] >> dbp:headquarters >> dbr:Stockholm [SEP] [ANS] >> rdf:type >> dbo:Newspaper
translate question to dbpedia path: List the relegion of tani University which is also the life stance of udit Raj ?,dbr:Udit_Raj >> dbo:religion >> [ANS] [SEP] dbr:Ōtani_University >> dbp:affiliation >> [ANS]
translate question to dbpedia path: Was David Gilmour a former member of Pink Floyd?,ASK >> dbr:Pink_Floyd >> dbo:formerBandMember >> dbr:David_Gilmour
translate question to dbpedia path: what are some players of England national football team?,[ANS] >> dbp:nationalteam >> dbr:England_national_football_team
translate question to dbpedia path: Which genre of books does the writer of The Many Hands write?,[VAR1] >> dbo:genre >> [ANS] [SEP] dbr:The_Many_Hands >> dbp:author >> [VAR1]
translate question to dbpedia path: Where did Aghasalim Childagh die?,dbr:Aghasalim_Childagh >> dbp:deathDate >> [ANS]
translate question to dbpedia path: Give me a count of airlines whose hub airport is Los Angeles International Airport?,COUNT >> [ANS] >> dbo:hubAirport >> dbr:Los_Angeles_International_Airport [SEP] [ANS] >> rdf:type >> dbo:Airline
translate question to dbpedia path: Where is the football team located in which Josh Bell did his debut?,[VAR1] >> dbo:locationCity >> [ANS] [SEP] dbr:Josh_Bell_(gridiron_football) >> dbo:debutTeam >> [VAR1]
translate question to dbpedia path: Where is the successor of john waldo from?,[VAR1] >> dbp:state >> [ANS] [SEP] [VAR1] >> dbp:successor >> dbr:John_B._Waldo
translate question to dbpedia path: How many awards have screenwriters won?,COUNT >> [VAR1] >> dbo:award >> [ANS] [SEP] [VAR1] >> dbo:occupation >> dbr:Screenwriter
translate question to dbpedia path: What are the houses of the Parliament Security Services and Parliament of India ?,dbr:Parliament_Security_Services >> dbp:houses >> [ANS] [SEP] dbr:Parliament_of_India >> dbp:houses >> [ANS]
translate question to dbpedia path: How many owners are there of things located in Alabama?,COUNT >> [VAR1] >> dbo:city >> dbr:Alabama [SEP] [VAR1] >> dbo:owner >> [ANS]
translate question to dbpedia path: Which writer of A literary Nightmare also extended the work of The Apple tree ?,dbr:A_Literary_Nightmare >> dbo:author >> [ANS] [SEP] dbr:The_Apple_Tree >> dbo:basedOn >> [ANS]
translate question to dbpedia path: Who collaborated with Johnny Cash and Kris Kristofferson ?,[ANS] >> dbp:associatedActs >> dbr:Johnny_Cash [SEP] [ANS] >> dbp:associatedActs >> dbr:Kris_Kristofferson
translate question to dbpedia path: What is the television show whose opening theme is Where Everybody Knows Your Name?,[ANS] >> dbo:openingTheme >> dbr:Where_Everybody_Knows_Your_Name [SEP] [ANS] >> rdf:type >> dbo:TelevisionShow
"translate question to dbpedia path: How many companies were founded in Denton, texas?","COUNT >> [ANS] >> dbo:foundationPlace >> [VAR1] [SEP] [ANS] >> rdf:type >> dbo:Company [SEP] [VAR1] >> dbo:part >> dbr:Denton_County,_Texas"
translate question to dbpedia path: Of which countries  does Viveka Babajee have citizenship?,dbr:Viveka_Babajee >> dbp:citizenship >> [ANS]
translate question to dbpedia path: Which club of perianne Lones is also the home town of the Kady O'Malley ?,dbr:Kady_O'Malley >> dbp:homeTown >> [ANS] [SEP] dbr:Perianne_Jones >> dbp:club >> [ANS]
translate question to dbpedia path: Where are the shrines of the saints who were beatified by Pope Pius XI?,[VAR1] >> dbo:majorShrine >> [ANS] [SEP] [VAR1] >> dbp:beatifiedBy >> dbr:Pope_Pius_XI [SEP] [VAR1] >> rdf:type >> dbo:Saint
translate question to dbpedia path: What is the ethicity of Ted Falon?,dbr:Ted_Failon >> dbo:ethnicity >> [ANS]
translate question to dbpedia path: By what person of which political party is Balangir district led?,dbr:Balangir_district >> dbo:leaderName >> [ANS]
translate question to dbpedia path: Who is the political figure whose military branch is Colonial troops?,[ANS] >> dbo:militaryBranch >> dbr:Colonial_troops
translate question to dbpedia path: Foxy Brown was associated with which band?,[ANS] >> dbo:associatedBand >> dbr:Foxy_Brown_(rapper)
translate question to dbpedia path: Which creation of Josh Friedman was portrayed in Terminator 2 ?,[ANS] >> dbo:portrayer >> dbr:Terminator_2:_Judgment_Day [SEP] [ANS] >> dbp:creator >> dbr:Josh_Friedman
translate question to dbpedia path: What are some common games played in PATTS college of aeronautics and Jamiatu muslim mindanao?,dbr:Jamiatu_Muslim_Mindanao >> dbp:athletics >> [ANS] [SEP] dbr:PATTS_College_of_Aeronautics >> dbp:athletics >> [ANS]
translate question to dbpedia path: Of how many battles is Chickasaw Campaign of 1736 consisted?,dbr:Chickasaw_Campaign_of_1736 >> dbp:combatant >> [ANS]
translate question to dbpedia path: In which country is there a political party whose leader is Jose Cha Cha Jimenez?,[VAR1] >> dbp:international >> [ANS] [SEP] [VAR1] >> dbp:leader >> dbr:Jose_Cha_Cha_Jimenez [SEP] [VAR1] >> rdf:type >> dbo:PoliticalParty
translate question to dbpedia path: Which movies' composers have won a BAFTA for film music?,[ANS] >> dbo:musicComposer >> [VAR1] [SEP] [ANS] >> rdf:type >> dbo:Film [SEP] [VAR1] >> dbo:award >> dbr:BAFTA_Award_for_Best_Film_Music
translate question to dbpedia path: What kind of things are on the radio stations affiliated with the Baltimore Ravens?,[VAR1] >> dbo:programmeFormat >> [ANS] [SEP] [VAR1] >> dbp:affiliations >> dbr:Baltimore_Ravens [SEP] [VAR1] >> rdf:type >> dbo:RadioStation
translate question to dbpedia path: Which work institue of andrew Schally belongs to WTUL ?,dbr:Andrew_Schally >> dbp:workInstitutions >> [ANS] [SEP] dbr:WTUL >> dbp:owner >> [ANS]
translate question to dbpedia path: Who is the author of Heroman is also the author of Karakuri Dji Ultimo ?,dbr:Heroman >> dbp:author >> [ANS] [SEP] dbr:Karakuri_Dôji_Ultimo >> dbo:author >> [ANS]
translate question to dbpedia path: Name the common sports played at Polytechnic University of Philippines San Juan and Islamic Azad University?,dbr:Islamic_Azad_University_Central_Tehran_Branch >> dbo:sport >> [ANS] [SEP] dbr:Polytechnic_University_of_the_Philippines_San_Juan >> dbo:sport >> [ANS]
translate question to dbpedia path: What organization is the parent of Greenpeace Nordic?,dbr:Greenpeace_Nordic >> dbo:parentOrganisation >> [ANS]
translate question to dbpedia path: Of what all has David Ian Salter been an editor of?,[ANS] >> dbp:editing >> dbr:David_Ian_Salter
translate question to dbpedia path: How many,COUNT >> [ANS] >> dbp:team >> dbr:Chicago_Bulls
translate question to dbpedia path: What is the place of birth of the Kira Plastinina and Sergey Ryazansky,dbr:Kira_Plastinina >> dbp:placeOfBirth >> [ANS] [SEP] dbr:Sergey_Ryazansky >> dbp:placeOfBirth >> [ANS]
translate question to dbpedia path: Name the river whose mouth mountain is Essex and river mouth is North Sea?,[ANS] >> dbo:mouthMountain >> dbr:Essex [SEP] [ANS] >> dbo:riverMouth >> dbr:North_Sea [SEP] [ANS] >> rdf:type >> dbo:River
translate question to dbpedia path: What is the products of the BBC Multimedia and series of the The Last Resort (Doctor Who),dbr:BBC_Multimedia >> dbp:products >> [ANS] [SEP] dbr:The_Last_Resort_(Doctor_Who) >> dbo:series >> [ANS]
translate question to dbpedia path: Which mascot of Celal Bayer university is also the nickname of kore Presbyterian Theological Seminar ?,dbr:Celal_Bayar_University >> dbp:mascot >> [ANS] [SEP] dbr:Korea_Presbyterian_Theological_Seminary >> dbp:nickname >> [ANS]
translate question to dbpedia path: In how many countries do the rivers start which end at the Caspian Sea?,COUNT >> [ANS] >> rdf:type >> dbo:Country [SEP] [VAR1] >> dbo:riverMouth >> dbr:Caspian_Sea [SEP] [VAR1] >> dbo:sourceCountry >> [ANS]
translate question to dbpedia path: Who is the leader of the Kriminalpolizei and Ordnungspolizei?,dbr:Kriminalpolizei >> dbo:leader >> [ANS] [SEP] dbr:Ordnungspolizei >> dbo:leader >> [ANS]
translate question to dbpedia path: What award has been given to Roy Walker as well as Walt Disney?,dbr:Roy_Walker_(production_designer) >> dbo:award >> [ANS] [SEP] dbr:Walt_Disney >> dbo:award >> [ANS]
"translate question to dbpedia path: Give the total number of places to which airlines go, who also go to Glasgow?",COUNT >> [ANS] >> rdf:type >> dbo:Place [SEP] [VAR1] >> dbo:targetAirport >> dbr:Glasgow_Airport [SEP] [VAR1] >> dbp:destinations >> [ANS]
translate question to dbpedia path: What is the death place of the Marina Pankova and Viktor Ulyanich?,dbr:Marina_Pankova >> dbo:deathPlace >> [ANS] [SEP] dbr:Viktor_Ulyanich >> dbo:deathPlace >> [ANS]
translate question to dbpedia path: Who was the PM under which William Deane served?,dbr:William_Deane >> dbo:primeMinister >> [ANS]
translate question to dbpedia path: Which leader of Trump Entertainment Resorts is a relative of Maryanne Barry?,dbr:Maryanne_Trump_Barry >> dbo:relation >> [ANS] [SEP] dbr:Trump_Entertainment_Resorts >> dbo:keyPerson >> [ANS]
translate question to dbpedia path: In which states can I find Truss bridges?,[VAR1] >> dbo:state >> [ANS] [SEP] [VAR1] >> dbp:style >> dbr:Truss_bridge [SEP] [VAR1] >> rdf:type >> dbo:Bridge
translate question to dbpedia path: Which awards have Puerto Ricons won?,[VAR1] >> dbo:ethnicity >> dbr:Puerto_Rico [SEP] [VAR1] >> dbp:awards >> [ANS]
translate question to dbpedia path: Where is the rival school of Somerset Berkeley Regional High school?,[VAR1] >> dbo:region >> [ANS] [SEP] [VAR1] >> dbo:rival >> dbr:Somerset_Berkley_Regional_High_School [SEP] [VAR1] >> rdf:type >> dbo:School
translate question to dbpedia path: What products are made by Tehran based companies?,[VAR1] >> dbo:product >> [ANS] [SEP] [VAR1] >> dbp:location >> dbr:Tehran [SEP] [VAR1] >> rdf:type >> dbo:Company
translate question to dbpedia path: Count number of people who follow a religion which has an important office in Gold Base ?,COUNT >> [ANS] >> dbo:religion >> [VAR1] [SEP] [ANS] >> rdf:type >> dbo:Person [SEP] [VAR1] >> dbp:headquarters >> dbr:Gold_Base
translate question to dbpedia path: In which areas can we find the networks owned by the govt of Mauritius?,[VAR1] >> dbo:owningCompany >> dbr:Government_of_Mauritius [SEP] [VAR1] >> dbp:broadcastArea >> [ANS] [SEP] [VAR1] >> rdf:type >> dbo:BroadcastNetwork
translate question to dbpedia path: What is the profession of the William Luther Hill and also the office of the Richard Coke ?,dbr:Richard_Coke >> dbp:office >> [ANS] [SEP] dbr:William_Luther_Hill >> dbo:profession >> [ANS]
translate question to dbpedia path: What's the religion of the winner of china election of 2008?,"[VAR1] >> dbo:religion >> [ANS] [SEP] dbr:Republic_of_China_legislative_election,_2008 >> dbp:leader >> [VAR1]"
translate question to dbpedia path: What is the city nearest to the historic place whose architect is Joseph Dion?,[VAR1] >> dbo:nearestCity >> [ANS] [SEP] [VAR1] >> dbp:architect >> dbr:Joseph_Dion [SEP] [VAR1] >> rdf:type >> dbo:HistoricPlace
translate question to dbpedia path: Who is the father of Edith Vonnegut and is also a writer?,[ANS] >> dbo:child >> dbr:Edith_Vonnegut [SEP] [ANS] >> rdf:type >> dbo:Writer
translate question to dbpedia path: was Charlemagne canonized by antipope pachal 3?,ASK >> dbr:Charlemagne >> dbp:canonizedBy >> dbr:Antipope_Paschal_III
translate question to dbpedia path: How many basketball players studied in the Midland College?,COUNT >> [ANS] >> dbo:college >> dbr:Midland_College [SEP] [ANS] >> rdf:type >> dbo:BasketballPlayer
translate question to dbpedia path: List all the collaborators of the artist which has collaborated with sanremo Music Festival ?,[VAR1] >> dbo:associatedMusicalArtist >> [ANS] [SEP] [VAR1] >> dbo:associatedMusicalArtist >> dbr:Sanremo_Music_Festival [SEP] [VAR1] >> rdf:type >> dbo:Artist
"translate question to dbpedia path: Who was the president under whom, a governor participated in Shay's rebellion?",[VAR1] >> dbo:battle >> dbr:Shays'_Rebellion [SEP] [VAR1] >> dbp:president >> [ANS] [SEP] [VAR1] >> rdf:type >> dbo:Governor
translate question to dbpedia path: Which actors have performed in plays performed in New York?,[VAR1] >> dbp:place >> dbr:New_York_City [SEP] [VAR1] >> dbp:starring >> [ANS] [SEP] [VAR1] >> rdf:type >> dbo:Play
translate question to dbpedia path: Who is the editor of Hearth and Home ?,dbr:Hearth_and_Home >> dbo:editor >> [ANS]
translate question to dbpedia path: List the books by the authors buried in the Convent of the Barefoot Trinitarians?,[ANS] >> dbo:author >> [VAR1] [SEP] [ANS] >> rdf:type >> dbo:Book [SEP] [VAR1] >> dbo:restingPlace >> dbr:Convent_of_the_Barefoot_Trinitarians
translate question to dbpedia path: How many game series exist for iOS?,COUNT >> [VAR1] >> dbo:computingPlatform >> dbr:IOS [SEP] [VAR1] >> dbo:series >> [ANS]
translate question to dbpedia path: Where does Manu cornet work?,dbr:Manu_Cornet >> dbp:employer >> [ANS]
"translate question to dbpedia path: Which awards did the creator of A Barrel of Laughs, a Vale of Tears won ?","[VAR1] >> dbo:award >> [ANS] [SEP] [VAR1] >> rdf:type >> dbo:ComicsCreator [SEP] dbr:A_Barrel_of_Laughs,_a_Vale_of_Tears >> dbo:author >> [VAR1]"
translate question to dbpedia path: In how many different places were the people born who are members of National Museum of Racing and Hall of Fame?,COUNT >> [ANS] >> rdf:type >> dbo:Place [SEP] [VAR1] >> dbo:honours >> dbr:National_Museum_of_Racing_and_Hall_of_Fame [SEP] [VAR1] >> dbp:birthPlace >> [ANS]
translate question to dbpedia path: Was einstein a doctoral student of Alfred Kleiner?,ASK >> dbr:Alfred_Kleiner >> dbo:doctoralStudent >> dbr:Albert_Einstein
translate question to dbpedia path: What is the source country of reg Lake ?,dbr:Üüreg_Lake >> dbo:sourceCountry >> [ANS]
translate question to dbpedia path: Which hockey teams have had people playing as Defenceman?,[VAR1] >> dbp:playedFor >> [ANS] [SEP] [VAR1] >> dbp:position >> dbr:Defenceman [SEP] [VAR1] >> rdf:type >> dbo:IceHockeyPlayer
translate question to dbpedia path: which president was served by Joseph Stiglitz?,dbr:Joseph_Stiglitz >> dbp:president >> [ANS]
translate question to dbpedia path: Name the tenant of Ever bank field which has also has player named Dan Shamash ?,dbr:Dan_Shamash >> dbo:team >> [ANS] [SEP] dbr:EverBank_Field >> dbo:tenant >> [ANS]
translate question to dbpedia path: Who is the mfr. of the engine used in Ford Transit ?,[VAR1] >> dbo:manufacturer >> [ANS] [SEP] [VAR1] >> rdf:type >> dbo:Engine [SEP] dbr:Ford_Transit >> dbp:engine >> [VAR1]
translate question to dbpedia path: Where did the employees of American College of Surgeons study?,[VAR1] >> dbo:education >> [ANS] [SEP] [VAR1] >> dbp:workInstitutions >> dbr:American_College_of_Surgeons
"translate question to dbpedia path: Name the  people whose residence is Beverly Hills, California?","[ANS] >> dbo:residence >> dbr:Beverly_Hills,_California [SEP] [ANS] >> rdf:type >> dbo:Person"
translate question to dbpedia path: Did Stan Lee create Jean Grey?,ASK >> dbr:Jean_Grey >> dbp:creators >> dbr:Stan_Lee
translate question to dbpedia path: The authors of Zhorstoke nebo was influenced by whom ?,[VAR1] >> dbo:influencedBy >> [ANS] [SEP] dbr:Zhorstoke_nebo >> dbo:author >> [VAR1]
translate question to dbpedia path: What product is made by Sony and Foxconn togather?,[ANS] >> dbo:manufacturer >> dbr:Foxconn [SEP] [ANS] >> dbo:manufacturer >> dbr:Sony
translate question to dbpedia path: Which city has radio stations which are Religious ?,[VAR1] >> dbp:city >> [ANS] [SEP] [VAR1] >> dbp:format >> dbr:Religion [SEP] [VAR1] >> rdf:type >> dbo:RadioStation
translate question to dbpedia path: From which state do the White Plum Asangas come?,[VAR1] >> dbo:religion >> dbr:White_Plum_Asanga [SEP] [VAR1] >> dbo:stateOfOrigin >> [ANS]
translate question to dbpedia path: Who operates the Ganz UV?,dbr:Ganz_UV >> dbo:operator >> [ANS]
translate question to dbpedia path: What is the state of Umatilla language which is also the state of James K. Kelly ?,dbr:James_K._Kelly >> dbp:state >> [ANS] [SEP] dbr:Umatilla_language >> dbp:region >> [ANS]
translate question to dbpedia path: Where has GARAGE recorded its singles?,[VAR1] >> dbo:producer >> dbr:Garbage_(band) [SEP] [VAR1] >> dbo:recordedIn >> [ANS] [SEP] [VAR1] >> rdf:type >> dbo:Single
translate question to dbpedia path: How many players participated in the 2004-05 FC Barcelona season?,COUNT >> [ANS] >> rdf:type >> dbo:SoccerPlayer [SEP] dbr:2004–05_FC_Barcelona_season >> dbp:name >> [ANS]
translate question to dbpedia path: Whose mam is Bertrada of Laon?,[ANS] >> dbp:mother >> dbr:Bertrada_of_Laon
translate question to dbpedia path: Give me a list of all the people driving at pole positions in the Grand Prixes where Renault was a first team?,[VAR1] >> dbo:poleDriver >> [ANS] [SEP] [VAR1] >> dbp:firstTeam >> dbr:Renault_in_Formula_One [SEP] [VAR1] >> rdf:type >> dbo:GrandPrix
translate question to dbpedia path: Who is the developer of the software which distributes Batman: Arkham City Lockdown ?,[VAR1] >> dbp:developer >> [ANS] [SEP] [VAR1] >> rdf:type >> dbo:Software [SEP] dbr:Batman:_Arkham_City_Lockdown >> dbp:distributor >> [VAR1]
translate question to dbpedia path: What are the non-fiction topics in the books whose authors is Terry Pratchett?,[VAR1] >> dbo:nonFictionSubject >> [ANS] [SEP] [VAR1] >> dbp:author >> dbr:Terry_Pratchett [SEP] [VAR1] >> rdf:type >> dbo:Book
translate question to dbpedia path: Is WP 8.1 the OS on Lumia 830?,ASK >> dbr:Nokia_Lumia_830 >> dbp:os >> dbr:Windows_Phone_8.1
translate question to dbpedia path: Name a movie with actor as Momoko Kchi and music by Akira Ifukube?,[ANS] >> dbp:music >> dbr:Akira_Ifukube [SEP] [ANS] >> dbp:starring >> dbr:Momoko_Kōchi [SEP] [ANS] >> rdf:type >> dbo:Film
translate question to dbpedia path: Which railway line goes through the stations which are a part of the North Caucasus railway?,[VAR1] >> dbo:servingRailwayLine >> [ANS] [SEP] [VAR1] >> dbo:type >> dbr:North_Caucasus_Railway [SEP] [VAR1] >> rdf:type >> dbo:Station
translate question to dbpedia path: Which animal is the mascot of the 1502nd Infantry Brigade (Ready Reserve) and Galatasaray Handball Team ?,[ANS] >> rdf:type >> dbo:Animal [SEP] dbr:1502nd_Infantry_Brigade_(Ready_Reserve) >> dbp:mascot >> [ANS] [SEP] dbr:Galatasaray_Handball_Team >> dbp:mascot >> [ANS]
translate question to dbpedia path: Who was in missions of Gemini 8 and Apollo 11?,[ANS] >> dbp:mission >> dbr:Apollo_11 [SEP] [ANS] >> dbp:mission >> dbr:Gemini_8
translate question to dbpedia path: Name the source Island of Bayou ?,dbr:Island_Bayou_(Oklahoma) >> dbo:source >> [ANS]
translate question to dbpedia path: What location country of AH141 is also the nation of malaysia Junior hockey league ?,dbr:AH141 >> dbo:county >> [ANS] [SEP] dbr:Malaysia_Junior_Hockey_League >> dbo:country >> [ANS]
translate question to dbpedia path: Which college of the Luke List (golfer) is the alma mater of the Park Trammell ?,dbr:Luke_List_(golfer) >> dbp:college >> [ANS] [SEP] dbr:Park_Trammell >> dbo:almaMater >> [ANS]
"translate question to dbpedia path: Of the sports commonly played at Islamic Azad Uni, tehran, which one does Jon Speelman play?",dbr:Islamic_Azad_University_Central_Tehran_Branch >> dbo:sport >> [ANS] [SEP] dbr:Jon_Speelman >> dbo:field >> [ANS]
translate question to dbpedia path: How many artists are signed up with Celluloid Records?,COUNT >> [ANS] >> dbp:label >> dbr:Celluloid_Records
translate question to dbpedia path: Henry McDaniel's trained horses have won which awards?,[VAR1] >> dbo:honours >> [ANS] [SEP] [VAR1] >> dbp:trainer >> dbr:Henry_McDaniel_(racehorse_trainer) [SEP] [VAR1] >> rdf:type >> dbo:Horse
translate question to dbpedia path: What were the occupations of Marcus Floyd?,dbr:Marcus_Floyd >> dbo:occupation >> [ANS]
translate question to dbpedia path: With whom is the institution of David Charles affiliated?,[VAR1] >> dbp:affiliation >> [ANS] [SEP] dbr:David_Charles_(physician) >> dbp:workInstitutions >> [VAR1]
"translate question to dbpedia path: From how many coutries do companies come, which are headquartered in the Klang Valley?",COUNT >> [ANS] >> rdf:type >> dbo:Country [SEP] [VAR1] >> dbp:country >> [ANS] [SEP] [VAR1] >> dbp:headquarters >> dbr:Klang_Valley
"translate question to dbpedia path: What political party has governed both in Baraily,MP and Jowai?",dbr:Baraily >> dbo:leaderName >> [ANS] [SEP] dbr:Jowai >> dbo:leaderName >> [ANS]
translate question to dbpedia path: Who is the builder of the bridge owned by Tabriz ?,[VAR1] >> dbo:builder >> [ANS] [SEP] [VAR1] >> dbp:owner >> dbr:Tabriz [SEP] [VAR1] >> rdf:type >> dbo:Bridge
translate question to dbpedia path: Is the song Only the Good Die Young from The Stranger?,ASK >> dbr:Only_the_Good_Die_Young >> dbp:fromAlbum >> dbr:The_Stranger_(album)
translate question to dbpedia path: Who are the golf players whose college is Arizona State Sun Devils?,[ANS] >> dbo:college >> dbr:Arizona_State_Sun_Devils [SEP] [ANS] >> rdf:type >> dbo:GolfPlayer
translate question to dbpedia path: Did taylor swift do the theme song of The Farmer Wants a Wife?,ASK >> dbr:The_Farmer_Wants_a_Wife_(Australian_TV_series) >> dbp:opentheme >> dbr:Taylor_Swift
translate question to dbpedia path: How many local authorities manage mixed gender schools?,COUNT >> [VAR1] >> dbo:gender >> dbr:Mixed-sex_education [SEP] [VAR1] >> dbo:localAuthority >> [ANS]
"translate question to dbpedia path: What is the almamater of the successor of F. A. Little, Jr.?","[VAR1] >> dbo:almaMater >> [ANS] [SEP] dbr:F._A._Little,_Jr. >> dbo:successor >> [VAR1]"
translate question to dbpedia path: List everything in which saxophone players have been casted.,[ANS] >> dbp:starring >> [VAR1] [SEP] [VAR1] >> dbo:instrument >> dbr:Saxophone
translate question to dbpedia path: In which city is Corringham railway station located?,dbr:Corringham_railway_station >> dbp:borough >> [ANS]
translate question to dbpedia path: What monument was unveiled in 1984 of fine arts of the Soviet Union ?,dbr:1984_in_fine_arts_of_the_Soviet_Union >> dbp:title >> [ANS]
translate question to dbpedia path: Where did the wrestler trained by Ring of Honour get billed?,[VAR1] >> dbp:billed >> [ANS] [SEP] [VAR1] >> dbp:trainer >> dbr:Ring_of_Honor [SEP] [VAR1] >> rdf:type >> dbo:Athlete
translate question to dbpedia path: Name the console whose successor is PlayStation 4 and predecessor is PlayStation 2?,[ANS] >> dbo:successor >> dbr:PlayStation_4 [SEP] [ANS] >> dbp:predecessor >> dbr:PlayStation_2 [SEP] [ANS] >> rdf:type >> dbo:InformationAppliance
translate question to dbpedia path: List the name of those who became famous for something garrisoned at Tennessee?,[ANS] >> dbp:knownFor >> [VAR1] [SEP] [VAR1] >> dbo:garrison >> dbr:Tennessee
"translate question to dbpedia path: Which school teams are there in schools of Arlington Heights, Illinois?","[VAR1] >> dbp:city >> dbr:Arlington_Heights,_Illinois [SEP] [VAR1] >> dbp:teamName >> [ANS] [SEP] [VAR1] >> rdf:type >> dbo:School"
translate question to dbpedia path: Who is the person whose opponent's father is Newman Haynes Clanton?,[ANS] >> dbo:opponent >> [VAR1] [SEP] [VAR1] >> dbo:parent >> dbr:Newman_Haynes_Clanton
translate question to dbpedia path: Who has official residences at Beverly Hills and Colts Neck Township ?,"[ANS] >> dbo:residence >> dbr:Beverly_Hills,_California [SEP] [ANS] >> dbo:residence >> dbr:Colts_Neck_Township,_New_Jersey"
translate question to dbpedia path: What games are played in Protestant schools?,[VAR1] >> dbo:sport >> [ANS] [SEP] [VAR1] >> dbp:schooltype >> dbr:Protestantism [SEP] [VAR1] >> rdf:type >> dbo:School
translate question to dbpedia path: Which river flows through both eastern and western washington?,dbr:Central_Washington >> dbo:river >> [ANS] [SEP] dbr:Eastern_Washington >> dbo:river >> [ANS]
translate question to dbpedia path: What company is the distributor of Bombay Sapphire?,dbr:Bombay_Sapphire >> dbp:distributor >> [ANS]
translate question to dbpedia path: Did Trish Stratus train Christina Crawford?,ASK >> dbr:Christina_Crawford_(wrestler) >> dbp:trainer >> dbr:Trish_Stratus
translate question to dbpedia path: Which stockholder of yale Repertory Theatre was training center of William Anthony ?,dbr:William_Anthony_(artist) >> dbo:training >> [ANS] [SEP] dbr:Yale_Repertory_Theatre >> dbp:owner >> [ANS]
"translate question to dbpedia path: Name the team for which Hensley Meulens played, whihc was also the debut team od Steve Ontiveros ?",dbr:Hensley_Meulens >> dbo:team >> [ANS] [SEP] dbr:Steve_Ontiveros_(infielder) >> dbp:debutteam >> [ANS]
translate question to dbpedia path: Name the common institution of the Erica Frank and Douglass North?,dbr:Douglass_North >> dbo:institution >> [ANS] [SEP] dbr:Erica_Frank >> dbo:institution >> [ANS]
translate question to dbpedia path: Name a office holder whose predecessor is Edward Douglass White and has son named Charles Phelps Taft II?,[ANS] >> dbo:child >> dbr:Charles_Phelps_Taft_II [SEP] [ANS] >> dbo:predecessor >> dbr:Edward_Douglass_White [SEP] [ANS] >> rdf:type >> dbo:OfficeHolder
translate question to dbpedia path: List the ingredients of Kaszanka?,dbr:Kaszanka >> dbo:ingredient >> [ANS]
translate question to dbpedia path: List the language of Kunsten Museum of moder art Aalborg ?,dbr:KUNSTEN_Museum_of_Modern_Art_Aalborg >> dbo:language >> [ANS]
translate question to dbpedia path: Is wizard rock inspired from Harry potter?,ASK >> dbr:Wizard_rock >> dbo:stylisticOrigin >> dbr:Harry_Potter
translate question to dbpedia path: What is the venerated in of the Abraham and religion of the Saima Chowdhury,dbr:Abraham >> dbp:veneratedIn >> [ANS] [SEP] dbr:Saima_Chowdhury >> dbp:religion >> [ANS]
translate question to dbpedia path: Who directed the haunted house and alice in wonderland?,dbr:Alice's_Wonderland >> dbo:director >> [ANS] [SEP] dbr:The_Haunted_House_(1929_film) >> dbo:director >> [ANS]
translate question to dbpedia path: Name the city whose province is Metropolitan City of Venice and has leader as Luigi Brugnaro ?,[ANS] >> dbo:leaderName >> dbr:Luigi_Brugnaro [SEP] [ANS] >> dbp:province >> dbr:Metropolitan_City_of_Venice
translate question to dbpedia path: Who is the leader of Panki block ?,dbr:Panki_block >> dbo:leaderName >> [ANS]
translate question to dbpedia path: To which persons is Ron Cyrus a relative?,[ANS] >> dbp:relatives >> dbr:Ron_Cyrus [SEP] [ANS] >> rdf:type >> dbo:Person
translate question to dbpedia path: How many services are there of the companies whose services is Web hosting service ?,COUNT >> [VAR1] >> dbp:services >> [ANS] [SEP] [VAR1] >> dbp:services >> dbr:Web_hosting_service
translate question to dbpedia path: Is Neungin High school a buddhist school?,ASK >> dbr:Neungin_High_School >> dbp:religiousAffiliation >> dbr:Buddhism
translate question to dbpedia path: Name the mascot of the military branch of William Harper.,[VAR1] >> dbp:mascot >> [ANS] [SEP] dbr:William_Harper_(Rhodesian_politician) >> dbo:militaryBranch >> [VAR1]
translate question to dbpedia path: What musician is often associated with Tiffany Villarreal and wrote Same Song?,dbr:Same_Song_(Digital_Underground_song) >> dbp:writer >> [ANS] [SEP] dbr:Tiffany_Villarreal >> dbo:associatedMusicalArtist >> [ANS]
translate question to dbpedia path: Which location country of Ennejma Ezzahra is also the origin of Boga ?,dbr:Boga_(soft_drink) >> dbp:origin >> [ANS] [SEP] dbr:Ennejma_Ezzahra >> dbp:locationCountry >> [ANS]
translate question to dbpedia path: What is the state whose largest city is Denver?,[ANS] >> dbo:largestCity >> dbr:Denver
translate question to dbpedia path: Who have been the manager of national team of Spain?,[ANS] >> dbp:nationalteam >> dbr:Spain_national_football_team [SEP] [ANS] >> rdf:type >> dbo:SoccerManager
translate question to dbpedia path: For which common president did Jim Sasser and Mike McCurry work?,dbr:Jim_Sasser >> dbo:president >> [ANS] [SEP] dbr:Mike_McCurry_(press_secretary) >> dbo:president >> [ANS]
translate question to dbpedia path: What is the municipality of the Homestead Grays Bridge and Roberto Clemente Bridge?,dbr:Homestead_Grays_Bridge >> dbo:municipality >> [ANS] [SEP] dbr:Roberto_Clemente_Bridge >> dbo:municipality >> [ANS]
translate question to dbpedia path: Who is a successor of Kingship whose parents were Julius Caesar?,[VAR1] >> dbo:parent >> dbr:Julius_Caesar [SEP] [VAR1] >> dbo:successor >> [ANS] [SEP] [VAR1] >> rdf:type >> dbo:Royalty
translate question to dbpedia path: How many organizations work for Environmentalism?,COUNT >> [ANS] >> dbp:purpose >> dbr:Environmentalism
translate question to dbpedia path: Was Zambezi originate in the north western province of zambia?,"ASK >> dbr:Zambezi >> dbp:sourceRegion >> dbr:North-Western_Province,_Zambia"
translate question to dbpedia path: Which US state has Dorchester Bay and the Joseph Story?,dbr:Dorchester_Bay_(Boston_Harbor) >> dbp:state >> [ANS] [SEP] dbr:Joseph_Story >> dbp:state >> [ANS]
translate question to dbpedia path: Who is the predecessor of Voere ?,dbr:Voere >> dbo:predecessor >> [ANS]
translate question to dbpedia path: Which city is Black Grape Global located ?,dbr:Black_Grape_Global >> dbo:locationCity >> [ANS]
translate question to dbpedia path: Which movies did Mark Steven edit?,[ANS] >> dbp:editing >> dbr:Mark_Stevens_(film_editor) [SEP] [ANS] >> rdf:type >> dbo:Film
translate question to dbpedia path: Who is the common distributer of Bombay Sapphire and Rev ?,dbr:Bombay_Sapphire >> dbp:distributor >> [ANS] [SEP] dbr:Rev_(drink) >> dbo:distributor >> [ANS]
translate question to dbpedia path: Which sports are played in the school which runs the Fr. Agnel Stadium?,[VAR1] >> dbo:sport >> [ANS] [SEP] dbr:Fr._Agnel_Stadium >> dbp:operator >> [VAR1]
translate question to dbpedia path: Name the common musical band of Take Me There and Tonight's the Night ?,dbr:Take_Me_There_(Blackstreet_&_Mýa_song) >> dbo:musicalBand >> [ANS] [SEP] dbr:Tonight's_the_Night_(Blackstreet_song) >> dbo:musicalBand >> [ANS]
translate question to dbpedia path: Which ethnicity do Linda Hogan and Riley Reid come from?,dbr:Linda_Hogan >> dbp:ethnicity >> [ANS] [SEP] dbr:Riley_Reid >> dbp:ethnicity >> [ANS]
translate question to dbpedia path: Who is the parent of FD Roosevelt JR?,"[ANS] >> dbp:children >> dbr:Franklin_Delano_Roosevelt,_Jr."
translate question to dbpedia path: NAme the emplyer for whihc Manu cornet has worked and also written in Google Web Toolkit ?,dbr:Google_Web_Toolkit >> dbo:author >> [ANS] [SEP] dbr:Manu_Cornet >> dbp:employer >> [ANS]
translate question to dbpedia path: is ANYway in the Quack album?,ASK >> dbr:ANYway >> dbo:album >> dbr:Quack_(album)
translate question to dbpedia path: How many more teams have rented the stadium used by Raptors 905?,COUNT >> [VAR1] >> dbo:tenant >> [ANS] [SEP] [VAR1] >> rdf:type >> dbo:Stadium [SEP] dbr:Raptors_905 >> dbp:arena >> [VAR1]
translate question to dbpedia path: List the common prime minister of the Robert Ray and graham richardson ?,dbr:Graham_Richardson >> dbo:primeMinister >> [ANS] [SEP] dbr:Robert_Ray_(Australian_politician) >> dbo:primeMinister >> [ANS]
translate question to dbpedia path: Count the wars in which people awarded with the Croix de guerre fought.,COUNT >> [ANS] >> rdf:type >> dbo:MilitaryConflict [SEP] [VAR1] >> dbp:awards >> dbr:Croix_de_guerre_1939–1945_(France) [SEP] [VAR1] >> dbp:battles >> [ANS]
translate question to dbpedia path: Which first driver of  European Grand Prix 1993 is also finished first in 1985 Portuguese Grand Prix ?,dbr:1985_Portuguese_Grand_Prix >> dbp:firstDriver >> [ANS] [SEP] dbr:1993_European_Grand_Prix >> dbp:firstDriver >> [ANS]
"translate question to dbpedia path: Name the river whose source is located in Itasca State Park and mouth is located in Pilottown, Louisiana?","[ANS] >> dbp:mouthLocation >> dbr:Pilottown,_Louisiana [SEP] [ANS] >> dbp:sourceLocation >> dbr:Itasca_State_Park [SEP] [ANS] >> rdf:type >> dbo:River"
translate question to dbpedia path: How many have been awarded by the Royal Society?,COUNT >> [ANS] >> dbp:awards >> dbr:Royal_Society
translate question to dbpedia path: From how many different cities have people gone to the Illinois Fighting Illini men's basketball?,COUNT >> [ANS] >> rdf:type >> dbo:Place [SEP] [VAR1] >> dbo:college >> dbr:Illinois_Fighting_Illini_men's_basketball [SEP] [VAR1] >> dbp:placeOfBirth >> [ANS]
translate question to dbpedia path: who manufactures the SHO V8?,dbr:Ford_SHO_V8_engine >> dbo:manufacturer >> [ANS]
translate question to dbpedia path: What is the television show whose opening theme's album is Cheers?,[ANS] >> dbo:openingTheme >> [VAR1] [SEP] [ANS] >> rdf:type >> dbo:TelevisionShow [SEP] [VAR1] >> dbo:album >> dbr:Cheers
translate question to dbpedia path: What sports are played in schools in Vashi?,[VAR1] >> dbo:city >> dbr:Vashi [SEP] [VAR1] >> dbo:sport >> [ANS] [SEP] [VAR1] >> rdf:type >> dbo:School
translate question to dbpedia path: Name the television show developed by J. Michael Straczynski and distributed by Warner Bros. Television?,[ANS] >> dbo:developer >> dbr:J._Michael_Straczynski [SEP] [ANS] >> dbp:distributor >> dbr:Warner_Bros._Television [SEP] [ANS] >> rdf:type >> dbo:TelevisionShow
"translate question to dbpedia path: Where are the agencies headquartered at, which are under the Colorado Dept of Natural Resources?",[VAR1] >> dbo:parentOrganisation >> dbr:Colorado_Department_of_Natural_Resources [SEP] [VAR1] >> dbp:headquarters >> [ANS] [SEP] [VAR1] >> rdf:type >> dbo:GovernmentAgency
translate question to dbpedia path: What is the genre for the developer of Interplay Entertainment?,[VAR1] >> dbo:genre >> [ANS] [SEP] [VAR1] >> dbp:developer >> dbr:Interplay_Entertainment
translate question to dbpedia path: Give me some nominees of politicians in the US?,[VAR1] >> dbo:nominee >> [ANS] [SEP] [VAR1] >> dbo:residence >> dbr:United_States [SEP] [VAR1] >> rdf:type >> dbo:OfficeHolder
translate question to dbpedia path: What is the TV Show whose theme is composed by someone signed up with Prawn Song Records?,[ANS] >> dbp:themeMusicComposer >> [VAR1] [SEP] [ANS] >> rdf:type >> dbo:TelevisionShow [SEP] [VAR1] >> dbo:recordLabel >> dbr:Prawn_Song_Records
translate question to dbpedia path: Name the team of Michael springer ?,dbr:Michael_Springer >> dbp:team >> [ANS]
translate question to dbpedia path: In which television shows have Steven Moffat served as an executive producer?,[ANS] >> dbo:executiveProducer >> dbr:Steven_Moffat [SEP] [ANS] >> rdf:type >> dbo:TelevisionShow
translate question to dbpedia path: Was Robert Burns from the Romanticist School of thought?,ASK >> dbr:Robert_Burns >> dbp:movement >> dbr:Romanticism
translate question to dbpedia path: Paris Sisters singles are of which language?,[VAR1] >> dbo:musicalBand >> dbr:The_Paris_Sisters [SEP] [VAR1] >> dbp:language >> [ANS] [SEP] [VAR1] >> rdf:type >> dbo:Single
translate question to dbpedia path: Who were the first drivers in the grand prix which took place at Autodromo Enzo e Dino Ferrari?,[VAR1] >> dbo:firstDriver >> [ANS] [SEP] [VAR1] >> dbo:location >> dbr:Autodromo_Enzo_e_Dino_Ferrari
translate question to dbpedia path: What belongs to the families of Buccinidae and Buccinoidea?,[ANS] >> dbo:family >> dbr:Buccinidae [SEP] [ANS] >> dbo:family >> dbr:Buccinoidea
translate question to dbpedia path: What are the broadcast areas of Mauritius Broadcasting Corporation?,dbr:Mauritius_Broadcasting_Corporation >> dbp:broadcastArea >> [ANS]
"translate question to dbpedia path: Where was Henri, Duke of Rohan laid to rest?","dbr:Henri,_Duke_of_Rohan >> dbo:placeOfBurial >> [ANS]"
translate question to dbpedia path: What are the movies whose cinematographer is Gregg Toland?,[ANS] >> dbo:cinematography >> dbr:Gregg_Toland [SEP] [ANS] >> rdf:type >> dbo:Film
translate question to dbpedia path: In how many different highschools have people schooled in Penn State Nittany Lions football studied?,COUNT >> [ANS] >> rdf:type >> dbo:EducationalInstitution [SEP] [VAR1] >> dbo:school >> dbr:Penn_State_Nittany_Lions_football [SEP] [VAR1] >> dbp:highschool >> [ANS]
translate question to dbpedia path: Name the founders of the record labels whose one of the founders is Frank Rogers ?,[VAR1] >> dbp:founder >> [ANS] [SEP] [VAR1] >> dbp:founder >> dbr:Frank_Rogers_(record_producer) [SEP] [VAR1] >> rdf:type >> dbo:RecordLabel
translate question to dbpedia path: How many different people hold authority over the members of Balanidae family?,COUNT >> [VAR1] >> dbo:binomialAuthority >> [ANS] [SEP] [VAR1] >> dbo:family >> dbr:Balanidae
translate question to dbpedia path: Which offices were held by the politicians who held their allegiance to the union of american civil war?,[VAR1] >> dbp:allegiance >> dbr:Union_(American_Civil_War) [SEP] [VAR1] >> dbp:office >> [ANS] [SEP] [VAR1] >> rdf:type >> dbo:OfficeHolder
translate question to dbpedia path: Who is the american football player whose highschool is Ringgold High School (Pennsylvania)?,[ANS] >> dbo:highschool >> dbr:Ringgold_High_School_(Pennsylvania)
translate question to dbpedia path: Count the total number of conflicts people who were part of conflict in afghanisthan ?,COUNT >> [VAR1] >> dbo:battle >> [ANS] [SEP] [VAR1] >> dbo:battle >> dbr:Afghanistan
translate question to dbpedia path: Kendall Jenner has how many relatives?,COUNT >> dbr:Kendall_Jenner >> dbp:relatives >> [ANS]
translate question to dbpedia path: Where is Tahual located which is also the country of Ren Romano ?,dbr:René_Romano >> dbp:citizenship >> [ANS] [SEP] dbr:Tahual >> dbp:location >> [ANS]
translate question to dbpedia path: What is the current team of John McGuinness (motorcycle racer) ?,dbr:John_McGuinness_(motorcycle_racer) >> dbp:currentTeam >> [ANS]
translate question to dbpedia path: Where do the CNN employees typically graduate from?,[VAR1] >> dbo:almaMater >> [ANS] [SEP] [VAR1] >> dbp:employer >> dbr:CNN
translate question to dbpedia path: Name the common serving line of Daund Junction railway station and Ujjain Junction railway station?,dbr:Daund_Junction_railway_station >> dbo:servingRailwayLine >> [ANS] [SEP] dbr:Ujjain_Junction_railway_station >> dbo:servingRailwayLine >> [ANS]
"translate question to dbpedia path: What other destinations do airlines go to, whose flights also come to Glasgow?",[VAR1] >> dbo:targetAirport >> dbr:Glasgow_Airport [SEP] [VAR1] >> dbp:destinations >> [ANS] [SEP] [VAR1] >> rdf:type >> dbo:Airline
"translate question to dbpedia path: What is the location town of First Church of Christ, Scientist (Pittsburgh) ?","dbr:First_Church_of_Christ,_Scientist_(Pittsburgh) >> dbp:locationTown >> [ANS]"
translate question to dbpedia path: Does the platte river originate in Colorado?,ASK >> dbr:Platte_River >> dbo:sourceRegion >> dbr:Colorado
translate question to dbpedia path: Bridges over what can carry vehicles?,[VAR1] >> dbp:carries >> dbr:Motor_vehicle [SEP] [VAR1] >> dbp:crosses >> [ANS] [SEP] [VAR1] >> rdf:type >> dbo:Bridge
translate question to dbpedia path: Where is the spouse of Henry Bourchier of Essex buried?,"[VAR1] >> dbo:spouse >> dbr:Henry_Bourchier,_1st_Earl_of_Essex [SEP] [VAR1] >> dbp:placeOfBurial >> [ANS]"
translate question to dbpedia path: Which ship builder built the USS Camp and Sturtevant ?,dbr:USS_Camp_(DE-251) >> dbp:shipBuilder >> [ANS] [SEP] dbr:USS_Sturtevant_(DE-239) >> dbp:shipBuilder >> [ANS]
translate question to dbpedia path: What shows are on the networks which are from the United States?,[ANS] >> dbp:network >> [VAR1] [SEP] [ANS] >> rdf:type >> dbo:TelevisionShow [SEP] [VAR1] >> dbo:locationCountry >> dbr:United_States
translate question to dbpedia path: Name the scientist whose doctoral supervisor's doctoral student is John Bowlby?,[ANS] >> dbp:doctoralAdvisor >> [VAR1] [SEP] [ANS] >> rdf:type >> dbo:Scientist [SEP] [VAR1] >> dbo:doctoralStudent >> dbr:John_Bowlby
"translate question to dbpedia path: Which author inspired Susanna Clarke, and wrote Northanger Abbey?",dbr:Northanger_Abbey >> dbp:author >> [ANS] [SEP] dbr:Susanna_Clarke >> dbp:influences >> [ANS]
"translate question to dbpedia path: Name the office holder whose Governor is Charles Willing Byrd and has resting place as North Bend, Ohio?","[ANS] >> dbp:governor >> dbr:Charles_Willing_Byrd [SEP] [ANS] >> dbp:restingplace >> dbr:North_Bend,_Ohio [SEP] [ANS] >> rdf:type >> dbo:OfficeHolder"
translate question to dbpedia path: Over what do Concor holdings have a bridge?,[VAR1] >> dbo:builder >> dbr:Concor_Holdings [SEP] [VAR1] >> dbp:crosses >> [ANS] [SEP] [VAR1] >> rdf:type >> dbo:Bridge
translate question to dbpedia path: Which sports are played at both the Polytech uni of Bataan and Taguig?,dbr:Polytechnic_University_of_the_Philippines_Taguig >> dbo:sport >> [ANS] [SEP] dbr:Polytechnic_University_of_the_Philippines_–_Bataan >> dbo:sport >> [ANS]
translate question to dbpedia path: Name the movies distributed by Cinema International Corporation and edited by Hulian Doyle ?,[ANS] >> dbp:distributor >> dbr:Cinema_International_Corporation [SEP] [ANS] >> dbp:editing >> dbr:Julian_Doyle_(filmmaker) [SEP] [ANS] >> rdf:type >> dbo:Film
translate question to dbpedia path: What is the company which has Raymond Conner and Dennis Muilenburg as key person?,[ANS] >> dbp:keyPeople >> dbr:Dennis_Muilenburg [SEP] [ANS] >> dbp:keyPeople >> dbr:Raymond_Conner [SEP] [ANS] >> rdf:type >> dbo:Company
translate question to dbpedia path: Who narrated the albums in which Harry Nilsson performed?,[VAR1] >> dbo:artist >> dbr:Harry_Nilsson [SEP] [VAR1] >> dbp:narrated >> [ANS] [SEP] [VAR1] >> rdf:type >> dbo:Album
translate question to dbpedia path: What is the province of Rouen Business School ?,dbr:Rouen_Business_School >> dbp:province >> [ANS]
translate question to dbpedia path: List some songwriters whose work has been recorded in Miami?,[VAR1] >> dbo:recordedIn >> dbr:Miami [SEP] [VAR1] >> dbp:writer >> [ANS] [SEP] [VAR1] >> rdf:type >> dbo:Work
translate question to dbpedia path: Is KOMC-FM the sister station of KOMC (AM)?,ASK >> dbr:KOMC_(AM) >> dbo:sisterStation >> dbr:KOMC-FM
translate question to dbpedia path: What is the denomination of S. H. Kapadia ?,dbr:S._H._Kapadia >> dbp:religion >> [ANS]
translate question to dbpedia path: who are the managers of england national under 20 football team?,[ANS] >> dbp:managerclubs >> dbr:England_national_under-20_football_team
translate question to dbpedia path: What is the total number of relgions followed by people born in Bangkok?,COUNT >> [VAR1] >> dbo:religion >> [ANS] [SEP] [VAR1] >> dbp:birthPlace >> dbr:Bangkok
translate question to dbpedia path: Which movies have someone on their cast from Shelby County in Tennessee?,"[ANS] >> dbp:starring >> [VAR1] [SEP] [ANS] >> rdf:type >> dbo:Film [SEP] [VAR1] >> dbo:hometown >> dbr:Shelby_County,_Tennessee"
translate question to dbpedia path: Who appointed the governor under whom Richard Winn served?,[VAR1] >> dbp:appointer >> [ANS] [SEP] dbr:Richard_Winn >> dbo:governor >> [VAR1]
translate question to dbpedia path: What is the city whose mayor is Anne Hidalgo?,[ANS] >> dbp:mayor >> dbr:Anne_Hidalgo [SEP] [ANS] >> rdf:type >> dbo:Settlement
"translate question to dbpedia path: In which ice hockey league, did the team coached by Joel Quenneville win?",[ANS] >> dbp:champion >> [VAR1] [SEP] [ANS] >> rdf:type >> dbo:IceHockeyLeague [SEP] [VAR1] >> dbp:headCoach >> dbr:Joel_Quenneville
translate question to dbpedia path: Which musical artist collaborated with Tony Allen (musician) and label is Victor Entertainment?,[ANS] >> dbo:associatedMusicalArtist >> dbr:Tony_Allen_(musician) [SEP] [ANS] >> dbp:label >> dbr:Victor_Entertainment [SEP] [ANS] >> rdf:type >> dbo:MusicalArtist
translate question to dbpedia path: Which american football players currently plays for Michigan Wolverines?,[ANS] >> dbp:currentteam >> dbr:Michigan_Wolverines [SEP] [ANS] >> rdf:type >> dbo:AmericanFootballPlayer
translate question to dbpedia path: In how many different places have US people died?,COUNT >> [ANS] >> rdf:type >> dbo:Location [SEP] [VAR1] >> dbo:deathPlace >> [ANS] [SEP] [VAR1] >> dbp:placeOfBirth >> dbr:United_States
translate question to dbpedia path: Count the number of software which runs on Microsoft Windows and mac OS ?,COUNT >> [ANS] >> dbo:operatingSystem >> dbr:Mac_OS [SEP] [ANS] >> dbo:operatingSystem >> dbr:Microsoft_Windows
translate question to dbpedia path: What is the common race of the Martin Molony and race of the Coneygree ?,dbr:Coneygree >> dbp:race >> [ANS] [SEP] dbr:Martin_Molony >> dbo:race >> [ANS]
translate question to dbpedia path: Which countries led by Elizabeth II?,[ANS] >> dbp:leaderName >> dbr:Elizabeth_II [SEP] [ANS] >> rdf:type >> dbo:Country
translate question to dbpedia path: Who is the tenant of the home stadium of Toronto Phantoms?,[VAR1] >> dbo:tenant >> [ANS] [SEP] [VAR1] >> rdf:type >> dbo:Stadium [SEP] dbr:Toronto_Phantoms >> dbp:arena >> [VAR1]
translate question to dbpedia path: What is the purpose of Maharashtra Chess Association ?,dbr:Maharashtra_Chess_Association >> dbp:purpose >> [ANS]
translate question to dbpedia path: What is the draft team of the ice hockey players whose position is Centre ?,[VAR1] >> dbo:draftTeam >> [ANS] [SEP] [VAR1] >> dbp:position >> dbr:Centre_(ice_hockey) [SEP] [VAR1] >> rdf:type >> dbo:IceHockeyPlayer
translate question to dbpedia path: Who represent the constituencies of Noe Valley and Duboce Triangle ?,"[ANS] >> dbp:constituency >> dbr:Duboce_Triangle,_San_Francisco [SEP] [ANS] >> dbp:constituency >> dbr:Noe_Valley,_San_Francisco"
translate question to dbpedia path: What is the total number of religions that politicians have followed?,COUNT >> [VAR1] >> dbo:profession >> dbr:Politician [SEP] [VAR1] >> dbo:religion >> [ANS]
translate question to dbpedia path: What sports team's arena is The Palace of Auburn Hills,[ANS] >> dbp:arena >> dbr:The_Palace_of_Auburn_Hills [SEP] [ANS] >> rdf:type >> dbo:SportsTeam
translate question to dbpedia path: Name the religious affiliation of Vagif Aliyev ?,dbr:Vagif_Aliyev >> dbo:religion >> [ANS]
translate question to dbpedia path: Who composed songs in the Mr Tambourine Man album?,[VAR1] >> dbo:composer >> [ANS] [SEP] [VAR1] >> dbp:album >> dbr:Mr._Tambourine_Man_(album) [SEP] [VAR1] >> rdf:type >> dbo:Song
translate question to dbpedia path: To what companies is Dennis Muilenburg important?,[ANS] >> dbp:keyPeople >> dbr:Dennis_Muilenburg [SEP] [ANS] >> rdf:type >> dbo:Company
translate question to dbpedia path: Name the TV show whose company is Playtone and written by Graham Yost?,[ANS] >> dbo:company >> dbr:Playtone [SEP] [ANS] >> dbp:writer >> dbr:Graham_Yost [SEP] [ANS] >> rdf:type >> dbo:TelevisionShow
translate question to dbpedia path: Where are the politicians buried who succeeded George Whitefield Davis?,[VAR1] >> dbp:predecessor >> dbr:George_Whitefield_Davis [SEP] [VAR1] >> dbp:restingplace >> [ANS] [SEP] [VAR1] >> rdf:type >> dbo:OfficeHolder
translate question to dbpedia path: What is the fictional character which belongs to families of Darth Vader and Padm Amidala?,[ANS] >> dbp:family >> dbr:Darth_Vader [SEP] [ANS] >> dbp:family >> dbr:Padmé_Amidala [SEP] [ANS] >> rdf:type >> dbo:FictionalCharacter
translate question to dbpedia path: What were robert sarvis and JAck Ryan nominated for ?,dbr:Jack_Ryan_(politician) >> dbo:nominee >> [ANS] [SEP] dbr:Robert_Sarvis >> dbo:nominee >> [ANS]
translate question to dbpedia path: Count the number of other services of the companies which provides the Microsoft Azure as service ?,COUNT >> [VAR1] >> dbp:services >> [ANS] [SEP] [VAR1] >> dbp:services >> dbr:Microsoft_Azure
translate question to dbpedia path: Which animator of the The Skeleton Dance is also the director of The Haunted House (1929 film) ?,dbr:The_Haunted_House_(1929_film) >> dbo:director >> [ANS] [SEP] dbr:The_Skeleton_Dance >> dbo:animator >> [ANS]
translate question to dbpedia path: How many first drivers have participated when Scuderia Ferrari was a first team?,COUNT >> [VAR1] >> dbo:firstDriver >> [ANS] [SEP] [VAR1] >> dbp:firstTeam >> dbr:Scuderia_Ferrari
translate question to dbpedia path: In how many countries are people born who play cricket?,COUNT >> [ANS] >> rdf:type >> dbo:Country [SEP] [VAR1] >> dbo:occupation >> dbr:Cricket [SEP] [VAR1] >> dbo:stateOfOrigin >> [ANS]
translate question to dbpedia path: What are the towns who have Thesaban system?,[ANS] >> dbp:settlementType >> dbr:Thesaban [SEP] [ANS] >> rdf:type >> dbo:Town
translate question to dbpedia path: In how many different wars have people graduated from the Army Command and General staff college fought?,COUNT >> [VAR1] >> dbo:almaMater >> dbr:United_States_Army_Command_and_General_Staff_College [SEP] [VAR1] >> dbp:battles >> [ANS]
translate question to dbpedia path: Which non fictional subject of Thud is the athletics of PATTS College of Aeronautics ?,dbr:PATTS_College_of_Aeronautics >> dbp:athletics >> [ANS] [SEP] dbr:Thud! >> dbo:nonFictionSubject >> [ANS]
translate question to dbpedia path: Was Beth Tweddle primarily coached by Amanda Reddin?,ASK >> dbr:Beth_Tweddle >> dbp:headcoach >> dbr:Amanda_Reddin
translate question to dbpedia path: List the current members of Metro Station (band) ?,dbr:Metro_Station_(band) >> dbp:currentMembers >> [ANS]
translate question to dbpedia path: Was robert sarvis a nominee of the US Senate?,ASK >> dbr:Robert_Sarvis >> dbo:nominee >> dbr:United_States_Senate
translate question to dbpedia path: Which major shrine of Tekle haymanot is the palce of death of Haile Selassie Gugsa ?,dbr:Haile_Selassie_Gugsa >> dbp:placeOfDeath >> [ANS] [SEP] dbr:Tekle_Haymanot >> dbo:majorShrine >> [ANS]
translate question to dbpedia path: Which video game's artist is Hiroji Kiyotake and computing platform is Virtual Console?,[ANS] >> dbo:computingPlatform >> dbr:Virtual_Console [SEP] [ANS] >> dbp:artist >> dbr:Hiroji_Kiyotake [SEP] [ANS] >> rdf:type >> dbo:VideoGame
translate question to dbpedia path: Name a basketball player with teams as Chicago Bulls and Phoenix Suns?,[ANS] >> dbo:team >> dbr:Phoenix_Suns [SEP] [ANS] >> dbp:team >> dbr:Chicago_Bulls [SEP] [ANS] >> rdf:type >> dbo:BasketballPlayer
translate question to dbpedia path: What is the home stadium of Kenya's women national football team ?,dbr:Kenya_women's_national_football_team >> dbp:homeStadium >> [ANS]
translate question to dbpedia path: Where does the jurisdiction of European Border and Coast Guard fall?,dbr:European_Border_and_Coast_Guard >> dbp:jurisdiction >> [ANS]
translate question to dbpedia path: What is the award which is presented by Swedish Academy?,[ANS] >> dbp:presenter >> dbr:Swedish_Academy [SEP] [ANS] >> rdf:type >> dbo:Award
translate question to dbpedia path: Where was the company who is the operator of Harihar Airport founded ?,[VAR1] >> dbp:foundation >> [ANS] [SEP] [VAR1] >> rdf:type >> dbo:Company [SEP] dbr:Harihar_Airport >> dbo:operator >> [VAR1]
translate question to dbpedia path: What are some important people in NGOs headed by Donna Shalala?,[VAR1] >> dbo:keyPerson >> dbr:Donna_Shalala [SEP] [VAR1] >> dbp:keyPeople >> [ANS] [SEP] [VAR1] >> rdf:type >> dbo:Non-ProfitOrganisation
translate question to dbpedia path: What are the other key people of the non-profit organisations whose one of the  key person is Joe Green ?,[VAR1] >> dbp:keyPeople >> [ANS] [SEP] [VAR1] >> dbp:keyPeople >> dbr:Joe_Green_(entrepreneur) [SEP] [VAR1] >> rdf:type >> dbo:Non-ProfitOrganisation
translate question to dbpedia path: Who are the people whose phD advisor was Harry Harlow?,[ANS] >> dbp:doctoralAdvisor >> dbr:Harry_Harlow [SEP] [ANS] >> rdf:type >> dbo:Person
translate question to dbpedia path: What is the county seat of Moscow Governorate ?,dbr:Moscow_Governorate >> dbo:capital >> [ANS]
translate question to dbpedia path: What are some books whose cover illustration is designed by Marshall Arisman?,[ANS] >> dbp:coverArtist >> dbr:Marshall_Arisman [SEP] [ANS] >> rdf:type >> dbo:Book
translate question to dbpedia path: Momoko Kchi has acted in which movie ?,[ANS] >> dbo:starring >> dbr:Momoko_Kōchi [SEP] [ANS] >> rdf:type >> dbo:Film
translate question to dbpedia path: What show has Sirius XM Holdings and Fox Sports Radio as channels ?,[ANS] >> dbo:channel >> dbr:Fox_Sports_Radio [SEP] [ANS] >> dbo:channel >> dbr:Sirius_XM_Holdings [SEP] [ANS] >> rdf:type >> dbo:TelevisionShow
translate question to dbpedia path: What is the  name of the television show whose developer is J. Michael Straczynski and actor is Jason Carter (actor)?,[ANS] >> dbo:developer >> dbr:J._Michael_Straczynski [SEP] [ANS] >> dbo:starring >> dbr:Jason_Carter_(actor) [SEP] [ANS] >> rdf:type >> dbo:TelevisionShow
translate question to dbpedia path: What are some cars similar to the ones assembled at Toluca?,[VAR1] >> dbp:assembly >> dbr:Toluca [SEP] [VAR1] >> dbp:related >> [ANS] [SEP] [VAR1] >> rdf:type >> dbo:Automobile
translate question to dbpedia path: Who is associated to the predecessor of Dan Mica?,[ANS] >> dbo:associate >> [VAR1] [SEP] [VAR1] >> dbp:predecessor >> dbr:Dan_Mica
translate question to dbpedia path: Michael Deeley produce how many movies?,COUNT >> [ANS] >> dbo:producer >> dbr:Michael_Deeley
translate question to dbpedia path: List borders of the admin region bordering Arctic ocean ?,[VAR1] >> dbo:border >> [ANS] [SEP] [VAR1] >> dbo:border >> dbr:Arctic_Ocean
translate question to dbpedia path: What is the nationality of the J. T. Krogh which is also the  sovereign state of the Camilla Martin,dbr:Camilla_Martin >> dbo:country >> [ANS] [SEP] dbr:J._T._Krogh >> dbo:nationality >> [ANS]
translate question to dbpedia path: How many food items have an ingredient from the Sapindales family?,COUNT >> [ANS] >> dbo:ingredient >> [VAR1] [SEP] [ANS] >> rdf:type >> dbo:Food [SEP] [VAR1] >> dbo:order >> dbr:Sapindales
translate question to dbpedia path: Which district of Thorington railway station is the location of death of  David Lewis (poet) ?,dbr:David_Lewis_(poet) >> dbo:deathPlace >> [ANS] [SEP] dbr:Thorington_railway_station >> dbo:district >> [ANS]
translate question to dbpedia path: Who was the head coach of Middlesbrough F.C. season 2006-7 also the coach of England national under 21 footbal team ?,dbr:2006–07_Middlesbrough_F.C._season >> dbo:manager >> [ANS] [SEP] dbr:England_national_under-21_football_team >> dbp:coach >> [ANS]
translate question to dbpedia path: Who designed the bridge over the Valaichchenai lagoon?,[VAR1] >> dbp:crosses >> dbr:Valaichchenai_Lagoon [SEP] [VAR1] >> dbp:designer >> [ANS] [SEP] [VAR1] >> rdf:type >> dbo:Bridge
translate question to dbpedia path: Where did anton ausserer die?,dbr:Anton_Ausserer >> dbp:deathPlace >> [ANS]
translate question to dbpedia path: How many teams have used the stadium which hosted the WCW mayhem?,COUNT >> [VAR1] >> dbo:tenant >> [ANS] [SEP] [VAR1] >> rdf:type >> dbo:Stadium [SEP] dbr:WCW_Mayhem >> dbp:venue >> [VAR1]
translate question to dbpedia path: List  bacterias whose orde is Bacillales and division is Firmicutes?,[ANS] >> dbo:division >> dbr:Firmicutes [SEP] [ANS] >> dbo:order >> dbr:Bacillales [SEP] [ANS] >> rdf:type >> dbo:Bacteria
translate question to dbpedia path: Who are in the liang chow club?,[ANS] >> dbp:club >> dbr:Liang_Chow
translate question to dbpedia path: To which family does korean fox belongs to ?,dbr:Korean_fox >> dbo:family >> [ANS]
"translate question to dbpedia path: What is the alma mater of the person, whose child is Samuel Moreno Rojas?",[VAR1] >> dbp:almaMater >> [ANS] [SEP] [VAR1] >> dbp:children >> dbr:Samuel_Moreno_Rojas
translate question to dbpedia path: Name the river whose source place is Gloucestershire and mouth place is Southend-on-Sea ?,[ANS] >> dbo:mouthPlace >> dbr:Southend-on-Sea [SEP] [ANS] >> dbo:sourcePlace >> dbr:Gloucestershire [SEP] [ANS] >> rdf:type >> dbo:River
translate question to dbpedia path: In how many countries does the Zurich Affoltern am Albis Zug line go?,COUNT >> [ANS] >> rdf:type >> dbo:Country [SEP] [VAR1] >> dbo:country >> [ANS] [SEP] [VAR1] >> dbp:line >> dbr:Zürich–Affoltern_am_Albis–Zug_railway_line
translate question to dbpedia path: How many movies did Joel Schumacher direct?,COUNT >> [ANS] >> dbo:director >> dbr:Joel_Schumacher [SEP] [ANS] >> rdf:type >> dbo:Film
translate question to dbpedia path: In how many places did Julian Leow Beng Kim study?,COUNT >> [ANS] >> rdf:type >> dbo:University [SEP] dbr:Julian_Leow_Beng_Kim >> dbp:almaMater >> [ANS]
translate question to dbpedia path: Is lion an animal?,ASK >> dbr:Lion >> dbo:kingdom >> dbr:Animal
translate question to dbpedia path: Which cities have the river one of whose Tributary is the Missouri's big spring?,[VAR1] >> dbo:city >> [ANS] [SEP] [VAR1] >> dbo:rightTributary >> dbr:Big_Spring_(Missouri) [SEP] [VAR1] >> rdf:type >> dbo:River
translate question to dbpedia path: Which Stanley Kubrick's movie has music by Laurie Johnson?,[ANS] >> dbp:director >> dbr:Stanley_Kubrick [SEP] [ANS] >> dbp:music >> dbr:Laurie_Johnson [SEP] [ANS] >> rdf:type >> dbo:Film
translate question to dbpedia path: How many movies were directed by the graduate of Burbank High School ?,"COUNT >> [ANS] >> dbp:director >> [VAR1] [SEP] [ANS] >> rdf:type >> dbo:Film [SEP] [VAR1] >> dbp:education >> dbr:Burbank_High_School_(Burbank,_California)"
translate question to dbpedia path: What is the type of Vesak ?,dbr:Vesak >> dbo:type >> [ANS]
translate question to dbpedia path: Who have become famous by movies produced by Laurence Mark?,[ANS] >> dbo:knownFor >> [VAR1] [SEP] [VAR1] >> dbp:producer >> dbr:Laurence_Mark
translate question to dbpedia path: Count all the scientologists.,COUNT >> [ANS] >> dbo:religion >> dbr:Scientology
translate question to dbpedia path: Laozi has authored which books ?,[ANS] >> dbp:author >> dbr:Laozi [SEP] [ANS] >> rdf:type >> dbo:Book
translate question to dbpedia path: Name the river  whose source location is Nevado Mismi and region is Arequipa Region?,[ANS] >> dbp:sourceLocation >> dbr:Nevado_Mismi [SEP] [ANS] >> dbp:sourceRegion >> dbr:Arequipa_Region [SEP] [ANS] >> rdf:type >> dbo:River
translate question to dbpedia path: List the awards won by the fashion designer which have been recognized by Tennessee State Museum ?,[VAR1] >> dbo:award >> [ANS] [SEP] [VAR1] >> dbo:award >> dbr:Tennessee_State_Museum [SEP] [VAR1] >> rdf:type >> dbo:FashionDesigner
translate question to dbpedia path: Where can I find companies which originated in Canada?,[VAR1] >> dbo:foundationPlace >> dbr:Canada [SEP] [VAR1] >> dbp:locations >> [ANS] [SEP] [VAR1] >> rdf:type >> dbo:Company
translate question to dbpedia path: Name the species of Panthera leo fossilis ?,dbr:Panthera_leo_fossilis >> dbo:species >> [ANS]
translate question to dbpedia path: What is the nationality of Newin Chidchob ?,dbr:Newin_Chidchob >> dbp:nationality >> [ANS]
translate question to dbpedia path: List the affiliations of Wikipedia Zero ?,dbr:Wikipedia_Zero >> dbp:affiliations >> [ANS]
translate question to dbpedia path: What is the route start of Capitol 400 ?,dbr:Capitol_400 >> dbo:routeStart >> [ANS]
translate question to dbpedia path: Which awards did the parents of Anna Bergman win ?,[VAR1] >> dbp:awards >> [ANS] [SEP] dbr:Anna_Bergman >> dbo:parent >> [VAR1]
translate question to dbpedia path: How many schools have a bison as their mascot?,COUNT >> [ANS] >> dbp:mascot >> dbr:Bison [SEP] [ANS] >> rdf:type >> dbo:School
translate question to dbpedia path: What river originates in the Connecticut Lakes?,[ANS] >> dbo:source >> dbr:Connecticut_Lakes [SEP] [ANS] >> rdf:type >> dbo:River
translate question to dbpedia path: List the bacterias whose division is Firmicutes and domain is bacteria?,[ANS] >> dbo:division >> dbr:Firmicutes [SEP] [ANS] >> dbp:domain >> dbr:Bacteria [SEP] [ANS] >> rdf:type >> dbo:Bacteria
translate question to dbpedia path: Which country of Montaas Mayas Chiquibul is the birth place of Jos Bernardo Escobar?,dbr:José_Bernardo_Escobar >> dbp:birthPlace >> [ANS] [SEP] dbr:Montañas_Mayas_Chiquibul >> dbp:country >> [ANS]
translate question to dbpedia path: Who is the head coach of 2009-10 Middlesbrough F.C. season ?,dbr:2009–10_Middlesbrough_F.C._season >> dbo:manager >> [ANS]
translate question to dbpedia path: Name the battle fought by the people which also fought in Levant ?,[VAR1] >> dbp:battles >> [ANS] [SEP] [VAR1] >> dbp:battles >> dbr:Levant [SEP] [VAR1] >> rdf:type >> dbo:Person
translate question to dbpedia path: Which work institutions of the Andrew Schally is the  alma mater of the Mara Eugenia Rojas Correa ?,dbr:Andrew_Schally >> dbp:workInstitutions >> [ANS] [SEP] dbr:María_Eugenia_Rojas_Correa >> dbp:almaMater >> [ANS]
translate question to dbpedia path: Which politician's constituency is led by the SF Board of Supervisors?,[ANS] >> dbp:constituency >> [VAR1] [SEP] [ANS] >> rdf:type >> dbo:OfficeHolder [SEP] [VAR1] >> dbp:leaderTitle >> dbr:San_Francisco_Board_of_Supervisors
translate question to dbpedia path: How many factions have fought in wars where Francois Marie Le Marchand de Lignery was involved?,COUNT >> [VAR1] >> dbp:combatant >> [ANS] [SEP] [VAR1] >> rdf:type >> dbo:MilitaryConflict [SEP] dbr:François-Marie_Le_Marchand_de_Lignery >> dbo:battle >> [VAR1]
translate question to dbpedia path: What are some people who are on the board of companies founded in NY?,[ANS] >> dbo:board >> [VAR1] [SEP] [ANS] >> rdf:type >> dbo:Person [SEP] [VAR1] >> dbp:foundation >> dbr:New_York_City
translate question to dbpedia path: Who was the architect of the stadium currently run by the Pittsburgh Pirates?,[VAR1] >> dbp:architect >> [ANS] [SEP] [VAR1] >> dbp:operator >> dbr:Pittsburgh_Pirates [SEP] [VAR1] >> rdf:type >> dbo:Stadium
translate question to dbpedia path: Give me a count of musicians who play an instrument developed by George Beauchamp ?,COUNT >> [ANS] >> dbo:instrument >> [VAR1] [SEP] [ANS] >> rdf:type >> dbo:MusicalArtist [SEP] [VAR1] >> dbp:keyPeople >> dbr:George_Beauchamp
translate question to dbpedia path: What sport activities are available at Polytechnic University of the Philippines Bataan?,dbr:Polytechnic_University_of_the_Philippines_–_Bataan >> dbo:sport >> [ANS]
translate question to dbpedia path: In how many places have the companies started in Newcastle worked?,COUNT >> [ANS] >> rdf:type >> dbo:Place [SEP] [VAR1] >> dbo:foundationPlace >> dbr:City_of_Newcastle [SEP] [VAR1] >> dbo:regionServed >> [ANS]
translate question to dbpedia path: What are the musicals of the people died in California?,[ANS] >> dbp:music >> [VAR1] [SEP] [ANS] >> rdf:type >> dbo:Musical [SEP] [VAR1] >> dbo:deathPlace >> dbr:California
"translate question to dbpedia path: What sport has made Eric Schiller famous, and has employed Craig Van Tibury?",dbr:Craig_Van_Tilbury >> dbo:occupation >> [ANS] [SEP] dbr:Eric_Schiller >> dbo:knownFor >> [ANS]
translate question to dbpedia path: Which pole driver of 1989 Portuguese Grand Prix was also the first driver of 1993 European Grand Prix ?,dbr:1989_Portuguese_Grand_Prix >> dbo:poleDriver >> [ANS] [SEP] dbr:1993_European_Grand_Prix >> dbp:firstDriver >> [ANS]
translate question to dbpedia path: What is the debut team of the gridiron football player who coached the 1931 Staten Island Stapletons season ?,[VAR1] >> dbp:debutteam >> [ANS] [SEP] [VAR1] >> rdf:type >> dbo:GridironFootballPlayer [SEP] dbr:1931_Staten_Island_Stapletons_season >> dbo:coach >> [VAR1]
translate question to dbpedia path: Name the alma mater of the scientist famous for Email filtering ?,[VAR1] >> dbp:almaMater >> [ANS] [SEP] [VAR1] >> dbp:knownFor >> dbr:Email_filtering [SEP] [VAR1] >> rdf:type >> dbo:Scientist
translate question to dbpedia path: Where is the T.I. Ahmadiyya Girls Senior High School?,"dbr:T.I._Ahmadiyya_Girls_Senior_High_School,_Asokore >> dbo:denomination >> [ANS]"
"translate question to dbpedia path: To what region is Sukhumbhand Paribatra, a leader?",[ANS] >> dbo:leaderName >> dbr:Sukhumbhand_Paribatra [SEP] [ANS] >> rdf:type >> dbo:Region
translate question to dbpedia path: What are the birth place of the people who are the star of Dhoondte Reh Jaaoge?,[VAR1] >> dbo:birthPlace >> [ANS] [SEP] [VAR1] >> rdf:type >> dbo:Person [SEP] dbr:Dhoondte_Reh_Jaaoge!_(1998_film) >> dbo:starring >> [VAR1]
translate question to dbpedia path: Which software uses windows as it's operating system and is written in C++ ?,[ANS] >> dbo:operatingSystem >> dbr:Microsoft_Windows [SEP] [ANS] >> dbo:programmingLanguage >> dbr:C++ [SEP] [ANS] >> rdf:type >> dbo:Software
translate question to dbpedia path: Which domain's journals did Willard Fiske edit?,[VAR1] >> dbp:discipline >> [ANS] [SEP] [VAR1] >> dbp:editor >> dbr:Willard_Fiske [SEP] [VAR1] >> rdf:type >> dbo:AcademicJournal
translate question to dbpedia path: What is the religion of the person who is in the cast of Master's Sun> ?,[VAR1] >> dbp:religion >> [ANS] [SEP] [VAR1] >> rdf:type >> dbo:Person [SEP] dbr:Master's_Sun >> dbo:starring >> [VAR1]
"translate question to dbpedia path: What is the television show whose theme music composer's home town is El Sobrante, California?","[ANS] >> dbp:themeMusicComposer >> [VAR1] [SEP] [ANS] >> rdf:type >> dbo:TelevisionShow [SEP] [VAR1] >> dbo:hometown >> dbr:El_Sobrante,_California"
translate question to dbpedia path: How many maintainers are there of the bridges that can carry motor vehicles over them?,COUNT >> [VAR1] >> dbo:maintainedBy >> [ANS] [SEP] [VAR1] >> dbp:carries >> dbr:Motor_vehicle
translate question to dbpedia path: What currencies are circulated in the countries where people speak French?,[VAR1] >> dbo:currency >> [ANS] [SEP] [VAR1] >> dbo:officialLanguage >> dbr:French_language [SEP] [VAR1] >> rdf:type >> dbo:Location
translate question to dbpedia path: Did Oliver Sacks study at the Columbia University?,ASK >> dbr:Oliver_Sacks >> dbo:institution >> dbr:Columbia_University
translate question to dbpedia path: Give the distinct number of other party of the people which have one of the party as Janata Party ?,COUNT >> [VAR1] >> dbo:otherParty >> [ANS] [SEP] [VAR1] >> dbo:otherParty >> dbr:Janata_Party
translate question to dbpedia path: List the former partner of the figure skaters whose former choreographer was Igor Shpillband.,[VAR1] >> dbo:formerChoreographer >> dbr:Igor_Shpillband [SEP] [VAR1] >> dbo:formerPartner >> [ANS] [SEP] [VAR1] >> rdf:type >> dbo:FigureSkater
translate question to dbpedia path: Give me a list of all the buildings which are located in districts governed by John Tory.,[ANS] >> dbo:location >> [VAR1] [SEP] [ANS] >> rdf:type >> dbo:Building [SEP] [VAR1] >> dbp:leaderName >> dbr:John_Tory
translate question to dbpedia path: Which BBC's TV show is related with the Sarah Jane Adventures?,[ANS] >> dbo:network >> dbr:BBC_HD [SEP] [ANS] >> dbo:related >> dbr:The_Sarah_Jane_Adventures [SEP] [ANS] >> rdf:type >> dbo:TelevisionShow
translate question to dbpedia path: Which associate of Thomas bryan Martin is also the president of Carmichael ?,dbr:Thomas_Bryan_Martin >> dbo:associate >> [ANS] [SEP] dbr:William_Carmichael_(diplomat) >> dbp:president >> [ANS]
translate question to dbpedia path: Which political party got elected in First Legislative Assembly of Uttar Pradesh ?,dbr:First_Legislative_Assembly_of_Uttar_Pradesh >> dbp:party >> [ANS]
translate question to dbpedia path: How many organizations own the website to which Jimmy Wales contributes?,COUNT >> [ANS] >> rdf:type >> dbo:Organisation [SEP] [VAR1] >> dbo:author >> dbr:Jimmy_Wales [SEP] [VAR1] >> dbo:owner >> [ANS]
translate question to dbpedia path: Name the notable commanders of Army Group Oberrhein ?,dbr:Army_Group_Oberrhein_(Germany) >> dbp:notableCommanders >> [ANS]
translate question to dbpedia path: Which high school of the Jerry Tagge also was the palce hwer Temptation Waits was recorded ?,dbr:Jerry_Tagge >> dbp:highSchool >> [ANS] [SEP] dbr:Temptation_Waits >> dbo:recordedIn >> [ANS]
translate question to dbpedia path: Was His New Job edited by Charlie Chaplin?,ASK >> dbr:His_New_Job >> dbo:editing >> dbr:Charlie_Chaplin
translate question to dbpedia path: Does vance johnson play as a wide receiver?,ASK >> dbr:Vance_Johnson >> dbo:position >> dbr:Wide_receiver
translate question to dbpedia path: Name the place of Qaqun ?,dbr:Qaqun >> dbp:place >> [ANS]
translate question to dbpedia path: What is the deathplace of people who have worked in Ethics?,[VAR1] >> dbp:mainInterests >> dbr:Ethics [SEP] [VAR1] >> dbp:placeOfDeath >> [ANS] [SEP] [VAR1] >> rdf:type >> dbo:Person
translate question to dbpedia path: List all the nicknames of the city which has Toru gingerbread as one of it ?,[VAR1] >> dbp:nickname >> [ANS] [SEP] [VAR1] >> dbp:nickname >> dbr:Toruń_gingerbread
translate question to dbpedia path: What are the awards won by the film editor of World of Tomorrow ?,[VAR1] >> dbo:award >> [ANS] [SEP] dbr:World_of_Tomorrow_(film) >> dbo:editing >> [VAR1]
translate question to dbpedia path: Is Luigi Brugnaro the mayor of Venice?,ASK >> dbr:Venice >> dbp:mayor >> dbr:Luigi_Brugnaro
translate question to dbpedia path: Which mountains are contained in Inyo National Forest?,[ANS] >> dbo:locatedInArea >> dbr:Inyo_National_Forest [SEP] [ANS] >> rdf:type >> dbo:Mountain
translate question to dbpedia path: Whose children are married to Fredric Joliot-Curie?,[ANS] >> dbp:children >> [VAR1] [SEP] [VAR1] >> dbp:spouse >> dbr:Frédéric_Joliot-Curie
"translate question to dbpedia path: Where did the president study, whose VP was Emilio Nez?",[VAR1] >> dbo:almaMater >> [ANS] [SEP] [VAR1] >> dbo:vicePresident >> dbr:Emilio_Núñez
translate question to dbpedia path: Where are the homestadiums of the seasons chaired by Merritt Paulson?,[VAR1] >> dbo:chairman >> dbr:Merritt_Paulson [SEP] [VAR1] >> dbo:homeStadium >> [ANS] [SEP] [VAR1] >> rdf:type >> dbo:SoccerClubSeason
translate question to dbpedia path: Was elizabeth ann seton beatified by Pope John XXIII?,ASK >> dbr:Elizabeth_Ann_Seton >> dbp:beatifiedBy >> dbr:Pope_John_XXIII
"translate question to dbpedia path: What is the architecture of First National Bank and Trust Building (Lima, Ohio) ?","dbr:First_National_Bank_and_Trust_Building_(Lima,_Ohio) >> dbo:architecturalStyle >> [ANS]"
translate question to dbpedia path: What are some languages in the italic family of languages?,[ANS] >> dbo:languageFamily >> dbr:Italic_languages
translate question to dbpedia path: Count all the awards which were presented by something located in California.,COUNT >> [ANS] >> dbo:presenter >> [VAR1] [SEP] [ANS] >> rdf:type >> dbo:Award [SEP] [VAR1] >> dbo:headquarter >> dbr:California
translate question to dbpedia path: What is the region of the Kim Sawchuk which is also served by the Airtours International Airways ?,dbr:Airtours_International_Airways >> dbp:destinations >> [ANS] [SEP] dbr:Kim_Sawchuk >> dbp:region >> [ANS]
translate question to dbpedia path: Who all held a position when Gough Whitlam was the prime minister?,[ANS] >> dbo:primeMinister >> dbr:Gough_Whitlam
translate question to dbpedia path: In which part of the world will I find Kim Sawchuk and Vuelta Mexico Telmex?,dbr:Kim_Sawchuk >> dbp:region >> [ANS] [SEP] dbr:Vuelta_Mexico_Telmex >> dbp:region >> [ANS]
translate question to dbpedia path: What are the mascots of the teams participating in the Turkish Handball Super League?,[VAR1] >> dbp:league >> dbr:Turkish_Handball_Super_League [SEP] [VAR1] >> dbp:mascot >> [ANS] [SEP] [VAR1] >> rdf:type >> dbo:SportsTeam
translate question to dbpedia path: Which tenants of the Master Card center is also th draft team of Sam Carrrick,dbr:MasterCard_Centre >> dbp:tenants >> [ANS] [SEP] dbr:Sam_Carrick >> dbp:draftTeam >> [ANS]
translate question to dbpedia path: Which country has given citizenship to both saima chowdhury and edmund john?,dbr:Edmund_John >> dbo:citizenship >> [ANS] [SEP] dbr:Saima_Chowdhury >> dbo:citizenship >> [ANS]
translate question to dbpedia path: Who originally wrote the manga which was later illustrated by Tamon Ohta?,[VAR1] >> dbo:illustrator >> dbr:Tamon_Ohta [SEP] [VAR1] >> dbp:author >> [ANS] [SEP] [VAR1] >> rdf:type >> dbo:Manga
translate question to dbpedia path: Which university was attended by both Richard H Immerman and Franklin W Olin?,dbr:Franklin_W._Olin >> dbp:education >> [ANS] [SEP] dbr:Richard_H._Immerman >> dbp:education >> [ANS]
translate question to dbpedia path: How many other race are there of the adult (pornographic) actors whose ethnicity is Cherokee ?,COUNT >> [VAR1] >> dbo:ethnicity >> dbr:Cherokee [SEP] [VAR1] >> dbp:ethnicity >> [ANS]
translate question to dbpedia path: Who maintains the stuff designed by the Brunei government?,[VAR1] >> dbo:maintainedBy >> [ANS] [SEP] [VAR1] >> dbp:designer >> dbr:Politics_of_Brunei
translate question to dbpedia path: Stockholm is the HQ of how many things?,COUNT >> [ANS] >> dbp:headquarters >> dbr:Stockholm
translate question to dbpedia path: What is a salthill?,dbr:Salthill >> dbo:type >> [ANS]
translate question to dbpedia path: What is the sea connected to Oulu and Turku?,[ANS] >> dbp:cities >> dbr:Oulu [SEP] [ANS] >> dbp:cities >> dbr:Turku [SEP] [ANS] >> rdf:type >> dbo:Sea
translate question to dbpedia path: List all the parents of writers coming from the Great Missenden ?,[VAR1] >> dbo:parent >> [ANS] [SEP] [VAR1] >> dbp:homeTown >> dbr:Great_Missenden [SEP] [VAR1] >> rdf:type >> dbo:Writer
translate question to dbpedia path: In how many regions is the Baco Noir made?,COUNT >> dbr:Baco_noir >> dbo:wineRegion >> [ANS]
translate question to dbpedia path: What is the source country of Water resources managemnt in EL Salvador is also the land of Jos MAra Orellana ?,dbr:José_María_Orellana >> dbo:country >> [ANS] [SEP] dbr:Water_resources_management_in_El_Salvador >> dbp:sourceCountry >> [ANS]
translate question to dbpedia path: Where does the Jerusalem Institute of Justice render their services?,dbr:Jerusalem_Institute_of_Justice >> dbo:service >> [ANS]
translate question to dbpedia path: What is the common nickname given both to Harding academy and Lyons township high school?,dbr:Harding_Academy_(Memphis) >> dbp:nickname >> [ANS] [SEP] dbr:Lyons_Township_High_School >> dbp:nickname >> [ANS]
translate question to dbpedia path: What borders siberia?,dbr:Siberia >> dbo:border >> [ANS]
translate question to dbpedia path: To which party do the politicians who died in Delhi belong?,[VAR1] >> dbp:party >> [ANS] [SEP] [VAR1] >> dbp:placeOfDeath >> dbr:Delhi [SEP] [VAR1] >> rdf:type >> dbo:OfficeHolder
translate question to dbpedia path: Who created the stadiums who have been rented by the Boston Red Sox?,[VAR1] >> dbo:tenant >> dbr:Boston_Red_Sox [SEP] [VAR1] >> dbp:architect >> [ANS] [SEP] [VAR1] >> rdf:type >> dbo:Stadium
translate question to dbpedia path: What is the region of the successor of Mr. Jerome B. Chaffee ?,[VAR1] >> dbo:region >> [ANS] [SEP] dbr:Jerome_B._Chaffee >> dbo:successor >> [VAR1]
translate question to dbpedia path: What is the profession of the Chris Myers (New Jersey) which is the governing body of Oahu Railway and Land Company ?,dbr:Chris_Myers_(New_Jersey) >> dbo:profession >> [ANS] [SEP] dbr:Oahu_Railway_and_Land_Company >> dbp:governingBody >> [ANS]
translate question to dbpedia path: In which countries were the Russian volleyball team players born?,[VAR1] >> dbp:nationalteam >> dbr:Russia_women's_national_volleyball_team [SEP] [VAR1] >> dbp:placeOfBirth >> [ANS] [SEP] [VAR1] >> rdf:type >> dbo:Athlete
translate question to dbpedia path: Which religion's people are member of BJP?,[VAR1] >> dbo:religion >> [ANS] [SEP] [VAR1] >> dbp:party >> dbr:Bharatiya_Janata_Party [SEP] [VAR1] >> rdf:type >> dbo:Person
translate question to dbpedia path: List down the commanders of Battle of Fort stephenson ?,dbr:Battle_of_Fort_Stephenson >> dbo:commander >> [ANS]
translate question to dbpedia path: What is the subject of The Prodigal son ?,dbr:The_Prodigal_Son_(play) >> dbp:subject >> [ANS]
translate question to dbpedia path: ARM Architecture acts as a game platform for how many things?,COUNT >> [ANS] >> dbo:computingPlatform >> dbr:ARM_architecture
translate question to dbpedia path: Name the work institutions of Andrew Schally?,dbr:Andrew_Schally >> dbp:workInstitutions >> [ANS]
translate question to dbpedia path: What is the fictional character which has Clan McDuck and Ludwig Von Draken as relatives?,[ANS] >> dbp:relatives >> dbr:Clan_McDuck [SEP] [ANS] >> dbp:relatives >> dbr:Ludwig_Von_Drake [SEP] [ANS] >> rdf:type >> dbo:FictionalCharacter
translate question to dbpedia path: How many games have a composer who worked for the Creatures?,COUNT >> [ANS] >> dbp:composer >> [VAR1] [SEP] [ANS] >> rdf:type >> dbo:VideoGame [SEP] [VAR1] >> dbo:occupation >> dbr:Creatures_(company)
translate question to dbpedia path: Which licensee of EXXV-TV is also the licensee of WXXV-DT2 ?,dbr:EXXV-TV >> dbp:licensee >> [ANS] [SEP] dbr:WXXV-DT2 >> dbp:licensee >> [ANS]
translate question to dbpedia path: Which state is the birth location of Ann Monroe Gilchrist Strong?,[VAR1] >> dbo:country >> [ANS] [SEP] dbr:Ann_Monroe_Gilchrist_Strong >> dbo:birthPlace >> [VAR1]
translate question to dbpedia path: Which university's graduates have worked in the Quartermaster corps?,[VAR1] >> dbo:almaMater >> [ANS] [SEP] [VAR1] >> dbo:militaryUnit >> dbr:Quartermaster_Corps_(United_States_Army)
translate question to dbpedia path: How many people have voiced characters sculpted by Clamp?,COUNT >> [VAR1] >> dbo:voice >> [ANS] [SEP] [VAR1] >> dbp:creator >> dbr:Clamp_(manga_artists)
translate question to dbpedia path: Trainees at the national film school of Lodz have received what awards?,[VAR1] >> dbo:award >> [ANS] [SEP] [VAR1] >> dbp:training >> dbr:National_Film_School_in_Łódź
translate question to dbpedia path: Were the bodies involved in the Westroads mall shootings discovered in Nebraska?,ASK >> dbr:Westroads_Mall_shooting >> dbp:bodyDiscovered >> dbr:Nebraska
translate question to dbpedia path: Which animator of the The Skeleton Dance is also the  cinematographer of the Mickey's Mellerdrammer?,dbr:Mickey's_Mellerdrammer >> dbp:cinematography >> [ANS] [SEP] dbr:The_Skeleton_Dance >> dbo:animator >> [ANS]
translate question to dbpedia path: Who is the scientist whose academic advisor is Franz Brentano?,[ANS] >> dbo:academicAdvisor >> dbr:Franz_Brentano [SEP] [ANS] >> rdf:type >> dbo:Scientist
translate question to dbpedia path: Who was the animator of both Tommy Tucker's Tooth and Skeleton Dance?,dbr:The_Skeleton_Dance >> dbo:animator >> [ANS] [SEP] dbr:Tommy_Tucker's_Tooth >> dbp:animator >> [ANS]
translate question to dbpedia path: In how many different people are alumini of the University of Oxford working?,"COUNT >> [VAR1] >> dbo:field >> [ANS] [SEP] [VAR1] >> dbp:almaMater >> dbr:Worcester_College,_Oxford"
translate question to dbpedia path: Who is the developer of Montecito Inn ?,dbr:Montecito_Inn >> dbp:developer >> [ANS]
translate question to dbpedia path: Where did Paul Jones do his highschool?,dbr:Paul_Jones_(American_football) >> dbp:highschool >> [ANS]
translate question to dbpedia path: Is stephanie a female?,ASK >> dbr:Stephanie >> dbp:gender >> dbr:Female
translate question to dbpedia path: For which team did Cam Plante and Doug Acomb both play atleast once?,dbr:Cam_Plante >> dbp:playedFor >> [ANS] [SEP] dbr:Doug_Acomb >> dbp:playedFor >> [ANS]
translate question to dbpedia path: What are the shows whose creator has worked as a screenwriter?,[ANS] >> dbo:creator >> [VAR1] [SEP] [ANS] >> rdf:type >> dbo:TelevisionShow [SEP] [VAR1] >> dbo:occupation >> dbr:Screenwriting
translate question to dbpedia path: To which students did Ernest Rutherford advised to?,[ANS] >> dbp:doctoralAdvisor >> dbr:Ernest_Rutherford
translate question to dbpedia path: Which  institution of the Alton Ochsner is the alma mater of the Michael Hahn ?,dbr:Alton_Ochsner >> dbo:institution >> [ANS] [SEP] dbr:Michael_Hahn >> dbo:almaMater >> [ANS]
translate question to dbpedia path: Did Bob Suci play for the New England Patriots?,ASK >> dbr:Bob_Suci >> dbp:pastteams >> dbr:New_England_Patriots
translate question to dbpedia path: In how many places was the album of King Crimson recorded?,COUNT >> [VAR1] >> dbo:artist >> dbr:King_Crimson [SEP] [VAR1] >> dbo:recordedIn >> [ANS]
translate question to dbpedia path: Which television show's company is Paramount Television and is located in Boston?,[ANS] >> dbo:location >> dbr:Boston [SEP] [ANS] >> dbp:company >> dbr:Paramount_Television [SEP] [ANS] >> rdf:type >> dbo:TelevisionShow
translate question to dbpedia path: Who is the starring of the movies such that music is by Raamlaxman?,[VAR1] >> dbo:starring >> [ANS] [SEP] [VAR1] >> dbp:music >> dbr:Raamlaxman [SEP] [VAR1] >> rdf:type >> dbo:Film
translate question to dbpedia path: Which nickname of Lyons Township JHigh school is also the mascot of Galatasaray Handball Team ?,dbr:Galatasaray_Handball_Team >> dbp:mascot >> [ANS] [SEP] dbr:Lyons_Township_High_School >> dbp:nickname >> [ANS]
translate question to dbpedia path: What are the movies whose cast members are signed up with Point Blank Records?,[ANS] >> dbp:starring >> [VAR1] [SEP] [ANS] >> rdf:type >> dbo:Film [SEP] [VAR1] >> dbp:label >> dbr:Point_Blank_Records
translate question to dbpedia path: What is the Team Name  of the Cristo Rey Jesuit High School (Chicago) and is also the nickname of the Lyons Township High School ?,dbr:Cristo_Rey_Jesuit_High_School_(Chicago) >> dbp:teamName >> [ANS] [SEP] dbr:Lyons_Township_High_School >> dbp:nickname >> [ANS]
translate question to dbpedia path: What do craig Van tilbury and karen Grigorian do for a living?,dbr:Craig_Van_Tilbury >> dbo:occupation >> [ANS] [SEP] dbr:Karen_Grigorian >> dbo:occupation >> [ANS]
translate question to dbpedia path: Where is  Dofinivka Estuary  located ?,dbr:Dofinivka_Estuary >> dbp:location >> [ANS]
translate question to dbpedia path: What is the city nearest to the islands in the Northwestern Hawaiian Islands?,[VAR1] >> dbp:archipelago >> dbr:Northwestern_Hawaiian_Islands [SEP] [VAR1] >> dbp:nearestCity >> [ANS] [SEP] [VAR1] >> rdf:type >> dbo:Island
translate question to dbpedia path: Name the televesion show which has artist named Christopher Franke ?,[ANS] >> dbp:artist >> dbr:Christopher_Franke [SEP] [ANS] >> rdf:type >> dbo:TelevisionShow
translate question to dbpedia path: name the races where bobby beasley took part ?,dbr:Bobby_Beasley >> dbo:race >> [ANS]
translate question to dbpedia path: Where do cherry chevapravatdumrong and daisi pollard both live?,dbr:Cherry_Chevapravatdumrong >> dbo:residence >> [ANS] [SEP] dbr:Daisi_Pollard >> dbo:residence >> [ANS]
translate question to dbpedia path: Which institution of the Alton Ochsner is also the alma mater of John Michael Seabright ?,dbr:Alton_Ochsner >> dbo:institution >> [ANS] [SEP] dbr:John_Michael_Seabright >> dbo:almaMater >> [ANS]
translate question to dbpedia path: what mountains are in sierra nevada?,[ANS] >> dbo:mountainRange >> dbr:Sierra_Nevada_(U.S.)
translate question to dbpedia path: Who acted in the movies whose music is composed by Walter Scharf?,[VAR1] >> dbo:musicComposer >> dbr:Walter_Scharf [SEP] [VAR1] >> dbp:artist >> [ANS] [SEP] [VAR1] >> rdf:type >> dbo:Film
translate question to dbpedia path: What softwares were created by Apple Productivity Experience Group ?,dbr:Apple_Productivity_Experience_Group >> dbo:product >> [ANS]
"translate question to dbpedia path: Who is the producer of the album, after which A Nice pair was released ?",[VAR1] >> dbp:producer >> [ANS] [SEP] dbr:A_Nice_Pair >> dbo:previousWork >> [VAR1]
translate question to dbpedia path: Where can i find teams whose coach has been Rodney Eade.,[VAR1] >> dbp:coach >> dbr:Rodney_Eade [SEP] [VAR1] >> dbp:location >> [ANS] [SEP] [VAR1] >> rdf:type >> dbo:SportsTeam
translate question to dbpedia path: List all that flows into the north sea?,dbr:North_Sea >> dbp:inflow >> [ANS]
translate question to dbpedia path: Is the magnolia place of the greek revival architectural style?,ASK >> dbr:Magnolia_Place >> dbo:architecturalStyle >> dbr:Greek_Revival_architecture
translate question to dbpedia path: How many head of agencies were there in Nazi Germany?,COUNT >> [VAR1] >> dbo:jurisdiction >> dbr:Nazi_Germany [SEP] [VAR1] >> dbo:leader >> [ANS]
translate question to dbpedia path: List all the notable work of the screen writer who produced Frasier ?,[VAR1] >> dbo:notableWork >> [ANS] [SEP] [VAR1] >> dbo:notableWork >> dbr:Frasier [SEP] [VAR1] >> rdf:type >> dbo:ScreenWriter
translate question to dbpedia path: Does Caroline Augusta Foley Rhys Davids study Buddhism?,ASK >> dbr:Caroline_Augusta_Foley_Rhys_Davids >> dbo:field >> dbr:Buddhism
translate question to dbpedia path: Who employed the person famous for the Boeing fa18ef Super Hornet?,[VAR1] >> dbo:knownFor >> dbr:Boeing_F/A-18E/F_Super_Hornet [SEP] [VAR1] >> dbp:employer >> [ANS] [SEP] [VAR1] >> rdf:type >> dbo:Person
translate question to dbpedia path: In which monarch did Li Si succeed someone?,[VAR1] >> dbo:monarch >> [ANS] [SEP] [VAR1] >> dbo:successor >> dbr:Li_Si
translate question to dbpedia path: List the awards given to the relatives of Gregorios Bernardakis.,[VAR1] >> dbo:award >> [ANS] [SEP] dbr:Gregorios_Bernardakis >> dbo:relative >> [VAR1]
translate question to dbpedia path: What politician's partner is Diana Taylor ?,[ANS] >> dbo:partner >> dbr:Diana_Taylor_(superintendent) [SEP] [ANS] >> rdf:type >> dbo:Politician
translate question to dbpedia path: Which fields are covered by academic journals in the US?,[VAR1] >> dbp:country >> dbr:United_States [SEP] [VAR1] >> dbp:discipline >> [ANS] [SEP] [VAR1] >> rdf:type >> dbo:AcademicJournal
translate question to dbpedia path: What is the draft team of Bob MacMillan ?,dbr:Bob_MacMillan >> dbp:draftTeam >> [ANS]
translate question to dbpedia path: Which football players have Newell's Old Boys as youthclub?,[ANS] >> dbp:youthclubs >> dbr:Newell's_Old_Boys
translate question to dbpedia path: What are the teams for which Wilfred McDonald played for?,dbr:Wilfred_McDonald >> dbp:playedFor >> [ANS]
translate question to dbpedia path: Who is the Artist of the singles whose film genre is Country music ?,[VAR1] >> dbp:artist >> [ANS] [SEP] [VAR1] >> dbp:genre >> dbr:Country_music [SEP] [VAR1] >> rdf:type >> dbo:Single
translate question to dbpedia path: Is Denver the largest city of Colorado?,ASK >> dbr:Colorado >> dbo:largestCity >> dbr:Denver
translate question to dbpedia path: Count all those whose youthclub performed at the 14-15 La Liga?,COUNT >> [ANS] >> dbp:youthclubs >> [VAR1] [SEP] [ANS] >> rdf:type >> dbo:Athlete [SEP] [VAR1] >> dbo:season >> dbr:2014–15_La_Liga
translate question to dbpedia path: How many cities are around the sea which flows into the Atlantic?,COUNT >> [ANS] >> rdf:type >> dbo:City [SEP] [VAR1] >> dbo:inflow >> dbr:Atlantic_Ocean [SEP] [VAR1] >> dbp:cities >> [ANS]
translate question to dbpedia path: Who all are starring in the  movies where director of photography is John Derek ?,[VAR1] >> dbo:cinematography >> dbr:John_Derek [SEP] [VAR1] >> dbp:starring >> [ANS] [SEP] [VAR1] >> rdf:type >> dbo:Film
translate question to dbpedia path: List the import people of Maryland Jockey Club ?,dbr:Maryland_Jockey_Club >> dbp:keyPeople >> [ANS]
translate question to dbpedia path: What is the total number of companies who use a language designed by Bjarne Stroustrup?,COUNT >> [ANS] >> dbp:programmingLanguage >> [VAR1] [SEP] [ANS] >> rdf:type >> dbo:Company [SEP] [VAR1] >> dbp:designer >> dbr:Bjarne_Stroustrup
translate question to dbpedia path: Who does Cam PLante plays for ?,dbr:Cam_Plante >> dbp:playedFor >> [ANS]
translate question to dbpedia path: What famous work is derived from the one whose lyrics are written by Inma Gonzales?,[VAR1] >> dbo:basedOn >> [ANS] [SEP] [VAR1] >> dbo:lyrics >> dbr:Inma_González
translate question to dbpedia path: How many awards have been given to the ones who died of lung cancer?,COUNT >> [ANS] >> rdf:type >> dbo:Award [SEP] [VAR1] >> dbo:award >> [ANS] [SEP] [VAR1] >> dbo:deathCause >> dbr:Lung_cancer
translate question to dbpedia path: Where the children of Ashot Grashi employed at?,[VAR1] >> dbo:occupation >> [ANS] [SEP] [VAR1] >> dbo:parent >> dbr:Ashot_Grashi
translate question to dbpedia path: Who holds shares in something famous for the Seven Spring Mountain Resort?,[ANS] >> dbp:owner >> [VAR1] [SEP] [VAR1] >> dbo:knownFor >> dbr:Seven_Springs_Mountain_Resort
translate question to dbpedia path: Which executive producer of Into the Dalek also produced Wizards vs Aliens ?,dbr:Into_the_Dalek >> dbp:executiveProducer >> [ANS] [SEP] dbr:Wizards_vs_Aliens >> dbo:producer >> [ANS]
translate question to dbpedia path: Who is the office holder whose deputy was Andrew Peacock and predecessor was Alexander Downer?,[ANS] >> dbo:predecessor >> dbr:Alexander_Downer [SEP] [ANS] >> dbp:deputy >> dbr:Andrew_Peacock [SEP] [ANS] >> rdf:type >> dbo:OfficeHolder
translate question to dbpedia path: Which famous philosopher died on island Euboea?,[ANS] >> dbp:deathDate >> dbr:Euboea [SEP] [ANS] >> rdf:type >> dbo:Philosopher
translate question to dbpedia path: What is the religion of the political party which is an international party of Hamas?,[VAR1] >> dbo:religion >> [ANS] [SEP] [VAR1] >> rdf:type >> dbo:PoliticalParty [SEP] dbr:Hamas >> dbp:international >> [VAR1]
translate question to dbpedia path: How many honorary title are there of the scientists who has  Australian of the Year award  ?,COUNT >> [VAR1] >> dbo:award >> [ANS] [SEP] [VAR1] >> dbo:award >> dbr:Australian_of_the_Year
translate question to dbpedia path: Name some TV shows whose theme is made by a band associated with Buckethead?,[ANS] >> dbp:themeMusicComposer >> [VAR1] [SEP] [ANS] >> rdf:type >> dbo:TelevisionShow [SEP] [VAR1] >> dbo:associatedBand >> dbr:Buckethead
translate question to dbpedia path: What is the alma mater of K. Terry Dornbush ?,dbr:K._Terry_Dornbush >> dbp:almaMater >> [ANS]
translate question to dbpedia path: What is the birthplace of the office holder who is the predecessor of Brian Peddle ?,[VAR1] >> dbp:birthPlace >> [ANS] [SEP] [VAR1] >> rdf:type >> dbo:OfficeHolder [SEP] dbr:Brian_Peddle >> dbp:predecessor >> [VAR1]
translate question to dbpedia path: What is the river which comes from Southend-on-Sea mountain?,[ANS] >> dbo:mouthMountain >> dbr:Southend-on-Sea [SEP] [ANS] >> rdf:type >> dbo:River
translate question to dbpedia path: What is the birth location of the advisor of Richard Hofstadter ?,[VAR1] >> dbo:birthPlace >> [ANS] [SEP] dbr:Richard_Hofstadter >> dbp:doctoralAdvisor >> [VAR1]
translate question to dbpedia path: Name the college of the Allama Matthews which also has affiliation with  Monroe Carell Jr. Children's Hospital at Vanderbilt,dbr:Allama_Matthews >> dbo:college >> [ANS] [SEP] dbr:Monroe_Carell_Jr._Children's_Hospital_at_Vanderbilt >> dbp:affiliation >> [ANS]
translate question to dbpedia path: Does Abdelhameed Amarri currently play for Khartoum?,ASK >> dbr:Abdelhameed_Amarri >> dbp:currentclub >> dbr:Khartoum
"translate question to dbpedia path: What is the successor of the governors whose child is Levi Lincoln, Jr.?","[VAR1] >> dbp:children >> dbr:Levi_Lincoln,_Jr. [SEP] [VAR1] >> dbp:successor >> [ANS] [SEP] [VAR1] >> rdf:type >> dbo:Governor"
translate question to dbpedia path: Who is the prime minister that Michael Jeffery served?,dbr:Michael_Jeffery >> dbp:primeminister >> [ANS]
translate question to dbpedia path: How many people are known for Dragons' Den?,COUNT >> [ANS] >> dbo:knownFor >> dbr:Dragons'_Den_(UK_TV_series)
translate question to dbpedia path: What is pitro Gruszka hometown ?,dbr:Piotr_Gruszka >> dbp:hometown >> [ANS]
translate question to dbpedia path: Whihc place of birth of the Union State is also the largest city of Union Staete ?,dbr:Nina_Vislova >> dbp:placeOfBirth >> [ANS] [SEP] dbr:Union_State >> dbp:largestCity >> [ANS]
translate question to dbpedia path: How many different writers have written for Jump Square?,COUNT >> [VAR1] >> dbp:author >> [ANS] [SEP] [VAR1] >> dbp:magazine >> dbr:Jump_Square
translate question to dbpedia path: Who is the employer of Ralph flanders ?,dbr:Ralph_Flanders >> dbp:occupation >> [ANS]
translate question to dbpedia path: List the awards given to the important people of Aardman Animations?,[VAR1] >> dbo:award >> [ANS] [SEP] dbr:Aardman_Animations >> dbo:keyPerson >> [VAR1]
translate question to dbpedia path: Which TV show developed by J. Michael Stracznski has artist as Christopher Franke ?,[ANS] >> dbo:developer >> dbr:J._Michael_Straczynski [SEP] [ANS] >> dbp:artist >> dbr:Christopher_Franke [SEP] [ANS] >> rdf:type >> dbo:TelevisionShow
translate question to dbpedia path: Is Giorgos Kaminis the mayor of Athens?,ASK >> dbr:Athens >> dbo:mayor >> dbr:Giorgos_Kaminis
translate question to dbpedia path: Name the members of European Go Federation?,dbr:European_Go_Federation >> dbp:membership >> [ANS]
translate question to dbpedia path: In which sitcom did Jeff Conaway acted and had TNT as its network ?,[ANS] >> dbo:starring >> dbr:Jeff_Conaway [SEP] [ANS] >> dbp:network >> dbr:TNT_(TV_channel) [SEP] [ANS] >> rdf:type >> dbo:TelevisionShow
translate question to dbpedia path: Grey gppse and eristoff is produced by which company?,dbr:Eristoff >> dbp:manufacturer >> [ANS] [SEP] dbr:Grey_Goose_(vodka) >> dbp:manufacturer >> [ANS]
translate question to dbpedia path: Where are the tombs of alumni of ational academy museum and school?,[VAR1] >> dbo:restingPlace >> [ANS] [SEP] [VAR1] >> dbo:training >> dbr:National_Academy_Museum_and_School
translate question to dbpedia path: What is the order of George Frisbie Hoar?,dbr:George_Frisbie_Hoar >> dbp:order >> [ANS]
translate question to dbpedia path: Among the universities having Gyrfalcon as mascot which have Michelle D. Johnson as superintendent ?,[ANS] >> dbp:mascot >> dbr:Gyrfalcon [SEP] [ANS] >> dbp:superintendent >> dbr:Michelle_D._Johnson [SEP] [ANS] >> rdf:type >> dbo:University
translate question to dbpedia path: Name the show whose theme composing band previously also had Bryan Mantia?,[ANS] >> dbp:themeMusicComposer >> [VAR1] [SEP] [ANS] >> rdf:type >> dbo:TelevisionShow [SEP] [VAR1] >> dbo:formerBandMember >> dbr:Bryan_Mantia
translate question to dbpedia path: List the television shows whose Composers are associated with Strontium 90 ?,[ANS] >> dbp:composer >> [VAR1] [SEP] [ANS] >> rdf:type >> dbo:TelevisionShow [SEP] [VAR1] >> dbo:associatedBand >> dbr:Strontium_90_(band)
translate question to dbpedia path: Name the band atleast one of whose members is famous for playing the Fender Stratocaster?,[ANS] >> dbp:currentMembers >> [VAR1] [SEP] [ANS] >> rdf:type >> dbo:Band [SEP] [VAR1] >> dbp:notableInstruments >> dbr:Fender_Stratocaster
translate question to dbpedia path: Count the participants of the NBA.,COUNT >> [ANS] >> dbo:league >> dbr:National_Basketball_Association
translate question to dbpedia path: Who has stock in the railway lines managed by Norfolk Southern Railway?,[VAR1] >> dbp:owner >> [ANS] [SEP] [VAR1] >> dbp:system >> dbr:Norfolk_Southern_Railway [SEP] [VAR1] >> rdf:type >> dbo:RailwayLine
translate question to dbpedia path: How many writers speak a language belonging to the Germanic kind of languages?,COUNT >> [ANS] >> dbp:language >> [VAR1] [SEP] [ANS] >> rdf:type >> dbo:Writer [SEP] [VAR1] >> dbo:languageFamily >> dbr:Germanic_languages
translate question to dbpedia path: Enumerate the cars related to the ones assembled in Toluca?,COUNT >> [VAR1] >> dbp:assembly >> dbr:Toluca [SEP] [VAR1] >> dbp:related >> [ANS]
translate question to dbpedia path: Where is the grave of Ivan III of Russia ?,dbr:Ivan_III_of_Russia >> dbp:placeOfBurial >> [ANS]
translate question to dbpedia path: Name the capital of Barony of Caux ?,dbr:Barony_of_Caux >> dbo:capital >> [ANS]
translate question to dbpedia path: Name the basketball players drafted by Los Angeles Clippers ?,[ANS] >> dbp:draftTeam >> dbr:Los_Angeles_Clippers [SEP] [ANS] >> rdf:type >> dbo:BasketballPlayer
translate question to dbpedia path: Is Tenzing Norgay  the first person to scale Mt. Everest?,ASK >> dbr:Mount_Everest >> dbo:firstAscentPerson >> dbr:Tenzing_Norgay
translate question to dbpedia path: Count the number of other product of the banks whose one of the product is Wealth management ?,COUNT >> [VAR1] >> dbo:product >> [ANS] [SEP] [VAR1] >> dbo:product >> dbr:Wealth_management
translate question to dbpedia path: Which scientist is known for writing Philosophi Naturalis Principia Mathematica?,[ANS] >> dbp:knownFor >> dbr:Philosophiæ_Naturalis_Principia_Mathematica
translate question to dbpedia path: Which planet was first discovered by Johann Gottfried Galle?,[ANS] >> dbp:discoverer >> dbr:Johann_Gottfried_Galle [SEP] [ANS] >> rdf:type >> dbo:Planet
translate question to dbpedia path: What are some organizations in Auckland created to do?,[VAR1] >> dbp:location >> dbr:Auckland [SEP] [VAR1] >> dbp:purpose >> [ANS] [SEP] [VAR1] >> rdf:type >> dbo:Organisation
translate question to dbpedia path: Is Pulau Ubin the largest city of Singapore?,ASK >> dbr:Pulau_Ubin >> dbo:largestCity >> dbr:Singapore
translate question to dbpedia path: Under which president was timothy l. woodruff a lieutenant?,[ANS] >> dbp:lieutenant >> dbr:Timothy_L._Woodruff
translate question to dbpedia path: How many have been venerateds in Islam and Judaism?,COUNT >> [ANS] >> dbo:veneratedIn >> dbr:Islam [SEP] [ANS] >> dbo:veneratedIn >> dbr:Judaism
translate question to dbpedia path: Which training center of William Anthony has also alumni named Philip W Pillsbury ?,dbr:Philip_W._Pillsbury >> dbp:education >> [ANS] [SEP] dbr:William_Anthony_(artist) >> dbp:training >> [ANS]
"translate question to dbpedia path: What is the largest city of the country to whom, the battle honours of 65th Regiment of Foot were given?","[VAR1] >> dbo:largestCity >> [ANS] [SEP] dbr:65th_(2nd_Yorkshire,_North_Riding)_Regiment_of_Foot >> dbp:battleHonours >> [VAR1]"
translate question to dbpedia path: What awards have been given to people schooled in the Everton park state high?,[VAR1] >> dbp:awards >> [ANS] [SEP] [VAR1] >> dbp:education >> dbr:Everton_Park_State_High_School [SEP] [VAR1] >> rdf:type >> dbo:Person
translate question to dbpedia path: List the authors of the musicals whose songwriter is Richard M. Sherman.,[VAR1] >> dbo:author >> [ANS] [SEP] [VAR1] >> dbo:musicBy >> dbr:Richard_M._Sherman [SEP] [VAR1] >> rdf:type >> dbo:Musical
translate question to dbpedia path: Who founded the sister stations of Discovery Communications?,[VAR1] >> dbp:founder >> [ANS] [SEP] [VAR1] >> dbp:sisterNames >> dbr:Discovery_Communications
translate question to dbpedia path: Rivers which end in Arkansas go through which cities?,[VAR1] >> dbo:city >> [ANS] [SEP] [VAR1] >> dbo:mouthMountain >> dbr:Arkansas [SEP] [VAR1] >> rdf:type >> dbo:River
translate question to dbpedia path: Give me some organizations working for Environmentalism,[ANS] >> dbp:purpose >> dbr:Environmentalism [SEP] [ANS] >> rdf:type >> dbo:Organisation
translate question to dbpedia path: Who has starred in the amusement park attractions where Jim Dooley was performing?,[VAR1] >> dbp:music >> dbr:Jim_Dooley [SEP] [VAR1] >> dbp:starring >> [ANS] [SEP] [VAR1] >> rdf:type >> dbo:AmusementParkAttraction
"translate question to dbpedia path: Who has his resting place at  Plymouth, Vermont and office at Massachusetts House of Representatives?","[ANS] >> dbo:restingPlace >> dbr:Plymouth,_Vermont [SEP] [ANS] >> dbp:office >> dbr:Massachusetts_House_of_Representatives"
translate question to dbpedia path: Name the person whose parent is Pattie Mallette?,[ANS] >> dbo:parent >> dbr:Pattie_Mallette [SEP] [ANS] >> rdf:type >> dbo:Person
translate question to dbpedia path: What faith of Buddhist Tai Hung College is also the acadmeic interest of Paul Demiville ?,dbr:Buddhist_Tai_Hung_College >> dbp:religion >> [ANS] [SEP] dbr:Paul_Demiéville >> dbp:fields >> [ANS]
translate question to dbpedia path: Count the number of offices held by people who have their allegiances with the american civil war union?,COUNT >> [VAR1] >> dbp:allegiance >> dbr:Union_(American_Civil_War) [SEP] [VAR1] >> dbp:office >> [ANS]
translate question to dbpedia path: What are all the TV shows which are related to the ones produced by Julie Gardner?,COUNT >> [ANS] >> dbo:related >> [VAR1] [SEP] [ANS] >> rdf:type >> dbo:TelevisionShow [SEP] [VAR1] >> dbo:executiveProducer >> dbr:Julie_Gardner
translate question to dbpedia path: For how many different presidents have people in the Continental Army served?,COUNT >> [VAR1] >> dbp:branch >> dbr:Continental_Army [SEP] [VAR1] >> dbp:president >> [ANS]
translate question to dbpedia path: Is Pixar Canada a subsidiary of Pixar?,ASK >> dbr:Pixar >> dbo:subsidiary >> dbr:Pixar_Canada
translate question to dbpedia path: How many movies have been cinematographed by Jordan Cronenweth?,COUNT >> [ANS] >> dbp:cinematography >> dbr:Jordan_Cronenweth [SEP] [ANS] >> rdf:type >> dbo:Film
translate question to dbpedia path: What is the country of origin of the president of Skai group?,[VAR1] >> dbo:stateOfOrigin >> [ANS] [SEP] dbr:Skai_Group >> dbo:keyPerson >> [VAR1]
translate question to dbpedia path: Which company produced the car which was a new version of Daewoo's Tico?,[VAR1] >> dbp:parentCompany >> [ANS] [SEP] [VAR1] >> dbp:predecessor >> dbr:Daewoo_Tico [SEP] [VAR1] >> rdf:type >> dbo:Automobile
translate question to dbpedia path: What are all the prizes won by the writer of A Grand Day Out?,[VAR1] >> dbo:award >> [ANS] [SEP] dbr:A_Grand_Day_Out >> dbo:writer >> [VAR1]
translate question to dbpedia path: Is Lyndon bridge a kind of Truss bridge?,ASK >> dbr:Lyndon_Bridge >> dbp:design >> dbr:Truss_bridge
translate question to dbpedia path: What tv show is created by Brian Graden?,[ANS] >> dbp:developer >> dbr:Brian_Graden [SEP] [ANS] >> rdf:type >> dbo:TelevisionShow
translate question to dbpedia path: What is the television show whose previous work is The Spirit of Christmas (short film)?,[ANS] >> dbo:previousWork >> dbr:The_Spirit_of_Christmas_(short_film) [SEP] [ANS] >> rdf:type >> dbo:TelevisionShow
translate question to dbpedia path: In which country is there a dam on the Awash river?,[VAR1] >> dbo:river >> dbr:Awash_River [SEP] [VAR1] >> dbp:country >> [ANS] [SEP] [VAR1] >> rdf:type >> dbo:Dam
translate question to dbpedia path: Count the total religions followed by the ones living in England.,COUNT >> [VAR1] >> dbp:religion >> [ANS] [SEP] [VAR1] >> dbp:residence >> dbr:England
translate question to dbpedia path: Who wrote the play in which a character called Stella Kowalski exists?,[VAR1] >> dbp:characters >> dbr:Stella_Kowalski [SEP] [VAR1] >> dbp:writer >> [ANS] [SEP] [VAR1] >> rdf:type >> dbo:Play
translate question to dbpedia path: Was Liliya Lobanova born in Ukraine?,ASK >> dbr:Liliya_Lobanova >> dbp:birthplace >> dbr:Ukraine
translate question to dbpedia path: Name the broadcast area of ITV (Thailand) ?,dbr:ITV_(Thailand) >> dbp:broadcastArea >> [ANS]
translate question to dbpedia path: Is the hyundai elantra related to hyundai lavita?,ASK >> dbr:Hyundai_Lavita >> dbo:relatedMeanOfTransportation >> dbr:Hyundai_Elantra
"translate question to dbpedia path: What is the country where Sergei Ovchinnikov the volleyball player die, and Gumus was first aired ?",dbr:Gümüş_(TV_series) >> dbp:firstAired >> [ANS] [SEP] dbr:Sergei_Ovchinnikov_(volleyball) >> dbp:placeOfDeath >> [ANS]
translate question to dbpedia path: Is Serbian Titieca a doctoral student of Werner Heisenberghttp://dbpedia.org/resource/Werner_Heisenberg,ASK >> dbr:Werner_Heisenberg >> dbo:doctoralStudent >> dbr:Șerban_Țițeica
translate question to dbpedia path: What is the region of Kim Sawchuk ?,dbr:Kim_Sawchuk >> dbp:region >> [ANS]
translate question to dbpedia path: Where was Liliya Lobanova born?,dbr:Liliya_Lobanova >> dbp:birthplace >> [ANS]
translate question to dbpedia path: What are some cars related to the ones with a V8?,[VAR1] >> dbp:engine >> dbr:V8_engine [SEP] [VAR1] >> dbp:related >> [ANS] [SEP] [VAR1] >> rdf:type >> dbo:Automobile
"translate question to dbpedia path: People of which religion have been the members of parliament, and are from the Kalutara Electoral district?",[VAR1] >> dbo:region >> dbr:Kalutara_Electoral_District [SEP] [VAR1] >> dbo:religion >> [ANS] [SEP] [VAR1] >> rdf:type >> dbo:MemberOfParliament
translate question to dbpedia path: What are the important buildings of the architect whose one of the significant building is Krasnye Vorota?,[VAR1] >> dbo:significantBuilding >> [ANS] [SEP] [VAR1] >> dbo:significantBuilding >> dbr:Krasnye_Vorota_(Moscow_Metro) [SEP] [VAR1] >> rdf:type >> dbo:Architect
translate question to dbpedia path: Name the common institute of Robert hall and Erica Frank ?,dbr:Erica_Frank >> dbo:institution >> [ANS] [SEP] dbr:Robert_Hall_(economist) >> dbo:institution >> [ANS]
translate question to dbpedia path: Name the cause of death of Martino Martini ?,dbr:Martino_Martini >> dbo:deathCause >> [ANS]
translate question to dbpedia path: In how many places have Irishmen died?,COUNT >> [ANS] >> rdf:type >> dbo:Location [SEP] [VAR1] >> dbo:deathPlace >> [ANS] [SEP] [VAR1] >> dbp:birthPlace >> dbr:Ireland
translate question to dbpedia path: Count the number of  fields of the scientists whose one of the fields is Sanskrit?,COUNT >> [VAR1] >> dbp:fields >> [ANS] [SEP] [VAR1] >> dbp:fields >> dbr:Sanskrit
"translate question to dbpedia path: Does the white river flow into the connecticut river{u'_id': u'97e02dcf44aa43c1b7cc7a7c155b118f',",ASK >> dbr:Connecticut_River >> dbo:rightTributary >> dbr:White_River_(Vermont)
translate question to dbpedia path: Was andy worhol the director of the san diego surf?,ASK >> dbr:San_Diego_Surf_(film) >> dbo:cinematography >> dbr:Andy_Warhol
translate question to dbpedia path: What is the debut team of ngel Escobar ?,dbr:Ángel_Escobar >> dbp:debutteam >> [ANS]
translate question to dbpedia path: What currencies are used in the countries which have been governed by Francois Hollande?,[VAR1] >> dbo:currency >> [ANS] [SEP] [VAR1] >> dbo:leader >> dbr:François_Hollande [SEP] [VAR1] >> rdf:type >> dbo:Country
translate question to dbpedia path: Where is Semnani and Assyrian Neo-Aramaic spoken ?,[ANS] >> dbo:language >> dbr:Assyrian_Neo-Aramaic [SEP] [ANS] >> dbp:languages >> dbr:Semnani_languages
translate question to dbpedia path: Give me a list of everyone who married the musicians signed up with Pablo Records?,[ANS] >> dbo:spouse >> [VAR1] [SEP] [VAR1] >> dbp:label >> dbr:Pablo_Records
translate question to dbpedia path: Name the TV show whose cast member is Companion (Doctor Who) and is related to The Sarah Jane Adventures?,[ANS] >> dbo:related >> dbr:The_Sarah_Jane_Adventures [SEP] [ANS] >> dbo:starring >> dbr:Companion_(Doctor_Who) [SEP] [ANS] >> rdf:type >> dbo:TelevisionShow
translate question to dbpedia path: Which shows' opening themes was used to make If We Were a Movie?,[ANS] >> dbo:openingTheme >> [VAR1] [SEP] [ANS] >> rdf:type >> dbo:TelevisionShow [SEP] [VAR1] >> dbo:subsequentWork >> dbr:If_We_Were_a_Movie
translate question to dbpedia path: What is the predecessor of the car engine which was succeeded by  BMW M43 ?,[VAR1] >> dbo:successor >> dbr:BMW_M43 [SEP] [VAR1] >> dbp:predecessor >> [ANS] [SEP] [VAR1] >> rdf:type >> dbo:Engine
translate question to dbpedia path: Which country's leader is David Johnston?,[ANS] >> dbo:leader >> dbr:David_Johnston [SEP] [ANS] >> rdf:type >> dbo:Country
translate question to dbpedia path: Give me a count of musical artists collaborating with Waylon Jennings?,COUNT >> [ANS] >> dbo:associatedMusicalArtist >> dbr:Waylon_Jennings [SEP] [ANS] >> rdf:type >> dbo:MusicalArtist
translate question to dbpedia path: Count everyone who was in the military unit which is structured like the Marine Aircraft Group 13 ?,COUNT >> [ANS] >> dbo:militaryUnit >> [VAR1] [SEP] [VAR1] >> dbp:commandStructure >> dbr:Marine_Aircraft_Group_13
translate question to dbpedia path: By which member of parliament was Provisional Government of Saskatchewan led?,[ANS] >> dbp:order >> dbr:Provisional_Government_of_Saskatchewan [SEP] [ANS] >> rdf:type >> dbo:MemberOfParliament
translate question to dbpedia path: List the houses of Parliament of India ?,dbr:Parliament_of_India >> dbp:houses >> [ANS]
translate question to dbpedia path: Count the number of movies whose distributor is RKO Pictures and director of photography is Gregg Toland?,COUNT >> [ANS] >> dbo:cinematography >> dbr:Gregg_Toland [SEP] [ANS] >> dbp:distributor >> dbr:RKO_Pictures
translate question to dbpedia path: In how many places can I find wine made of Vitis vinifera grapes?,COUNT >> [VAR1] >> dbo:species >> dbr:Vitis_vinifera [SEP] [VAR1] >> dbo:wineRegion >> [ANS]
translate question to dbpedia path: Which gadgets are made by companies of New Taipei City?,[ANS] >> dbo:manufacturer >> [VAR1] [SEP] [VAR1] >> dbp:locationCity >> dbr:New_Taipei_City
translate question to dbpedia path: Name the hockey team which has head coach as Mike babcock and is based in Toronto ?,[ANS] >> dbo:locationCity >> dbr:Toronto [SEP] [ANS] >> dbp:headCoach >> dbr:Mike_Babcock [SEP] [ANS] >> rdf:type >> dbo:HockeyTeam
translate question to dbpedia path: What is the hub of Wan Air ?,dbr:Wan_Air >> dbp:hubs >> [ANS]
translate question to dbpedia path: Who are the members of organizations headquartered at Amstelveen?,[VAR1] >> dbp:headquarters >> dbr:Amstelveen [SEP] [VAR1] >> dbp:membership >> [ANS] [SEP] [VAR1] >> rdf:type >> dbo:Organisation
translate question to dbpedia path: Was the skeleton dance animated by Walt Disney?,ASK >> dbr:The_Skeleton_Dance >> dbo:animator >> dbr:Walt_Disney
translate question to dbpedia path: Whcih creator of Theme Time Radio Hour also created subsequent work of Moondoc Matinee ?,dbr:Moondog_Matinee >> dbo:subsequentWork >> [ANS] [SEP] dbr:Theme_Time_Radio_Hour >> dbp:creator >> [ANS]
translate question to dbpedia path: Who owns the tunnels operated by the Massachusetts Department of Transportation?,[VAR1] >> dbo:operatedBy >> dbr:Massachusetts_Department_of_Transportation [SEP] [VAR1] >> dbp:owner >> [ANS] [SEP] [VAR1] >> rdf:type >> dbo:RoadTunnel
translate question to dbpedia path: Which comic characters are painted by Bill Finger?,[ANS] >> dbo:creator >> dbr:Bill_Finger [SEP] [ANS] >> rdf:type >> dbo:ComicsCharacter
translate question to dbpedia path: Name few television shows's anchored by Ryan Seacrest?,[ANS] >> dbo:presenter >> dbr:Ryan_Seacrest [SEP] [ANS] >> rdf:type >> dbo:TelevisionShow
translate question to dbpedia path: List education institute of the engineers whose alma mater is ChristChurch ?,[VAR1] >> dbo:education >> [ANS] [SEP] [VAR1] >> dbo:education >> dbr:Christchurch [SEP] [VAR1] >> rdf:type >> dbo:Engineer
translate question to dbpedia path: What do the banks owned by Norwegian ministry of finance produce?,[VAR1] >> dbo:parentCompany >> dbr:Ministry_of_Finance_(Norway) [SEP] [VAR1] >> dbp:products >> [ANS] [SEP] [VAR1] >> rdf:type >> dbo:Bank
translate question to dbpedia path: Is coffee a main ingredient of Hopje?,ASK >> dbr:Hopje >> dbp:mainIngredient >> dbr:Coffee
translate question to dbpedia path: Does KOMC play Gospel Music?,ASK >> dbr:KOMC_(AM) >> dbo:programmeFormat >> dbr:Gospel_music
translate question to dbpedia path: Which televison shows have location as Massachusetts ?,[ANS] >> dbo:location >> dbr:Massachusetts [SEP] [ANS] >> rdf:type >> dbo:TelevisionShow
translate question to dbpedia path: Which clubs play in the La Liga?,[VAR1] >> dbo:league >> dbr:La_Liga [SEP] [VAR1] >> dbp:name >> [ANS] [SEP] [VAR1] >> rdf:type >> dbo:SoccerClub
translate question to dbpedia path: The successor of Ellsworth Bunker belongs to which religion?,[VAR1] >> dbo:region >> [ANS] [SEP] dbr:Ellsworth_Bunker >> dbo:successor >> [VAR1]
translate question to dbpedia path: What medals have been given to people who died of lung cancer?,[VAR1] >> dbo:award >> [ANS] [SEP] [VAR1] >> dbo:deathCause >> dbr:Lung_cancer [SEP] [VAR1] >> rdf:type >> dbo:Person
translate question to dbpedia path: Which rivers start in Wyoming?,[ANS] >> dbo:sourceRegion >> dbr:Wyoming
translate question to dbpedia path: Which band had members who are now in The Bleeding Heart Band?,[ANS] >> dbo:formerBandMember >> [VAR1] [SEP] [ANS] >> rdf:type >> dbo:Band [SEP] [VAR1] >> dbo:associatedBand >> dbr:The_Bleeding_Heart_Band
translate question to dbpedia path: What is the common military branch of the Thomas Darden and that of Edwin F. Hunter,dbr:Edwin_F._Hunter >> dbp:branch >> [ANS] [SEP] dbr:Thomas_Darden >> dbo:militaryBranch >> [ANS]
translate question to dbpedia path: In which countries are there banks which came after the National Commercial Bank of Mauritius?,[VAR1] >> dbp:locationCountry >> [ANS] [SEP] [VAR1] >> rdf:type >> dbo:Bank [SEP] dbr:National_Commercial_Bank_Mauritius >> dbo:successor >> [VAR1]
translate question to dbpedia path: How many people have coached the players of Middlesbrough FC?,COUNT >> [ANS] >> rdf:type >> dbo:Person [SEP] [VAR1] >> dbo:manager >> [ANS] [SEP] [VAR1] >> dbo:team >> dbr:Middlesbrough_F.C.
translate question to dbpedia path: What are the Languages of Zabbaleen ?,dbr:Zabbaleen >> dbp:languages >> [ANS]
translate question to dbpedia path: What is the region served by Toll Global Express and also borders Siberia ?,dbr:Siberia >> dbo:border >> [ANS] [SEP] dbr:Toll_Global_Express >> dbo:regionServed >> [ANS]
translate question to dbpedia path: In which mountain range does the Rochers De Naye lie?,[VAR1] >> dbo:mountainRange >> [ANS] [SEP] [VAR1] >> dbo:parentMountainPeak >> dbr:Rochers_de_Naye
translate question to dbpedia path: Who has rented the stadiums owned by Toronto?,[VAR1] >> dbp:owner >> dbr:Toronto [SEP] [VAR1] >> dbp:tenants >> [ANS] [SEP] [VAR1] >> rdf:type >> dbo:Stadium
translate question to dbpedia path: Was Krzystof Wielicki the first person that ascended the mt everest?,ASK >> dbr:Mount_Everest >> dbo:firstAscentPerson >> dbr:Krzysztof_Wielicki
translate question to dbpedia path: What is the mascot of alma mater of John O Moseley?,[VAR1] >> dbp:mascot >> [ANS] [SEP] dbr:John_O._Moseley >> dbp:almaMater >> [VAR1]
translate question to dbpedia path: Does the river shannon originate from Dowra?,ASK >> dbr:River_Shannon >> dbo:sourceMountain >> dbr:Dowra
translate question to dbpedia path: Which newspapers are owned by Oslo citizens?,[ANS] >> dbp:owners >> [VAR1] [SEP] [ANS] >> rdf:type >> dbo:Newspaper [SEP] [VAR1] >> dbp:location >> dbr:Oslo
translate question to dbpedia path: King crimson has been recorded in which places?,[VAR1] >> dbo:artist >> dbr:King_Crimson [SEP] [VAR1] >> dbo:recordedIn >> [ANS]
translate question to dbpedia path: What is the show which opens with Gary Portnoy and Where Everybody Knows Your Name?,[ANS] >> dbo:openingTheme >> dbr:Gary_Portnoy [SEP] [ANS] >> dbo:openingTheme >> dbr:Where_Everybody_Knows_Your_Name [SEP] [ANS] >> rdf:type >> dbo:TelevisionShow
translate question to dbpedia path: Does chicago own the washington station on the CTA Blue Line?,ASK >> dbr:Washington_station_(CTA_Blue_Line) >> dbp:owned >> dbr:Chicago
"translate question to dbpedia path: Who is the architect of Red House, London ?","dbr:Red_House,_London >> dbp:architect >> [ANS]"
translate question to dbpedia path: Which is the common prospect team of Mikhail Pashnin and Robin kovacs ?,dbr:Mikhail_Pashnin >> dbp:prospectTeam >> [ANS] [SEP] dbr:Robin_Kovacs >> dbo:prospectTeam >> [ANS]
translate question to dbpedia path: How many mountain ranges are located in the Canton of Fribourg?,COUNT >> [VAR1] >> dbo:locatedInArea >> dbr:Canton_of_Fribourg [SEP] [VAR1] >> dbo:mountainRange >> [ANS]
translate question to dbpedia path: Is GIMP written in GTK+?,ASK >> dbr:GIMP >> dbp:programmingLanguage >> dbr:GTK+
translate question to dbpedia path: Give me a count on associates of Johnny Cash?,COUNT >> [ANS] >> dbp:associatedActs >> dbr:Johnny_Cash
translate question to dbpedia path: Which companies are founded in the city of which Collin County Texas is a part?,"[ANS] >> dbo:foundationPlace >> [VAR1] [SEP] [ANS] >> rdf:type >> dbo:Company [SEP] [VAR1] >> dbo:part >> dbr:Collin_County,_Texas"
translate question to dbpedia path: What is the place of birth of the badminton player who is the bronze medalist of Badminton at the 2012 Summer Olympics  Women's doubles ?,[VAR1] >> dbp:placeOfBirth >> [ANS] [SEP] [VAR1] >> rdf:type >> dbo:BadmintonPlayer [SEP] dbr:Badminton_at_the_2012_Summer_Olympics_–_Women's_doubles >> dbo:bronzeMedalist >> [VAR1]
translate question to dbpedia path: what are some neighboring cities of Pregny Chambsy?,[ANS] >> dbo:neighboringMunicipality >> dbr:Pregny-Chambésy
translate question to dbpedia path: Through which counties does the road go which starts at the Port Klang?,[VAR1] >> dbo:county >> [ANS] [SEP] [VAR1] >> dbo:routeStart >> dbr:Port_Klang [SEP] [VAR1] >> rdf:type >> dbo:Road
translate question to dbpedia path: Which city's teams have been coached by Gary Kubaik?,[VAR1] >> dbo:locationCity >> [ANS] [SEP] [VAR1] >> dbp:coach >> dbr:Gary_Kubiak [SEP] [VAR1] >> rdf:type >> dbo:SportsTeam
translate question to dbpedia path: How many developers make softwares for Unix like operating systems?,COUNT >> [VAR1] >> dbo:developer >> [ANS] [SEP] [VAR1] >> dbp:operatingSystem >> dbr:Unix-like
translate question to dbpedia path: What is the second track list of Dschinghis Khan (song) ?,dbr:Dschinghis_Khan_(song) >> dbo:subsequentWork >> [ANS]
translate question to dbpedia path: Which president was served by someone whose lieutenant is Lewis Stuyvesant Chanler?,[VAR1] >> dbo:president >> [ANS] [SEP] [VAR1] >> dbp:lieutenant >> dbr:Lewis_Stuyvesant_Chanler
translate question to dbpedia path: List the graves of the royalities which have been buried at Beeleigh Abbey ?,[VAR1] >> dbp:placeOfBurial >> [ANS] [SEP] [VAR1] >> dbp:placeOfBurial >> dbr:Beeleigh_Abbey [SEP] [VAR1] >> rdf:type >> dbo:Royalty
translate question to dbpedia path: For which party's PM did Chidambaram Subramaniam serve?,[VAR1] >> dbo:party >> [ANS] [SEP] dbr:Chidambaram_Subramaniam >> dbp:primeminister >> [VAR1]
translate question to dbpedia path: What is the capital of the region which maintains the South Park Bridge ?,[VAR1] >> dbo:countySeat >> [ANS] [SEP] [VAR1] >> rdf:type >> dbo:Region [SEP] dbr:South_Park_Bridge >> dbo:maintainedBy >> [VAR1]
translate question to dbpedia path: AH141 highway is a part of which country?,dbr:AH141 >> dbo:county >> [ANS]
"translate question to dbpedia path: What is the local authority of the Trinity School, Brentwood and place of birth of the Sarah Walker (badminton) ?","dbr:Sarah_Walker_(badminton) >> dbp:placeOfBirth >> [ANS] [SEP] dbr:Trinity_School,_Brentwood >> dbo:localAuthority >> [ANS]"
translate question to dbpedia path: Which school of jack mcGregor attend which was also the training center of William Anthony ?,dbr:Jack_McGregor >> dbo:education >> [ANS] [SEP] dbr:William_Anthony_(artist) >> dbo:training >> [ANS]
translate question to dbpedia path: Is Julia Gillard a part of monarch of elizabeth 2?,ASK >> dbr:Julia_Gillard >> dbp:monarch >> dbr:Elizabeth_II
translate question to dbpedia path: Count the number of schools which are in a city governed by the West Berkshire Council?,COUNT >> [ANS] >> dbp:city >> [VAR1] [SEP] [ANS] >> rdf:type >> dbo:School [SEP] [VAR1] >> dbo:leaderName >> dbr:West_Berkshire_Council
translate question to dbpedia path: Which ceremonial County of the East Tilbury is also the local authority of the Buckhurst Hill County High School ?,dbr:Buckhurst_Hill_County_High_School >> dbo:localAuthority >> [ANS] [SEP] dbr:East_Tilbury >> dbo:ceremonialCounty >> [ANS]
translate question to dbpedia path: What is the common profession of DeWitt Clinton and Claiborne Pell ?,dbr:Claiborne_Pell >> dbo:profession >> [ANS] [SEP] dbr:DeWitt_Clinton >> dbp:office >> [ANS]
translate question to dbpedia path: List the launch site of the rockets whose one of the launch site has been Cape Canaveral Air Force Station Launch Complex 26 ?,[VAR1] >> dbo:launchSite >> [ANS] [SEP] [VAR1] >> dbo:launchSite >> dbr:Cape_Canaveral_Air_Force_Station_Launch_Complex_26 [SEP] [VAR1] >> rdf:type >> dbo:Rocket
translate question to dbpedia path: How many wars took place in Israel?,COUNT >> [ANS] >> dbo:place >> dbr:Israel [SEP] [ANS] >> rdf:type >> dbo:MilitaryConflict
translate question to dbpedia path: What is the total number of guests on the show whose theme music is Let me be your star?,COUNT >> [VAR1] >> dbp:guests >> [ANS] [SEP] [VAR1] >> dbp:music >> dbr:Let_Me_Be_Your_Star
translate question to dbpedia path: What is the operating system of the LG Optimus Vu and also the developer of the Dart (programming language),dbr:Dart_(programming_language) >> dbp:developer >> [ANS] [SEP] dbr:LG_Optimus_Vu >> dbo:operatingSystem >> [ANS]
translate question to dbpedia path: Who follow religions led by David Miscavige?,[ANS] >> dbo:religion >> [VAR1] [SEP] [VAR1] >> dbp:leaderName >> dbr:David_Miscavige
translate question to dbpedia path: How many people have written for Gangan Comics?,COUNT >> [VAR1] >> dbp:author >> [ANS] [SEP] [VAR1] >> dbp:magazine >> dbr:Gangan_Comics
translate question to dbpedia path: Which part of the US political framework did Arthur Bagby and Thomas H hicks both serve?,dbr:Arthur_P._Bagby >> dbp:order >> [ANS] [SEP] dbr:Thomas_Holliday_Hicks >> dbp:order >> [ANS]
translate question to dbpedia path: Who wrote The Times They Are a-Changin?,dbr:The_Times_They_Are_a-Changin'_(musical) >> dbo:musicBy >> [ANS]
translate question to dbpedia path: Which education institute of Duncan U. Fletcher is also the university of Vanderbilt Commodores ?,dbr:Duncan_U._Fletcher >> dbo:almaMater >> [ANS] [SEP] dbr:Vanderbilt_Commodores >> dbo:university >> [ANS]
translate question to dbpedia path: How many total religions are followed by people whose hometown is somewhere in India?,COUNT >> [VAR1] >> dbo:hometown >> dbr:India [SEP] [VAR1] >> dbp:religion >> [ANS]
translate question to dbpedia path: What were the awards won by the founder of Walt Disney Records ?,[VAR1] >> dbo:award >> [ANS] [SEP] dbr:Walt_Disney_Records >> dbo:foundedBy >> [VAR1]
translate question to dbpedia path: England is the origin of how many things?,COUNT >> [ANS] >> dbp:origin >> dbr:England
translate question to dbpedia path: What is the television show with presentator as Ryan Seacrest and theme music composer as Julian Gingell?,[ANS] >> dbo:presenter >> dbr:Ryan_Seacrest [SEP] [ANS] >> dbp:themeMusicComposer >> dbr:Julian_Gingell [SEP] [ANS] >> rdf:type >> dbo:TelevisionShow
translate question to dbpedia path: Where did ed podolak go to high school,dbr:Ed_Podolak >> dbo:highschool >> [ANS]
"translate question to dbpedia path: Where is the county seat of King County, Washington?","dbr:King_County,_Washington >> dbo:countySeat >> [ANS]"
translate question to dbpedia path: Is Maldives a member ofof South Asia Subregional Economic Cooperation?,ASK >> dbr:South_Asia_Subregional_Economic_Cooperation >> dbp:membership >> dbr:Maldives
translate question to dbpedia path: Is Rain Over me in the planet pit album?,ASK >> dbr:Rain_Over_Me >> dbo:album >> dbr:Planet_Pit
translate question to dbpedia path: What common team are Mikhail Pashnin and Robin Kovacs expected to play for?,dbr:Mikhail_Pashnin >> dbp:prospectTeam >> [ANS] [SEP] dbr:Robin_Kovacs >> dbp:prospectTeam >> [ANS]
translate question to dbpedia path: What are the houses of legislature in the political leader's seat of Medininagar?,[VAR1] >> dbp:houses >> [ANS] [SEP] [VAR1] >> rdf:type >> dbo:Legislature [SEP] dbr:Medininagar >> dbp:leaderTitle >> [VAR1]
translate question to dbpedia path: Which producer of Boeing F/A-18E/F Super Hornet has a key person Dennis Muilenburg ?,[ANS] >> dbp:keyPeople >> dbr:Dennis_Muilenburg [SEP] [ANS] >> dbp:products >> dbr:Boeing_F/A-18E/F_Super_Hornet
"translate question to dbpedia path: Was Ne Daj Se, Nina first aired in Croatia?","ASK >> dbr:Ne_daj_se,_Nina >> dbp:firstAired >> dbr:Croatia"
translate question to dbpedia path: How many people work at the FBI?,COUNT >> [ANS] >> dbo:occupation >> dbr:Federal_Bureau_of_Investigation
translate question to dbpedia path: How many people have been trained in an institute located in California?,COUNT >> [ANS] >> dbp:training >> [VAR1] [SEP] [ANS] >> rdf:type >> dbo:Person [SEP] [VAR1] >> dbp:city >> dbr:California
translate question to dbpedia path: Where is the tomb of son of Bruce Lee?,[VAR1] >> dbo:parent >> dbr:Bruce_Lee [SEP] [VAR1] >> dbo:restingPlace >> [ANS]
translate question to dbpedia path: What are some famous companies founded in the US?,[ANS] >> dbo:foundationPlace >> dbr:United_States [SEP] [ANS] >> rdf:type >> dbo:Company
translate question to dbpedia path: Name the common former team of Marv mcFadden and Carlos Emmons ?,dbr:Carlos_Emmons_(American_football) >> dbo:formerTeam >> [ANS] [SEP] dbr:Marv_McFadden >> dbp:pastteams >> [ANS]
translate question to dbpedia path: Who were fighting the war where the QF Hotchkiss was used?,COUNT >> [VAR1] >> dbo:territory >> [ANS] [SEP] [VAR1] >> rdf:type >> dbo:MilitaryConflict [SEP] dbr:QF_6-pounder_Hotchkiss >> dbo:usedInWar >> [VAR1]
translate question to dbpedia path: Give me a count of movies whose film editor is Anthony Harvey?,COUNT >> [ANS] >> dbp:editing >> dbr:Anthony_Harvey [SEP] [ANS] >> rdf:type >> dbo:Film
translate question to dbpedia path: How many people are buried in Arlington National Cemetery?,COUNT >> [ANS] >> dbp:placeofburial >> dbr:Arlington_National_Cemetery
translate question to dbpedia path: What are some people working for the New York Post?,[ANS] >> dbo:employer >> dbr:New_York_Post [SEP] [ANS] >> rdf:type >> dbo:Person
translate question to dbpedia path: Which country were the people from who became famous for the Ramon Mangsaysay Award?,[VAR1] >> dbo:knownFor >> dbr:Ramon_Magsaysay_Award [SEP] [VAR1] >> dbo:stateOfOrigin >> [ANS] [SEP] [VAR1] >> rdf:type >> dbo:Person
translate question to dbpedia path: Name the office holder with predecessor as Samuel W. McCall and office in Massachusetts House of Representatives?,[ANS] >> dbp:office >> dbr:Massachusetts_House_of_Representatives [SEP] [ANS] >> dbp:predecessor >> dbr:Samuel_W._McCall [SEP] [ANS] >> rdf:type >> dbo:OfficeHolder
translate question to dbpedia path: In which city is the sister station of WCSE-LP located ?,[VAR1] >> dbp:city >> [ANS] [SEP] dbr:WCSE-LP >> dbp:sisterStations >> [VAR1]
translate question to dbpedia path: What are some devices whose manufacturers are in taiwan?,[ANS] >> dbo:manufacturer >> [VAR1] [SEP] [ANS] >> rdf:type >> dbo:Device [SEP] [VAR1] >> dbp:locationCountry >> dbr:Taiwan
translate question to dbpedia path: Which military commander fought his battle at Fort Gadsen?,[ANS] >> dbo:battle >> dbr:Fort_Gadsden [SEP] [ANS] >> rdf:type >> dbo:OfficeHolder
translate question to dbpedia path: Which spanish novel was published by Francisco de Robles?,[ANS] >> dbp:publisher >> dbr:Francisco_de_Robles
translate question to dbpedia path: What are some bands originating in London?,[ANS] >> dbo:hometown >> dbr:London [SEP] [ANS] >> rdf:type >> dbo:Band
"translate question to dbpedia path: Which educational institution has Kaplan, Inc as it's affiliation?","[ANS] >> dbp:affiliations >> dbr:Kaplan,_Inc. [SEP] [ANS] >> rdf:type >> dbo:EducationalInstitution"
translate question to dbpedia path: Who is associated to Publius Servilius Vatia Isauricus  and Marcus Calpurnius Bibulus?,[ANS] >> dbo:associate >> dbr:Marcus_Calpurnius_Bibulus [SEP] [ANS] >> dbo:associate >> dbr:Publius_Servilius_Vatia_Isauricus_(consul_48_BC)
translate question to dbpedia path: In what group Joe Jonas and Kevin Jonas were previously involved?,[ANS] >> dbp:pastMembers >> dbr:Joe_Jonas [SEP] [ANS] >> dbp:pastMembers >> dbr:Kevin_Jonas [SEP] [ANS] >> rdf:type >> dbo:Group
translate question to dbpedia path: Who are relatives of Ozzy Osbourne and Kelly Osbourne?,[ANS] >> dbp:relatives >> dbr:Kelly_Osbourne [SEP] [ANS] >> dbp:relatives >> dbr:Ozzy_Osbourne
"translate question to dbpedia path: Naval station mobile and naval support activity, naples are under which branch of Us military?",[ANS] >> rdf:type >> dbo:MilitaryUnit [SEP] dbr:Naval_Station_Mobile >> dbo:type >> [ANS] [SEP] dbr:Naval_Support_Activity_Naples >> dbo:type >> [ANS]
translate question to dbpedia path: Is Ian Thorpe the bronze medalist of Swimming at the 2004 Summer Olympics  Men's 100 metre freestyle?,ASK >> dbr:Swimming_at_the_2004_Summer_Olympics_–_Men's_100_metre_freestyle >> dbo:bronzeMedalist >> dbr:Ian_Thorpe
translate question to dbpedia path: Where did john o conner study?,dbr:John_O'Connor_(archbishop_of_New_York) >> dbo:almaMater >> [ANS]
translate question to dbpedia path: List the producers who produced movies starring Michael Jackson.,[VAR1] >> dbp:producer >> [ANS] [SEP] [VAR1] >> dbp:starring >> dbr:Michael_Jackson [SEP] [VAR1] >> rdf:type >> dbo:Film
translate question to dbpedia path: List the name of the soccer clubs whose chairman is Joan Laporta.,[VAR1] >> dbo:chairman >> dbr:Joan_Laporta [SEP] [VAR1] >> dbp:name >> [ANS] [SEP] [VAR1] >> rdf:type >> dbo:SoccerClub
translate question to dbpedia path: Name the major shrine of Bogumilus?,dbr:Bogumilus >> dbo:majorShrine >> [ANS]
translate question to dbpedia path: What is the political party of the Satish Kumar Sharma which is also the political party of Manthena Venkata Raju?,dbr:Manthena_Venkata_Raju >> dbo:party >> [ANS] [SEP] dbr:Satish_Kumar_Sharma >> dbo:party >> [ANS]
translate question to dbpedia path: What are the other launch site of the rockets which also have been launched from  Cape Canaveral Air Force Station Launch Complex 5 ?,[VAR1] >> dbo:launchSite >> [ANS] [SEP] [VAR1] >> dbo:launchSite >> dbr:Cape_Canaveral_Air_Force_Station_Launch_Complex_5 [SEP] [VAR1] >> rdf:type >> dbo:Rocket
translate question to dbpedia path: Name the TV shows related to Babylon 5: The Lost Tales and is aired on Prime TIme Entertainment Networks ?,[ANS] >> dbo:network >> dbr:Prime_Time_Entertainment_Network [SEP] [ANS] >> dbo:related >> dbr:Babylon_5:_The_Lost_Tales [SEP] [ANS] >> rdf:type >> dbo:TelevisionShow
translate question to dbpedia path: Who is the person whose alma mater is Harvard-Westlake School?,[ANS] >> dbo:almaMater >> dbr:Harvard-Westlake_School [SEP] [ANS] >> rdf:type >> dbo:Person
translate question to dbpedia path: How many different religions have economists followed?,COUNT >> [VAR1] >> dbo:profession >> dbr:Economist [SEP] [VAR1] >> dbo:religion >> [ANS]
translate question to dbpedia path: Martin Ferguson and Mike Kelly served under which aussie PM?,dbr:Martin_Ferguson >> dbp:primeminister >> [ANS] [SEP] dbr:Mike_Kelly_(Australian_politician) >> dbp:primeminister >> [ANS]
translate question to dbpedia path: Which royalty's spouse is Ptolemy XIV of Egypt?,[ANS] >> dbo:spouse >> dbr:Ptolemy_XIV_of_Egypt [SEP] [ANS] >> rdf:type >> dbo:Royalty
translate question to dbpedia path: What artists are associated with the members of the Catalin Maruta?,[VAR1] >> dbo:associatedBand >> dbr:Cătălin_Măruță [SEP] [VAR1] >> dbo:associatedMusicalArtist >> [ANS]
translate question to dbpedia path: In which city are buildings by Solon Spencer Beman found?,[VAR1] >> dbo:architect >> dbr:Solon_Spencer_Beman [SEP] [VAR1] >> dbp:locationTown >> [ANS] [SEP] [VAR1] >> rdf:type >> dbo:Building
"translate question to dbpedia path: Danny Felice, the Gibraltarian guitarist is from which city?",dbr:Danny_Felice >> dbo:hometown >> [ANS]
translate question to dbpedia path: Name the tenants of O.co Coliseum ?,dbr:O.co_Coliseum >> dbo:tenant >> [ANS]
translate question to dbpedia path: Name the rivers originating from an English speaking nation?,[ANS] >> dbo:sourceCountry >> [VAR1] [SEP] [ANS] >> rdf:type >> dbo:River [SEP] [VAR1] >> dbo:officialLanguage >> dbr:English_language
translate question to dbpedia path: Count the total awards won by the writer who has won Goethe Prize ?,COUNT >> [VAR1] >> dbp:awards >> [ANS] [SEP] [VAR1] >> dbp:awards >> dbr:Goethe_Prize
translate question to dbpedia path: In how many nations can I find people related to the feminist movement?,COUNT >> [VAR1] >> dbo:movement >> dbr:Feminism [SEP] [VAR1] >> dbo:nationality >> [ANS]
translate question to dbpedia path: What team had the debut of Marv Throneberry and Curt Coleman?,dbr:Curt_Coleman >> dbo:debutTeam >> [ANS] [SEP] dbr:Marv_Throneberry >> dbp:debutteam >> [ANS]
translate question to dbpedia path: Name the sports played by PATTS College of Aeronautics?,dbr:PATTS_College_of_Aeronautics >> dbp:athletics >> [ANS]
translate question to dbpedia path: Which home town of Cline Buckens is the place of Death of Richard heron ?,dbr:Céline_Buckens >> dbo:hometown >> [ANS] [SEP] dbr:Richard_Heron >> dbp:placeOfDeath >> [ANS]
translate question to dbpedia path: Who wrote the musical based on Mary Poppins?,[VAR1] >> dbo:author >> [ANS] [SEP] [VAR1] >> dbo:basedOn >> dbr:Mary_Poppins [SEP] [VAR1] >> rdf:type >> dbo:Musical
translate question to dbpedia path: With whom is Heinz Kokott a relative to who also served Nazi Army?,dbr:Heinz_Kokott >> dbo:relation >> [ANS]
translate question to dbpedia path: Who is the former partner of the figure skater which was the former partner of Brynn Carman ?,[VAR1] >> dbo:formerPartner >> [ANS] [SEP] [VAR1] >> rdf:type >> dbo:FigureSkater [SEP] dbr:Brynn_Carman >> dbo:formerPartner >> [VAR1]
translate question to dbpedia path: Name the company which produces Marionette and has key person as Edwin catmull ?,[ANS] >> dbp:keyPeople >> dbr:Edwin_Catmull [SEP] [ANS] >> dbp:products >> dbr:Marionette_(software) [SEP] [ANS] >> rdf:type >> dbo:Company
translate question to dbpedia path: Paul Morphy compiled journals of which field?,[VAR1] >> dbp:discipline >> [ANS] [SEP] [VAR1] >> dbp:editor >> dbr:Paul_Morphy
translate question to dbpedia path: Name the person whose relation is Dee Dee Warwick?,[ANS] >> dbo:relation >> dbr:Dee_Dee_Warwick [SEP] [ANS] >> rdf:type >> dbo:Person
translate question to dbpedia path: Give me some series whose network's owning company is Warner Bros. Television?,[ANS] >> dbo:network >> [VAR1] [SEP] [ANS] >> rdf:type >> dbo:TelevisionShow [SEP] [VAR1] >> dbo:owningCompany >> dbr:Warner_Bros._Television
translate question to dbpedia path: In which region was political figure Wayne Allard elected?,dbr:Wayne_Allard >> dbo:region >> [ANS]
translate question to dbpedia path: What awards have the narrator of the Cries and Whispers won?,[VAR1] >> dbp:awards >> [ANS] [SEP] dbr:Cries_and_Whispers >> dbo:narrator >> [VAR1]
translate question to dbpedia path: How many ships belong to states which has Unitary as government type ?,COUNT >> [ANS] >> dbo:country >> [VAR1] [SEP] [ANS] >> rdf:type >> dbo:Ship [SEP] [VAR1] >> dbo:governmentType >> dbr:Unitary_state
translate question to dbpedia path: Who designed Oddamavadi Bridge?,dbr:Oddamavadi_Bridge >> dbp:designer >> [ANS]
translate question to dbpedia path: Count all the band members who are in Bands which have signed up with Entertainment One Music?,COUNT >> [VAR1] >> dbo:bandMember >> [ANS] [SEP] [VAR1] >> dbp:label >> dbr:Entertainment_One_Music
translate question to dbpedia path: What are the television shows whose company is European Broadcasting Union?,[ANS] >> dbp:company >> dbr:European_Broadcasting_Union [SEP] [ANS] >> rdf:type >> dbo:TelevisionShow
translate question to dbpedia path: Who are the founders of Iskra ?,dbr:Iskra >> dbo:foundedBy >> [ANS]
translate question to dbpedia path: To which families does the Koolakamba belong ?,dbr:Koolakamba >> dbo:family >> [ANS]
translate question to dbpedia path: Graduates of Somerville College have been in how many political parties?,"COUNT >> [VAR1] >> dbo:almaMater >> dbr:Somerville_College,_Oxford [SEP] [VAR1] >> dbo:party >> [ANS]"
translate question to dbpedia path: Was George Washington on the rank of general?,ASK >> dbr:George_Washington >> dbo:militaryRank >> dbr:General_(United_States)
translate question to dbpedia path: List all the developers of the Oddworld series?,[VAR1] >> dbo:developer >> [ANS] [SEP] [VAR1] >> dbo:series >> dbr:Oddworld
translate question to dbpedia path: Was the Incredibles released before Finding Nemo?,ASK >> dbr:The_Incredibles_(film_score) >> dbo:previousWork >> dbr:Finding_Nemo
translate question to dbpedia path: Who is renowned for Ae Fond Kiss and poem of Halloween ?,[ANS] >> dbp:notableworks >> dbr:Ae_Fond_Kiss [SEP] [ANS] >> dbp:notableworks >> dbr:Halloween_(poem)
translate question to dbpedia path: Which county seats are in the district where I can find the Hylebos Creek?,[VAR1] >> dbo:countySeat >> [ANS] [SEP] dbr:Hylebos_Creek >> dbo:district >> [VAR1]
translate question to dbpedia path: Which american football player's current team is Michigan Wolverines and former team was  Baltimore Ravens ?,[ANS] >> dbo:formerTeam >> dbr:1998_Baltimore_Ravens_season [SEP] [ANS] >> dbp:currentteam >> dbr:Michigan_Wolverines [SEP] [ANS] >> rdf:type >> dbo:AmericanFootballPlayer
translate question to dbpedia path: Which TV show distributed by Warner Bros. has Christopher Franke as one of the artist ?,[ANS] >> dbp:artist >> dbr:Christopher_Franke [SEP] [ANS] >> dbp:distributor >> dbr:Warner_Bros._Television [SEP] [ANS] >> rdf:type >> dbo:TelevisionShow
translate question to dbpedia path: Give me a count of all the producers of all the movies whose music was done by James Horner?,COUNT >> [VAR1] >> dbp:music >> dbr:James_Horner [SEP] [VAR1] >> dbp:producer >> [ANS]
translate question to dbpedia path: Where did isabelle caro and judson huss both die?,dbr:Isabelle_Caro >> dbp:deathPlace >> [ANS] [SEP] dbr:Judson_Huss >> dbp:deathPlace >> [ANS]
translate question to dbpedia path: List the notable work of David Isaacs (writer)?,dbr:David_Isaacs_(writer) >> dbo:notableWork >> [ANS]
translate question to dbpedia path: What is the province of Egypt Nanotechnology Center ?,dbr:Egypt_Nanotechnology_Center >> dbp:province >> [ANS]
translate question to dbpedia path: Give me the number of home stadiums of teams managed by John Spencer.,COUNT >> [VAR1] >> dbo:homeStadium >> [ANS] [SEP] [VAR1] >> dbp:manager >> dbr:John_Spencer_(Scottish_footballer)
translate question to dbpedia path: How many people are buried in the Winchester Cathedral?,COUNT >> [ANS] >> dbo:restingPlace >> dbr:Winchester_Cathedral
translate question to dbpedia path: Name the origins of the river with Quich Department as one of the origin ?,[VAR1] >> dbo:origin >> [ANS] [SEP] [VAR1] >> dbo:origin >> dbr:Quiché_Department
translate question to dbpedia path: Who wrote a rose for emily?,[ANS] >> dbo:notableWork >> dbr:A_Rose_for_Emily [SEP] [ANS] >> rdf:type >> dbo:Writer
translate question to dbpedia path: What is the mascot of the Royal Australian Air Force and Austin College?,dbr:Austin_College >> dbp:mascot >> [ANS] [SEP] dbr:Royal_Australian_Air_Force >> dbp:mascot >> [ANS]
translate question to dbpedia path: What ethnicity do people in British Columbia belong to?,[VAR1] >> dbo:ethnicity >> [ANS] [SEP] [VAR1] >> dbp:residence >> dbr:British_Columbia [SEP] [VAR1] >> rdf:type >> dbo:Person
translate question to dbpedia path: Which motion picture stories were edited by Ishir Honda?,[ANS] >> dbo:writer >> dbr:Ishirō_Honda [SEP] [ANS] >> rdf:type >> dbo:Film
translate question to dbpedia path: Name the tv series produced by Stephen Ambrose and Erik Bork?,[ANS] >> dbo:producer >> dbr:Erik_Bork [SEP] [ANS] >> dbo:producer >> dbr:Stephen_E._Ambrose [SEP] [ANS] >> rdf:type >> dbo:TelevisionShow
translate question to dbpedia path: Who starred in Awakening and fifety five days at peknig ?,dbr:55_Days_at_Peking >> dbo:starring >> [ANS] [SEP] dbr:The_Awakening_(1980_film) >> dbp:starring >> [ANS]
translate question to dbpedia path: Which tv series have a score composed by judy hard angelo?,[ANS] >> dbo:composer >> dbr:Judy_Hart_Angelo [SEP] [ANS] >> rdf:type >> dbo:TelevisionShow
translate question to dbpedia path: For which other teams have the past Boston Bruins members played?,[VAR1] >> dbo:formerTeam >> dbr:Boston_Bruins [SEP] [VAR1] >> dbp:playedFor >> [ANS]
translate question to dbpedia path: List the Swedish newspaper headquarted in Stockholm ?,[ANS] >> dbp:headquarters >> dbr:Stockholm [SEP] [ANS] >> dbp:language >> dbr:Swedish_language [SEP] [ANS] >> rdf:type >> dbo:Newspaper
translate question to dbpedia path: Those seasons which have been played in Fort Lauderdale Florida now host their games where?,"[VAR1] >> dbo:ground >> [ANS] [SEP] [VAR1] >> dbp:stadium >> dbr:Fort_Lauderdale,_Florida [SEP] [VAR1] >> rdf:type >> dbo:SoccerClubSeason"
translate question to dbpedia path: Were the 1995 south pacific games hosted in tahiti?,ASK >> dbr:1995_South_Pacific_Games >> dbp:hostCity >> dbr:Tahiti
translate question to dbpedia path: Where is the origin of Filbert's Old Time Root Beer ?,dbr:Filbert's_Old_Time_Root_Beer >> dbo:origin >> [ANS]
translate question to dbpedia path: Which largest city of Salsette Island is also the largest city of India ?,dbr:India >> dbo:largestCity >> [ANS] [SEP] dbr:Salsette_Island >> dbo:largestCity >> [ANS]
translate question to dbpedia path: Give me all the alma mater of the relatives of Samuek Moreno Rojas ?,[VAR1] >> dbp:almaMater >> [ANS] [SEP] dbr:Samuel_Moreno_Rojas >> dbo:relation >> [VAR1]
translate question to dbpedia path: Which magazine's editor's official residence is Playboy Mansion?,[ANS] >> dbp:editor >> [VAR1] [SEP] [ANS] >> rdf:type >> dbo:Magazine [SEP] [VAR1] >> dbo:residence >> dbr:Playboy_Mansion
translate question to dbpedia path: To which destinations does Air 2000 fly?,dbr:Air_2000 >> dbp:destinations >> [ANS]
translate question to dbpedia path: What is the political party to which Purnima Banerjee is a member of?,dbr:Robert_Nutting >> dbo:knownFor >> [ANS]
translate question to dbpedia path: To which political party does the successor of Radhabinod Koijam belong?,[VAR1] >> dbp:party >> [ANS] [SEP] dbr:Radhabinod_Koijam >> dbp:successor >> [VAR1]
translate question to dbpedia path: What is the ethnicity of Linda Hogan ?,dbr:Linda_Hogan >> dbp:ethnicity >> [ANS]
translate question to dbpedia path: Name the mammals which are primate and belongs to family of ape ?,[ANS] >> dbo:family >> dbr:Ape [SEP] [ANS] >> dbo:order >> dbr:Primate [SEP] [ANS] >> rdf:type >> dbo:Mammal
"translate question to dbpedia path: Who did the person whose predecessor is Arthur Slaght, play for?",[VAR1] >> dbo:predecessor >> dbr:Arthur_Slaght [SEP] [VAR1] >> dbp:playedFor >> [ANS] [SEP] [VAR1] >> rdf:type >> dbo:Person
"translate question to dbpedia path: To what did the parliament member swore her oath to, whose has sons is Lohan Ratwatte?",[VAR1] >> dbo:child >> dbr:Lohan_Ratwatte [SEP] [VAR1] >> dbp:allegiance >> [ANS] [SEP] [VAR1] >> rdf:type >> dbo:MemberOfParliament
translate question to dbpedia path: What are the awards won by the producer of Elizabeth: The Golden Age?,[VAR1] >> dbp:awards >> [ANS] [SEP] dbr:Elizabeth:_The_Golden_Age_(soundtrack) >> dbp:producer >> [VAR1]
translate question to dbpedia path: In which military conflict were Phm Vn ng and John McEwen commanders ?,[ANS] >> dbo:commander >> dbr:John_McEwen [SEP] [ANS] >> dbo:commander >> dbr:Phạm_Văn_Đồng [SEP] [ANS] >> rdf:type >> dbo:MilitaryConflict
translate question to dbpedia path: What is the hometown of the volleyball player whose club is VC Lokomotiv Novosibirsk ?,[VAR1] >> dbo:club >> dbr:VC_Lokomotiv_Novosibirsk [SEP] [VAR1] >> dbp:hometown >> [ANS] [SEP] [VAR1] >> rdf:type >> dbo:VolleyballPlayer
translate question to dbpedia path: Who owns the bridge which crosses the Orange Line of MBTA?,[VAR1] >> dbp:crosses >> dbr:Orange_Line_(MBTA) [SEP] [VAR1] >> dbp:owner >> [ANS] [SEP] [VAR1] >> rdf:type >> dbo:Bridge
translate question to dbpedia path: Is joel quenneville the main coach of Chicago Blackhawks?,ASK >> dbr:Chicago_Blackhawks >> dbp:headCoach >> dbr:Joel_Quenneville
translate question to dbpedia path: Through which label did Mel Brooks produce his movie?,[VAR1] >> dbp:label >> [ANS] [SEP] [VAR1] >> dbp:producer >> dbr:Mel_Brooks [SEP] [VAR1] >> rdf:type >> dbo:Film
translate question to dbpedia path: Count the number of judges who've come on CTV network shows.,COUNT >> [VAR1] >> dbo:network >> dbr:CTV_Television_Network [SEP] [VAR1] >> dbp:judges >> [ANS]
translate question to dbpedia path: Name the musical artists whose label is given by Kobalt Label Services?,[ANS] >> dbp:label >> dbr:Kobalt_Label_Services [SEP] [ANS] >> rdf:type >> dbo:MusicalArtist
"translate question to dbpedia path: Enumerate all the first teams of the GPs which were held in Watkins Glen, NY?","COUNT >> [VAR1] >> dbp:firstTeam >> [ANS] [SEP] [VAR1] >> dbp:location >> dbr:Watkins_Glen,_New_York"
translate question to dbpedia path: Which operator of ganz UV is also the nationality of the Gza Horvth ?,dbr:Ganz_UV >> dbo:operator >> [ANS] [SEP] dbr:Géza_Horváth >> dbo:nationality >> [ANS]
translate question to dbpedia path: Does the AMC Gremlin use an Audi engine?,ASK >> dbr:AMC_Gremlin >> dbp:engine >> dbr:Audi
translate question to dbpedia path: What is the death place of the Abiye Abebe and is the birthplace of the Amsale Aberra?,dbr:Abiye_Abebe >> dbp:placeOfDeath >> [ANS] [SEP] dbr:Amsale_Aberra >> dbo:birthPlace >> [ANS]
translate question to dbpedia path: Which official residence of Nikos Pateras is also the stadium of anionios G.S.S. season 2014-15 ?,dbr:2014–15_Panionios_G.S.S._season >> dbp:stadium >> [ANS] [SEP] dbr:Nikos_Pateras >> dbo:residence >> [ANS]
translate question to dbpedia path: Give me a count of movies whose producer is Larry J. Franco?,COUNT >> [ANS] >> dbo:producer >> dbr:Larry_J._Franco [SEP] [ANS] >> rdf:type >> dbo:Film
translate question to dbpedia path: What is the common profession of William Luther Hill and Claiborne Pell?,dbr:Claiborne_Pell >> dbo:profession >> [ANS] [SEP] dbr:William_Luther_Hill >> dbo:profession >> [ANS]
translate question to dbpedia path: Which city near Nihoa is the place of death of jim Brady ?,dbr:Jim_Brady_(quarterback) >> dbo:deathPlace >> [ANS] [SEP] dbr:Nihoa >> dbp:nearestCity >> [ANS]
translate question to dbpedia path: Journals of how many fields can be found in US?,COUNT >> [VAR1] >> dbp:country >> dbr:United_States [SEP] [VAR1] >> dbp:discipline >> [ANS]
translate question to dbpedia path: How many different genres of games can I find which are compatible with the Commodore 64?,COUNT >> [VAR1] >> dbo:computingPlatform >> dbr:Commodore_64 [SEP] [VAR1] >> dbp:genre >> [ANS]
translate question to dbpedia path: In which wars has Steven Palazzo fought?,dbr:Steven_Palazzo >> dbp:battles >> [ANS]
translate question to dbpedia path: Which fields' academic journals are found in the US?,[VAR1] >> dbo:country >> dbr:United_States [SEP] [VAR1] >> dbp:discipline >> [ANS]
translate question to dbpedia path: Mike Shinoda is in which band?,[ANS] >> dbo:bandMember >> dbr:Mike_Shinoda
translate question to dbpedia path: What are the television shows whose voices is given by  Mona Marshall?,[ANS] >> dbp:voices >> dbr:Mona_Marshall [SEP] [ANS] >> rdf:type >> dbo:TelevisionShow
translate question to dbpedia path: Name the movie whose director of photography is Gregg Toland and Bernard Herrmann was the music composer?,[ANS] >> dbo:cinematography >> dbr:Gregg_Toland [SEP] [ANS] >> dbo:musicComposer >> dbr:Bernard_Herrmann [SEP] [ANS] >> rdf:type >> dbo:Film
translate question to dbpedia path: Name the members of  boards of Freedom of the City and Trinity House?,[ANS] >> dbo:board >> dbr:Freedom_of_the_City [SEP] [ANS] >> dbo:board >> dbr:Trinity_House
translate question to dbpedia path: Name the company with product lines like Visual studio and Surface ?,[ANS] >> dbo:product >> dbr:Microsoft_Surface [SEP] [ANS] >> dbp:products >> dbr:Microsoft_Visual_Studio [SEP] [ANS] >> rdf:type >> dbo:Company
translate question to dbpedia path: How many contries surround the seas on the banks of which is the city of Cancun?,COUNT >> [VAR1] >> dbo:country >> [ANS] [SEP] [VAR1] >> dbp:cities >> dbr:Cancún
translate question to dbpedia path: Name the other wine region of the grapes whose one of the wine region is Michigan?,[VAR1] >> dbo:wineRegion >> [ANS] [SEP] [VAR1] >> dbo:wineRegion >> dbr:Michigan [SEP] [VAR1] >> rdf:type >> dbo:Grape
translate question to dbpedia path: Which administrative region leader is Sukhumbhand Paribatra and was founded by  Rama I?,[ANS] >> dbo:founder >> dbr:Rama_I [SEP] [ANS] >> dbo:leaderName >> dbr:Sukhumbhand_Paribatra [SEP] [ANS] >> rdf:type >> dbo:AdministrativeRegion
translate question to dbpedia path: Name the largest city of the country where the body of Amit Saigal was discovered?,[VAR1] >> dbo:largestCity >> [ANS] [SEP] [VAR1] >> rdf:type >> dbo:Country [SEP] dbr:Amit_Saigal >> dbo:bodyDiscovered >> [VAR1]
"translate question to dbpedia path: Who founded the city where First Church of Christ, Scientist is located?","[VAR1] >> dbo:founder >> [ANS] [SEP] dbr:First_Church_of_Christ,_Scientist_(Pittsburgh) >> dbp:locationTown >> [VAR1]"
translate question to dbpedia path: Los Angeles Lakers is the team of which basketball players?,[ANS] >> dbp:team >> dbr:Los_Angeles_Lakers [SEP] [ANS] >> rdf:type >> dbo:BasketballPlayer
translate question to dbpedia path: What are the movies produced by Michael Deeley?,[ANS] >> dbp:producer >> dbr:Michael_Deeley [SEP] [ANS] >> rdf:type >> dbo:Film
translate question to dbpedia path: Where is the headquarter of Regional Transit Authority of Southeast Michigan ?,dbr:Regional_Transit_Authority_of_Southeast_Michigan >> dbp:headquarters >> [ANS]
translate question to dbpedia path: What are the awards won by the parent of Daniel Bergmans?,[VAR1] >> dbp:awards >> [ANS] [SEP] dbr:Daniel_Bergman >> dbo:parent >> [VAR1]
translate question to dbpedia path: What is the common debut team of the Butch Metzger and Dan Otero?,dbr:Butch_Metzger >> dbo:debutTeam >> [ANS] [SEP] dbr:Dan_Otero >> dbo:debutTeam >> [ANS]
translate question to dbpedia path: What place is the birthplace of Vijay Chavan where Eka Lagnachi Teesri Goshta is located as well?,dbr:Eka_Lagnachi_Teesri_Goshta >> dbp:location >> [ANS] [SEP] dbr:Vijay_Chavan >> dbp:placeOfBirth >> [ANS]
translate question to dbpedia path: Collect and return a list of things in the area where Spanish language is used?,[ANS] >> dbo:location >> [VAR1] [SEP] [VAR1] >> dbo:language >> dbr:Spanish_language
translate question to dbpedia path: Where is Hafthor Julius Bjornsson from?,dbr:Hafthór_Júlíus_Björnsson >> dbo:stateOfOrigin >> [ANS]
translate question to dbpedia path: What writers have nationality as Statelessness?,[ANS] >> dbp:nationality >> dbr:Statelessness [SEP] [ANS] >> rdf:type >> dbo:Writer
translate question to dbpedia path: Music for what was made by someone who died of a cardiovascular disease?,[ANS] >> dbp:music >> [VAR1] [SEP] [VAR1] >> dbo:deathCause >> dbr:Cardiovascular_disease
translate question to dbpedia path: What famous musicians play the remo?,[ANS] >> dbo:instrument >> dbr:Remo [SEP] [ANS] >> rdf:type >> dbo:MusicalArtist
translate question to dbpedia path: Name the music artist which collaborated with the spouse of Jessi Colter?,[ANS] >> dbo:associatedMusicalArtist >> [VAR1] [SEP] [ANS] >> rdf:type >> dbo:MusicalArtist [SEP] [VAR1] >> dbo:spouse >> dbr:Jessi_Colter
translate question to dbpedia path: Among which city where Geography Club played also had the Kenticky Cycle ?,dbr:Geography_Club_(play) >> dbp:place >> [ANS] [SEP] dbr:The_Kentucky_Cycle >> dbp:place >> [ANS]
translate question to dbpedia path: Does Lousana lie at the end of Alberta Highway 42?,ASK >> dbr:Alberta_Highway_42 >> dbo:routeEnd >> dbr:Lousana
translate question to dbpedia path: Count the number of sports played by the universities whose one of the sports is baketball ?,COUNT >> [VAR1] >> dbo:athletics >> dbr:Basketball [SEP] [VAR1] >> dbp:athletics >> [ANS]
"translate question to dbpedia path: Amongst the winner of Lovelace medal, who has John Robert as doctoral supervisor ?",[ANS] >> dbp:doctoralAdvisor >> dbr:John_Robert_Woodyard [SEP] [ANS] >> dbp:prizes >> dbr:Lovelace_Medal
translate question to dbpedia path: What things have founded place as United States and New Mexico?,[ANS] >> dbp:foundation >> dbr:New_Mexico [SEP] [ANS] >> dbp:foundation >> dbr:United_States
translate question to dbpedia path: Which television shows has sound format as 5.1 surround?,[ANS] >> dbo:format >> dbr:5.1_surround_sound [SEP] [ANS] >> rdf:type >> dbo:TelevisionShow
translate question to dbpedia path: Who is the producer of the single which was the subsequent work of He's a Liar?,[VAR1] >> dbo:producer >> [ANS] [SEP] dbr:He's_a_Liar >> dbo:subsequentWork >> [VAR1]
translate question to dbpedia path: List the people who influenced the comedian who acted in Good Hair ?,[VAR1] >> dbo:influencedBy >> [ANS] [SEP] [VAR1] >> rdf:type >> dbo:Comedian [SEP] dbr:Good_Hair >> dbp:starring >> [VAR1]
"translate question to dbpedia path: To what other locations does the airlines have flights, who also fly to Birmingham?",[VAR1] >> dbo:targetAirport >> dbr:Birmingham_Airport [SEP] [VAR1] >> dbp:destinations >> [ANS] [SEP] [VAR1] >> rdf:type >> dbo:Airline
translate question to dbpedia path: Name the television show whose creator is Simon Fuller and presented by Ryan Seacrest?,[ANS] >> dbo:presenter >> dbr:Ryan_Seacrest [SEP] [ANS] >> dbp:creator >> dbr:Simon_Fuller [SEP] [ANS] >> rdf:type >> dbo:TelevisionShow
translate question to dbpedia path: Does the Westchester Avenue fall under the Bronx?,ASK >> dbr:Westchester_Avenue >> dbp:counties >> dbr:The_Bronx
translate question to dbpedia path: In how many places has Garbage recorded their songs?,COUNT >> [VAR1] >> dbo:producer >> dbr:Garbage_(band) [SEP] [VAR1] >> dbo:recordedIn >> [ANS]
translate question to dbpedia path: How many cars can I find related to the cars which have a V8 engine?,COUNT >> [VAR1] >> dbp:engine >> dbr:V8_engine [SEP] [VAR1] >> dbp:related >> [ANS]
translate question to dbpedia path: What products do US companies make?,[VAR1] >> dbo:location >> dbr:United_States [SEP] [VAR1] >> dbo:product >> [ANS] [SEP] [VAR1] >> rdf:type >> dbo:Company
translate question to dbpedia path: How many characters are there in The Office?,COUNT >> [ANS] >> dbo:series >> dbr:The_Office_(U.S._TV_series) [SEP] [ANS] >> rdf:type >> dbo:FictionalCharacter
translate question to dbpedia path: Name the person with opponents Ike Clanton and Tom McLaury?,[ANS] >> dbo:opponent >> dbr:Ike_Clanton [SEP] [ANS] >> dbo:opponent >> dbr:Tom_McLaury [SEP] [ANS] >> rdf:type >> dbo:Person
translate question to dbpedia path: Who first ascented a mountain of Mount Hoffmann ?,dbr:Mount_Hoffmann >> dbo:firstAscentPerson >> [ANS]
translate question to dbpedia path: Which  science fiction show has Steven Moffat as executive producer ?,[ANS] >> dbo:executiveProducer >> dbr:Steven_Moffat [SEP] [ANS] >> dbp:genre >> dbr:Science_fiction [SEP] [ANS] >> rdf:type >> dbo:TelevisionShow
translate question to dbpedia path: Who all play for the teams performing in the united center?,[ANS] >> dbp:team >> [VAR1] [SEP] [VAR1] >> dbp:arena >> dbr:United_Center
translate question to dbpedia path: How many parties have come in power in elections where Y. S. Rajasekhara Reddy won?,COUNT >> [VAR1] >> dbo:affiliation >> [ANS] [SEP] [VAR1] >> dbp:leader >> dbr:Y._S._Rajasekhara_Reddy
translate question to dbpedia path: Where did Wallace Dollase die?,dbr:Wallace_Dollase >> dbo:deathPlace >> [ANS]
translate question to dbpedia path: In which state is Red Willow Creek?,dbr:Red_Willow_Creek >> dbo:state >> [ANS]
translate question to dbpedia path: Who is the founder of the trade union with whom Amalgamated Clothing Workers of America is affiliated?,[VAR1] >> dbp:founded >> [ANS] [SEP] dbr:Amalgamated_Clothing_Workers_of_America >> dbo:affiliation >> [VAR1]
translate question to dbpedia path: Who operates the railway line which begins in Minneapolis?,[VAR1] >> dbo:operatedBy >> [ANS] [SEP] [VAR1] >> dbo:routeStart >> dbr:Minneapolis [SEP] [VAR1] >> rdf:type >> dbo:RailwayLine
translate question to dbpedia path: What is the nation of the speedway league where Ikaros Smederna played?,[VAR1] >> dbo:country >> [ANS] [SEP] [VAR1] >> rdf:type >> dbo:SpeedwayLeague [SEP] dbr:Ikaros_Smederna >> dbo:league >> [VAR1]
translate question to dbpedia path: How many non fiction topics does Thud! deals with?,COUNT >> dbr:Thud! >> dbo:nonFictionSubject >> [ANS]
translate question to dbpedia path: Which route start of Moscow-Kazan high-speed railway is the home stadium of 2011-12 FC Spartak Moscow ?,dbr:2011–12_FC_Spartak_Moscow_season >> dbo:homeStadium >> [ANS] [SEP] dbr:Moscow-Kazan_high-speed_railway >> dbo:routeStart >> [ANS]
translate question to dbpedia path: Which party of Rishang Keishing is the leader at Manendragarh ?,dbr:Manendragarh >> dbo:leaderName >> [ANS] [SEP] dbr:Rishang_Keishing >> dbp:party >> [ANS]
translate question to dbpedia path: How many people were in a youthclub which played in the Argentine Primera Division?,COUNT >> [ANS] >> dbp:youthclubs >> [VAR1] [SEP] [VAR1] >> dbp:league >> dbr:Argentine_Primera_División
translate question to dbpedia path: What is the home town of the musician of Jack your Body ?,[VAR1] >> dbo:hometown >> [ANS] [SEP] dbr:Jack_Your_Body >> dbo:musicalArtist >> [VAR1]
translate question to dbpedia path: In which branch of the government does James L. McConaughy belong?,[VAR1] >> dbp:branch >> [ANS] [SEP] dbr:James_L._McConaughy >> dbo:governor >> [VAR1]
translate question to dbpedia path: in which country does the river end which originates in Lebrsnik?,[VAR1] >> dbo:mouthCountry >> [ANS] [SEP] [VAR1] >> dbo:sourcePlace >> dbr:Lebršnik
translate question to dbpedia path: Where did Andy Wyant die and Robert Rodi was born in?,dbr:Andy_Wyant >> dbp:placeOfDeath >> [ANS] [SEP] dbr:Robert_Rodi >> dbo:birthPlace >> [ANS]
"translate question to dbpedia path: Which person constituency is Duboce Triangle, San Francisco and military unit is USS Kittiwake (ASR-13)?","[ANS] >> dbo:militaryUnit >> dbr:USS_Kittiwake_(ASR-13) [SEP] [ANS] >> dbp:constituency >> dbr:Duboce_Triangle,_San_Francisco [SEP] [ANS] >> rdf:type >> dbo:Person"
translate question to dbpedia path: What is the occupation of the band members of The Shirelles?,[VAR1] >> dbo:associatedMusicalArtist >> dbr:The_Shirelles [SEP] [VAR1] >> dbo:occupation >> [ANS]
translate question to dbpedia path: Which American football player is a former team player of Indianapolis Colts and current team is Michigan Wolverines?,[ANS] >> dbo:formerTeam >> dbr:Indianapolis_Colts [SEP] [ANS] >> dbp:currentteam >> dbr:Michigan_Wolverines [SEP] [ANS] >> rdf:type >> dbo:AmericanFootballPlayer
translate question to dbpedia path: List the mountains of the range Sierra Nevada (U.S.) located in  California?,[ANS] >> dbo:locatedInArea >> dbr:California [SEP] [ANS] >> dbo:mountainRange >> dbr:Sierra_Nevada_(U.S.) [SEP] [ANS] >> rdf:type >> dbo:Mountain
"translate question to dbpedia path: List the television shows whose distributors are located at Burbank, California.","[ANS] >> dbp:distributor >> [VAR1] [SEP] [ANS] >> rdf:type >> dbo:TelevisionShow [SEP] [VAR1] >> dbp:locationCity >> dbr:Burbank,_California"
translate question to dbpedia path: What is the common relegion of Miao people  and the country where Guru Purnima is celebrated ?,dbr:Guru_Purnima >> dbo:country >> [ANS] [SEP] dbr:Miao_people >> dbo:religion >> [ANS]
"translate question to dbpedia path: In which university did Harlan Mathews study, where Richard Meriil Atkinson went too?",dbr:Harlan_Mathews >> dbo:almaMater >> [ANS] [SEP] dbr:Richard_Merrill_Atkinson >> dbo:almaMater >> [ANS]
translate question to dbpedia path: What kind of buildings were designed by Pyusawhti?,[VAR1] >> dbo:architect >> dbr:Pyusawhti [SEP] [VAR1] >> dbo:type >> [ANS] [SEP] [VAR1] >> rdf:type >> dbo:Building
translate question to dbpedia path: What is the owning company of the bank whose parent is Sony Financial ?,[VAR1] >> dbo:owningCompany >> [ANS] [SEP] [VAR1] >> dbp:parent >> dbr:Sony_Financial [SEP] [VAR1] >> rdf:type >> dbo:Company
translate question to dbpedia path: What are some gymnasts coached by Amanda Reddin?,[ANS] >> dbp:headcoach >> dbr:Amanda_Reddin [SEP] [ANS] >> rdf:type >> dbo:Gymnast
translate question to dbpedia path: Katharevousa writers have been given which awards?,[VAR1] >> dbo:award >> [ANS] [SEP] [VAR1] >> dbp:movement >> dbr:Katharevousa [SEP] [VAR1] >> rdf:type >> dbo:Writer
translate question to dbpedia path: What are some mammals whose phylum is Chordate?,[ANS] >> dbp:phylum >> dbr:Chordate [SEP] [ANS] >> rdf:type >> dbo:Mammal
translate question to dbpedia path: How many developers have worked on games of the Oddworld series?,COUNT >> [VAR1] >> dbo:developer >> [ANS] [SEP] [VAR1] >> dbo:series >> dbr:Oddworld
translate question to dbpedia path: Name the home ground of  2015 Fort Lauderdale Strikers season ?,dbr:2015_Fort_Lauderdale_Strikers_season >> dbo:ground >> [ANS]
translate question to dbpedia path: Which video game composed by Hirokazu Tanaka can be played on virtual Console ?,[ANS] >> dbo:computingPlatform >> dbr:Virtual_Console [SEP] [ANS] >> dbp:composer >> dbr:Hirokazu_Tanaka [SEP] [ANS] >> rdf:type >> dbo:VideoGame
translate question to dbpedia path: What is the resting place of the engineer who was the architect of Plaza on DeWitt?,[VAR1] >> dbo:restingPlace >> [ANS] [SEP] dbr:Plaza_on_DeWitt >> dbo:architect >> [VAR1]
translate question to dbpedia path: Where are the cooper mountain vineyards and Mt. bachelor ski area located?,dbr:Cooper_Mountain_Vineyards >> dbo:location >> [ANS] [SEP] dbr:Mount_Bachelor_ski_area >> dbo:location >> [ANS]
translate question to dbpedia path: How many tenants are there in the Mercedes Benz Superdome?,COUNT >> dbr:Mercedes-Benz_Superdome >> dbo:tenant >> [ANS]
translate question to dbpedia path: What is the affiliation of the hospital where Alfred Blalock works?,[VAR1] >> dbp:affiliation >> [ANS] [SEP] dbr:Alfred_Blalock >> dbp:workInstitutions >> [VAR1]
translate question to dbpedia path: How many genres gave birth to other genres which emphasize Bass Guitars?,COUNT >> [ANS] >> rdf:type >> dbo:MusicGenre [SEP] [VAR1] >> dbo:stylisticOrigin >> [ANS] [SEP] [VAR1] >> dbp:instruments >> dbr:Bass_guitar
translate question to dbpedia path: How many bands began in Birmingham?,COUNT >> [ANS] >> dbp:origin >> dbr:Birmingham [SEP] [ANS] >> rdf:type >> dbo:Band
translate question to dbpedia path: Where does the river end which starts in Richmond Park?,[VAR1] >> dbo:sourcePlace >> dbr:Richmond_Park [SEP] [VAR1] >> dbp:mouthLocation >> [ANS] [SEP] [VAR1] >> rdf:type >> dbo:Stream
translate question to dbpedia path: How many causes of death have been associated with American citizens?,COUNT >> [VAR1] >> dbo:deathCause >> [ANS] [SEP] [VAR1] >> dbp:citizenship >> dbr:United_States
translate question to dbpedia path: Louis Dunbar is the coach of which basketball team ?,[ANS] >> dbp:coach >> dbr:Louis_Dunbar [SEP] [ANS] >> rdf:type >> dbo:BasketballTeam
translate question to dbpedia path: Was Noko a band member of Luxuria?,ASK >> dbr:Luxuria_(band) >> dbo:formerBandMember >> dbr:Noko
translate question to dbpedia path: Charles Willing Byrd was the governor under which politician?,[ANS] >> dbp:governor >> dbr:Charles_Willing_Byrd
translate question to dbpedia path: Do the asiana airlines fly  to Jeju airport?,ASK >> dbr:Asiana_Airlines >> dbo:targetAirport >> dbr:Jeju_International_Airport
"translate question to dbpedia path: For how many teams have the league players of Czech Extraliga, previously played?",COUNT >> [VAR1] >> dbo:formerTeam >> [ANS] [SEP] [VAR1] >> dbp:league >> dbr:Czech_Extraliga
translate question to dbpedia path: Which television show is the subsequent work of Frasier and the opening theme is Gary Portnoy?,[ANS] >> dbo:openingTheme >> dbr:Gary_Portnoy [SEP] [ANS] >> dbo:subsequentWork >> dbr:Frasier [SEP] [ANS] >> rdf:type >> dbo:TelevisionShow
translate question to dbpedia path: Count the number of sports played by university which also plays Taekwondo ?,COUNT >> [VAR1] >> dbp:athletics >> [ANS] [SEP] [VAR1] >> dbp:athletics >> dbr:Taekwondo
translate question to dbpedia path: What continent of the world has Baja California peninsula and also has WEPG in one of it's cities?,[ANS] >> rdf:type >> dbo:Continent [SEP] dbr:Baja_California_Peninsula >> dbo:location >> [ANS] [SEP] dbr:WEPG >> dbp:city >> [ANS]
translate question to dbpedia path: Rashid Behbudov State Song Theatre and Baku Puppet Theatre can be found in which country?,dbr:Baku_Puppet_Theatre >> dbo:locationCountry >> [ANS] [SEP] dbr:Rashid_Behbudov_State_Song_Theatre >> dbo:locationCountry >> [ANS]
translate question to dbpedia path: What is the service of the Laemmle Theatres and is also the award of the Jos Rivera (playwright)?,dbr:José_Rivera_(playwright) >> dbp:awards >> [ANS] [SEP] dbr:Laemmle_Theatres >> dbo:service >> [ANS]
translate question to dbpedia path: Which football players currently have their contracts with Stoke City F.C.?,[ANS] >> dbp:currentclub >> dbr:Stoke_City_F.C.
translate question to dbpedia path: What are the cities around the sea which flows into the Atlantic?,[VAR1] >> dbo:inflow >> dbr:Atlantic_Ocean [SEP] [VAR1] >> dbp:cities >> [ANS] [SEP] [VAR1] >> rdf:type >> dbo:Sea
translate question to dbpedia path: Artists trained at art students league NY are buried where?,[VAR1] >> dbo:restingPlace >> [ANS] [SEP] [VAR1] >> dbo:training >> dbr:Art_Students_League_of_New_York [SEP] [VAR1] >> rdf:type >> dbo:Artist
translate question to dbpedia path: What is the municipality of Liberty Bell ?,dbr:Liberty_Bell >> dbo:municipality >> [ANS]
translate question to dbpedia path: Who is the owner of Bloomberg L.P. ?,dbr:Bloomberg_L.P. >> dbp:owner >> [ANS]
translate question to dbpedia path: What is the location of death of the skier who was the bronze medalist of Alpine skiing at the 1964 Winter Olympics  Men's slalom ?,[VAR1] >> dbp:deathPlace >> [ANS] [SEP] [VAR1] >> rdf:type >> dbo:Skier [SEP] dbr:Alpine_skiing_at_the_1964_Winter_Olympics_–_Men's_slalom >> dbo:bronzeMedalist >> [VAR1]
translate question to dbpedia path: What is the debut team of the american football player who studied in North Fort Myers High School?,[VAR1] >> dbo:highschool >> dbr:North_Fort_Myers_High_School [SEP] [VAR1] >> dbp:debutteam >> [ANS] [SEP] [VAR1] >> rdf:type >> dbo:AmericanFootballPlayer
translate question to dbpedia path: In which races did Mouse Morris take part?,dbr:Mouse_Morris >> dbp:race >> [ANS]
translate question to dbpedia path: Who are the writers of South Park: The Stick of Truth?,dbr:South_Park:_The_Stick_of_Truth >> dbp:writer >> [ANS]
translate question to dbpedia path: What is the leading party in Baraily which Chandra Shekhar too is associated with?,dbr:Baraily >> dbo:leaderName >> [ANS] [SEP] dbr:Chandra_Shekhar >> dbo:otherParty >> [ANS]
translate question to dbpedia path: Whose commanders are Colin Powell and Jaber Al-Ahmad Al-Sabah?,[ANS] >> dbo:commander >> dbr:Colin_Powell [SEP] [ANS] >> dbo:commander >> dbr:Jaber_Al-Ahmad_Al-Sabah
translate question to dbpedia path: Name the fictional character who was in Terminator and portrayer is Terminator 2: Judgment Day?,[ANS] >> dbo:portrayer >> dbr:Terminator_2:_Judgment_Day [SEP] [ANS] >> dbo:series >> dbr:Terminator_(franchise) [SEP] [ANS] >> rdf:type >> dbo:FictionalCharacter
translate question to dbpedia path: List the trainers of Shinya Aoki ?,dbr:Shinya_Aoki >> dbo:trainer >> [ANS]
translate question to dbpedia path: What do typically NGOs work for?,[VAR1] >> dbp:purpose >> [ANS] [SEP] [VAR1] >> dbp:type >> dbr:Non-governmental_organization
translate question to dbpedia path: What does the river end on whose border we find in Bjelasnica?,[VAR1] >> dbo:border >> dbr:Bjelašnica [SEP] [VAR1] >> dbo:mouthCountry >> [ANS]
"translate question to dbpedia path: List few schools situated in Reading, Berkshire ?","[ANS] >> dbp:city >> dbr:Reading,_Berkshire [SEP] [ANS] >> rdf:type >> dbo:School"
translate question to dbpedia path: Who preceded Lucius Crus as an office holder?,[ANS] >> dbo:predecessor >> dbr:Lucius_Cornelius_Lentulus_Crus [SEP] [ANS] >> rdf:type >> dbo:OfficeHolder
translate question to dbpedia path: How many universities participate in the NCAA Division I Football Bowl Subdivision?,COUNT >> [ANS] >> dbp:athletics >> dbr:NCAA_Division_I_Football_Bowl_Subdivision [SEP] [ANS] >> rdf:type >> dbo:University
translate question to dbpedia path: Where is the senator from whose successor was James belford?,[VAR1] >> dbo:region >> [ANS] [SEP] [VAR1] >> dbp:successor >> dbr:James_B._Belford [SEP] [VAR1] >> rdf:type >> dbo:Senator
translate question to dbpedia path: What is the state of origin of Thomas Pfyl ?,dbr:Thomas_Pfyl >> dbo:stateOfOrigin >> [ANS]
translate question to dbpedia path: What is the nationality of the successor of Nii Okaidja Adamafio ?,[VAR1] >> dbo:nationality >> [ANS] [SEP] dbr:Nii_Okaija_Adamafio >> dbp:successor >> [VAR1]
translate question to dbpedia path: By which university is the literary magazine named Stone Canoe published?,dbr:Stone_Canoe >> dbo:publisher >> [ANS]
translate question to dbpedia path: Is Plymouth High School for Girls in Devon county?,ASK >> dbr:Plymouth_High_School_for_Girls >> dbo:county >> dbr:Devon
translate question to dbpedia path: Give me a count of companies located in Texas ?,COUNT >> [ANS] >> dbo:locationCity >> dbr:Texas [SEP] [ANS] >> rdf:type >> dbo:Company
translate question to dbpedia path: Name the company whose one of the product is Pixar Image Computer and has one of the key person as Edwin Catmull?,[ANS] >> dbo:keyPerson >> dbr:Edwin_Catmull [SEP] [ANS] >> dbo:product >> dbr:Pixar_Image_Computer [SEP] [ANS] >> rdf:type >> dbo:Company
translate question to dbpedia path: Who is the cover artist of Doctor Mirabilis (novel) ?,dbr:Doctor_Mirabilis_(novel) >> dbp:coverArtist >> [ANS]
translate question to dbpedia path: list some shawnee people?,[ANS] >> dbp:nationality >> dbr:Shawnee
"translate question to dbpedia path: Name the office holder whose predecessor is Henry E. Catto, Jr. and successor is Adrian A. Basora?","[ANS] >> dbp:predecessor >> dbr:Henry_E._Catto,_Jr. [SEP] [ANS] >> dbp:successor >> dbr:Adrian_A._Basora [SEP] [ANS] >> rdf:type >> dbo:OfficeHolder"
translate question to dbpedia path: Who is the common prime minster of William Deaner and mark Latham ?,dbr:Mark_Latham >> dbp:primeminister >> [ANS] [SEP] dbr:William_Deane >> dbo:primeMinister >> [ANS]
translate question to dbpedia path: What is the parent company of company which owns Sony Bank?,[VAR1] >> dbo:parentCompany >> [ANS] [SEP] [VAR1] >> rdf:type >> dbo:Company [SEP] dbr:Sony_Bank >> dbp:parent >> [VAR1]
translate question to dbpedia path: How many games are played at universities in Metro Manilla?,COUNT >> [VAR1] >> dbp:athletics >> [ANS] [SEP] [VAR1] >> dbp:state >> dbr:Metro_Manila
translate question to dbpedia path: Name all sitcoms whose theme music is made by Miley Cyrus?,[ANS] >> dbo:openingTheme >> [VAR1] [SEP] [ANS] >> rdf:type >> dbo:TelevisionShow [SEP] [VAR1] >> dbo:musicalBand >> dbr:Miley_Cyrus
translate question to dbpedia path: Who is the former partner of the pupil of Dalilah Sappenfield?,[VAR1] >> dbo:formerPartner >> [ANS] [SEP] [VAR1] >> dbp:coach >> dbr:Dalilah_Sappenfield
translate question to dbpedia path: Who is the Pole driver of 1992 Canadian Grand Prix ?,dbr:1992_Canadian_Grand_Prix >> dbp:poleDriver >> [ANS]
translate question to dbpedia path: Which city's neighboring municipalities are Lancy and  Pregny-Chambsy?,[ANS] >> dbo:neighboringMunicipality >> dbr:Pregny-Chambésy [SEP] [ANS] >> dbp:neighboringMunicipalities >> dbr:Lancy [SEP] [ANS] >> rdf:type >> dbo:Location
translate question to dbpedia path: Which home town of PAvel Moroz is the death location of the Yakov Estrin ?,dbr:Pavel_Moroz >> dbp:hometown >> [ANS] [SEP] dbr:Yakov_Estrin >> dbo:deathPlace >> [ANS]
translate question to dbpedia path: What is the country whose speaker of the Dewan Rakyat is Pandikar Amin Mulia?,[ANS] >> dbp:leaderName >> dbr:Pandikar_Amin_Mulia [SEP] [ANS] >> rdf:type >> dbo:Country
"translate question to dbpedia path: Which mainter of  Cheasty Boulevard South is also the county seat of the King County, Washingtonsu ?","dbr:Cheasty_Boulevard_South >> dbo:maintainedBy >> [ANS] [SEP] dbr:King_County,_Washington >> dbo:countySeat >> [ANS]"
translate question to dbpedia path: From what countries have people participated in the Excelsior Stakes?,COUNT >> [VAR1] >> dbo:birthPlace >> [ANS] [SEP] [VAR1] >> dbp:race >> dbr:Excelsior_Stakes
translate question to dbpedia path: What are the largest cities in each of the destinations of TranStar Airlines?,[VAR1] >> dbo:largestCity >> [ANS] [SEP] dbr:TranStar_Airlines >> dbo:destination >> [VAR1]
translate question to dbpedia path: Which writer is famous for works written by Neil Gaiman?,[ANS] >> dbo:notableWork >> [VAR1] [SEP] [VAR1] >> dbp:writers >> dbr:Neil_Gaiman
translate question to dbpedia path: Who all have been a president of educational institutes in Paud?,[VAR1] >> dbo:location >> dbr:Paud [SEP] [VAR1] >> dbp:president >> [ANS] [SEP] [VAR1] >> rdf:type >> dbo:EducationalInstitution
translate question to dbpedia path: Who is the developer of the software which serves the platform for King's Quest VI?,[VAR1] >> dbp:developer >> [ANS] [SEP] [VAR1] >> rdf:type >> dbo:Software [SEP] dbr:King's_Quest_VI >> dbo:computingPlatform >> [VAR1]
translate question to dbpedia path: Who was in youth clubs of FC Barcelona and Newell's Old Boys?,[ANS] >> dbp:youthclubs >> dbr:FC_Barcelona [SEP] [ANS] >> dbp:youthclubs >> dbr:Newell's_Old_Boys
translate question to dbpedia path: For which country did Alexander Lippisch design airplanes?,[VAR1] >> dbp:designer >> dbr:Alexander_Lippisch [SEP] [VAR1] >> dbp:nationalOrigin >> [ANS] [SEP] [VAR1] >> rdf:type >> dbo:Aircraft
translate question to dbpedia path: What do the relatives of James Hartness do?,[VAR1] >> dbo:relation >> dbr:James_Hartness [SEP] [VAR1] >> dbp:occupation >> [ANS]
translate question to dbpedia path: Who is the appointer of William Cushing ?,dbr:William_Cushing >> dbo:appointer >> [ANS]
translate question to dbpedia path: Who is the former partner of Chris Knierim ?,dbr:Chris_Knierim >> dbo:formerPartner >> [ANS]
translate question to dbpedia path: Who is  office holder of constituencies Duboce Triangle and Noe Valley ?,"[ANS] >> dbp:constituency >> dbr:Duboce_Triangle,_San_Francisco [SEP] [ANS] >> dbp:constituency >> dbr:Noe_Valley,_San_Francisco [SEP] [ANS] >> rdf:type >> dbo:OfficeHolder"
translate question to dbpedia path: What is the university attended by the baseball player who's known for Olin Corporation?,[VAR1] >> dbo:knownFor >> dbr:Olin_Corporation [SEP] [VAR1] >> dbp:education >> [ANS] [SEP] [VAR1] >> rdf:type >> dbo:BaseballPlayer
translate question to dbpedia path: How many different kinds of softwares have been released under the GPL license?,COUNT >> [VAR1] >> dbo:genre >> [ANS] [SEP] [VAR1] >> dbp:license >> dbr:GNU_General_Public_License
translate question to dbpedia path: What is the religion of the relatives of Carmela Soprano ?,[VAR1] >> dbo:religion >> [ANS] [SEP] dbr:Carmela_Soprano >> dbo:relative >> [VAR1]
"translate question to dbpedia path: In all the grand prixes where the first team was Scuderia Ferrari, who all were the pole drivers?",[VAR1] >> dbp:firstTeam >> dbr:Scuderia_Ferrari [SEP] [VAR1] >> dbp:poleDriver >> [ANS] [SEP] [VAR1] >> rdf:type >> dbo:GrandPrix
translate question to dbpedia path: What is the citizenship of Erastus Wiman ?,dbr:Erastus_Wiman >> dbo:citizenship >> [ANS]
translate question to dbpedia path: What are some awards given to the french people?,[VAR1] >> dbo:stateOfOrigin >> dbr:French_people [SEP] [VAR1] >> dbp:awards >> [ANS]
translate question to dbpedia path: where are the sister stations of CFRB broadcasted?,[VAR1] >> dbo:broadcastArea >> [ANS] [SEP] [VAR1] >> dbp:sisterStations >> dbr:CFRB
"translate question to dbpedia path: What awards have been once awarded to Ingmar Bergman, and have employed the service of Laemmle Theatres?",dbr:Ingmar_Bergman >> dbp:awards >> [ANS] [SEP] dbr:Laemmle_Theatres >> dbo:service >> [ANS]
translate question to dbpedia path: Is the Kia Sportage similar to the Hyundai Lavita?,ASK >> dbr:Hyundai_Lavita >> dbo:relatedMeanOfTransportation >> dbr:Kia_Sportage
translate question to dbpedia path: Name the district of Robert William Wilcox ?,dbr:Robert_William_Wilcox >> dbp:district >> [ANS]
translate question to dbpedia path: What are the video games composed by Hirokazu Tanaka?,[ANS] >> dbp:composer >> dbr:Hirokazu_Tanaka [SEP] [ANS] >> rdf:type >> dbo:VideoGame
translate question to dbpedia path: What are the academic interest of Philip Novak?,dbr:Philip_Novak >> dbp:mainInterests >> [ANS]
translate question to dbpedia path: Tandem Computers is the subsidiary of which company?,[ANS] >> dbo:subsidiary >> dbr:Tandem_Computers
translate question to dbpedia path: Name the mountain range in which the mountain peak of Malatraix belongs?,[VAR1] >> dbo:mountainRange >> [ANS] [SEP] dbr:Malatraix >> dbo:parentMountainPeak >> [VAR1]
translate question to dbpedia path: Who offers the services of OneDrive and Outlook.com?,[ANS] >> dbp:services >> dbr:OneDrive [SEP] [ANS] >> dbp:services >> dbr:Outlook.com
translate question to dbpedia path: What is the location of the Walter Evans Edge office which is also the place of birth of henry Miller ?,dbr:Henry_Miller_Shreve >> dbo:birthPlace >> [ANS] [SEP] dbr:Walter_Evans_Edge >> dbp:office >> [ANS]
translate question to dbpedia path: List down the prime ministers of Peter Thorneycroft ?,dbr:Peter_Thorneycroft >> dbo:primeMinister >> [ANS]
translate question to dbpedia path: What is the division of the companies who make Runes of Magic?,[VAR1] >> dbo:division >> [ANS] [SEP] [VAR1] >> dbp:products >> dbr:Runes_of_Magic [SEP] [VAR1] >> rdf:type >> dbo:Company
translate question to dbpedia path: List the birthplace of the medicians who studied in Harvard.,[VAR1] >> dbo:birthPlace >> [ANS] [SEP] [VAR1] >> dbo:institution >> dbr:Harvard_Medical_School [SEP] [VAR1] >> rdf:type >> dbo:Medician
translate question to dbpedia path: What are the movies whose director of photography is Jordan Cronenweth?,[ANS] >> dbp:cinematography >> dbr:Jordan_Cronenweth [SEP] [ANS] >> rdf:type >> dbo:Film
translate question to dbpedia path: Which river ends at  Thames Estuary and North Sea?,[ANS] >> dbo:riverMouth >> dbr:North_Sea [SEP] [ANS] >> dbo:riverMouth >> dbr:Thames_Estuary [SEP] [ANS] >> rdf:type >> dbo:River
translate question to dbpedia path: What is the university whose affiliations is Graham Holdings Company?,[ANS] >> dbp:affiliations >> dbr:Graham_Holdings_Company [SEP] [ANS] >> rdf:type >> dbo:University
translate question to dbpedia path: What is the division of Serbia national American football team ?,dbr:Serbia_national_American_football_team >> dbo:division >> [ANS]
translate question to dbpedia path: How many companies are located in Toronto ?,COUNT >> [ANS] >> dbo:locationCity >> dbr:Toronto [SEP] [ANS] >> rdf:type >> dbo:Company
translate question to dbpedia path: From where is Quinn Ojinnaka billed?,dbr:Quinn_Ojinnaka >> dbp:billed >> [ANS]
"translate question to dbpedia path: What are the movies whose editor died in Westwood, Los Angeles?","[ANS] >> dbo:editing >> [VAR1] [SEP] [VAR1] >> dbo:deathPlace >> dbr:Westwood,_Los_Angeles"
translate question to dbpedia path: What are the software which uses  platforms as ARM architecture?,[ANS] >> dbo:computingPlatform >> dbr:ARM_architecture [SEP] [ANS] >> rdf:type >> dbo:Software
translate question to dbpedia path: Which are the comics characters painted by Bruce Timm and created by  Paul Dini?,[ANS] >> dbo:creator >> dbr:Bruce_Timm [SEP] [ANS] >> dbp:creators >> dbr:Paul_Dini [SEP] [ANS] >> rdf:type >> dbo:ComicsCharacter
translate question to dbpedia path: Where did Jerry Tagge do his elementary schooling?,dbr:Jerry_Tagge >> dbp:highSchool >> [ANS]
translate question to dbpedia path: Who worked at  A Goon's Deed in a Weary World and CBS?,[ANS] >> dbo:occupation >> dbr:A_Goon's_Deed_in_a_Weary_World [SEP] [ANS] >> dbo:occupation >> dbr:CBS
translate question to dbpedia path: Wo which countries have the members of Ukrainian ministry of internal affairs swore their oath?,[VAR1] >> dbp:allegiance >> [ANS] [SEP] [VAR1] >> dbp:branch >> dbr:Ministry_of_Internal_Affairs_(Ukraine)
translate question to dbpedia path: Which rivers start at the Brower's Spring?,[ANS] >> dbo:sourceMountain >> dbr:Brower's_Spring
translate question to dbpedia path: In which movies directed by Orson Welles has Bernard Herrmann as music composer ?,[ANS] >> dbo:musicComposer >> dbr:Bernard_Herrmann [SEP] [ANS] >> dbp:director >> dbr:Orson_Welles [SEP] [ANS] >> rdf:type >> dbo:Film
translate question to dbpedia path: Who is the builder of Presidio Santa Cruz de Terrenate ?,dbr:Presidio_Santa_Cruz_de_Terrenate >> dbo:builder >> [ANS]
translate question to dbpedia path: List all the home stadium of the soccer clubs which has one of the home stadium as Nairobi ?,[VAR1] >> dbp:homeStadium >> [ANS] [SEP] [VAR1] >> dbp:homeStadium >> dbr:Nairobi [SEP] [VAR1] >> rdf:type >> dbo:SoccerClub
translate question to dbpedia path: What is the largest city in the country where the San Marcos River originates?,[VAR1] >> dbo:largestCity >> [ANS] [SEP] [VAR1] >> rdf:type >> dbo:Country [SEP] dbr:San_Marcos_River >> dbo:sourceMountain >> [VAR1]
translate question to dbpedia path: Is David Cameron the prime minister of Nick Clegg?,ASK >> dbr:Nick_Clegg >> dbo:primeMinister >> dbr:David_Cameron
"translate question to dbpedia path: Which musician was born in Harriman, NY?","[ANS] >> dbp:placeOfBirth >> dbr:Harriman,_New_York [SEP] [ANS] >> rdf:type >> dbo:MusicalArtist"
translate question to dbpedia path: In which areas is the radio station broadcasted which is a sister station of WXME ?,[VAR1] >> dbp:area >> [ANS] [SEP] [VAR1] >> rdf:type >> dbo:RadioStation [SEP] dbr:WXME >> dbp:sisterStations >> [VAR1]
translate question to dbpedia path: What common teams do Ramiro Pea and Bruce Bochy share?,dbr:Bruce_Bochy >> dbo:team >> [ANS] [SEP] dbr:Ramiro_Peña >> dbo:team >> [ANS]
translate question to dbpedia path: In which continent do Air 2000 and Novair International airways operate?,[ANS] >> rdf:type >> dbo:Continent [SEP] dbr:Air_2000 >> dbp:destinations >> [ANS] [SEP] dbr:Novair_International_Airways >> dbp:destinations >> [ANS]
translate question to dbpedia path: How many shows are aired on Comedy Central?,COUNT >> [ANS] >> dbp:network >> dbr:Comedy_Central [SEP] [ANS] >> rdf:type >> dbo:TelevisionShow
"translate question to dbpedia path: List all the settlements which has a part named Seguin,Texas ?","[VAR1] >> dbo:part >> [ANS] [SEP] [VAR1] >> dbo:part >> dbr:Seguin,_Texas [SEP] [VAR1] >> rdf:type >> dbo:Settlement"
translate question to dbpedia path: Which awards have Ingmar Bergman won?,dbr:Ingmar_Bergman >> dbp:awards >> [ANS]
translate question to dbpedia path: What are the products of the company who published Robot Wars: Metal Mayhem ?,[VAR1] >> dbo:product >> [ANS] [SEP] [VAR1] >> rdf:type >> dbo:Company [SEP] dbr:Robot_Wars:_Metal_Mayhem >> dbo:publisher >> [VAR1]
translate question to dbpedia path: In which state is Colemanville Covered Bridge located ?,dbr:Colemanville_Covered_Bridge >> dbo:state >> [ANS]
translate question to dbpedia path: Where did the partner of Teriitaria II die?,[VAR1] >> dbo:deathPlace >> [ANS] [SEP] dbr:Teriitaria_II >> dbp:spouse >> [VAR1]
translate question to dbpedia path: Name the licensee of the TV station whose one of the licensee is Incorporation ?,[VAR1] >> dbp:licensee >> [ANS] [SEP] [VAR1] >> dbp:licensee >> dbr:Incorporation_(business) [SEP] [VAR1] >> rdf:type >> dbo:TelevisionStation
translate question to dbpedia path: What is the company of Ford Theatre ?,dbr:Ford_Theatre >> dbp:company >> [ANS]
"translate question to dbpedia path: For all the senators who once studied in Sturm College of Law, give their burial place?",[VAR1] >> dbo:almaMater >> dbr:Sturm_College_of_Law [SEP] [VAR1] >> dbp:restingplace >> [ANS] [SEP] [VAR1] >> rdf:type >> dbo:Senator
translate question to dbpedia path: Did Jim Kiick do his highschool in New Jersey?,ASK >> dbr:Jim_Kiick >> dbp:highSchool >> dbr:New_Jersey
translate question to dbpedia path: What are Monrow Carell Jr Children Hospital and Vanderbilt University Medical Center both affiliated with?,dbr:Monroe_Carell_Jr._Children's_Hospital_at_Vanderbilt >> dbp:affiliation >> [ANS] [SEP] dbr:Vanderbilt_University_Medical_Center >> dbp:affiliation >> [ANS]
"translate question to dbpedia path: Name the writer whose one of the notable work is Adventures of Huckleberry Finn and died in Redding, Connecticut?","[ANS] >> dbo:deathPlace >> dbr:Redding,_Connecticut [SEP] [ANS] >> dbo:notableWork >> dbr:Adventures_of_Huckleberry_Finn [SEP] [ANS] >> rdf:type >> dbo:Writer"
translate question to dbpedia path: Which official residence of hugh Scott is also the origin of Long Rifle ?,dbr:Hugh_Scott >> dbo:residence >> [ANS] [SEP] dbr:Long_rifle >> dbp:origin >> [ANS]
translate question to dbpedia path: How many politicians are in the US Senate?,COUNT >> [ANS] >> dbp:order >> dbr:United_States_Senate [SEP] [ANS] >> rdf:type >> dbo:OfficeHolder
translate question to dbpedia path: What is the name of the person who has relations with Dionne Warwick and Gary Garland?,[ANS] >> dbo:relation >> dbr:Dionne_Warwick [SEP] [ANS] >> dbo:relation >> dbr:Gary_Garland [SEP] [ANS] >> rdf:type >> dbo:Person
"translate question to dbpedia path: What is the job of the George Arceneaux, Jr. which is also the office of the Blanche Bruce","dbr:Blanche_Bruce >> dbp:office >> [ANS] [SEP] dbr:George_Arceneaux,_Jr. >> dbo:occupation >> [ANS]"
translate question to dbpedia path: Which moto of american Classical League is also the academic discipline of Probus ?,dbr:American_Classical_League >> dbp:motto >> [ANS] [SEP] dbr:Probus_(journal) >> dbo:academicDiscipline >> [ANS]
translate question to dbpedia path: List all the major shrines of the saints which has one of the shrines as Debre Libanos ?,[VAR1] >> dbo:majorShrine >> [ANS] [SEP] [VAR1] >> dbo:majorShrine >> dbr:Debre_Libanos [SEP] [VAR1] >> rdf:type >> dbo:Saint
"translate question to dbpedia path: Name the fictional character whose relatives are Huey, Dewey, and Louie and belongs to Duck family ?","[ANS] >> dbo:relative >> dbr:Duck_family_(Disney) [SEP] [ANS] >> dbp:relatives >> dbr:Huey,_Dewey,_and_Louie [SEP] [ANS] >> rdf:type >> dbo:FictionalCharacter"
translate question to dbpedia path: What is the ideology of the Union of Cambodian Democrats which is also the ideology of Palang Dharma Party ?,dbr:Palang_Dharma_Party >> dbo:ideology >> [ANS] [SEP] dbr:Union_of_Cambodian_Democrats >> dbo:ideology >> [ANS]
translate question to dbpedia path: How many bands are signed up with labels which were founded in Japan?,COUNT >> [ANS] >> dbp:label >> [VAR1] [SEP] [ANS] >> rdf:type >> dbo:Band [SEP] [VAR1] >> dbp:foundation >> dbr:Japan
translate question to dbpedia path: How many kings and queens have died in the Arabian Peninsula?,COUNT >> [ANS] >> dbo:deathPlace >> dbr:Arabian_Peninsula
translate question to dbpedia path: What is the bloomington viaduct built to cross?,dbr:Bloomington_Viaduct >> dbp:crosses >> [ANS]
translate question to dbpedia path: Which party has come in power at both Balangir and Amaravila in india?,dbr:Amaravila >> dbo:leaderName >> [ANS] [SEP] dbr:Balangir_district >> dbo:leaderName >> [ANS]
translate question to dbpedia path: How many politicians reside in Cape Town?,COUNT >> [ANS] >> dbp:residence >> dbr:Cape_Town [SEP] [ANS] >> rdf:type >> dbo:OfficeHolder
translate question to dbpedia path: How many games are released for virtual consoles?,COUNT >> [ANS] >> dbo:computingPlatform >> dbr:Virtual_Console [SEP] [ANS] >> rdf:type >> dbo:VideoGame
translate question to dbpedia path: Saores de costa built a bridge over which river?,[VAR1] >> dbo:crosses >> [ANS] [SEP] [VAR1] >> dbp:builder >> dbr:Soares_da_Costa [SEP] [VAR1] >> rdf:type >> dbo:Bridge
translate question to dbpedia path: Is Lieutenant general (United States) the superintendent of United States Air Force Academy?,ASK >> dbr:United_States_Air_Force_Academy >> dbp:superintendent >> dbr:Lieutenant_general_(United_States)
translate question to dbpedia path: In what movies did Akira Ifukube compose the music?,[ANS] >> dbp:music >> dbr:Akira_Ifukube [SEP] [ANS] >> rdf:type >> dbo:Film
translate question to dbpedia path: Is the national endowment of arts under the jurisdiction of federal government of US?,ASK >> dbr:National_Endowment_for_the_Arts >> dbp:jurisdiction >> dbr:Federal_government_of_the_United_States
translate question to dbpedia path: Who is the operator of Rainbow Warrior (1955) ?,dbr:Rainbow_Warrior_(1955) >> dbo:operator >> [ANS]
translate question to dbpedia path: List the guest of the show The Other Side (The Outer Limits)?,dbr:The_Other_Side_(The_Outer_Limits) >> dbp:guests >> [ANS]
translate question to dbpedia path: What is the common location of  tomb of the Elizabeth of Rhuddlan and Isabel of Cambridge?,"dbr:Elizabeth_of_Rhuddlan >> dbp:placeOfBurial >> [ANS] [SEP] dbr:Isabel_of_Cambridge,_Countess_of_Essex >> dbp:placeOfBurial >> [ANS]"
translate question to dbpedia path: To which state eorge M. Chilcott  belong ?,dbr:George_M._Chilcott >> dbp:state >> [ANS]
translate question to dbpedia path: What are some products of the company whose parent is BBC?,[VAR1] >> dbp:parent >> dbr:BBC [SEP] [VAR1] >> dbp:products >> [ANS] [SEP] [VAR1] >> rdf:type >> dbo:Company
translate question to dbpedia path: Which producer of  the Eristoff is also the  distributor of  Bombay Sapphire?,dbr:Bombay_Sapphire >> dbp:distributor >> [ANS] [SEP] dbr:Eristoff >> dbp:manufacturer >> [ANS]
translate question to dbpedia path: How many islands belong to archipelagos located in the pacific?,COUNT >> [ANS] >> dbp:archipelago >> [VAR1] [SEP] [ANS] >> rdf:type >> dbo:Island [SEP] [VAR1] >> dbp:location >> dbr:Pacific_Ocean
translate question to dbpedia path: Who was the chairman of Fort Lauderdale Strikers and also 2015 Fort Lauderdale Strikers season ?,dbr:2015_Fort_Lauderdale_Strikers_season >> dbo:chairman >> [ANS] [SEP] dbr:Fort_Lauderdale_Strikers >> dbo:chairman >> [ANS]
translate question to dbpedia path: What are some video games whose music is composed by an employ of the company Creatures?,[ANS] >> dbp:composer >> [VAR1] [SEP] [ANS] >> rdf:type >> dbo:VideoGame [SEP] [VAR1] >> dbo:occupation >> dbr:Creatures_(company)
translate question to dbpedia path: Who were in the youth clubs that were in season of 2015 Argentine Primera Division?,[ANS] >> dbp:youthclubs >> [VAR1] [SEP] [VAR1] >> dbo:season >> dbr:2015_Argentine_Primera_División
translate question to dbpedia path: How many units follow the US Navy Department's command structure?,COUNT >> [ANS] >> dbo:commandStructure >> dbr:United_States_Department_of_the_Navy [SEP] [ANS] >> rdf:type >> dbo:MilitaryUnit
translate question to dbpedia path: Name the home Stadium of Kenya national under-20 football team ?,dbr:Kenya_national_under-20_football_team >> dbp:homeStadium >> [ANS]
translate question to dbpedia path: Which city do both Arthur Ross and Edward Niesen come from?,dbr:Arthur_A._Ross >> dbp:placeOfBirth >> [ANS] [SEP] dbr:Edward_Niesen >> dbo:birthPlace >> [ANS]
translate question to dbpedia path: Which associat of Martin Pugh is also married to Alana Stewert ?,dbr:Alana_Stewart >> dbo:spouse >> [ANS] [SEP] dbr:Martin_Pugh >> dbp:associatedActs >> [ANS]
translate question to dbpedia path: How many people played for Newell's Old Boys?,COUNT >> [ANS] >> dbp:youthclubs >> dbr:Newell's_Old_Boys
translate question to dbpedia path: Where do the stockholders of Pathaninaikos F.C. live?,[VAR1] >> dbp:residence >> [ANS] [SEP] dbr:Panathinaikos_F.C. >> dbo:owner >> [VAR1]
translate question to dbpedia path: What is the common school of Chris Marve and Neria Douglass?,dbr:Chris_Marve >> dbo:school >> [ANS] [SEP] dbr:Neria_Douglass >> dbo:almaMater >> [ANS]
translate question to dbpedia path: Give me the count of artist in the company whose Artist is Jean- François Coté ?,COUNT >> [VAR1] >> dbp:artist >> [ANS] [SEP] [VAR1] >> dbp:artist >> dbr:Jean-François_Coté
translate question to dbpedia path: How many bands have members currently playing the Fender Stratocaster?,COUNT >> [ANS] >> dbp:currentMembers >> [VAR1] [SEP] [ANS] >> rdf:type >> dbo:Band [SEP] [VAR1] >> dbp:notableInstruments >> dbr:Fender_Stratocaster
translate question to dbpedia path: Who has built the stadiums which were rented by the Central american games of 2013?,[VAR1] >> dbo:builder >> [ANS] [SEP] [VAR1] >> dbo:tenant >> dbr:2013_Central_American_Games [SEP] [VAR1] >> rdf:type >> dbo:Stadium
"translate question to dbpedia path: What has been founded in the state that Denton county, Texas is a part of?","[ANS] >> dbo:foundationPlace >> [VAR1] [SEP] [VAR1] >> dbo:part >> dbr:Denton_County,_Texas"
translate question to dbpedia path: Which politicians son is buried in Metairie Cementery?,[ANS] >> dbo:child >> [VAR1] [SEP] [ANS] >> rdf:type >> dbo:OfficeHolder [SEP] [VAR1] >> dbp:placeofburial >> dbr:Metairie_Cemetery
translate question to dbpedia path: Titus software publishes which genre of games?,[VAR1] >> dbo:genre >> [ANS] [SEP] [VAR1] >> dbp:publisher >> dbr:Titus_Software [SEP] [VAR1] >> rdf:type >> dbo:VideoGame
translate question to dbpedia path: Which fictional character's relative is Clan McDuck and belongs to American Pekin duck ?,[ANS] >> dbo:species >> dbr:American_Pekin_duck [SEP] [ANS] >> dbp:relatives >> dbr:Clan_McDuck [SEP] [ANS] >> rdf:type >> dbo:FictionalCharacter
translate question to dbpedia path: Which military people served their allegiance to Union (American Civil War)?,[ANS] >> dbp:allegiance >> dbr:Union_(American_Civil_War) [SEP] [ANS] >> rdf:type >> dbo:MilitaryPerson
"translate question to dbpedia path: Which border country of the Korean Peninsula is also the country of Krusty, a musical group ?",dbr:Korean_Peninsula >> dbo:border >> [ANS] [SEP] dbr:Krusty_(music_group) >> dbo:country >> [ANS]
translate question to dbpedia path: Mac OS is the operating system of how many things?,COUNT >> [ANS] >> dbo:operatingSystem >> dbr:Mac_OS
translate question to dbpedia path: What are the television shows whose Composer is Stewart Copeland?,[ANS] >> dbp:composer >> dbr:Stewart_Copeland [SEP] [ANS] >> rdf:type >> dbo:TelevisionShow
translate question to dbpedia path: List the border of the admin region which shares border with North Korea ?,[VAR1] >> dbo:border >> [ANS] [SEP] [VAR1] >> dbo:border >> dbr:North_Korea [SEP] [VAR1] >> rdf:type >> dbo:AdministrativeRegion
translate question to dbpedia path: What is the draft team of the Antoine Bibeau and also has player named Nathan Dempsey ?,dbr:Antoine_Bibeau >> dbp:draftTeam >> [ANS] [SEP] dbr:Nathan_Dempsey >> dbp:playedFor >> [ANS]
"translate question to dbpedia path: Through which important cities the does the river originating from the Duwamish, flow?",[VAR1] >> dbo:city >> [ANS] [SEP] [VAR1] >> dbo:source >> dbr:Green_River_(Duwamish_River) [SEP] [VAR1] >> rdf:type >> dbo:River
translate question to dbpedia path: Name the TV show whose producer is Stephen E. Ambrose and company is HBO ?,[ANS] >> dbo:company >> dbr:HBO [SEP] [ANS] >> dbp:producer >> dbr:Stephen_E._Ambrose [SEP] [ANS] >> rdf:type >> dbo:TelevisionShow
translate question to dbpedia path: List the broadcast area of the TV stations which also serves in Agalga ?,[VAR1] >> dbo:broadcastArea >> dbr:Agaléga [SEP] [VAR1] >> dbp:broadcastArea >> [ANS]
translate question to dbpedia path: Into what military organizations is the United States Department of Defense divided?,[ANS] >> dbo:commandStructure >> dbr:United_States_Department_of_Defense
translate question to dbpedia path: Whose deputy is Neil Brown?,[ANS] >> dbp:deputy >> dbr:Neil_Brown_(Australian_politician)
translate question to dbpedia path: In which broadcast area does the sister station of KFFG air ?,[VAR1] >> dbo:broadcastNetwork >> [ANS] [SEP] dbr:KFFG >> dbo:sisterStation >> [VAR1]
translate question to dbpedia path: Was Neil Armstrong on the Gemini 8 mission?,ASK >> dbr:Neil_Armstrong >> dbp:mission >> dbr:Gemini_8
translate question to dbpedia path: which astronaut's mission was Apollo 11?,[ANS] >> dbp:mission >> dbr:Apollo_11
translate question to dbpedia path: What is debut team of the baseball players who died in Los Angeles?,[VAR1] >> dbo:deathPlace >> dbr:Los_Angeles [SEP] [VAR1] >> dbp:debutteam >> [ANS] [SEP] [VAR1] >> rdf:type >> dbo:BaseballPlayer
translate question to dbpedia path: Which company owns instagram?,[ANS] >> dbo:subsidiary >> dbr:Instagram
translate question to dbpedia path: List all the former partners of the figure skater whose one of the former partner was Andrea poapst ?,[VAR1] >> dbo:formerPartner >> [ANS] [SEP] [VAR1] >> dbo:formerPartner >> dbr:Andrea_Poapst [SEP] [VAR1] >> rdf:type >> dbo:FigureSkater
translate question to dbpedia path: List all the operators of the train who operates in Budapest ?,[VAR1] >> dbo:operator >> [ANS] [SEP] [VAR1] >> dbo:operator >> dbr:Budapest [SEP] [VAR1] >> rdf:type >> dbo:Train
translate question to dbpedia path: What are the awards won by the producer of Puss in Boots (film)?,[VAR1] >> dbo:award >> [ANS] [SEP] dbr:Puss_in_Boots_(1922_film) >> dbo:producer >> [VAR1]
translate question to dbpedia path: Which president had lieutenants whose governor was Bill Clinton?,[ANS] >> dbo:lieutenant >> [VAR1] [SEP] [ANS] >> rdf:type >> dbo:President [SEP] [VAR1] >> dbp:governor >> dbr:Bill_Clinton
translate question to dbpedia path: Name the species of Liger ?,dbr:Liger >> dbo:species >> [ANS]
translate question to dbpedia path: In which state is the alma matter of Jan Paulsen located ?,[VAR1] >> dbp:state >> [ANS] [SEP] dbr:Jan_Paulsen >> dbo:almaMater >> [VAR1]
translate question to dbpedia path: How many politicians are in the militia?,COUNT >> [ANS] >> dbp:branch >> dbr:Militia
translate question to dbpedia path: In which wars were people from the Saudi Arabian ministry of defense involved?,[VAR1] >> dbp:battles >> [ANS] [SEP] [VAR1] >> dbp:office >> dbr:Minister_of_Defense_(Saudi_Arabia) [SEP] [VAR1] >> rdf:type >> dbo:Person
translate question to dbpedia path: Who were the first drivers in Grand Prixes where the first team was Scuderia Ferrari?,[VAR1] >> dbo:firstDriver >> [ANS] [SEP] [VAR1] >> dbp:firstTeam >> dbr:Scuderia_Ferrari [SEP] [VAR1] >> rdf:type >> dbo:GrandPrix
translate question to dbpedia path: How many things do bridges designed by the UEM group go over?,COUNT >> [VAR1] >> dbp:crosses >> [ANS] [SEP] [VAR1] >> dbp:designer >> dbr:UEM_Group
translate question to dbpedia path: Under which US president was a politician in opposition of John G Schmitz?,[VAR1] >> dbo:incumbent >> [ANS] [SEP] [VAR1] >> dbp:opponent >> dbr:John_G._Schmitz [SEP] [VAR1] >> rdf:type >> dbo:Politician
translate question to dbpedia path: Whose theme music is composed by the band one of whose member is Les Claypool?,[ANS] >> dbp:themeMusicComposer >> [VAR1] [SEP] [VAR1] >> dbo:bandMember >> dbr:Les_Claypool
translate question to dbpedia path: Who has recorded their singles in London?,[VAR1] >> dbo:recordedIn >> dbr:London [SEP] [VAR1] >> dbo:writer >> [ANS] [SEP] [VAR1] >> rdf:type >> dbo:Single
translate question to dbpedia path: Who are the associated musical artist of the  artists of band Shorty Rogers?,[VAR1] >> dbo:associatedBand >> dbr:Shorty_Rogers [SEP] [VAR1] >> dbo:associatedMusicalArtist >> [ANS]
translate question to dbpedia path: Who were the american football players who played for Dallas Cowboys?,[ANS] >> dbo:team >> dbr:Dallas_Cowboys [SEP] [ANS] >> rdf:type >> dbo:AmericanFootballPlayer
translate question to dbpedia path: Politicians born in Bangalore are now in which parties?,[VAR1] >> dbo:party >> [ANS] [SEP] [VAR1] >> dbp:homeTown >> dbr:Bangalore
"translate question to dbpedia path: What is the debut team of the baseball player who was born in Williamsburg, Kansas ?","[VAR1] >> dbp:birthPlace >> dbr:Williamsburg,_Kansas [SEP] [VAR1] >> dbp:debutteam >> [ANS] [SEP] [VAR1] >> rdf:type >> dbo:BaseballPlayer"
translate question to dbpedia path: Name the composer of motorpsycho Nitemare ?,dbr:Motorpsycho_Nitemare >> dbp:composer >> [ANS]
translate question to dbpedia path: Is James Hetfield a band member of Metallica?,ASK >> dbr:Metallica >> dbo:bandMember >> dbr:James_Hetfield
translate question to dbpedia path: Does the Vadodara Railway station lie at the end of the Mathura Vadodara route?,ASK >> dbr:Mathura–Vadodara_Section >> dbo:routeEnd >> dbr:Vadodara_Junction_railway_station
translate question to dbpedia path: Stan Van Gundy serves as a head coach and president for which basketball team?,[ANS] >> dbp:president >> dbr:Stan_Van_Gundy
translate question to dbpedia path: Which appliance's CPU is Cell (microprocessor) and predecessor is PlayStation 2?,[ANS] >> dbo:cpu >> dbr:Cell_(microprocessor) [SEP] [ANS] >> dbo:predecessor >> dbr:PlayStation_2 [SEP] [ANS] >> rdf:type >> dbo:InformationAppliance
translate question to dbpedia path: People who debuted from Houston Astros have played in which clubs?,[VAR1] >> dbo:debutTeam >> dbr:Houston_Astros [SEP] [VAR1] >> dbo:team >> [ANS] [SEP] [VAR1] >> rdf:type >> dbo:Person
translate question to dbpedia path: Radios on what topics can be tuned in to in Washington DC?,"[VAR1] >> dbo:broadcastArea >> dbr:Washington,_D.C. [SEP] [VAR1] >> dbo:programmeFormat >> [ANS] [SEP] [VAR1] >> rdf:type >> dbo:RadioStation"
translate question to dbpedia path: Give me some shows related to the ones created by Russell Davies,[ANS] >> dbo:related >> [VAR1] [SEP] [ANS] >> rdf:type >> dbo:TelevisionShow [SEP] [VAR1] >> dbp:creator >> dbr:Russell_T_Davies
translate question to dbpedia path: What provides the services of Nintendo eShop and Nintendo Network?,[ANS] >> dbp:services >> dbr:Nintendo_Network [SEP] [ANS] >> dbp:services >> dbr:Nintendo_eShop
translate question to dbpedia path: What is the territory of the conflict whose commander is Feng Zicai?,[VAR1] >> dbo:commander >> dbr:Feng_Zicai [SEP] [VAR1] >> dbo:territory >> [ANS] [SEP] [VAR1] >> rdf:type >> dbo:MilitaryConflict
translate question to dbpedia path: Name the person who was educated at Harvard-Westlake and won the Screen Actor Guild Life Achievement Award ?,[ANS] >> dbo:almaMater >> dbr:Harvard-Westlake_School [SEP] [ANS] >> dbo:award >> dbr:Screen_Actors_Guild_Life_Achievement_Award [SEP] [ANS] >> rdf:type >> dbo:Person
translate question to dbpedia path: Which is the common nation of Louisa Hill and American Football Wellington from?,dbr:American_Football_Wellington >> dbo:country >> [ANS] [SEP] dbr:Louisa_Hill >> dbo:country >> [ANS]
translate question to dbpedia path: Which club of Michael Springer is also the parent organization of Syracuse University press ?,dbr:Michael_Springer >> dbp:team >> [ANS] [SEP] dbr:Syracuse_University_Press >> dbp:parent >> [ANS]
translate question to dbpedia path: Which company created BASIC and Language Integrated Query ?,dbr:Language_Integrated_Query >> dbo:designer >> [ANS] [SEP] dbr:Microsoft_BASIC >> dbo:designer >> [ANS]
translate question to dbpedia path: Hugh Hefner is editor of which magazine?,[ANS] >> dbp:editor >> dbr:Hugh_Hefner [SEP] [ANS] >> rdf:type >> dbo:Magazine
translate question to dbpedia path: Who  works  at the American Magazine and New York Post?,[ANS] >> dbo:employer >> dbr:New_York_Post [SEP] [ANS] >> dbo:employer >> dbr:The_American_Magazine
translate question to dbpedia path: Whihc successor of McDonnell Douglas was built bu Delta 3 ?,dbr:Delta_III >> dbo:manufacturer >> [ANS] [SEP] dbr:McDonnell_Douglas >> dbp:successor >> [ANS]
translate question to dbpedia path: Which countries share a similar sociocultural and ethnic heritage of that of Native Indonesians?,dbr:Native_Indonesians >> dbp:region >> [ANS]
"translate question to dbpedia path: What is the residence of the person, who starred in Men Will Be Men ?",[VAR1] >> dbp:residence >> [ANS] [SEP] [VAR1] >> rdf:type >> dbo:Person [SEP] dbr:Men_Will_Be_Men >> dbo:starring >> [VAR1]
translate question to dbpedia path: What people are known to work for Johnny Cash?,[ANS] >> dbp:associatedActs >> dbr:Johnny_Cash [SEP] [ANS] >> rdf:type >> dbo:Person
"translate question to dbpedia path: In which state is Goose Lake Valle, which is also part of Lava River Cave ?",dbr:Goose_Lake_Valley >> dbo:state >> [ANS] [SEP] dbr:Lava_River_Cave >> dbo:location >> [ANS]
translate question to dbpedia path: Where did some of the matches take place where Columbus Crew SC played?,[VAR1] >> dbo:location >> [ANS] [SEP] [VAR1] >> dbp:team >> dbr:Columbus_Crew_SC [SEP] [VAR1] >> rdf:type >> dbo:FootballMatch
translate question to dbpedia path: How many awards have been given to Italians?,COUNT >> [VAR1] >> dbp:awards >> [ANS] [SEP] [VAR1] >> dbp:birthPlace >> dbr:Italy
translate question to dbpedia path: Count the number of cities around the American Mediterranean Sea?,COUNT >> [ANS] >> rdf:type >> dbo:City [SEP] dbr:American_Mediterranean_Sea >> dbp:cities >> [ANS]
translate question to dbpedia path: List the first drivers of Grand Prixes where Mika Hakkinen was a pole driver.,[VAR1] >> dbo:firstDriver >> [ANS] [SEP] [VAR1] >> dbo:poleDriver >> dbr:Mika_Häkkinen [SEP] [VAR1] >> rdf:type >> dbo:GrandPrix
translate question to dbpedia path: How many movies have their music signed up with Sony Music Entertainment.,COUNT >> [ANS] >> dbo:musicComposer >> [VAR1] [SEP] [ANS] >> rdf:type >> dbo:Film [SEP] [VAR1] >> dbo:recordLabel >> dbr:Sony_Music_Entertainment
translate question to dbpedia path: What is the nationality of the David King-Wood and John Steed ?,dbr:David_King-Wood >> dbp:nationality >> [ANS] [SEP] dbr:John_Steed >> dbp:nationality >> [ANS]
translate question to dbpedia path: What are the television shows whose network is BBC HD?,[ANS] >> dbo:network >> dbr:BBC_HD [SEP] [ANS] >> rdf:type >> dbo:TelevisionShow
"translate question to dbpedia path: To which party does the politician belong, who was born in Nandurbar?",[VAR1] >> dbo:party >> [ANS] [SEP] [VAR1] >> dbp:placeOfBirth >> dbr:Nandurbar [SEP] [VAR1] >> rdf:type >> dbo:Politician
translate question to dbpedia path: Name the people who were in a youth club managed by Luis Enrique ?,[ANS] >> dbp:youthclubs >> [VAR1] [SEP] [VAR1] >> dbp:manager >> dbr:Luis_Enrique_(footballer)
translate question to dbpedia path: What is the local authority of Liverpool Institute High School for Boys ?,dbr:Liverpool_Institute_High_School_for_Boys >> dbo:localAuthority >> [ANS]
translate question to dbpedia path: What is the destinations of the airline whose headquarters is in Manchester?,[VAR1] >> dbp:destinations >> [ANS] [SEP] [VAR1] >> dbp:headquarters >> dbr:Manchester [SEP] [VAR1] >> rdf:type >> dbo:Airline
translate question to dbpedia path: who married crystal harris?,[ANS] >> dbp:spouse >> dbr:Crystal_Harris
translate question to dbpedia path: Which job of Irving Chernev is the non-fiction subject of the Thud ?,dbr:Irving_Chernev >> dbo:occupation >> [ANS] [SEP] dbr:Thud! >> dbo:nonFictionSubject >> [ANS]
translate question to dbpedia path: Who gave the voice to the characters sculpted by Clamp?,[VAR1] >> dbo:voice >> [ANS] [SEP] [VAR1] >> dbp:creator >> dbr:Clamp_(manga_artists) [SEP] [VAR1] >> rdf:type >> dbo:FictionalCharacter
translate question to dbpedia path: Where are the tombs of kings and queens who have died in England?,[VAR1] >> dbp:placeOfBurial >> [ANS] [SEP] [VAR1] >> dbp:placeOfDeath >> dbr:England [SEP] [VAR1] >> rdf:type >> dbo:Royalty
translate question to dbpedia path: Is Lloyd  Nosler the editor of The Temptress?,ASK >> dbr:The_Temptress >> dbo:editing >> dbr:Lloyd_Nosler
translate question to dbpedia path: Who are the people whose alumna is a part of the National Collegiate Athletic Association?,[ANS] >> dbp:education >> [VAR1] [SEP] [VAR1] >> dbo:athletics >> dbr:National_Collegiate_Athletic_Association
translate question to dbpedia path: On what subject does WTJC-LP air?,dbr:WTJC-LP >> dbp:format >> [ANS]
translate question to dbpedia path: Name the television show whose voice is given by April Stewart and it's distributor is Broadcast syndication?,[ANS] >> dbo:distributor >> dbr:Broadcast_syndication [SEP] [ANS] >> dbp:voices >> dbr:April_Stewart [SEP] [ANS] >> rdf:type >> dbo:TelevisionShow
"translate question to dbpedia path: In which city is the building, whose part is the Martin AN/FSG1 anti aircraft system?",[VAR1] >> dbo:part >> dbr:Martin_AN/FSG-1_Antiaircraft_Defense_System [SEP] [VAR1] >> dbp:district >> [ANS] [SEP] [VAR1] >> rdf:type >> dbo:Building
translate question to dbpedia path: Who wrote A house not meant to stand and Akale?,dbr:A_House_Not_Meant_to_Stand >> dbp:writer >> [ANS] [SEP] dbr:Akale >> dbo:writer >> [ANS]
translate question to dbpedia path: Who managed England national under-20 football team and Middlesbrough F.C.?,[ANS] >> dbo:managerClub >> dbr:Middlesbrough_F.C. [SEP] [ANS] >> dbp:managerclubs >> dbr:England_national_under-20_football_team
translate question to dbpedia path: Who developed the software which is used as operating system of Magic Trackpad ?,[VAR1] >> dbp:developer >> [ANS] [SEP] [VAR1] >> rdf:type >> dbo:Software [SEP] dbr:Magic_Trackpad >> dbo:operatingSystem >> [VAR1]
translate question to dbpedia path: Was the USS Tillamook built in Seattle?,ASK >> dbr:USS_Tillamook_(AT-16) >> dbp:shipBuilder >> dbr:Seattle
translate question to dbpedia path: Who produced the TV shows for Fremantle Media?,[VAR1] >> dbo:producer >> [ANS] [SEP] [VAR1] >> dbp:company >> dbr:FremantleMedia [SEP] [VAR1] >> rdf:type >> dbo:TelevisionShow
translate question to dbpedia path: What is the home stadium of the soccer club seasons whose chairman is Merritt Paulson?,[VAR1] >> dbo:homeStadium >> [ANS] [SEP] [VAR1] >> dbp:chairman >> dbr:Merritt_Paulson [SEP] [VAR1] >> rdf:type >> dbo:SoccerClubSeason
translate question to dbpedia path: In which state is Dorchester Bay (Boston Harbor) ?,dbr:Dorchester_Bay_(Boston_Harbor) >> dbp:state >> [ANS]
translate question to dbpedia path: Name the veneration of the monarch who is the predecessor of Solomon?,[VAR1] >> dbp:veneratedIn >> [ANS] [SEP] [VAR1] >> rdf:type >> dbo:Monarch [SEP] dbr:Solomon >> dbp:predecessor >> [VAR1]
translate question to dbpedia path: Who was the director of photography of Mickey's Mellerdrammer and the animator of Tommy Tucker's Tooth?,dbr:Mickey's_Mellerdrammer >> dbp:cinematography >> [ANS] [SEP] dbr:Tommy_Tucker's_Tooth >> dbp:animator >> [ANS]
translate question to dbpedia path: Who is the builder of Estadio Nacional de Costa Rica and also location of Xianren Cave ?,dbr:Estadio_Nacional_de_Costa_Rica_(2011) >> dbo:builder >> [ANS] [SEP] dbr:Xianren_Cave >> dbo:country >> [ANS]
translate question to dbpedia path: Which distributer of Glover (video game) is also the  publisher of the Super Mario Adventures ?,dbr:Glover_(video_game) >> dbo:distributor >> [ANS] [SEP] dbr:Super_Mario_Adventures >> dbp:publisher >> [ANS]
translate question to dbpedia path: How many movies did Michael Deeley produce?,COUNT >> [ANS] >> dbp:producer >> dbr:Michael_Deeley [SEP] [ANS] >> rdf:type >> dbo:Film
translate question to dbpedia path: Is Steve Nash the chairman of Vancouver Whitecaps FC?,ASK >> dbr:Vancouver_Whitecaps_FC >> dbp:chairman >> dbr:Steve_Nash
translate question to dbpedia path: Who is a famous relative of Aaround Van Heemstra?,[ANS] >> dbo:relative >> dbr:Aarnoud_van_Heemstra [SEP] [ANS] >> rdf:type >> dbo:Person
translate question to dbpedia path: What awards have been given to the anyone who raced in the Lawrence Realization Stakes?,[VAR1] >> dbo:honours >> [ANS] [SEP] [VAR1] >> dbp:race >> dbr:Lawrence_Realization_Stakes
translate question to dbpedia path: How many battles have involved commanders of 1st Free French Division?,COUNT >> [VAR1] >> dbp:battles >> [ANS] [SEP] dbr:1st_Free_French_Division >> dbp:notableCommanders >> [VAR1]
translate question to dbpedia path: How many areas are led by Willem Alexander?,COUNT >> [ANS] >> dbo:leader >> dbr:Willem-Alexander_of_the_Netherlands
translate question to dbpedia path: Name the movie in which Vangelis gave the music and Jordan was the cinematographer ?,[ANS] >> dbo:cinematography >> dbr:Jordan_Cronenweth [SEP] [ANS] >> dbp:music >> dbr:Vangelis [SEP] [ANS] >> rdf:type >> dbo:Film
translate question to dbpedia path: In how many places are the companies founded in Canada operating?,COUNT >> [VAR1] >> dbo:foundationPlace >> dbr:Canada [SEP] [VAR1] >> dbp:locations >> [ANS]
translate question to dbpedia path: Count the number of movies whose editors were born in UK?,COUNT >> [ANS] >> dbp:editing >> [VAR1] [SEP] [ANS] >> rdf:type >> dbo:Film [SEP] [VAR1] >> dbo:birthPlace >> dbr:United_Kingdom
translate question to dbpedia path: What is the television show whose cast members are Jeff Conaway and Jason Carter?,[ANS] >> dbo:starring >> dbr:Jason_Carter_(actor) [SEP] [ANS] >> dbo:starring >> dbr:Jeff_Conaway [SEP] [ANS] >> rdf:type >> dbo:TelevisionShow
translate question to dbpedia path: Which countries were led by Pietro Parolin?,[ANS] >> dbo:leader >> dbr:Pietro_Parolin [SEP] [ANS] >> rdf:type >> dbo:Country
translate question to dbpedia path: List the sports played in private universities.,[VAR1] >> dbo:sport >> [ANS] [SEP] [VAR1] >> dbo:type >> dbr:Private_university
translate question to dbpedia path: What state has a Brideun School for Exception Children and is the birthplace  of B J Crombeen?,dbr:B._J._Crombeen >> dbo:birthPlace >> [ANS] [SEP] dbr:Brideun_School_for_Exceptional_Children >> dbp:state >> [ANS]
"translate question to dbpedia path: Who is the performer of album which has the song ""To Where You Are"" ?",[VAR1] >> dbo:artist >> [ANS] [SEP] dbr:To_Where_You_Are >> dbo:album >> [VAR1]
translate question to dbpedia path: How many companies were founded in places where Dallas is the governing body ?,COUNT >> [ANS] >> dbo:foundationPlace >> [VAR1] [SEP] [ANS] >> rdf:type >> dbo:Company [SEP] [VAR1] >> dbp:governingBody >> dbr:Dallas
translate question to dbpedia path: What Orson Welles directed movie has  photography director as Gregg Toland ?,[ANS] >> dbo:cinematography >> dbr:Gregg_Toland [SEP] [ANS] >> dbp:director >> dbr:Orson_Welles [SEP] [ANS] >> rdf:type >> dbo:Film
translate question to dbpedia path: Who founded the city at the end of the Pittsburgh Line route?,[VAR1] >> dbo:founder >> [ANS] [SEP] dbr:Pittsburgh_Line >> dbo:routeEnd >> [VAR1]
translate question to dbpedia path: Name the hubs of the airlines whose headquarters is in the Subang Interchange?,[VAR1] >> dbp:headquarters >> dbr:Subang_Interchange [SEP] [VAR1] >> dbp:hubs >> [ANS] [SEP] [VAR1] >> rdf:type >> dbo:Airline
translate question to dbpedia path: Name the television show whose network is TNT (TV channel) and Prime Time Entertainment Network?,[ANS] >> dbo:network >> dbr:Prime_Time_Entertainment_Network [SEP] [ANS] >> dbp:network >> dbr:TNT_(TV_channel) [SEP] [ANS] >> rdf:type >> dbo:TelevisionShow
translate question to dbpedia path: List the honorary title given to the spouse of Lillian Disney ?,[VAR1] >> dbo:award >> [ANS] [SEP] dbr:Lillian_Disney >> dbp:spouse >> [VAR1]
translate question to dbpedia path: How many games have a publisher based in US?,COUNT >> [ANS] >> dbo:publisher >> [VAR1] [SEP] [ANS] >> rdf:type >> dbo:VideoGame [SEP] [VAR1] >> dbo:location >> dbr:United_States
"translate question to dbpedia path: Where does the rail route, which ends at the Moskovsky station, begins?",[VAR1] >> dbo:routeEnd >> dbr:Moskovsky_railway_station_(Saint_Petersburg) [SEP] [VAR1] >> dbo:routeStart >> [ANS]
translate question to dbpedia path: How many people have played for the NBA?,COUNT >> [ANS] >> dbp:league >> dbr:National_Basketball_Association
translate question to dbpedia path: Name the musician who gave the music in Tonight's the night and is also wedded to Alana Stewart ?,dbr:Alana_Stewart >> dbo:spouse >> [ANS] [SEP] dbr:Tonight's_the_Night_(2003_musical) >> dbp:music >> [ANS]
translate question to dbpedia path: What is the nationality of the golf player who won the  2002 Players Championship ?,[VAR1] >> dbo:nationality >> [ANS] [SEP] [VAR1] >> rdf:type >> dbo:GolfPlayer [SEP] dbr:2002_Players_Championship >> dbo:champion >> [VAR1]
translate question to dbpedia path: Which builder of Edwin Andrews Air Base isalso place of birth of the Akinoumi Setsuo ?,dbr:Akinoumi_Setsuo >> dbp:placeOfBirth >> [ANS] [SEP] dbr:Edwin_Andrews_Air_Base >> dbo:builder >> [ANS]
translate question to dbpedia path: Who penned Emma and Jane Austen in Manhatten?,dbr:Emma_(novel) >> dbp:author >> [ANS] [SEP] dbr:Jane_Austen_in_Manhattan >> dbo:writer >> [ANS]
translate question to dbpedia path: How many labels sign up progressive rock artists?,COUNT >> [VAR1] >> dbo:recordLabel >> [ANS] [SEP] [VAR1] >> dbp:genre >> dbr:Progressive_rock
translate question to dbpedia path: Which continents can be reached by flight companies available on Gatwick Airport?,[VAR1] >> dbo:targetAirport >> dbr:Gatwick_Airport [SEP] [VAR1] >> dbp:destinations >> [ANS] [SEP] [VAR1] >> rdf:type >> dbo:Airline
"translate question to dbpedia path: Where is Benjamin Franklin Terry buried, and US Route 59 has a junction?",dbr:Benjamin_Franklin_Terry >> dbp:placeofburial >> [ANS] [SEP] dbr:U.S._Route_59_in_Texas >> dbp:junction >> [ANS]
translate question to dbpedia path: Do Ctenochaetus Binotatus lie in the cActinopterygii class?,ASK >> dbr:Ctenochaetus_binotatus >> dbo:class >> dbr:Actinopterygii
translate question to dbpedia path: Who are some authoritative persons on the matter of Megabalanus concinnus?,dbr:Megabalanus_concinnus >> dbo:binomialAuthority >> [ANS]
translate question to dbpedia path: Where the club of Kiki Cutter located?,[VAR1] >> dbo:location >> [ANS] [SEP] dbr:Kiki_Cutter >> dbp:club >> [VAR1]
translate question to dbpedia path: List the awards won by the wife of Ingrid von Rosen.,[VAR1] >> dbp:awards >> [ANS] [SEP] dbr:Ingrid_von_Rosen >> dbp:spouse >> [VAR1]
translate question to dbpedia path: Which current Michigan Wolverines team member debuted in Chicago Bears ?,[ANS] >> dbp:currentteam >> dbr:Michigan_Wolverines [SEP] [ANS] >> dbp:debutteam >> dbr:Chicago_Bears
translate question to dbpedia path: List the movie whose music was given by Geoffrey Burgon and distributed by Cinema International Corporation?,[ANS] >> dbo:distributor >> dbr:Cinema_International_Corporation [SEP] [ANS] >> dbo:musicComposer >> dbr:Geoffrey_Burgon [SEP] [ANS] >> rdf:type >> dbo:Film
translate question to dbpedia path: Which musical artists have collaborated with Waylon Jennings?,[ANS] >> dbo:associatedMusicalArtist >> dbr:Waylon_Jennings [SEP] [ANS] >> rdf:type >> dbo:MusicalArtist
translate question to dbpedia path: What is the Nickname of the school where Jeff Hornacek studied  ?,[VAR1] >> dbp:nickname >> [ANS] [SEP] [VAR1] >> rdf:type >> dbo:School [SEP] dbr:Jeff_Hornacek >> dbp:highschool >> [VAR1]
translate question to dbpedia path: Where did the people canonized by John Paul II die?,[VAR1] >> dbp:canonizedBy >> dbr:Pope_John_Paul_II [SEP] [VAR1] >> dbp:deathPlace >> [ANS]
translate question to dbpedia path: Who is the owner of Ford Motor Credit comapny which is also the builder of FORD SHO V8 engine ?,dbr:Ford_Motor_Credit_Company >> dbp:owner >> [ANS] [SEP] dbr:Ford_SHO_V8_engine >> dbo:manufacturer >> [ANS]
translate question to dbpedia path: Count the different genres of games published by Titus Software,COUNT >> [VAR1] >> dbo:genre >> [ANS] [SEP] [VAR1] >> dbp:publisher >> dbr:Titus_Software
translate question to dbpedia path: Who has produced movies that have a James Horner score?,[VAR1] >> dbp:music >> dbr:James_Horner [SEP] [VAR1] >> dbp:producer >> [ANS] [SEP] [VAR1] >> rdf:type >> dbo:Film
translate question to dbpedia path: Which movie produced by Michael Deeley was distributed by Warner Bros ?,[ANS] >> dbp:distributor >> dbr:Warner_Bros. [SEP] [ANS] >> dbp:producer >> dbr:Michael_Deeley [SEP] [ANS] >> rdf:type >> dbo:Film
translate question to dbpedia path: Name the person whose daughter is Rohan Marley and also another children named Sharon Marley ?,[ANS] >> dbo:child >> dbr:Rohan_Marley [SEP] [ANS] >> dbp:children >> dbr:Sharon_Marley [SEP] [ANS] >> rdf:type >> dbo:Person
translate question to dbpedia path: Which shows are voiced be US citizens?,[ANS] >> dbp:voices >> [VAR1] [SEP] [ANS] >> rdf:type >> dbo:TelevisionShow [SEP] [VAR1] >> dbo:stateOfOrigin >> dbr:United_States
translate question to dbpedia path: Name the television show voiced by April Stewart and Eliza Schneider?,[ANS] >> dbp:voices >> dbr:April_Stewart [SEP] [ANS] >> dbp:voices >> dbr:Eliza_Schneider [SEP] [ANS] >> rdf:type >> dbo:TelevisionShow
"translate question to dbpedia path: Count the different places where the people died, who were born in England?",COUNT >> [VAR1] >> dbp:placeOfBirth >> dbr:England [SEP] [VAR1] >> dbp:placeOfDeath >> [ANS]
translate question to dbpedia path: What are some relatives of Battle of the Bulge veterans?,[VAR1] >> dbo:relation >> [ANS] [SEP] [VAR1] >> dbp:battles >> dbr:Battle_of_the_Bulge [SEP] [VAR1] >> rdf:type >> dbo:MilitaryPerson
translate question to dbpedia path: Who made the Y block engine and the SHO V8 engine?,dbr:Ford_SHO_V8_engine >> dbo:manufacturer >> [ANS] [SEP] dbr:Ford_Y-block_engine >> dbo:manufacturer >> [ANS]
translate question to dbpedia path: How many different genres of games are produced by Blizzard?,COUNT >> [VAR1] >> dbo:developer >> dbr:Blizzard_Entertainment [SEP] [VAR1] >> dbp:genre >> [ANS]
"translate question to dbpedia path: Which tennis players live in Kenthurst, new south wales?","[ANS] >> dbo:residence >> dbr:Kenthurst,_New_South_Wales [SEP] [ANS] >> rdf:type >> dbo:TennisPlayer"
translate question to dbpedia path: In which religions are both Pope Gregory 1 and Edwin of northumbria reverred?,dbr:Edwin_of_Northumbria >> dbp:veneratedIn >> [ANS] [SEP] dbr:Pope_Gregory_I >> dbp:veneratedIn >> [ANS]
"translate question to dbpedia path: How many things are located in Ridgewood, New Jersey?","COUNT >> [ANS] >> dbp:birthPlace >> dbr:Ridgewood,_New_Jersey"
translate question to dbpedia path: Name the sea whose inflow is Kemijoki and outflow is Danish straits?,[ANS] >> dbo:inflow >> dbr:Kemijoki [SEP] [ANS] >> dbp:outflow >> dbr:Danish_straits [SEP] [ANS] >> rdf:type >> dbo:Sea
translate question to dbpedia path: What award was won by executive producer of Shaun the Sheep?,[VAR1] >> dbo:award >> [ANS] [SEP] dbr:Shaun_the_Sheep >> dbo:executiveProducer >> [VAR1]
translate question to dbpedia path: Was the altazor drawn by Picasso?,ASK >> dbr:Altazor >> dbp:illustrator >> dbr:Pablo_Picasso
translate question to dbpedia path: What is the operator of SR class 3Sub ?,dbr:SR_class_3Sub >> dbo:operator >> [ANS]
translate question to dbpedia path: Which key person of the Clinton Foundation is also the president of Edward J. Perkins ?,dbr:Clinton_Foundation >> dbp:keyPeople >> [ANS] [SEP] dbr:Edward_J._Perkins >> dbo:president >> [ANS]
translate question to dbpedia path: Name the royalty whose daughter was Cleopatra V and was married to Ptolemy XIV of Egypt?,[ANS] >> dbo:spouse >> dbr:Ptolemy_XIV_of_Egypt [SEP] [ANS] >> dbp:mother >> dbr:Cleopatra_V_of_Egypt [SEP] [ANS] >> rdf:type >> dbo:Royalty
translate question to dbpedia path: How many times has Jeff Conaway been casted?,COUNT >> [ANS] >> dbo:starring >> dbr:Jeff_Conaway
translate question to dbpedia path: who are some miss michigan usa?,[ANS] >> dbp:title >> dbr:Miss_Michigan_USA
"translate question to dbpedia path: What nicknames do the universities in Norton, Massachusetts have?","[VAR1] >> dbp:city >> dbr:Norton,_Massachusetts [SEP] [VAR1] >> dbp:nickname >> [ANS] [SEP] [VAR1] >> rdf:type >> dbo:University"
translate question to dbpedia path: Which license of the Microsoft Office Picture Manager is also the  product of the Apple Productivity Experience Group,dbr:Apple_Productivity_Experience_Group >> dbo:product >> [ANS] [SEP] dbr:Microsoft_Office_Picture_Manager >> dbo:license >> [ANS]
translate question to dbpedia path: What is the regional radio sports network associated with?,dbr:Regional_Radio_Sports_Network >> dbp:affiliations >> [ANS]
translate question to dbpedia path: List the destinations of the airlines which also serves Mediterranean  Sea ?,[VAR1] >> dbp:destinations >> [ANS] [SEP] [VAR1] >> dbp:destinations >> dbr:Mediterranean_Sea [SEP] [VAR1] >> rdf:type >> dbo:Airline
translate question to dbpedia path: Which fictional character's portrayer was edited by Roger Barton?,[ANS] >> dbo:portrayer >> [VAR1] [SEP] [ANS] >> rdf:type >> dbo:FictionalCharacter [SEP] [VAR1] >> dbp:editing >> dbr:Roger_Barton_(film_editor)
translate question to dbpedia path: What can be cooked out of things belonging to the order Sapindales?,[ANS] >> dbo:ingredient >> [VAR1] [SEP] [VAR1] >> dbo:order >> dbr:Sapindales
translate question to dbpedia path: What is the birth place of the children of Miguel Garca Granados ?,[VAR1] >> dbo:birthPlace >> [ANS] [SEP] dbr:Miguel_García_Granados >> dbp:children >> [VAR1]
translate question to dbpedia path: List the fields of Sylvain Lvi ?,dbr:Sylvain_Lévi >> dbp:fields >> [ANS]
"translate question to dbpedia path: List the  primeministers of Victor Hope, 2nd Marquess of Linlithgow ?","dbr:Victor_Hope,_2nd_Marquess_of_Linlithgow >> dbp:primeminister >> [ANS]"
translate question to dbpedia path: Where do the airlines garrisoned at Manchester airport fly to?,[VAR1] >> dbo:headquarter >> dbr:Manchester_Airport [SEP] [VAR1] >> dbp:destinations >> [ANS] [SEP] [VAR1] >> rdf:type >> dbo:Airline
translate question to dbpedia path: What all is owned by a company one of whose division is Paramount Domestic Television?,[ANS] >> dbp:company >> [VAR1] [SEP] [VAR1] >> dbo:division >> dbr:Paramount_Domestic_Television
translate question to dbpedia path: Name the language of I Love How You Love Me ?,dbr:I_Love_How_You_Love_Me >> dbp:language >> [ANS]
translate question to dbpedia path: Count the number of places where alumini of Edinburgh university have died?,COUNT >> [VAR1] >> dbo:deathPlace >> [ANS] [SEP] [VAR1] >> dbp:education >> dbr:University_of_Edinburgh
translate question to dbpedia path: Which label released the movie written by Thomas Meehan?,[VAR1] >> dbp:label >> [ANS] [SEP] [VAR1] >> dbp:writer >> dbr:Thomas_Meehan_(writer) [SEP] [VAR1] >> rdf:type >> dbo:Film
translate question to dbpedia path: What is the venue of Indy PopCon ?,dbr:Indy_PopCon >> dbp:venue >> [ANS]
translate question to dbpedia path: Who are the associate musical artists of Dalma Kovcs ?,dbr:Dalma_Kovács >> dbo:associatedMusicalArtist >> [ANS]
translate question to dbpedia path: What is the common religious affiliation of the Wickramabahu Central College (National School) and that of  Vesak?,dbr:Vesak >> dbo:type >> [ANS] [SEP] dbr:Wickramabahu_Central_College_(National_School) >> dbp:religiousAffiliation >> [ANS]
translate question to dbpedia path: Name a person whose sucessor was Adrian A. basora and was educated at Harvard-Westlake School?,[ANS] >> dbo:almaMater >> dbr:Harvard-Westlake_School [SEP] [ANS] >> dbp:successor >> dbr:Adrian_A._Basora [SEP] [ANS] >> rdf:type >> dbo:Person
translate question to dbpedia path: Name the other party of Chandra Shekhar ?,dbr:Chandra_Shekhar >> dbo:otherParty >> [ANS]
translate question to dbpedia path: How many movies have had a cinematographer who died in US?,COUNT >> [ANS] >> dbp:cinematography >> [VAR1] [SEP] [ANS] >> rdf:type >> dbo:Film [SEP] [VAR1] >> dbp:deathPlace >> dbr:United_States
translate question to dbpedia path: Which cities were in the TV Show which came after The Ultimate Fighter: Brazil 2?,[VAR1] >> dbp:city >> [ANS] [SEP] [VAR1] >> rdf:type >> dbo:TelevisionShow [SEP] dbr:The_Ultimate_Fighter:_Brazil_2 >> dbo:subsequentWork >> [VAR1]
translate question to dbpedia path: What actor of Le Cirque is a relative of Maryanne Trump barry?,dbr:Le_Cirque:_A_Table_in_Heaven >> dbp:starring >> [ANS] [SEP] dbr:Maryanne_Trump_Barry >> dbo:relation >> [ANS]
translate question to dbpedia path: Does Stanley Cavell study Shakespeare?,ASK >> dbr:Stanley_Cavell >> dbp:mainInterests >> dbr:William_Shakespeare
translate question to dbpedia path: Who is the label of The Producers (2005 film) ?,dbr:The_Producers_(2005_film) >> dbp:label >> [ANS]
translate question to dbpedia path: Which nearest city of LoDaisKa Site is also the location of Oskar Blues Brewery ?,dbr:LoDaisKa_Site >> dbo:nearestCity >> [ANS] [SEP] dbr:Oskar_Blues_Brewery >> dbp:location >> [ANS]
translate question to dbpedia path: Count the number of different religions that field marshals have followed?,COUNT >> [VAR1] >> dbo:militaryRank >> dbr:Field_marshal [SEP] [VAR1] >> dbo:religion >> [ANS]
translate question to dbpedia path: Does Beth Tweddle play for the City of Liverpool gymnast club?,ASK >> dbr:Beth_Tweddle >> dbp:club >> dbr:City_of_Liverpool_Gymnastics_Club
translate question to dbpedia path: Count the awards given to the recepients of the Becket fund for religious liberty.,COUNT >> [VAR1] >> dbo:award >> dbr:Becket_Fund_for_Religious_Liberty [SEP] [VAR1] >> dbp:awards >> [ANS]
translate question to dbpedia path: Which river flows through Central Washington?,dbr:Central_Washington >> dbo:river >> [ANS]
translate question to dbpedia path: List all the narrator of the albums which had Alan Barzman as one of the narrator ?,[VAR1] >> dbp:narrated >> [ANS] [SEP] [VAR1] >> dbp:narrated >> dbr:Alan_Barzman [SEP] [VAR1] >> rdf:type >> dbo:Album
translate question to dbpedia path: People born in Saint-Amand-en-Puisaye are famous for what things ?,[VAR1] >> dbo:birthPlace >> dbr:Saint-Amand-en-Puisaye [SEP] [VAR1] >> dbp:knownFor >> [ANS]
"translate question to dbpedia path: Which founder of European School, karlsruhe is also the jursdiction of Eurpoean Border of Coast guard ?","dbr:European_Border_and_Coast_Guard >> dbp:jurisdiction >> [ANS] [SEP] dbr:European_School,_Karlsruhe >> dbp:founder >> [ANS]"
translate question to dbpedia path: What cars were built upon the cars which were assembled in Canada?,[VAR1] >> dbo:predecessor >> [ANS] [SEP] [VAR1] >> dbp:assembly >> dbr:Canada [SEP] [VAR1] >> rdf:type >> dbo:Automobile
translate question to dbpedia path: How many religions are followed by the people in the Royal Thai Army?,COUNT >> [VAR1] >> dbo:militaryBranch >> dbr:Royal_Thai_Army [SEP] [VAR1] >> dbo:religion >> [ANS]
translate question to dbpedia path: Which politicians live in a city led by T.S. Thakur?,[ANS] >> dbo:residence >> [VAR1] [SEP] [VAR1] >> dbo:leader >> dbr:T._S._Thakur
translate question to dbpedia path: How many guests have been there on broadway?,COUNT >> dbr:On_Broadway_(Smash) >> dbp:guests >> [ANS]
"translate question to dbpedia path: List the significant buildings of the arch. whose one of the important work is Government Building, Kiev ?","[VAR1] >> dbo:significantBuilding >> [ANS] [SEP] [VAR1] >> dbo:significantBuilding >> dbr:Government_Building,_Kiev [SEP] [VAR1] >> rdf:type >> dbo:Architect"
translate question to dbpedia path: Count everything garrisoned at the pentagon?,COUNT >> [ANS] >> dbp:garrison >> dbr:The_Pentagon
translate question to dbpedia path: What common relegion affiliation exists for udit Raj and Wickramabahu Central College ?,dbr:Udit_Raj >> dbo:religion >> [ANS] [SEP] dbr:Wickramabahu_Central_College_(National_School) >> dbp:religiousAffiliation >> [ANS]
translate question to dbpedia path: What is the city  of the 2015 MLS All-Star Game and birthplace of the The Okee Dokee Brothers,dbr:2015_MLS_All-Star_Game >> dbp:city >> [ANS] [SEP] dbr:The_Okee_Dokee_Brothers >> dbo:birthPlace >> [ANS]
translate question to dbpedia path: How many people were opponents of the ones buried in the tower of London?,COUNT >> [ANS] >> rdf:type >> dbo:Person [SEP] [VAR1] >> dbo:opponent >> [ANS] [SEP] [VAR1] >> dbp:restingPlace >> dbr:Tower_of_London
translate question to dbpedia path: Count all the places where companies located in Ontario operate.,COUNT >> [VAR1] >> dbo:locationCity >> dbr:Ontario [SEP] [VAR1] >> dbp:locations >> [ANS]
"translate question to dbpedia path: What is the river whose origin is North-Western Province, Zambia?","[ANS] >> dbo:sourceRegion >> dbr:North-Western_Province,_Zambia"
translate question to dbpedia path: How many factions have fought when Egushawa was a commander?,COUNT >> [VAR1] >> dbo:commander >> dbr:Egushawa [SEP] [VAR1] >> dbp:combatant >> [ANS]
translate question to dbpedia path: What is the honorary title of the narrator of Everything Will Be OK?,[VAR1] >> dbo:award >> [ANS] [SEP] dbr:Everything_Will_Be_OK >> dbo:narrator >> [VAR1]
translate question to dbpedia path: What is the layout of the automobiles designed by Olivier Boulay?,[VAR1] >> dbo:layout >> [ANS] [SEP] [VAR1] >> dbp:designer >> dbr:Olivier_Boulay [SEP] [VAR1] >> rdf:type >> dbo:Automobile
"translate question to dbpedia path: What people were born in Ridgewood, New Jersey?","[ANS] >> dbp:birthPlace >> dbr:Ridgewood,_New_Jersey [SEP] [ANS] >> rdf:type >> dbo:Person"
translate question to dbpedia path: Which content license of the MSX BASIC is also the profession of the Laura K. Ipsen ?,dbr:Laura_K._Ipsen >> dbo:occupation >> [ANS] [SEP] dbr:MSX_BASIC >> dbp:license >> [ANS]
translate question to dbpedia path: Which predecessor of the PlayStation 4 is also the developer of Oddworld: Munch's Oddysee?,dbr:Oddworld:_Munch's_Oddysee >> dbo:developer >> [ANS] [SEP] dbr:PlayStation_4 >> dbp:predecessor >> [ANS]
translate question to dbpedia path: Who is the appointer of Charles Goodell ?,dbr:Charles_Goodell >> dbo:appointer >> [ANS]
translate question to dbpedia path: Does the hudson river flow into the lower manhatten?,ASK >> dbr:Hudson_River >> dbo:mouthMountain >> dbr:Lower_Manhattan
translate question to dbpedia path: Which distributer of Glover is also the stockholde of Seattle Mariners ?,dbr:Glover_(video_game) >> dbo:distributor >> [ANS] [SEP] dbr:Seattle_Mariners >> dbo:owner >> [ANS]
translate question to dbpedia path: Name the person whose mother name is Cedella Booker and has a son named Sharon Marley?,[ANS] >> dbo:parent >> dbr:Cedella_Booker [SEP] [ANS] >> dbp:children >> dbr:Sharon_Marley [SEP] [ANS] >> rdf:type >> dbo:Person
translate question to dbpedia path: Name the Chris Marve's school ?,dbr:Chris_Marve >> dbo:school >> [ANS]
translate question to dbpedia path: List the websites which the authors of Tornado own ?,[VAR1] >> dbo:owner >> [ANS] [SEP] dbr:Tornado_(web_server) >> dbp:author >> [VAR1]
translate question to dbpedia path: What are the movies whose music composer is Akira Ifukube?,[ANS] >> dbo:musicComposer >> dbr:Akira_Ifukube [SEP] [ANS] >> rdf:type >> dbo:Film
translate question to dbpedia path: Which military personnel belong to the branch of Continental Army?,[ANS] >> dbo:militaryBranch >> dbr:Continental_Army
translate question to dbpedia path: Who have rented the stadium operated by Maple Leaf S&E?,[VAR1] >> dbo:tenant >> [ANS] [SEP] [VAR1] >> dbp:operator >> dbr:Maple_Leaf_Sports_&_Entertainment [SEP] [VAR1] >> rdf:type >> dbo:Stadium
translate question to dbpedia path: Which holy things canonized John of Damascus?,dbr:John_of_Damascus >> dbo:canonizedBy >> [ANS]
translate question to dbpedia path: Solon Spencer Beman has architected in how many cities?,COUNT >> [ANS] >> rdf:type >> dbo:City [SEP] [VAR1] >> dbo:architect >> dbr:Solon_Spencer_Beman [SEP] [VAR1] >> dbp:locationTown >> [ANS]
translate question to dbpedia path: What are the main interests of Timothy Morton?,dbr:Timothy_Morton >> dbp:mainInterests >> [ANS]
translate question to dbpedia path: Name someone known for a project involved in the Occupation of Japan?,[ANS] >> dbp:knownFor >> [VAR1] [SEP] [VAR1] >> dbo:battle >> dbr:Occupation_of_Japan
translate question to dbpedia path: Count all those who previously played for a team which ownes Varsity Stadium ?,COUNT >> [ANS] >> dbo:formerTeam >> [VAR1] [SEP] [VAR1] >> dbp:field >> dbr:Varsity_Stadium
translate question to dbpedia path: Name the sea with Helsinki as one of the shore city and is also an outflow for Danish straits?,[ANS] >> dbp:cities >> dbr:Helsinki [SEP] [ANS] >> dbp:outflow >> dbr:Danish_straits [SEP] [ANS] >> rdf:type >> dbo:Sea
translate question to dbpedia path: Count the awards won by the people who graduated from the National and Kapodistrian University of Athens.,COUNT >> [VAR1] >> dbo:almaMater >> dbr:National_and_Kapodistrian_University_of_Athens [SEP] [VAR1] >> dbo:award >> [ANS]
translate question to dbpedia path: What awards have been given to the dude who made Shaun the Sheep?,[VAR1] >> dbo:award >> [ANS] [SEP] [VAR1] >> dbp:notableworks >> dbr:Shaun_the_Sheep [SEP] [VAR1] >> rdf:type >> dbo:Person
"translate question to dbpedia path: Name the office holders whose successor died in Morristown, New Jersey?","[ANS] >> dbo:successor >> [VAR1] [SEP] [ANS] >> rdf:type >> dbo:OfficeHolder [SEP] [VAR1] >> dbo:deathPlace >> dbr:Morristown,_New_Jersey"
translate question to dbpedia path: What are the movies with Daniel Waters as screenwriter?,[ANS] >> dbp:screenplay >> dbr:Daniel_Waters_(screenwriter) [SEP] [ANS] >> rdf:type >> dbo:Film
translate question to dbpedia path: Which awards are presented by the committee located in Stockholm?,[ANS] >> dbo:presenter >> [VAR1] [SEP] [VAR1] >> dbp:headquarters >> dbr:Stockholm
translate question to dbpedia path: What is the common product of the Apple Productivity Experience Group and services of the 21Vianet ?,dbr:21Vianet >> dbp:services >> [ANS] [SEP] dbr:Apple_Productivity_Experience_Group >> dbo:product >> [ANS]
translate question to dbpedia path: Who are the tenants of MasterCard Centre?,dbr:MasterCard_Centre >> dbp:tenants >> [ANS]
translate question to dbpedia path: Count the  area of the radio stations whose serves in South Carolina ?,COUNT >> [VAR1] >> dbp:area >> [ANS] [SEP] [VAR1] >> dbp:area >> dbr:South_Carolina
translate question to dbpedia path: How many games are played at universities affiliated with the Association of Southeast Asian Institutions of Higher Learning?,COUNT >> [VAR1] >> dbo:affiliation >> dbr:Association_of_Southeast_Asian_Institutions_of_Higher_Learning [SEP] [VAR1] >> dbo:sport >> [ANS]
translate question to dbpedia path: Which adminstrative region of Lawrence F. Cafero is also the resting place of Samuel Keeler ?,dbr:Lawrence_F._Cafero >> dbo:region >> [ANS] [SEP] dbr:Samuel_Keeler >> dbo:restingPlace >> [ANS]
translate question to dbpedia path: Who studied in universities located in suburbs?,[ANS] >> dbp:education >> [VAR1] [SEP] [VAR1] >> dbo:campus >> dbr:Suburb
translate question to dbpedia path: List down the cinematographers of Mickey's Mellerdrammer?,dbr:Mickey's_Mellerdrammer >> dbp:cinematography >> [ANS]
translate question to dbpedia path: List the relative of Tim Nanai-Williams ?,dbr:Tim_Nanai-Williams >> dbo:relative >> [ANS]
translate question to dbpedia path: Who are the  judges of the television show whose anchor is Josh Groban?,[VAR1] >> dbp:judges >> [ANS] [SEP] [VAR1] >> dbp:presenter >> dbr:Josh_Groban [SEP] [VAR1] >> rdf:type >> dbo:TelevisionShow
translate question to dbpedia path: Who starred in Nothing in Common and produced From the Earth to the Moon?,dbr:From_the_Earth_to_the_Moon_(miniseries) >> dbo:executiveProducer >> [ANS] [SEP] dbr:Nothing_in_Common >> dbp:starring >> [ANS]
translate question to dbpedia path: Wringer (novel) and Maniac Magee is the notable work of which author?,[ANS] >> dbp:notableworks >> dbr:Maniac_Magee [SEP] [ANS] >> dbp:notableworks >> dbr:Wringer_(novel) [SEP] [ANS] >> rdf:type >> dbo:Writer
translate question to dbpedia path: What all are written in the C programming language?,[ANS] >> dbp:programmingLanguage >> dbr:C_(programming_language)
translate question to dbpedia path: What are the artists that have been in the band Framptons camel?,[ANS] >> dbp:associatedActs >> dbr:Frampton's_Camel [SEP] [ANS] >> rdf:type >> dbo:Artist
translate question to dbpedia path: Count the number of artists in the Cirque du Soleil discography?,COUNT >> dbr:Cirque_du_Soleil_discography >> dbp:artist >> [ANS]
translate question to dbpedia path: By which companies is RENFE Class 333 designed?,dbr:RENFE_Class_333 >> dbo:designer >> [ANS]
translate question to dbpedia path: Which are the previous broadcast networks of sister channels of WGBC?,[VAR1] >> dbo:formerBroadcastNetwork >> [ANS] [SEP] dbr:WGBC_(DT2) >> dbp:sisterStations >> [VAR1]
translate question to dbpedia path: What are the movies whose director is Orson Welles?,[ANS] >> dbp:director >> dbr:Orson_Welles [SEP] [ANS] >> rdf:type >> dbo:Film
translate question to dbpedia path: What is the religion of character of Janice Soprano from The Soprano television show?,dbr:Janice_Soprano >> dbo:religion >> [ANS]
translate question to dbpedia path: which planet was discovered by Urbain Le Verrier?,[ANS] >> dbo:discoverer >> dbr:Urbain_Le_Verrier
translate question to dbpedia path: ?What are the airline hubs of Cascade Airways,dbr:Cascade_Airways >> dbp:hubs >> [ANS]
translate question to dbpedia path: Where did the editor of Charlie Mensuel die ?,[VAR1] >> dbp:placeOfDeath >> [ANS] [SEP] dbr:Charlie_Mensuel >> dbp:editor >> [VAR1]
translate question to dbpedia path: Name the chairman of the soccer club for which Mike Salmon currently plays?,[VAR1] >> dbp:chairman >> [ANS] [SEP] [VAR1] >> rdf:type >> dbo:SoccerClub [SEP] dbr:Mike_Salmon >> dbp:currentclub >> [VAR1]
translate question to dbpedia path: Which Harris County based company is a subsidiary of Tandem Computers?,"[ANS] >> dbo:locationCity >> dbr:Harris_County,_Texas [SEP] [ANS] >> dbo:subsidiary >> dbr:Tandem_Computers [SEP] [ANS] >> rdf:type >> dbo:Company"
translate question to dbpedia path: What is the common licence of the Frontaccounting and nUbuntu?,dbr:Frontaccounting >> dbo:license >> [ANS] [SEP] dbr:NUbuntu >> dbo:license >> [ANS]
"translate question to dbpedia path: What sport is Eric Schiller known for, and employes Craig Van Tibury?",dbr:Craig_Van_Tilbury >> dbo:occupation >> [ANS] [SEP] dbr:Eric_Schiller >> dbo:knownFor >> [ANS]
translate question to dbpedia path: How many rivers are crossed by different Box Girder bridges?,COUNT >> [ANS] >> rdf:type >> dbo:River [SEP] [VAR1] >> dbp:crosses >> [ANS] [SEP] [VAR1] >> dbp:design >> dbr:Box_girder_bridge
translate question to dbpedia path: Which Monty Python's movie is distributed by Cinema International Corporation ?,[ANS] >> dbo:writer >> dbr:Monty_Python [SEP] [ANS] >> dbp:distributor >> dbr:Cinema_International_Corporation [SEP] [ANS] >> rdf:type >> dbo:Film
translate question to dbpedia path: Was tupac a member of Outlawz?,ASK >> dbr:Outlawz >> dbp:pastMembers >> dbr:Tupac_Shakur
translate question to dbpedia path: Count the number of members of the organization which have Austria as one of the member ?,COUNT >> [VAR1] >> dbp:membership >> [ANS] [SEP] [VAR1] >> dbp:membership >> dbr:Austria
translate question to dbpedia path: List the other members of the team where Jason Hayne currently plays?,[VAR1] >> dbo:currentMember >> dbr:Jason_Hayne [SEP] [VAR1] >> dbp:name >> [ANS] [SEP] [VAR1] >> rdf:type >> dbo:OrganisationMember
translate question to dbpedia path: Who is married to Susan Weber Soros?,[ANS] >> dbp:spouse >> dbr:Susan_Weber_Soros
translate question to dbpedia path: list  the producer of the movies in which Rosemarie DeWitt in the star cast?,[VAR1] >> dbp:producer >> [ANS] [SEP] [VAR1] >> dbp:starring >> dbr:Rosemarie_DeWitt [SEP] [VAR1] >> rdf:type >> dbo:Film
"translate question to dbpedia path: Which political party of Arunachal Pradesh Legislative Assembly election, 2014 was the leader of Rishikesh ?","dbr:Arunachal_Pradesh_Legislative_Assembly_election,_2014 >> dbp:party >> [ANS] [SEP] dbr:Rishikesh >> dbo:leaderName >> [ANS]"
translate question to dbpedia path: How many groups have fought in wars where Richard Taylor fought too?,COUNT >> [VAR1] >> dbp:combatant >> [ANS] [SEP] [VAR1] >> rdf:type >> dbo:MilitaryConflict [SEP] dbr:Richard_Taylor_(colonel) >> dbp:battles >> [VAR1]
translate question to dbpedia path: Is Another Lonely Night in New York by the musical band Robin Gibb?,ASK >> dbr:Another_Lonely_Night_in_New_York >> dbo:musicalBand >> dbr:Robin_Gibb
translate question to dbpedia path: To which settlement does Elliot Bay belong to?,dbr:Elliott_Bay >> dbp:cities >> [ANS]
translate question to dbpedia path: What are the albums whose artists have performed with the Tangerine Dream?,[ANS] >> dbp:artist >> [VAR1] [SEP] [ANS] >> rdf:type >> dbo:Album [SEP] [VAR1] >> dbo:associatedBand >> dbr:Tangerine_Dream
translate question to dbpedia path: Name the river on Batoka Gorge Hydroelectric Power Station ?,dbr:Batoka_Gorge_Hydroelectric_Power_Station >> dbo:river >> [ANS]
translate question to dbpedia path: Did chris lebenzon edit Batman returns?,ASK >> dbr:Batman_Returns >> dbp:editing >> dbr:Chris_Lebenzon
translate question to dbpedia path: Which people are known for appearing on the television show Dragon's Den?,[ANS] >> dbo:knownFor >> dbr:Dragons'_Den_(UK_TV_series) [SEP] [ANS] >> rdf:type >> dbo:Person
translate question to dbpedia path: What university campuses are situated in Indiana?,[ANS] >> dbo:campus >> dbr:Indiana [SEP] [ANS] >> rdf:type >> dbo:University
translate question to dbpedia path: Who is the authority of Maine School of Science and Mathematics ?,dbr:Maine_School_of_Science_and_Mathematics >> dbo:authority >> [ANS]
translate question to dbpedia path: List some writers which speak one of the Germanic languages.,[ANS] >> dbp:language >> [VAR1] [SEP] [ANS] >> rdf:type >> dbo:Writer [SEP] [VAR1] >> dbo:languageFamily >> dbr:Germanic_languages
translate question to dbpedia path: What are some awards given to people who were born in sweden?,[VAR1] >> dbo:birthPlace >> dbr:Sweden [SEP] [VAR1] >> dbp:awards >> [ANS] [SEP] [VAR1] >> rdf:type >> dbo:Person
translate question to dbpedia path: ITV employes how many people?,COUNT >> [ANS] >> dbp:employer >> dbr:ITV_(TV_network)
translate question to dbpedia path: What band has Joe Hahn and Chester Bennington?,[ANS] >> dbp:currentMembers >> dbr:Chester_Bennington [SEP] [ANS] >> dbp:currentMembers >> dbr:Joe_Hahn [SEP] [ANS] >> rdf:type >> dbo:Band
translate question to dbpedia path: Is the assembly of tofa ahin ethopia?,ASK >> dbr:Tofaş_Şahin >> dbo:assembly >> dbr:Ethiopia
translate question to dbpedia path: Was the street dogs of south central narrated by Queen Latifah?,ASK >> dbr:Street_Dogs_of_South_Central >> dbp:narrator >> dbr:Queen_Latifah
translate question to dbpedia path: Name some schools with a bison as their mascot?,[ANS] >> dbp:mascot >> dbr:Bison [SEP] [ANS] >> rdf:type >> dbo:School
translate question to dbpedia path: What has Carl Sagan written his books about?,[VAR1] >> dbo:author >> dbr:Carl_Sagan [SEP] [VAR1] >> dbp:subject >> [ANS] [SEP] [VAR1] >> rdf:type >> dbo:Book
translate question to dbpedia path: In which state does the university which is the alma mater of Mateusz Morawiecki lie?,[VAR1] >> dbp:state >> [ANS] [SEP] [VAR1] >> rdf:type >> dbo:University [SEP] dbr:Mateusz_Morawiecki >> dbp:almaMater >> [VAR1]
translate question to dbpedia path: Who voiced in Peanuts Motion Comics and The Peanuts Movie?,[ANS] >> dbo:voice >> dbr:Peanuts_Motion_Comics [SEP] [ANS] >> dbo:voice >> dbr:The_Peanuts_Movie
translate question to dbpedia path: Who is the owner of the bank where Thomas Secunda works ?,[VAR1] >> dbp:owner >> [ANS] [SEP] [VAR1] >> rdf:type >> dbo:Bank [SEP] dbr:Thomas_Secunda >> dbo:occupation >> [VAR1]
translate question to dbpedia path: What are some US citizens famous for?,[VAR1] >> dbo:knownFor >> [ANS] [SEP] [VAR1] >> dbo:nationality >> dbr:United_States
translate question to dbpedia path: Who founded a company which served Mid Wales ?,[VAR1] >> dbo:foundedBy >> [ANS] [SEP] [VAR1] >> dbo:regionServed >> dbr:Mid_Wales
translate question to dbpedia path: British people have edited which movies?,[ANS] >> dbp:editing >> [VAR1] [SEP] [ANS] >> rdf:type >> dbo:Film [SEP] [VAR1] >> dbo:birthPlace >> dbr:United_Kingdom
translate question to dbpedia path: Who is the leader of the town where the Myntdu river originates?,[VAR1] >> dbo:leaderName >> [ANS] [SEP] [VAR1] >> rdf:type >> dbo:Town [SEP] dbr:Myntdu_River >> dbo:origin >> [VAR1]
translate question to dbpedia path: List the home town of the bands whose label is Alive Naturalsound Records ?,[VAR1] >> dbo:hometown >> [ANS] [SEP] [VAR1] >> dbp:label >> dbr:Alive_Naturalsound_Records [SEP] [VAR1] >> rdf:type >> dbo:Band
translate question to dbpedia path: Which broad cast area od CFRX is the country of North America Poker Tour ?,dbr:CFRX >> dbo:broadcastArea >> [ANS] [SEP] dbr:North_American_Poker_Tour >> dbo:country >> [ANS]
translate question to dbpedia path: List the subsequent work of the albums whose one of the subsequent work is Planet Waves?,[VAR1] >> dbo:subsequentWork >> [ANS] [SEP] [VAR1] >> dbo:subsequentWork >> dbr:Planet_Waves [SEP] [VAR1] >> rdf:type >> dbo:Album
translate question to dbpedia path: Name some basketball players whose team is coached by Fred Hoiberg?,[ANS] >> dbp:team >> [VAR1] [SEP] [ANS] >> rdf:type >> dbo:BasketballPlayer [SEP] [VAR1] >> dbo:coach >> dbr:Fred_Hoiberg
translate question to dbpedia path: Give me some administrators of bridges over which cars can go?,[VAR1] >> dbo:maintainedBy >> [ANS] [SEP] [VAR1] >> dbp:carries >> dbr:Motor_vehicle [SEP] [VAR1] >> rdf:type >> dbo:Bridge
translate question to dbpedia path: Who are some US colonels?,[ANS] >> dbp:rank >> dbr:Colonel_(United_States)
translate question to dbpedia path: Where did Meg McGuffin graduated ?,dbr:Meg_McGuffin >> dbo:education >> [ANS]
translate question to dbpedia path: Was Citizen Kane cinematographed by Gregg Toland?,ASK >> dbr:Citizen_Kane >> dbp:cinematography >> dbr:Gregg_Toland
translate question to dbpedia path: Count the different alma maters of people employed by the CNN,COUNT >> [VAR1] >> dbo:almaMater >> [ANS] [SEP] [VAR1] >> dbp:employer >> dbr:CNN
translate question to dbpedia path: What are the awards won by the person who is an authority of Latania verschaffeltii ?,[VAR1] >> dbp:awards >> [ANS] [SEP] [VAR1] >> rdf:type >> dbo:Person [SEP] dbr:Latania_verschaffeltii >> dbp:binomialAuthority >> [VAR1]
translate question to dbpedia path: Where did Steve Romeo dies ?,dbr:Steve_Romeo >> dbo:deathPlace >> [ANS]
translate question to dbpedia path: How many universities are in the National Collegiate Athletic Association?,COUNT >> [ANS] >> dbo:athletics >> dbr:National_Collegiate_Athletic_Association
translate question to dbpedia path: Which company developed the language designed by Lars Bak?,[VAR1] >> dbo:designer >> dbr:Lars_Bak_(computer_programmer) [SEP] [VAR1] >> dbp:developer >> [ANS] [SEP] [VAR1] >> rdf:type >> dbo:Language
translate question to dbpedia path: What is the mascot of the army unit whose commander is Peter Cosgrove ?,[VAR1] >> dbp:commander >> dbr:Peter_Cosgrove [SEP] [VAR1] >> dbp:mascot >> [ANS] [SEP] [VAR1] >> rdf:type >> dbo:MilitaryUnit
translate question to dbpedia path: What is the common citizenship between JSM Hopoer and Robert Valentine ?,dbr:J._S._M._Hooper >> dbo:citizenship >> [ANS] [SEP] dbr:Robert_Valentine_(composer) >> dbo:country >> [ANS]
translate question to dbpedia path: Which country gave birth to the Lemberger LD20b and Start+Flug H101 aircrafts?,dbr:Lemberger_LD20b >> dbp:nationalOrigin >> [ANS] [SEP] dbr:Start_+_Flug_H-101 >> dbp:nationalOrigin >> [ANS]
translate question to dbpedia path: Which religion followers are the members of Janata Dal?,[VAR1] >> dbo:religion >> [ANS] [SEP] [VAR1] >> dbp:party >> dbr:Janata_Dal
translate question to dbpedia path: Where are INKAS located which is also the state of origin for Jojo Chintoh ?,dbr:INKAS >> dbp:locations >> [ANS] [SEP] dbr:Jojo_Chintoh >> dbo:stateOfOrigin >> [ANS]
translate question to dbpedia path: What is the workplace of Christopher S. Stewart ?,dbr:Christopher_S._Stewart >> dbp:employer >> [ANS]
translate question to dbpedia path: What are some things people born in Louisiana are famous for?,COUNT >> [VAR1] >> dbp:knownFor >> [ANS] [SEP] [VAR1] >> dbp:placeOfBirth >> dbr:Louisiana
translate question to dbpedia path: Where did Fort Lauderdale Strikers season of 16 take place?,dbr:2016_Fort_Lauderdale_Strikers_season >> dbo:ground >> [ANS]
"translate question to dbpedia path: Who is the founder of Hohenau, Paraguay?","dbr:Hohenau,_Paraguay >> dbo:founder >> [ANS]"
translate question to dbpedia path: Who gave the musical score  of 9 to 5 (musical) ?,dbr:9_to_5_(musical) >> dbo:musicBy >> [ANS]
translate question to dbpedia path: Who are the spouse of the actors of Wrongfully Accused?,[VAR1] >> dbo:spouse >> [ANS] [SEP] dbr:Wrongfully_Accused >> dbo:starring >> [VAR1]
translate question to dbpedia path: Count all that was built by a company whose leader is Kazuo Hirai?,COUNT >> [ANS] >> dbo:manufacturer >> [VAR1] [SEP] [VAR1] >> dbp:keyPeople >> dbr:Kazuo_Hirai
translate question to dbpedia path: Which producer of Wizards and the aliens is also the notable work of russell T Davies ?,dbr:Russell_T_Davies >> dbo:notableWork >> [ANS] [SEP] dbr:Wizards_vs_Aliens >> dbo:producer >> [ANS]
translate question to dbpedia path: Which coach of England national under 21 footbal team is also the coach of Aston Villa F.C season ?,dbr:2000–01_Aston_Villa_F.C._season >> dbp:name >> [ANS] [SEP] dbr:England_national_under-21_football_team >> dbp:coach >> [ANS]
translate question to dbpedia path: For which band did Dave Hollister perform in the past?,[ANS] >> dbp:pastMembers >> dbr:Dave_Hollister
translate question to dbpedia path: Name the scientist who is known for inventing Anthrax and was a member of Royal Society?,[ANS] >> dbo:knownFor >> dbr:Anthrax [SEP] [ANS] >> dbp:prizes >> dbr:Royal_Society [SEP] [ANS] >> rdf:type >> dbo:Scientist
translate question to dbpedia path: Which show developed by Brain Graden has theme music composed by Primus ?,[ANS] >> dbp:developer >> dbr:Brian_Graden [SEP] [ANS] >> dbp:themeMusicComposer >> dbr:Primus_(band) [SEP] [ANS] >> rdf:type >> dbo:TelevisionShow
translate question to dbpedia path: Which builder has made concrete bridges?,[VAR1] >> dbo:builder >> [ANS] [SEP] [VAR1] >> dbp:material >> dbr:Concrete [SEP] [VAR1] >> rdf:type >> dbo:Bridge
translate question to dbpedia path: What is the serving railway line of Rostov-Glavny ?,dbr:Rostov-Glavny >> dbo:servingRailwayLine >> [ANS]
translate question to dbpedia path: How many different products are there of the companies located in the US?,COUNT >> [VAR1] >> dbo:location >> dbr:United_States [SEP] [VAR1] >> dbo:product >> [ANS]
translate question to dbpedia path: What is that river whose source gets water from the Shannon cave?,[ANS] >> dbo:source >> [VAR1] [SEP] [ANS] >> rdf:type >> dbo:River [SEP] [VAR1] >> dbp:inflow >> dbr:Shannon_Cave
"translate question to dbpedia path: How many licensee are there, of the radio stations whose area is Nashville, Tennessee ?","COUNT >> [VAR1] >> dbp:area >> dbr:Nashville,_Tennessee [SEP] [VAR1] >> dbp:licensee >> [ANS]"
translate question to dbpedia path: What is the allegiance of the Albert Kwesi Ocran and state of origin of the Jojo Chintoh ?,dbr:Albert_Kwesi_Ocran >> dbp:allegiance >> [ANS] [SEP] dbr:Jojo_Chintoh >> dbo:stateOfOrigin >> [ANS]
translate question to dbpedia path: Who is the headcoach of 2008-09 Marquette Golden Eagles men's basketball team ?,dbr:2008–09_Marquette_Golden_Eagles_men's_basketball_team >> dbp:headcoach >> [ANS]
translate question to dbpedia path: Who is the vice president of Jared Bernstein ?,dbr:Jared_Bernstein >> dbo:vicePresident >> [ANS]
translate question to dbpedia path: What is the name of the information appliance by sony whose predecessor is PlayStation 2?,[ANS] >> dbo:manufacturer >> dbr:Sony [SEP] [ANS] >> dbp:predecessor >> dbr:PlayStation_2 [SEP] [ANS] >> rdf:type >> dbo:InformationAppliance
translate question to dbpedia path: Who is the monarch of Bertalan Szemere ?,dbr:Bertalan_Szemere >> dbo:monarch >> [ANS]
translate question to dbpedia path: What actor starred in Splash and is married to Rita Wilson?,dbr:Rita_Wilson >> dbp:spouse >> [ANS] [SEP] dbr:Splash_(film) >> dbp:starring >> [ANS]
translate question to dbpedia path: What is the place of birth of Lauren Briggs ?,dbr:Lauren_Briggs >> dbp:placeOfBirth >> [ANS]
translate question to dbpedia path: What is the river on which the Kariba Dam and Batoka Gorge Hydroelectirc power station exist?,dbr:Batoka_Gorge_Hydroelectric_Power_Station >> dbo:river >> [ANS] [SEP] dbr:Kariba_Dam >> dbo:river >> [ANS]
translate question to dbpedia path: Players from how many teams have participated in the National Hockey League?,COUNT >> [ANS] >> rdf:type >> dbo:SportsTeam [SEP] [VAR1] >> dbo:team >> [ANS] [SEP] [VAR1] >> dbp:league >> dbr:National_Hockey_League
translate question to dbpedia path: What are some causes of death of European Americans?,[VAR1] >> dbo:deathCause >> [ANS] [SEP] [VAR1] >> dbo:ethnicity >> dbr:European_Americans
translate question to dbpedia path: Did Stan Lee create the Iceman comics?,ASK >> dbr:Iceman_(comics) >> dbp:creators >> dbr:Stan_Lee
translate question to dbpedia path: What is the order of the Omar D. Conger where Robert Sarvis was also the nominee ?,dbr:Omar_D._Conger >> dbp:order >> [ANS] [SEP] dbr:Robert_Sarvis >> dbo:nominee >> [ANS]
translate question to dbpedia path: Which hockey team is coached by mike babcock?,[ANS] >> dbp:headCoach >> dbr:Mike_Babcock [SEP] [ANS] >> rdf:type >> dbo:HockeyTeam
translate question to dbpedia path: Which battle of  Khalid bin Sultan was also the conflict of Steve Buyer ?,dbr:Khalid_bin_Sultan >> dbp:battles >> [ANS] [SEP] dbr:Steve_Buyer >> dbo:battle >> [ANS]
translate question to dbpedia path: What are the movies whose editor is Robert Wise?,[ANS] >> dbo:editing >> dbr:Robert_Wise [SEP] [ANS] >> rdf:type >> dbo:Film
translate question to dbpedia path: List the music of Open House (American Horror Story)?,dbr:Open_House_(American_Horror_Story) >> dbp:music >> [ANS]
translate question to dbpedia path: What are the television shows whose network's sister station is BBC Two?,[ANS] >> dbo:network >> [VAR1] [SEP] [ANS] >> rdf:type >> dbo:TelevisionShow [SEP] [VAR1] >> dbo:sisterStation >> dbr:BBC_Two
translate question to dbpedia path: Where did the narrators of the Championship snooker die?,[VAR1] >> dbo:deathPlace >> [ANS] [SEP] dbr:Championship_Snooker >> dbp:narrated >> [VAR1]
translate question to dbpedia path: What are the relatives of the rugby player one of whose relatives is Nick Williams?,[VAR1] >> dbo:relative >> [ANS] [SEP] [VAR1] >> dbp:relatives >> dbr:Nick_Williams [SEP] [VAR1] >> rdf:type >> dbo:RugbyPlayer
translate question to dbpedia path: Who is the performer of Bengali in Platforms ?,dbr:Bengali_in_Platforms >> dbo:artist >> [ANS]
translate question to dbpedia path: What are some families of mammals in the animal kingdom?,[VAR1] >> dbo:family >> [ANS] [SEP] [VAR1] >> dbo:kingdom >> dbr:Animal [SEP] [VAR1] >> rdf:type >> dbo:Mammal
translate question to dbpedia path: Where is the headquarters of the public transit system which owns the American Boulevard (Metro Transit station) located ?,[VAR1] >> dbp:headquarters >> [ANS] [SEP] [VAR1] >> rdf:type >> dbo:PublicTransitSystem [SEP] dbr:American_Boulevard_(Metro_Transit_station) >> dbo:owningOrganisation >> [VAR1]
translate question to dbpedia path: How many things are people who died in St. Petersburg known for?,COUNT >> [VAR1] >> dbo:knownFor >> [ANS] [SEP] [VAR1] >> dbp:deathPlace >> dbr:Saint_Petersburg
translate question to dbpedia path: List down the important people of The Elders ?,dbr:The_Elders_(organization) >> dbp:keyPeople >> [ANS]
translate question to dbpedia path: Which TV show's executive producer is Douglas Netter and composed by Stewart Copeland ?,[ANS] >> dbo:executiveProducer >> dbr:Douglas_Netter [SEP] [ANS] >> dbp:composer >> dbr:Stewart_Copeland [SEP] [ANS] >> rdf:type >> dbo:TelevisionShow
translate question to dbpedia path: Does nintendo have a division called Nintendo Entertainment Planning & Development?,ASK >> dbr:Nintendo >> dbp:divisions >> dbr:Nintendo_Entertainment_Planning_&_Development
translate question to dbpedia path: Name the rivers which originate from within Pittsburg?,"[ANS] >> dbo:source >> [VAR1] [SEP] [ANS] >> rdf:type >> dbo:River [SEP] [VAR1] >> dbp:cities >> dbr:Pittsburg,_New_Hampshire"
translate question to dbpedia path: In how many nations is Coconut a common food ingredient?,COUNT >> [ANS] >> rdf:type >> dbo:Country [SEP] [VAR1] >> dbo:ingredient >> dbr:Coconut [SEP] [VAR1] >> dbp:country >> [ANS]
translate question to dbpedia path: Where do the rivers from greater London flow into?,[VAR1] >> dbp:mouthLocation >> [ANS] [SEP] [VAR1] >> dbp:sourceRegion >> dbr:Greater_London [SEP] [VAR1] >> rdf:type >> dbo:River
translate question to dbpedia path: Which football teams are in a city where Oakland Athletics were the tenants?,[ANS] >> dbo:locationCity >> [VAR1] [SEP] [ANS] >> rdf:type >> dbo:AmericanFootballTeam [SEP] [VAR1] >> dbo:tenant >> dbr:Oakland_Athletics
translate question to dbpedia path: Who all have created new kinds of cookies?,[VAR1] >> dbp:creator >> [ANS] [SEP] [VAR1] >> dbp:type >> dbr:Cookie
"translate question to dbpedia path: What country is Jeffrey Werleman from, which also has the American Mediterranean Sea?",dbr:American_Mediterranean_Sea >> dbo:country >> [ANS] [SEP] dbr:Jeffrey_Werleman >> dbo:birthPlace >> [ANS]
translate question to dbpedia path: List the television shows whose network's owning company is Turner Broadcasting System?,[ANS] >> dbp:network >> [VAR1] [SEP] [ANS] >> rdf:type >> dbo:TelevisionShow [SEP] [VAR1] >> dbo:owningCompany >> dbr:Turner_Broadcasting_System
translate question to dbpedia path: List the schools of the athlete with Balgowan as one of the school ?,"[VAR1] >> dbp:school >> [ANS] [SEP] [VAR1] >> dbp:school >> dbr:Balgowan,_KwaZulu-Natal [SEP] [VAR1] >> rdf:type >> dbo:Athlete"
translate question to dbpedia path: Which company was the designer of South African class 11e and RENFE class 333 ?,[ANS] >> rdf:type >> dbo:Company [SEP] dbr:RENFE_Class_333 >> dbo:designer >> [ANS] [SEP] dbr:South_African_Class_11E >> dbo:designer >> [ANS]
"translate question to dbpedia path: For how many things are people famous, who were born in Nebraska?",COUNT >> [VAR1] >> dbo:knownFor >> [ANS] [SEP] [VAR1] >> dbp:birthPlace >> dbr:Nebraska
translate question to dbpedia path: List the maintainers of Pandaruan Bridge?,dbr:Pandaruan_Bridge >> dbo:maintainedBy >> [ANS]
translate question to dbpedia path: List the starring of the movies whose label is T-Series ?,[VAR1] >> dbp:label >> dbr:T-Series [SEP] [VAR1] >> dbp:starring >> [ANS] [SEP] [VAR1] >> rdf:type >> dbo:Film
translate question to dbpedia path: What is the home town of the musical artist who is the current members of Slapstick?,[VAR1] >> dbo:hometown >> [ANS] [SEP] [VAR1] >> rdf:type >> dbo:MusicalArtist [SEP] dbr:Slapstick_(band) >> dbp:currentMembers >> [VAR1]
translate question to dbpedia path: What are some rivers in Zambia which have a dam on them?,[VAR1] >> dbo:river >> [ANS] [SEP] [VAR1] >> dbp:country >> dbr:Zambia [SEP] [VAR1] >> rdf:type >> dbo:Dam
translate question to dbpedia path: What is the religion of the successor of Chatumongol Sonakul?,[VAR1] >> dbo:religion >> [ANS] [SEP] dbr:Chatumongol_Sonakul >> dbo:successor >> [VAR1]
translate question to dbpedia path: What is the label of the singles whose group is Outlawz ?,[VAR1] >> dbo:musicalArtist >> dbr:Outlawz [SEP] [VAR1] >> dbp:label >> [ANS] [SEP] [VAR1] >> rdf:type >> dbo:Single
translate question to dbpedia path: What are the television shows whose network's successor is BBC Two?,[ANS] >> dbo:network >> [VAR1] [SEP] [ANS] >> rdf:type >> dbo:TelevisionShow [SEP] [VAR1] >> dbo:successor >> dbr:BBC_Two
translate question to dbpedia path: what does the cahora bassa flow into?,dbr:Cahora_Bassa >> dbp:inflow >> [ANS]
translate question to dbpedia path: where did Alfred Tarnowski die?,dbr:Alfred_Tarnowski >> dbp:placeOfDeath >> [ANS]
translate question to dbpedia path: Does Walson Augustin play for the Brothers Union?,ASK >> dbr:Walson_Augustin >> dbp:currentclub >> dbr:Brothers_Union
translate question to dbpedia path: In which city is  Arsenal Cider House ? located ?,dbr:Arsenal_Cider_House >> dbp:locationCity >> [ANS]
translate question to dbpedia path: Name the television show distributed by Broadcast syndication and voiced by Eliza Schneider?,[ANS] >> dbo:distributor >> dbr:Broadcast_syndication [SEP] [ANS] >> dbp:voices >> dbr:Eliza_Schneider [SEP] [ANS] >> rdf:type >> dbo:TelevisionShow
translate question to dbpedia path: Which operating system provider of LG Optimus Vu is also the employer of Manu Cornet ?,dbr:LG_Optimus_Vu >> dbo:operatingSystem >> [ANS] [SEP] dbr:Manu_Cornet >> dbp:employer >> [ANS]
translate question to dbpedia path: Which country had the county seats as History of Trier and Mediolanum?,[ANS] >> dbo:capital >> dbr:History_of_Trier [SEP] [ANS] >> dbo:capital >> dbr:Mediolanum [SEP] [ANS] >> rdf:type >> dbo:Country
translate question to dbpedia path: List the American MEditerranean Sea city is also the place of death of Laszlo Bellak ?,dbr:American_Mediterranean_Sea >> dbp:cities >> [ANS] [SEP] dbr:Laszlo_Bellak >> dbo:deathPlace >> [ANS]
translate question to dbpedia path: Name the common record label of I pray on Christmas and Next Thing ?,dbr:I_Pray_on_Christmas >> dbp:label >> [ANS] [SEP] dbr:Next_Thing >> dbo:recordLabel >> [ANS]
translate question to dbpedia path: List down the TV shows whose producer is Stephen E. Ambros and writer is John Orloff ?,[ANS] >> dbo:producer >> dbr:Stephen_E._Ambrose [SEP] [ANS] >> dbp:writer >> dbr:John_Orloff [SEP] [ANS] >> rdf:type >> dbo:TelevisionShow
translate question to dbpedia path: What is the alma mater of Fikret Orman?,dbr:Fikret_Orman >> dbp:almaMater >> [ANS]
translate question to dbpedia path: Where are the National Academy Museum and School awardwinners buried?,[VAR1] >> dbo:award >> dbr:National_Academy_Museum_and_School [SEP] [VAR1] >> dbo:restingPlace >> [ANS]
translate question to dbpedia path: Where is the person from whose military rank is Airman first class?,[VAR1] >> dbo:militaryRank >> dbr:Airman_first_class [SEP] [VAR1] >> dbp:state >> [ANS] [SEP] [VAR1] >> rdf:type >> dbo:Person
translate question to dbpedia path: Who wrote the US steel hour?,dbr:The_United_States_Steel_Hour >> dbo:writer >> [ANS]
translate question to dbpedia path: Where is Snake Island located ?,dbr:Snake_Island_(Black_Sea) >> dbp:locationCountry >> [ANS]
translate question to dbpedia path: List all the co-founders of the non for profit which have founding member as David pressman ?,[VAR1] >> dbo:foundedBy >> [ANS] [SEP] [VAR1] >> dbo:foundedBy >> dbr:David_Pressman [SEP] [VAR1] >> rdf:type >> dbo:Non-ProfitOrganisation
translate question to dbpedia path: What is the home town of the Rolando Gomez is the DOD of the Clyde McNeal ?,dbr:Clyde_McNeal >> dbp:deathDate >> [ANS] [SEP] dbr:Rolando_Gomez >> dbp:homeTown >> [ANS]
translate question to dbpedia path: Which soccer players are currently playing for NYC FC?,[ANS] >> dbp:currentclub >> dbr:New_York_City_FC [SEP] [ANS] >> rdf:type >> dbo:SoccerPlayer
translate question to dbpedia path: Name a writer who was educated in Saint Petersburg and had a son named Lyubov Dostoyevskaya ?,[ANS] >> dbo:child >> dbr:Lyubov_Dostoyevskaya [SEP] [ANS] >> dbo:education >> dbr:Saint_Petersburg [SEP] [ANS] >> rdf:type >> dbo:Writer
"translate question to dbpedia path: What shows used to air on the channel which was earlier known as ""The Comedy Central""?",[ANS] >> dbp:distributor >> [VAR1] [SEP] [ANS] >> rdf:type >> dbo:TelevisionShow [SEP] [VAR1] >> dbo:predecessor >> dbr:The_Comedy_Channel_(United_States)
translate question to dbpedia path: Which company owns Evraz ?,dbr:Evraz >> dbo:owningCompany >> [ANS]
translate question to dbpedia path: How many party leaders are there whose parties are headquartered in Berlin?,COUNT >> [ANS] >> rdf:type >> dbo:Politician [SEP] [VAR1] >> dbo:headquarter >> dbr:Berlin [SEP] [VAR1] >> dbo:leader >> [ANS]
translate question to dbpedia path: Where was the trainer of Java Gold born?,[VAR1] >> dbp:birthPlace >> [ANS] [SEP] dbr:Java_Gold >> dbp:trainer >> [VAR1]
translate question to dbpedia path: Where can I find some buildings of modern architecture?,[VAR1] >> dbp:address >> [ANS] [SEP] [VAR1] >> dbp:architecturalStyle >> dbr:Modern_architecture [SEP] [VAR1] >> rdf:type >> dbo:Building
translate question to dbpedia path: Who are the people who played for San Francisco 49ers?,[ANS] >> dbo:team >> dbr:San_Francisco_49ers
translate question to dbpedia path: Was Zachary Taylor a commander of the sixth infantry regiment of US?,ASK >> dbr:6th_Infantry_Regiment_(United_States) >> dbo:notableCommander >> dbr:Zachary_Taylor
translate question to dbpedia path: Name a famous relative of barry voight,[ANS] >> dbo:relative >> dbr:Barry_Voight
translate question to dbpedia path: With which artist did the musical artist of Groove Thang collaborated ?,[VAR1] >> dbp:associatedActs >> [ANS] [SEP] dbr:Groove_Thang >> dbo:musicalArtist >> [VAR1]
translate question to dbpedia path: Where is the office of P Elmo Futrell Jr?,"dbr:P._Elmo_Futrell,_Jr. >> dbp:office >> [ANS]"
translate question to dbpedia path: Name the scientist who was awarded a position in Royal Society and has academic advisor as Franz Brentano?,[ANS] >> dbo:academicAdvisor >> dbr:Franz_Brentano [SEP] [ANS] >> dbp:awards >> dbr:Royal_Society [SEP] [ANS] >> rdf:type >> dbo:Scientist
translate question to dbpedia path: What are the last two studio albums of Moondog Matinee ?,dbr:Moondog_Matinee >> dbo:subsequentWork >> [ANS]
translate question to dbpedia path: Where can i find salad based food?,[VAR1] >> dbp:country >> [ANS] [SEP] [VAR1] >> dbp:mainIngredient >> dbr:Salad
translate question to dbpedia path: Does Walson Augustin play as a midfielder?,ASK >> dbr:Walson_Augustin >> dbo:position >> dbr:Midfielder
translate question to dbpedia path: List places that are associated to cities in the state of Mecklenburg-Vorpommern.,[ANS] >> dbp:cities >> [VAR1] [SEP] [VAR1] >> dbo:federalState >> dbr:Mecklenburg-Vorpommern
"translate question to dbpedia path: Which awards did the writer, who is  the creator of Creature Comforts, won ?",[VAR1] >> dbp:awards >> [ANS] [SEP] [VAR1] >> rdf:type >> dbo:Writer [SEP] dbr:Creature_Comforts >> dbp:creator >> [VAR1]
translate question to dbpedia path: Who all have written songs that were then recorded in the Criteria Studios?,[VAR1] >> dbo:recordedIn >> dbr:Criteria_Studios [SEP] [VAR1] >> dbp:writer >> [ANS] [SEP] [VAR1] >> rdf:type >> dbo:MusicalWork
translate question to dbpedia path: Count the number of sports played by the universities whihc also plays Volleyball ?,COUNT >> [VAR1] >> dbo:athletics >> dbr:Volleyball [SEP] [VAR1] >> dbp:athletics >> [ANS]
translate question to dbpedia path: Is Sao Paulo the largest city of Brazil?,ASK >> dbr:Brazil >> dbp:largestCity >> dbr:São_Paulo
translate question to dbpedia path: Which educational institutes have campuses at Iowa and Indiana ?,[ANS] >> dbo:campus >> dbr:Indiana [SEP] [ANS] >> dbo:campus >> dbr:Iowa [SEP] [ANS] >> rdf:type >> dbo:EducationalInstitution
"translate question to dbpedia path: In which areas are the radio stations of Monticello, Maine available too?","[VAR1] >> dbp:area >> [ANS] [SEP] [VAR1] >> dbp:city >> dbr:Monticello,_Maine [SEP] [VAR1] >> rdf:type >> dbo:RadioStation"
translate question to dbpedia path: Through how many labels has Katy B released her singles?,COUNT >> [VAR1] >> dbo:recordLabel >> [ANS] [SEP] [VAR1] >> dbo:writer >> dbr:Katy_B
translate question to dbpedia path: Who appointed William L. Dayton ?,dbr:William_L._Dayton >> dbo:appointer >> [ANS]
translate question to dbpedia path: Is PIAS Recordings the distributing label of Wichita Recordings?,ASK >> dbr:Wichita_Recordings >> dbo:distributingLabel >> dbr:PIAS_Recordings
translate question to dbpedia path: Was Gerald Gibbs the cinematographer of X the unknown?,ASK >> dbr:X_the_Unknown >> dbo:cinematography >> dbr:Gerald_Gibbs_(cinematographer)
translate question to dbpedia path: Trevor Peacock has narrated in which movie?,[ANS] >> dbp:narrator >> dbr:Trevor_Peacock [SEP] [ANS] >> rdf:type >> dbo:Film
translate question to dbpedia path: To which educational institutions did Lesli Sanchez go for her studies?,dbr:Leslie_Sanchez >> dbo:education >> [ANS]
translate question to dbpedia path: What are some famous artists who rocked a Les Paul?,[ANS] >> dbp:notableInstruments >> dbr:Gibson_Les_Paul [SEP] [ANS] >> rdf:type >> dbo:MusicalArtist
translate question to dbpedia path: Name the sstadium of 2015 Pro Duta FC season ?,dbr:2015_Pro_Duta_FC_season >> dbp:stadium >> [ANS]
translate question to dbpedia path: Name some people who are buried in a place governed by the US Department of the Interior?,[ANS] >> dbp:restingplace >> [VAR1] [SEP] [ANS] >> rdf:type >> dbo:Person [SEP] [VAR1] >> dbp:governingBody >> dbr:United_States_Department_of_the_Interior
translate question to dbpedia path: Pointe d'Aveneyre belongs to which mountain range?,dbr:Pointe_d'Aveneyre >> dbo:mountainRange >> [ANS]
translate question to dbpedia path: Jerry Bock's musicals has been adapted from how many things?,COUNT >> [VAR1] >> dbo:basedOn >> [ANS] [SEP] [VAR1] >> dbp:music >> dbr:Jerry_Bock
translate question to dbpedia path: Which country has leaders  Karu Jayasuriya and Ranil Wickremesinghe?,[ANS] >> dbo:leader >> dbr:Karu_Jayasuriya [SEP] [ANS] >> dbo:leader >> dbr:Ranil_Wickremesinghe [SEP] [ANS] >> rdf:type >> dbo:Country
translate question to dbpedia path: Count the movies edited by  Mark Stevens (film editor) and were directed by Joel Schumacher?,COUNT >> [ANS] >> dbo:director >> dbr:Joel_Schumacher [SEP] [ANS] >> dbp:editing >> dbr:Mark_Stevens_(film_editor)
"translate question to dbpedia path: In which city was the company founded , which owns Grasim Bhiwani Textiles?",[VAR1] >> dbp:foundation >> [ANS] [SEP] [VAR1] >> rdf:type >> dbo:Company [SEP] dbr:Grasim_Bhiwani_Textiles >> dbp:parent >> [VAR1]
translate question to dbpedia path: What television shows's distributor is Eurovision?,[ANS] >> dbo:distributor >> dbr:Eurovision_(network) [SEP] [ANS] >> rdf:type >> dbo:TelevisionShow
translate question to dbpedia path: List the judge of the TV show whose one of the judge is Ludacris ?,[VAR1] >> dbp:judges >> [ANS] [SEP] [VAR1] >> dbp:judges >> dbr:Ludacris [SEP] [VAR1] >> rdf:type >> dbo:TelevisionShow
translate question to dbpedia path: Whose youth clubs used to participate in Argentine Primera Division?,[ANS] >> dbp:youthclubs >> [VAR1] [SEP] [VAR1] >> dbp:league >> dbr:Argentine_Primera_División
translate question to dbpedia path: List some people who were opponents of someone who was died by hanging?,[VAR1] >> dbo:opponent >> [ANS] [SEP] [VAR1] >> dbp:deathCause >> dbr:Hanging [SEP] [VAR1] >> rdf:type >> dbo:Person
translate question to dbpedia path: Who owns the railway line which goes through the Newark Station?,[VAR1] >> dbp:owner >> [ANS] [SEP] dbr:Newark_station_(Delaware) >> dbp:line >> [VAR1]
translate question to dbpedia path: Which magazine's editor is married to Crystal Harris?,[ANS] >> dbp:editor >> [VAR1] [SEP] [ANS] >> rdf:type >> dbo:Magazine [SEP] [VAR1] >> dbp:spouse >> dbr:Crystal_Harris
translate question to dbpedia path: Is Compaq a software company?,ASK >> dbr:Compaq >> dbo:industry >> dbr:Software
translate question to dbpedia path: What is the currency of the country of Kerguelen Islands?,[VAR1] >> dbo:currency >> [ANS] [SEP] dbr:Kerguelen_Islands >> dbo:governmentType >> [VAR1]
translate question to dbpedia path: Which sitcom is broadcasted by FOX and presented by Brian Dunkleman?,[ANS] >> dbo:channel >> dbr:Fox_Broadcasting_Company [SEP] [ANS] >> dbp:presenter >> dbr:Brian_Dunkleman [SEP] [ANS] >> rdf:type >> dbo:TelevisionShow
translate question to dbpedia path: Which sports are played in the alma mater of Amitava Datta?,[VAR1] >> dbo:sport >> [ANS] [SEP] dbr:Amitava_Datta >> dbp:almaMater >> [VAR1]
translate question to dbpedia path: What is the parent company of Edsel?,dbr:Edsel >> dbp:parent >> [ANS]
"translate question to dbpedia path: What are some TV shows whose voice actors are from Truckee, California, US?","[ANS] >> dbp:voices >> [VAR1] [SEP] [ANS] >> rdf:type >> dbo:TelevisionShow [SEP] [VAR1] >> dbp:birthPlace >> dbr:Truckee,_California"
"translate question to dbpedia path: Which person won Screen actors Guild Life Time Achievement award and has resting palce in Palo Alto, California ?","[ANS] >> dbo:award >> dbr:Screen_Actors_Guild_Life_Achievement_Award [SEP] [ANS] >> dbp:restingPlace >> dbr:Palo_Alto,_California [SEP] [ANS] >> rdf:type >> dbo:Person"
translate question to dbpedia path: How many shows are made by Playtone?,COUNT >> [ANS] >> dbp:company >> dbr:Playtone [SEP] [ANS] >> rdf:type >> dbo:TelevisionShow
translate question to dbpedia path: List the mascot of the universities which are a part of  National Collegiate Athletic Association.,[VAR1] >> dbp:athletics >> dbr:National_Collegiate_Athletic_Association [SEP] [VAR1] >> dbp:mascot >> [ANS] [SEP] [VAR1] >> rdf:type >> dbo:University
translate question to dbpedia path: What is the route junction of Rhode Island Route 15 ?,dbr:Rhode_Island_Route_15 >> dbo:routeJunction >> [ANS]
translate question to dbpedia path: Does the owyhee river flow into oregon?,ASK >> dbr:Owyhee_River >> dbo:mouthMountain >> dbr:Oregon
translate question to dbpedia path: What is the famous relative of Mrunalini Kunte known for?,[VAR1] >> dbp:knownFor >> [ANS] [SEP] [VAR1] >> dbp:relatives >> dbr:Mrunalini_Kunte
translate question to dbpedia path: From which country is Lawrence Okoye's nationality ?,dbr:Lawrence_Okoye >> dbp:nationality >> [ANS]
translate question to dbpedia path: From which party is the politician who was selected  in Barasat constituency?,[VAR1] >> dbo:party >> [ANS] [SEP] [VAR1] >> dbp:constituency >> dbr:Barasat_(Lok_Sabha_constituency) [SEP] [VAR1] >> rdf:type >> dbo:OfficeHolder
translate question to dbpedia path: Name the associate acts of  Martin Pugh?,dbr:Martin_Pugh >> dbp:associatedActs >> [ANS]
translate question to dbpedia path: Who authored the work illustrated by Hiroyuki Takei?,[VAR1] >> dbo:illustrator >> dbr:Hiroyuki_Takei [SEP] [VAR1] >> dbp:author >> [ANS]
translate question to dbpedia path: Who was the president at the time when both Carl Stokes and Joseph Stiglitz held a position in US political framework?,dbr:Carl_Stokes >> dbp:president >> [ANS] [SEP] dbr:Joseph_Stiglitz >> dbp:president >> [ANS]
translate question to dbpedia path: List all the presidents of the school which had atleast one of the president as Queen Noor of Jordan ?,[VAR1] >> dbo:president >> [ANS] [SEP] [VAR1] >> dbo:president >> dbr:Queen_Noor_of_Jordan [SEP] [VAR1] >> rdf:type >> dbo:School
translate question to dbpedia path: Which TV show's  opening theme is The Best of Both Worlds (song) and executive producer is Steven Peterman?,[ANS] >> dbo:openingTheme >> dbr:The_Best_of_Both_Worlds_(song) [SEP] [ANS] >> dbp:executiveProducer >> dbr:Steven_Peterman [SEP] [ANS] >> rdf:type >> dbo:TelevisionShow
translate question to dbpedia path: What are the tenants of Mercedes-Benz Superdome?,dbr:Mercedes-Benz_Superdome >> dbo:tenant >> [ANS]
translate question to dbpedia path: What is the birth city of trainer of Leallah?,[VAR1] >> dbp:birthPlace >> [ANS] [SEP] dbr:Leallah >> dbp:trainer >> [VAR1]
translate question to dbpedia path: What are some TV shows similar to the one produced by Susie Liggat?,[ANS] >> dbo:related >> [VAR1] [SEP] [ANS] >> rdf:type >> dbo:TelevisionShow [SEP] [VAR1] >> dbp:producer >> dbr:Susie_Liggat
"translate question to dbpedia path: Which television show is based in Massachusetts and has opening theme as ""Where Everybody Knows Your Name"" ?",[ANS] >> dbo:location >> dbr:Massachusetts [SEP] [ANS] >> dbo:openingTheme >> dbr:Where_Everybody_Knows_Your_Name [SEP] [ANS] >> rdf:type >> dbo:TelevisionShow
translate question to dbpedia path: Name the software which has been developed by John Fanning ?,[ANS] >> dbp:developer >> dbr:John_Fanning_(businessman) [SEP] [ANS] >> rdf:type >> dbo:Software
translate question to dbpedia path: What is the mouth mountain of Current River (Missouri) ?,dbr:Current_River_(Missouri) >> dbo:mouthMountain >> [ANS]
translate question to dbpedia path: Who has canonized someone who's a doctor of the church?,[VAR1] >> dbo:canonizedBy >> [ANS] [SEP] [VAR1] >> dbp:titles >> dbr:Doctor_of_the_Church
translate question to dbpedia path: was the first national bank and trust building architectured by Chicago?,"ASK >> dbr:First_National_Bank_and_Trust_Building_(Lima,_Ohio) >> dbo:architecturalStyle >> dbr:Chicago"
translate question to dbpedia path: Did Tupac write the lyrics of Holler If Ya Hear Me?,ASK >> dbr:Holler_If_Ya_Hear_Me_(musical) >> dbp:lyrics >> dbr:Tupac_Shakur
"translate question to dbpedia path: Where is the tombstone of the parliament members who served with James Roberts as the Vice President, US?",[VAR1] >> dbo:restingPlace >> [ANS] [SEP] [VAR1] >> dbo:vicePresident >> dbr:James_Roberts_(trade_unionist) [SEP] [VAR1] >> rdf:type >> dbo:MemberOfParliament
translate question to dbpedia path: What is the nationality of the entomologist who is a renowned authority of Smerinthus saliceti ?,[VAR1] >> dbo:citizenship >> [ANS] [SEP] [VAR1] >> rdf:type >> dbo:Entomologist [SEP] dbr:Smerinthus_saliceti >> dbo:binomialAuthority >> [VAR1]
"translate question to dbpedia path: Where is the ground of the soccer club, which has Alan Kusov as a team member ?",[VAR1] >> dbo:ground >> [ANS] [SEP] [VAR1] >> rdf:type >> dbo:SoccerClub [SEP] dbr:Alan_Kusov__11 >> dbo:team >> [VAR1]
translate question to dbpedia path: From where did the son of Gustavo Rojas Pinilla graduate?,[VAR1] >> dbp:almaMater >> [ANS] [SEP] dbr:Gustavo_Rojas_Pinilla >> dbo:child >> [VAR1]
translate question to dbpedia path: What currencies are prevalent in the countries governed by the President of France?,[VAR1] >> dbo:currency >> [ANS] [SEP] [VAR1] >> dbp:leaderTitle >> dbr:President_of_France [SEP] [VAR1] >> rdf:type >> dbo:Country
translate question to dbpedia path: Which company manufactured Delta III?,dbr:Delta_III >> dbo:manufacturer >> [ANS]
translate question to dbpedia path: In which fields are pupils of Edouard Chavannes working?,[VAR1] >> dbo:academicAdvisor >> dbr:Édouard_Chavannes [SEP] [VAR1] >> dbp:fields >> [ANS]
translate question to dbpedia path: Who is the artist of Time Radio hour ?,dbr:Theme_Time_Radio_Hour >> dbp:creator >> [ANS]
translate question to dbpedia path: List the prospect team of Robin Kovacs ?,dbr:Robin_Kovacs >> dbp:prospectTeam >> [ANS]
"translate question to dbpedia path: Where did the genres originate, which were in the Harry and the Potters album?",COUNT >> [VAR1] >> dbo:stylisticOrigin >> [ANS] [SEP] dbr:Harry_and_the_Potters_(album) >> dbo:genre >> [VAR1]
translate question to dbpedia path: How many sitcoms are there whose theme music is composed by a New Yorker?,COUNT >> [ANS] >> dbp:themeMusicComposer >> [VAR1] [SEP] [ANS] >> rdf:type >> dbo:TelevisionShow [SEP] [VAR1] >> dbo:hometown >> dbr:New_York
"translate question to dbpedia path: Which band made the song Take me There, and has collaborated with Blayse in the past?",dbr:Blayse >> dbo:associatedBand >> [ANS] [SEP] dbr:Take_Me_There_(Blackstreet_&_Mýa_song) >> dbo:musicalBand >> [ANS]
translate question to dbpedia path: Who was succeeded by Arthur Gegei as the office ho0lder ?,[ANS] >> dbo:successor >> dbr:Artúr_Görgei
translate question to dbpedia path: Whose successors are Robert P. Smith and Adrian A. Basora?,[ANS] >> dbp:successor >> dbr:Adrian_A._Basora [SEP] [ANS] >> dbp:successor >> dbr:Robert_P._Smith
translate question to dbpedia path: Give me a count of movies whose editor is Mark Stevens?,COUNT >> [ANS] >> dbp:editing >> dbr:Mark_Stevens_(film_editor) [SEP] [ANS] >> rdf:type >> dbo:Film
translate question to dbpedia path: How many other awards have been given to people who have won the Golden Globe?,COUNT >> [ANS] >> rdf:type >> dbo:Award [SEP] [VAR1] >> dbo:award >> dbr:Golden_Globe_Award [SEP] [VAR1] >> dbp:awards >> [ANS]
translate question to dbpedia path: Name the mountain located in California and has parent peak as Nevado de Toluca ?,[ANS] >> dbo:locatedInArea >> dbr:California [SEP] [ANS] >> dbo:parentMountainPeak >> dbr:Nevado_de_Toluca [SEP] [ANS] >> rdf:type >> dbo:Mountain
translate question to dbpedia path: Which person works at the American Magazine?,[ANS] >> dbo:employer >> dbr:The_American_Magazine [SEP] [ANS] >> rdf:type >> dbo:Person
translate question to dbpedia path: What was developed by someone working in Cockroach Labs?,[ANS] >> dbp:author >> [VAR1] [SEP] [VAR1] >> dbp:employer >> dbr:Cockroach_Labs
"translate question to dbpedia path: The people who did their high school in Palm City, Florida did their college where?","[VAR1] >> dbo:college >> [ANS] [SEP] [VAR1] >> dbp:highschool >> dbr:Palm_City,_Florida [SEP] [VAR1] >> rdf:type >> dbo:Person"
"translate question to dbpedia path: Where is the radio broadcasted in, whose sister station is CKFM-FM?",[VAR1] >> dbo:broadcastArea >> [ANS] [SEP] [VAR1] >> dbo:sisterStation >> dbr:CKFM-FM [SEP] [VAR1] >> rdf:type >> dbo:RadioStation
translate question to dbpedia path: List the spanish football player in the NYC FC ?,[ANS] >> dbp:currentclub >> dbr:New_York_City_FC [SEP] [ANS] >> dbp:nationalteam >> dbr:Spain_national_football_team
translate question to dbpedia path: Does the San Macros River start in Texas?,ASK >> dbr:San_Marcos_River >> dbo:sourceMountain >> dbr:Texas
translate question to dbpedia path: Which stadium's operator works in the Pepsi Center?,[ANS] >> dbo:operator >> [VAR1] [SEP] [VAR1] >> dbo:occupation >> dbr:Pepsi_Center
translate question to dbpedia path: What is the academic discipline of the Journal of Cerebral Blood Flow & Metabolism and also an ingredient of the Ragout fin ?,dbr:Journal_of_Cerebral_Blood_Flow_&_Metabolism >> dbo:academicDiscipline >> [ANS] [SEP] dbr:Ragout_fin >> dbo:ingredient >> [ANS]
translate question to dbpedia path: Is the national anthem of Mauritius motherland?,ASK >> dbr:Mauritius >> dbo:anthem >> dbr:Motherland_(anthem)
translate question to dbpedia path: In what tv shows did Jason Carter act?,[ANS] >> dbo:starring >> dbr:Jason_Carter_(actor) [SEP] [ANS] >> rdf:type >> dbo:TelevisionShow
translate question to dbpedia path: Where is the mouth of the river whose tributary is Bjelimićka  Rijeka ?,[VAR1] >> dbo:mouthCountry >> [ANS] [SEP] [VAR1] >> dbo:rightTributary >> dbr:Bjelimićka_Rijeka
"translate question to dbpedia path: Which companies make cars with a front engine, rear wheel drive layout?","[VAR1] >> dbo:automobilePlatform >> dbr:Front-engine,_rear-wheel-drive_layout [SEP] [VAR1] >> dbo:parentCompany >> [ANS] [SEP] [VAR1] >> rdf:type >> dbo:Automobile"
translate question to dbpedia path: What is the mascot of the military unit in which Ronald Wilson served?,[VAR1] >> dbp:mascot >> [ANS] [SEP] dbr:Ronald_Wilson >> dbp:branch >> [VAR1]
translate question to dbpedia path: Did Jerry Siegel create Lois Lane?,ASK >> dbr:Lois_Lane >> dbp:creators >> dbr:Jerry_Siegel
"translate question to dbpedia path: Where does Truman McGill Hobbs, United States District Judge live?",dbr:Truman_McGill_Hobbs >> dbp:residence >> [ANS]
translate question to dbpedia path: Pennsylvania has how many american football teams?,COUNT >> [ANS] >> dbp:city >> dbr:Pennsylvania [SEP] [ANS] >> rdf:type >> dbo:AmericanFootballTeam
translate question to dbpedia path: To which sports team is Aubie the mascot?,[ANS] >> dbp:mascot >> dbr:Aubie [SEP] [ANS] >> rdf:type >> dbo:SportsTeam
translate question to dbpedia path: What is the religious affiliation of Hong Kong Taoist Association Tang Hin Memorial Secondary School ?,dbr:Hong_Kong_Taoist_Association_Tang_Hin_Memorial_Secondary_School >> dbp:religiousAffiliation >> [ANS]
"translate question to dbpedia path: What were the major actions taken by the politicians living in Gales Ferry, Connecticut?","[VAR1] >> dbo:battle >> [ANS] [SEP] [VAR1] >> dbo:residence >> dbr:Gales_Ferry,_Connecticut [SEP] [VAR1] >> rdf:type >> dbo:Politician"
translate question to dbpedia path: What are the software whose operating systems are Mac OS and Microsoft Windows?,[ANS] >> dbo:operatingSystem >> dbr:Mac_OS [SEP] [ANS] >> dbo:operatingSystem >> dbr:Microsoft_Windows [SEP] [ANS] >> rdf:type >> dbo:Software
translate question to dbpedia path: What band had  Nick Jonas and Kevin Jonas as former members ?,[ANS] >> dbp:pastMembers >> dbr:Kevin_Jonas [SEP] [ANS] >> dbp:pastMembers >> dbr:Nick_Jonas [SEP] [ANS] >> rdf:type >> dbo:Band
translate question to dbpedia path: Which royal people are buried in Rome?,[ANS] >> dbp:placeOfBurial >> dbr:Rome [SEP] [ANS] >> rdf:type >> dbo:Royalty
translate question to dbpedia path: Is Gaza Strip the result of Operation Autumn Clouds?,ASK >> dbr:Operation_Autumn_Clouds >> dbp:result >> dbr:Gaza_Strip
translate question to dbpedia path: What artist was associated closely with the bare necessities and rock a doodle?,dbr:Rock-a-Doodle >> dbo:starring >> [ANS] [SEP] dbr:The_Bare_Necessities >> dbo:artist >> [ANS]
translate question to dbpedia path: Which parent company of the Cornell University Press is also the alma mater of the Mario Garca Menocal?,dbr:Cornell_University_Press >> dbo:parentCompany >> [ANS] [SEP] dbr:Mario_García_Menocal >> dbo:almaMater >> [ANS]
translate question to dbpedia path: Which religions are followed by people in England?,[VAR1] >> dbp:religion >> [ANS] [SEP] [VAR1] >> dbp:residence >> dbr:England [SEP] [VAR1] >> rdf:type >> dbo:Person
translate question to dbpedia path: Where was MacKenzie Miller born?,dbr:MacKenzie_Miller >> dbp:birthPlace >> [ANS]
"translate question to dbpedia path: Is US Navy garrisoned at Arlington County, Virginia?","ASK >> dbr:United_States_Navy >> dbp:garrison >> dbr:Arlington_County,_Virginia"
translate question to dbpedia path: What company involved in the development of Sherlock did Arthur Levinson work for?,dbr:Arthur_D._Levinson >> dbo:occupation >> [ANS] [SEP] dbr:Sherlock_(software) >> dbo:developer >> [ANS]
translate question to dbpedia path: Who was the president during the time the opponent of John Hospers was in the office?,[VAR1] >> dbo:incumbent >> [ANS] [SEP] [VAR1] >> dbo:opponent >> dbr:John_Hospers
translate question to dbpedia path: What is the birthplace of the netball player who is the relative of Rachel Rasmussen ?,[VAR1] >> dbo:birthPlace >> [ANS] [SEP] [VAR1] >> rdf:type >> dbo:NetballPlayer [SEP] dbr:Rachel_Rasmussen >> dbp:relatives >> [VAR1]
translate question to dbpedia path: What is the religion of the academic authority on Ceratosoma tenue?,[VAR1] >> dbp:veneratedIn >> [ANS] [SEP] dbr:Ceratosoma_tenue >> dbo:binomialAuthority >> [VAR1]
translate question to dbpedia path: What is the birth location of the pope who was canonized by Agatha of Sicily?,[VAR1] >> dbp:birthPlace >> [ANS] [SEP] [VAR1] >> rdf:type >> dbo:Pope [SEP] dbr:Agatha_of_Sicily >> dbo:canonizedBy >> [VAR1]
translate question to dbpedia path: In which cities are there stations of SCOLA?,[VAR1] >> dbo:broadcastNetwork >> dbr:SCOLA_(TV_service) [SEP] [VAR1] >> dbp:city >> [ANS] [SEP] [VAR1] >> rdf:type >> dbo:TelevisionStation
translate question to dbpedia path: Which set of researchers won the Gold Medal of the Royal Astronomical Society award?,[ANS] >> dbp:prizes >> dbr:Gold_Medal_of_the_Royal_Astronomical_Society [SEP] [ANS] >> rdf:type >> dbo:Scientist
translate question to dbpedia path: List the members of Skull Gang?,dbr:Skull_Gang >> dbo:bandMember >> [ANS]
translate question to dbpedia path: How did Letitia MacTavish Hargrave died ?,dbr:Letitia_MacTavish_Hargrave >> dbo:deathCause >> [ANS]
translate question to dbpedia path: Which destination of the Novair International Airway is the source origin of Spaghetti squash ?,dbr:Novair_International_Airways >> dbo:destination >> [ANS] [SEP] dbr:Spaghetti_squash >> dbo:origin >> [ANS]
translate question to dbpedia path: Which animator of Tommy Tucker's Tooth is also the film director of Alice's Wonderland ?,dbr:Alice's_Wonderland >> dbo:director >> [ANS] [SEP] dbr:Tommy_Tucker's_Tooth >> dbp:animator >> [ANS]
translate question to dbpedia path: The president served by Haqqi al-Azm died where?,[VAR1] >> dbp:placeOfDeath >> [ANS] [SEP] dbr:Haqqi_al-Azm >> dbp:president >> [VAR1]
translate question to dbpedia path: Name the mouth country of Upper Neretva ?,dbr:Upper_Neretva >> dbo:mouthCountry >> [ANS]
translate question to dbpedia path: What show has writing of Erik Jendresen and Graham Yost?,[ANS] >> dbp:writer >> dbr:Erik_Jendresen [SEP] [ANS] >> dbp:writer >> dbr:Graham_Yost [SEP] [ANS] >> rdf:type >> dbo:TelevisionShow
translate question to dbpedia path: Name the movies in which music is give by  Laurie Johnson and edited by Anthony Harvey ?,[ANS] >> dbo:editing >> dbr:Anthony_Harvey [SEP] [ANS] >> dbp:music >> dbr:Laurie_Johnson [SEP] [ANS] >> rdf:type >> dbo:Film
translate question to dbpedia path: Which  NASA astronaut was on mission Gemini 8?,[ANS] >> dbp:mission >> dbr:Gemini_8 [SEP] [ANS] >> dbp:type >> dbr:NASA [SEP] [ANS] >> rdf:type >> dbo:Astronaut
translate question to dbpedia path: Give me the places where people who worked in Church of England died in ?,[VAR1] >> dbo:deathPlace >> [ANS] [SEP] [VAR1] >> dbo:occupation >> dbr:Church_of_England
translate question to dbpedia path: Which assembly of the Plymouth Savoy is the route end of the NorthSouth Transport Corridor?,dbr:North–South_Transport_Corridor >> dbo:routeEnd >> [ANS] [SEP] dbr:Plymouth_Savoy >> dbo:assembly >> [ANS]
translate question to dbpedia path: Who is the producer of the song which is the previous work of He's a Liar ?,[VAR1] >> dbo:producer >> [ANS] [SEP] [VAR1] >> rdf:type >> dbo:Song [SEP] dbr:He's_a_Liar >> dbo:previousWork >> [VAR1]
translate question to dbpedia path: Which river's source mountain is Baikal Mountains and it's mouth is Lena Delta Wildlife Reserve?,[ANS] >> dbo:riverMouth >> dbr:Lena_Delta_Wildlife_Reserve [SEP] [ANS] >> dbo:sourceMountain >> dbr:Baikal_Mountains [SEP] [ANS] >> rdf:type >> dbo:River
translate question to dbpedia path: How many universities are located in a country led by Olemic Thommessen?,COUNT >> [ANS] >> dbo:country >> [VAR1] [SEP] [ANS] >> rdf:type >> dbo:University [SEP] [VAR1] >> dbp:leaderName >> dbr:Olemic_Thommessen
translate question to dbpedia path: where are renaissance centers located?,dbr:Renaissance_Center >> dbp:address >> [ANS]
translate question to dbpedia path: Which publisher of Stone Canoe is also the university for which Michael Powell plays for ?,dbr:Michael_Powell_(lacrosse) >> dbo:team >> [ANS] [SEP] dbr:Stone_Canoe >> dbo:publisher >> [ANS]
translate question to dbpedia path: What mascot of the Galatasaray Handball Team is also the team name of Cristo Rey Jesuit high School ?,dbr:Cristo_Rey_Jesuit_High_School_(Chicago) >> dbp:teamName >> [ANS] [SEP] dbr:Galatasaray_Handball_Team >> dbp:mascot >> [ANS]
translate question to dbpedia path: What is the alma mater of the author of Letter to a Christian Nation ?,[VAR1] >> dbp:almaMater >> [ANS] [SEP] dbr:Letter_to_a_Christian_Nation >> dbo:author >> [VAR1]
translate question to dbpedia path: Which television shows have been produced by Erik Bork?,[ANS] >> dbo:producer >> dbr:Erik_Bork [SEP] [ANS] >> rdf:type >> dbo:TelevisionShow
translate question to dbpedia path: What are the gadgets whose manufacturing company is founded by Terry Gou?,[ANS] >> dbo:manufacturer >> [VAR1] [SEP] [ANS] >> rdf:type >> dbo:Device [SEP] [VAR1] >> dbp:founder >> dbr:Terry_Gou
translate question to dbpedia path: What party are Siddharta Shankar Ray and Kamla Beniwal from?,dbr:Kamla_Beniwal >> dbp:party >> [ANS] [SEP] dbr:Siddhartha_Shankar_Ray >> dbo:party >> [ANS]
translate question to dbpedia path: How many books are there whose author's tomb is in Madrid?,COUNT >> [ANS] >> dbo:author >> [VAR1] [SEP] [ANS] >> rdf:type >> dbo:Book [SEP] [VAR1] >> dbo:restingPlace >> dbr:Madrid
translate question to dbpedia path: What are the television shows whose writers did notable work for Band of Brothers ?,[ANS] >> dbp:writer >> [VAR1] [SEP] [ANS] >> rdf:type >> dbo:TelevisionShow [SEP] [VAR1] >> dbo:notableWork >> dbr:Band_of_Brothers_(miniseries)
translate question to dbpedia path: To which political party does the writer of In the Bazaars of Hyderabad belong?,[VAR1] >> dbo:party >> [ANS] [SEP] dbr:In_the_Bazaars_of_Hyderabad >> dbp:writer >> [VAR1]
translate question to dbpedia path: To how many different species does the members of the Animal Kingdom belong?,COUNT >> [ANS] >> rdf:type >> dbo:Species [SEP] [VAR1] >> dbo:kingdom >> dbr:Animal [SEP] [VAR1] >> dbo:species >> [ANS]
translate question to dbpedia path: Where do networks affiliated with ETC broadcast?,[VAR1] >> dbp:affiliation >> dbr:ETC_(TV_channel) [SEP] [VAR1] >> dbp:area >> [ANS] [SEP] [VAR1] >> rdf:type >> dbo:BroadcastNetwork
translate question to dbpedia path: What water bodies are nearest to Helsinki city?,[ANS] >> dbo:nearestCity >> dbr:Helsinki [SEP] [ANS] >> rdf:type >> dbo:BodyOfWater
translate question to dbpedia path: Which relative of ralf schumacher is a famous formula one racer?,[ANS] >> dbp:relatives >> dbr:Ralf_Schumacher [SEP] [ANS] >> rdf:type >> dbo:FormulaOneRacer
translate question to dbpedia path: What country did the successor of William Ofori Atta swear his oath to?,[VAR1] >> dbp:allegiance >> [ANS] [SEP] [VAR1] >> dbp:predecessor >> dbr:William_Ofori_Atta
"translate question to dbpedia path: Which countries were the first to play Gumus and Ne daj se, Nina?","dbr:Gümüş_(TV_series) >> dbp:firstAired >> [ANS] [SEP] dbr:Ne_daj_se,_Nina >> dbp:firstAired >> [ANS]"
translate question to dbpedia path: Is tahiti in the Society Islands achipelago?,ASK >> dbr:Tahiti >> dbp:archipelago >> dbr:Society_Islands
translate question to dbpedia path: What is the prize awarded to Bruce Beutler ?,dbr:Bruce_Beutler >> dbo:award >> [ANS]
"translate question to dbpedia path: To which books Thomas Egerton, an editor?",[ANS] >> dbo:publisher >> dbr:Thomas_Egerton_(publisher) [SEP] [ANS] >> rdf:type >> dbo:Book
translate question to dbpedia path: Where did Marvo originate?,dbr:Mavro >> dbo:origin >> [ANS]
translate question to dbpedia path: What is the burial place of Iyoas I ?,dbr:Iyoas_I >> dbp:placeOfBurial >> [ANS]
translate question to dbpedia path: What sport played in Polytechnic uni of San Juan has also made advocate nasiruddin famous?,dbr:Advocate_Nasiruddin >> dbo:knownFor >> [ANS] [SEP] dbr:Polytechnic_University_of_the_Philippines_San_Juan >> dbo:sport >> [ANS]
translate question to dbpedia path: What river ends in Indian Ocean and also starts somewhere in Zambia?,[ANS] >> dbo:riverMouth >> dbr:Indian_Ocean [SEP] [ANS] >> dbo:sourceCountry >> dbr:Zambia [SEP] [ANS] >> rdf:type >> dbo:River
translate question to dbpedia path: Who all have been a commander during the battles of Ohio?,[VAR1] >> dbo:commander >> [ANS] [SEP] [VAR1] >> dbp:place >> dbr:Ohio [SEP] [VAR1] >> rdf:type >> dbo:MilitaryConflict
translate question to dbpedia path: What is the appliance build jointly by Sony and Asus?,[ANS] >> dbo:manufacturer >> dbr:Asus [SEP] [ANS] >> dbo:manufacturer >> dbr:Sony [SEP] [ANS] >> rdf:type >> dbo:InformationAppliance
translate question to dbpedia path: How many groups speak the English Language?,COUNT >> [ANS] >> dbp:languages >> dbr:English_language [SEP] [ANS] >> rdf:type >> dbo:EthnicGroup
translate question to dbpedia path: Which source of river Raa is the sovereign state of Adriatic sea ?,dbr:Adriatic_Sea >> dbo:country >> [ANS] [SEP] dbr:Raša_(river) >> dbo:source >> [ANS]
translate question to dbpedia path: What was founded by Congress of Industrial Organizations ?,dbr:Congress_of_Industrial_Organizations >> dbp:founded >> [ANS]
translate question to dbpedia path: Which current players once played for Toronto argonauts?,[ANS] >> dbo:formerTeam >> dbr:Toronto_Argonauts [SEP] [ANS] >> rdf:type >> dbo:AmericanFootballPlayer
translate question to dbpedia path: What is the religious affiliation of the Neungin High School which is also the academic interest of Sylvain Lvi ?,dbr:Neungin_High_School >> dbp:religiousAffiliation >> [ANS] [SEP] dbr:Sylvain_Lévi >> dbp:fields >> [ANS]
translate question to dbpedia path: Give me a count of movies distributed by Warner Bros?,COUNT >> [ANS] >> dbp:distributor >> dbr:Warner_Bros.
translate question to dbpedia path: Which magazines were founded by ann Wenner ?,[ANS] >> dbo:founder >> dbr:Jann_Wenner [SEP] [ANS] >> rdf:type >> dbo:Magazine
translate question to dbpedia path: Where is the venue of the History of Penny Arcade Expo located?,[VAR1] >> dbp:address >> [ANS] [SEP] dbr:History_of_Penny_Arcade_Expo >> dbp:venue >> [VAR1]
translate question to dbpedia path: Which company is the parent company of Chevrolet Spark ?,dbr:Chevrolet_Spark >> dbp:parentCompany >> [ANS]
translate question to dbpedia path: Name the TV show distributed by Broadcast Syndication and is broadcasted by comedy central ?,[ANS] >> dbo:distributor >> dbr:Broadcast_syndication [SEP] [ANS] >> dbp:network >> dbr:Comedy_Central [SEP] [ANS] >> rdf:type >> dbo:TelevisionShow
translate question to dbpedia path: Who was the president at the time when the opponent of Benjamin Spock held office?,[VAR1] >> dbo:opponent >> dbr:Benjamin_Spock [SEP] [VAR1] >> dbp:incumbent >> [ANS]
translate question to dbpedia path: List the shrines of the saint whose one of the shrine is Ponza ?,[VAR1] >> dbo:majorShrine >> [ANS] [SEP] [VAR1] >> dbo:majorShrine >> dbr:Poznań [SEP] [VAR1] >> rdf:type >> dbo:Saint
translate question to dbpedia path: Where is the headquarters of the company which runs the Metro Blue Line in minnesota?,[VAR1] >> dbp:headquarters >> [ANS] [SEP] [VAR1] >> rdf:type >> dbo:Organisation [SEP] dbr:Metro_Blue_Line_(Minnesota) >> dbp:operator >> [VAR1]
translate question to dbpedia path: How many people are in the continental army?,COUNT >> [ANS] >> dbo:militaryBranch >> dbr:Continental_Army
translate question to dbpedia path: Which religion followers are in the Royal Thai Army?,[VAR1] >> dbo:militaryBranch >> dbr:Royal_Thai_Army [SEP] [VAR1] >> dbo:religion >> [ANS]
translate question to dbpedia path: To which senator did military unit VMF-155 belong?,[ANS] >> dbo:militaryUnit >> dbr:VMF-155 [SEP] [ANS] >> rdf:type >> dbo:Senator
translate question to dbpedia path: What are the movies whose music is composed by Vangelis?,[ANS] >> dbo:musicComposer >> dbr:Vangelis [SEP] [ANS] >> rdf:type >> dbo:Film
translate question to dbpedia path: In which areas can I find wine made of Vitis vinifera grapes?,[VAR1] >> dbo:species >> dbr:Vitis_vinifera [SEP] [VAR1] >> dbo:wineRegion >> [ANS] [SEP] [VAR1] >> rdf:type >> dbo:Grape
translate question to dbpedia path: Which expertise of the Menetries's warbler is the  nationality of the Jeyhun Abiyev ?,dbr:Jeyhun_Abiyev >> dbo:nationality >> [ANS] [SEP] dbr:Menetries's_warbler >> dbo:binomialAuthority >> [ANS]
translate question to dbpedia path: Who is the publisher of The Rolling Stone Album Guide ?,dbr:The_Rolling_Stone_Album_Guide >> dbo:publisher >> [ANS]
translate question to dbpedia path: Which soccer clubs are in the Liga Divisi Utama?,[VAR1] >> dbo:season >> dbr:Liga_Divisi_Utama [SEP] [VAR1] >> dbp:name >> [ANS] [SEP] [VAR1] >> rdf:type >> dbo:SoccerClub
translate question to dbpedia path: How many services does 21Vianet provide?,COUNT >> dbr:21Vianet >> dbp:services >> [ANS]
translate question to dbpedia path: What is the Location of the Dofinivka Estuary which is also the  birthplace of the Liliya Lobanova ?,dbr:Dofinivka_Estuary >> dbp:location >> [ANS] [SEP] dbr:Liliya_Lobanova >> dbp:birthplace >> [ANS]
translate question to dbpedia path: What are the former team of the american football players who played at gridiron football position ?,[VAR1] >> dbo:formerTeam >> [ANS] [SEP] [VAR1] >> dbp:position >> dbr:Tackle_(gridiron_football_position) [SEP] [VAR1] >> rdf:type >> dbo:AmericanFootballPlayer
translate question to dbpedia path: What subjects does the subsequent work of The Dragons of Eden deals with  ?,[VAR1] >> dbp:subject >> [ANS] [SEP] dbr:The_Dragons_of_Eden >> dbo:subsequentWork >> [VAR1]
translate question to dbpedia path: Name the TV show which has judge as harry Connick and is broadcasted on Fox Broadcasting Company ?,"[ANS] >> dbo:channel >> dbr:Fox_Broadcasting_Company [SEP] [ANS] >> dbp:judges >> dbr:Harry_Connick,_Jr. [SEP] [ANS] >> rdf:type >> dbo:TelevisionShow"
translate question to dbpedia path: What are some rivers over which there is a box girder bridge?,[VAR1] >> dbp:crosses >> [ANS] [SEP] [VAR1] >> dbp:design >> dbr:Box_girder_bridge
translate question to dbpedia path: Whay common comic is written by Karakuri Dji Ultimo and narrated by The Incredible Hulk ?,dbr:Karakuri_Dôji_Ultimo >> dbp:author >> [ANS] [SEP] dbr:The_Incredible_Hulk_(1982_TV_series) >> dbp:narrated >> [ANS]
translate question to dbpedia path: Which university attended by Donn Barber and education institute of Jack McGregor ?,dbr:Donn_Barber >> dbp:education >> [ANS] [SEP] dbr:Jack_McGregor >> dbo:education >> [ANS]
translate question to dbpedia path: Where is the lake located into which the Winnipeg River flows?,[VAR1] >> dbp:location >> [ANS] [SEP] [VAR1] >> dbp:outflow >> dbr:Winnipeg_River
translate question to dbpedia path: Which  municipality is neighbored by Cologny and Chne-Bougeries?,[ANS] >> dbp:neighboringMunicipalities >> dbr:Chêne-Bougeries [SEP] [ANS] >> dbp:neighboringMunicipalities >> dbr:Cologny
translate question to dbpedia path: Who is the designer of Saleen S5S Raptor ?,dbr:Saleen_S5S_Raptor >> dbp:designer >> [ANS]
translate question to dbpedia path: Name the newspaper owned by Schibsted and headquartered at Stockholm?,[ANS] >> dbp:headquarters >> dbr:Stockholm [SEP] [ANS] >> dbp:owners >> dbr:Schibsted [SEP] [ANS] >> rdf:type >> dbo:Newspaper
translate question to dbpedia path: How many party are there of the office holders whose one of the party is Janata Dal ?,COUNT >> [VAR1] >> dbo:otherParty >> [ANS] [SEP] [VAR1] >> dbo:otherParty >> dbr:Janata_Dal
translate question to dbpedia path: Name the first driver of 1999 San Marino Grand Prix ?,dbr:1999_San_Marino_Grand_Prix >> dbo:firstDriver >> [ANS]
translate question to dbpedia path: What is the scientist whose doctoral students are Erich Bagge and erban ieica?,[ANS] >> dbo:doctoralStudent >> dbr:Erich_Bagge [SEP] [ANS] >> dbo:doctoralStudent >> dbr:Șerban_Țițeica
translate question to dbpedia path: Who battled under commander Egushawa in a conflict?,[VAR1] >> dbo:commander >> dbr:Egushawa [SEP] [VAR1] >> dbp:combatant >> [ANS] [SEP] [VAR1] >> rdf:type >> dbo:MilitaryConflict
translate question to dbpedia path: How many things have made different people living in Canada famous?,COUNT >> [VAR1] >> dbo:knownFor >> [ANS] [SEP] [VAR1] >> dbo:nationality >> dbr:Canadians
translate question to dbpedia path: Which is the largest city of Union State ?,dbr:Union_State >> dbp:largestCity >> [ANS]
translate question to dbpedia path: Which university has a sports team member called Micheal Powell and also owns Syracuse University Press ?,dbr:Michael_Powell_(lacrosse) >> dbo:team >> [ANS] [SEP] dbr:Syracuse_University_Press >> dbp:parent >> [ANS]
translate question to dbpedia path: Is Greg Weeks the band member of Beyond the Sixth Seal?,ASK >> dbr:Beyond_the_Sixth_Seal >> dbo:bandMember >> dbr:Greg_Weeks
translate question to dbpedia path: Ryan Seacrest has been the presenter of how many things?,COUNT >> [ANS] >> dbo:presenter >> dbr:Ryan_Seacrest
translate question to dbpedia path: Was the Model K designed by Herny Ford?,ASK >> dbr:Ford_Model_K >> dbo:designCompany >> dbr:Henry_Ford
translate question to dbpedia path: Count the tenants of the stadiums designed by Populous?,COUNT >> [VAR1] >> dbo:architect >> dbr:Populous_(company) [SEP] [VAR1] >> dbo:tenant >> [ANS]
translate question to dbpedia path: Who all have been judges on CTV Network's shows?,[VAR1] >> dbo:network >> dbr:CTV_Television_Network [SEP] [VAR1] >> dbp:judges >> [ANS] [SEP] [VAR1] >> rdf:type >> dbo:TelevisionShow
translate question to dbpedia path: How many have former teams as Indianapolis Colts and Carolina Panthers?,COUNT >> [ANS] >> dbo:formerTeam >> dbr:Carolina_Panthers [SEP] [ANS] >> dbo:formerTeam >> dbr:Indianapolis_Colts
translate question to dbpedia path: What are some movies whose distributer's CEO is Ted Hartley?,[ANS] >> dbp:distributor >> [VAR1] [SEP] [ANS] >> rdf:type >> dbo:Film [SEP] [VAR1] >> dbp:keyPeople >> dbr:Ted_Hartley
translate question to dbpedia path: What was the stadium of Panionios G.S.S. in 2014-15 season ?,dbr:2014–15_Panionios_G.S.S._season >> dbp:stadium >> [ANS]
translate question to dbpedia path: Does Mt St. Peter Churt follow the architectural style of art deco?,ASK >> dbr:Mount_St._Peter_Church >> dbp:architecture >> dbr:Art_Deco
translate question to dbpedia path: Who was the editor of the newspaper owned by the the UK government?,[VAR1] >> dbp:editor >> [ANS] [SEP] [VAR1] >> dbp:owners >> dbr:Government_of_the_United_Kingdom [SEP] [VAR1] >> rdf:type >> dbo:Newspaper
translate question to dbpedia path: List the Stanley Kubrick's movies which has music by Laurie Johnson  ?,[ANS] >> dbo:director >> dbr:Stanley_Kubrick [SEP] [ANS] >> dbp:music >> dbr:Laurie_Johnson [SEP] [ANS] >> rdf:type >> dbo:Film
translate question to dbpedia path: What are the type of Greenup County High School?,dbr:Greenup_County_High_School >> dbp:type >> [ANS]
"translate question to dbpedia path: Where does the road starting from Madison, Wisconsin end?","[VAR1] >> dbo:routeEnd >> dbr:Madison,_Wisconsin [SEP] [VAR1] >> dbo:routeStart >> [ANS] [SEP] [VAR1] >> rdf:type >> dbo:Road"
translate question to dbpedia path: To which label did The Producers and I pray on Christmas sign up?,dbr:I_Pray_on_Christmas >> dbp:label >> [ANS] [SEP] dbr:The_Producers_(2005_film) >> dbp:label >> [ANS]
translate question to dbpedia path: What is sovereignity of the successor of Mr. George Robert Andrews ?,[VAR1] >> dbo:country >> [ANS] [SEP] dbr:George_Roberts_Andrews >> dbp:successor >> [VAR1]
translate question to dbpedia path: Colin Powell was the commander of which military conflict ?,[ANS] >> dbo:commander >> dbr:Colin_Powell [SEP] [ANS] >> rdf:type >> dbo:MilitaryConflict
translate question to dbpedia path: In which common territory did Sino French war and the Tonkin campaign take place?,dbr:Sino-French_War >> dbo:territory >> [ANS] [SEP] dbr:Tonkin_Campaign >> dbo:territory >> [ANS]
translate question to dbpedia path: What is the label of Next Thing ?,dbr:Next_Thing >> dbo:recordLabel >> [ANS]
translate question to dbpedia path: Is Lancy a city close to Geneva?,ASK >> dbr:Geneva >> dbo:neighboringMunicipality >> dbr:Lancy
translate question to dbpedia path: List down the schools whose mascot's order is Even-toed ungulate?,[ANS] >> dbp:mascot >> [VAR1] [SEP] [VAR1] >> dbo:order >> dbr:Even-toed_ungulate
translate question to dbpedia path: Name the company whose products is Boeing F/A-18E/F Super Hornet and key person is Raymond Conner?,[ANS] >> dbo:keyPerson >> dbr:Raymond_Conner [SEP] [ANS] >> dbp:products >> dbr:Boeing_F/A-18E/F_Super_Hornet [SEP] [ANS] >> rdf:type >> dbo:Company
translate question to dbpedia path: List the relatives of the governor of Gabriel Slaughter?,[VAR1] >> dbo:relation >> [ANS] [SEP] dbr:Gabriel_Slaughter >> dbo:governor >> [VAR1]
"translate question to dbpedia path: In all the states which have a Uniontown, where does a Keller's mill covered bridge exist too?","dbr:Keller's_Mill_Covered_Bridge >> dbo:state >> [ANS] [SEP] dbr:Uniontown,_Pennsylvania >> dbo:state >> [ANS]"
translate question to dbpedia path: Who manufactured the Delta III and the Space Shuttle?,dbr:Delta_III >> dbo:manufacturer >> [ANS] [SEP] dbr:Space_Shuttle >> dbo:manufacturer >> [ANS]
translate question to dbpedia path: How many corporations were founded in Texas?,COUNT >> [ANS] >> dbo:foundationPlace >> dbr:Texas [SEP] [ANS] >> rdf:type >> dbo:Company
"translate question to dbpedia path: What is the style of architecture of Shaheed Minar, Kolkata ?","dbr:Shaheed_Minar,_Kolkata >> dbo:architecturalStyle >> [ANS]"
translate question to dbpedia path: Which developer of Go was also the predecssor of X compnay ?,dbr:Go_(programming_language) >> dbo:developer >> [ANS] [SEP] dbr:X_(company) >> dbp:predecessor >> [ANS]
translate question to dbpedia path: List all the houses of United States Congress ?,dbr:United_States_Congress >> dbp:houses >> [ANS]
translate question to dbpedia path: What companies are located in toronto?,[ANS] >> dbo:locationCity >> dbr:Toronto [SEP] [ANS] >> rdf:type >> dbo:Company
translate question to dbpedia path: Where does the network cofounded by Seewoosagur Ramgoolam air its shows?,[VAR1] >> dbp:broadcastArea >> [ANS] [SEP] [VAR1] >> dbp:founder >> dbr:Seewoosagur_Ramgoolam [SEP] [VAR1] >> rdf:type >> dbo:BroadcastNetwork
translate question to dbpedia path: Name the appliance produced by Foxconn and its OS is provided by PlayStation 3 system software ?,[ANS] >> dbo:manufacturer >> dbr:Foxconn [SEP] [ANS] >> dbp:os >> dbr:PlayStation_3_system_software [SEP] [ANS] >> rdf:type >> dbo:InformationAppliance
translate question to dbpedia path: Which teams participate in the football seasons headed by Patricia Amorim?,[VAR1] >> dbo:chairman >> dbr:Patrícia_Amorim [SEP] [VAR1] >> dbp:name >> [ANS] [SEP] [VAR1] >> rdf:type >> dbo:SportsSeason
translate question to dbpedia path: Who was the architect of the stadium currently run by Brandenton?,"[VAR1] >> dbo:operator >> dbr:Bradenton,_Florida [SEP] [VAR1] >> dbp:architect >> [ANS] [SEP] [VAR1] >> rdf:type >> dbo:Stadium"
translate question to dbpedia path: who operates the south side elevated railroad?,dbr:South_Side_Elevated_Railroad >> dbo:operatedBy >> [ANS]
translate question to dbpedia path: Name few companies founded in Texas?,[ANS] >> dbo:foundationPlace >> dbr:Texas [SEP] [ANS] >> rdf:type >> dbo:Company
translate question to dbpedia path: In which timezone does Khok Kwang lie?,dbr:Khok_Kwang >> dbo:timeZone >> [ANS]
translate question to dbpedia path: Who directed the albums recorded in Anaheim?,"[VAR1] >> dbo:recordedIn >> dbr:Anaheim,_California [SEP] [VAR1] >> dbp:director >> [ANS] [SEP] [VAR1] >> rdf:type >> dbo:Album"
translate question to dbpedia path: Who has Saint Joseph and Mary as parents ?,[ANS] >> dbo:parent >> dbr:Mary_(mother_of_Jesus) [SEP] [ANS] >> dbo:parent >> dbr:Saint_Joseph
"translate question to dbpedia path: How many awards have been received by graduates of University of Melbourne, Faculty of VCA & MCM?",COUNT >> [VAR1] >> dbo:award >> [ANS] [SEP] [VAR1] >> dbo:training >> dbr:University_of_Melbourne_Faculty_of_VCA_and_MCM
translate question to dbpedia path: Name the common current team of the Avalon biddle and John mcGuinness ?,dbr:Avalon_Biddle >> dbp:currentTeam >> [ANS] [SEP] dbr:John_McGuinness_(motorcycle_racer) >> dbp:currentTeam >> [ANS]
translate question to dbpedia path: What is the result of the GazaIsrael conflict is also  the  place of the Qaqun?,dbr:Gaza–Israel_conflict >> dbp:result >> [ANS] [SEP] dbr:Qaqun >> dbp:place >> [ANS]
translate question to dbpedia path: Where are Aureus and Solidus used as currency?,[ANS] >> dbo:currency >> dbr:Aureus [SEP] [ANS] >> dbo:currency >> dbr:Solidus_(coin)
translate question to dbpedia path: To which military division does Clark Daniel Stearns belong?,dbr:Clark_Daniel_Stearns >> dbo:militaryBranch >> [ANS]
translate question to dbpedia path: Who are the opponents of Gervase Helwys?,dbr:Gervase_Helwys >> dbo:opponent >> [ANS]
translate question to dbpedia path: Which planet was discovered by Johann Gottfired and Urbain Le Verrier ?,[ANS] >> dbo:discoverer >> dbr:Urbain_Le_Verrier [SEP] [ANS] >> dbp:discoverer >> dbr:Johann_Gottfried_Galle [SEP] [ANS] >> rdf:type >> dbo:Planet
translate question to dbpedia path: Is Ella Fitzgerald associated with Mickey Roker?,ASK >> dbr:Mickey_Roker >> dbo:associatedBand >> dbr:Ella_Fitzgerald
translate question to dbpedia path: Who is the office holder for constituencies  Castro District and Haight-Ashbury?,"[ANS] >> dbp:constituency >> dbr:Castro_District,_San_Francisco [SEP] [ANS] >> dbp:constituency >> dbr:Haight-Ashbury [SEP] [ANS] >> rdf:type >> dbo:OfficeHolder"
translate question to dbpedia path: Which awards have been given to immunologists?,[VAR1] >> dbo:award >> [ANS] [SEP] [VAR1] >> dbp:fields >> dbr:Immunology
translate question to dbpedia path: What are the mountains in the Sequoia National Park?,[ANS] >> dbo:locatedInArea >> dbr:Sequoia_National_Park [SEP] [ANS] >> rdf:type >> dbo:Mountain
translate question to dbpedia path: What is the alma mater of Alvin Bell and Charles Plosser?,dbr:Alvin_Bell >> dbo:college >> [ANS] [SEP] dbr:Charles_Plosser >> dbp:almaMater >> [ANS]
translate question to dbpedia path: Which animator of The Skeleton Dance is also the animator of the Tommy Tucker's Tooth ?,dbr:The_Skeleton_Dance >> dbo:animator >> [ANS] [SEP] dbr:Tommy_Tucker's_Tooth >> dbp:animator >> [ANS]
translate question to dbpedia path: From where did Ben Wilson (American football) do his highscool?,dbr:Ben_Wilson_(American_football) >> dbo:highschool >> [ANS]
translate question to dbpedia path: Does the lena river flow into the Laptev Sea?,ASK >> dbr:Lena_River >> dbo:mouthMountain >> dbr:Laptev_Sea
translate question to dbpedia path: Name some books by Spanish speaking authors.,[ANS] >> dbp:author >> [VAR1] [SEP] [VAR1] >> dbp:language >> dbr:Spanish_language
translate question to dbpedia path: How many famous people are born in Long Island?,COUNT >> [ANS] >> dbo:birthPlace >> dbr:Long_Island
translate question to dbpedia path: Name some sports played in institutions of Maharashtra?,[VAR1] >> dbo:sport >> [ANS] [SEP] [VAR1] >> dbp:state >> dbr:Maharashtra
translate question to dbpedia path: How many other genere are there of the radio stations whose one of the genre  is Classic rock ?,COUNT >> [VAR1] >> dbo:programmeFormat >> [ANS] [SEP] [VAR1] >> dbo:programmeFormat >> dbr:Classic_rock
translate question to dbpedia path: Where did Allama Matthews study?,dbr:Allama_Matthews >> dbo:college >> [ANS]
translate question to dbpedia path: What is the common nationality of Funny Face a comedian and that of Georgina Theodora Wood ?,dbr:Funny_Face_(comedian) >> dbp:nationality >> [ANS] [SEP] dbr:Georgina_Theodora_Wood >> dbo:nationality >> [ANS]
translate question to dbpedia path: What shows are aired on sister channels of BBC Parliaments,[ANS] >> dbo:network >> [VAR1] [SEP] [ANS] >> rdf:type >> dbo:TelevisionShow [SEP] [VAR1] >> dbp:sisterNames >> dbr:BBC_Parliament
translate question to dbpedia path: How many veterans are buried in the US?,COUNT >> [ANS] >> dbo:restingPlace >> dbr:United_States [SEP] [ANS] >> rdf:type >> dbo:MilitaryPerson
translate question to dbpedia path: Was Michael Schumacher the Pole driver of 1994 Spanish Grand Prix?,ASK >> dbr:1994_Spanish_Grand_Prix >> dbp:poleDriver >> dbr:Michael_Schumacher
translate question to dbpedia path: name the Glover's distributer ?,dbr:Glover_(video_game) >> dbo:distributor >> [ANS]
translate question to dbpedia path: Whichi office of Walter Evnas Edge is also the part of Atlantic seaboard fall lines ?,dbr:Atlantic_Seaboard_fall_line >> dbo:part >> [ANS] [SEP] dbr:Walter_Evans_Edge >> dbp:office >> [ANS]
translate question to dbpedia path: Does the west thurrock come under Essex county?,ASK >> dbr:West_Thurrock >> dbo:ceremonialCounty >> dbr:Essex
translate question to dbpedia path: Is Azerbaijan the membership of European Go Federation?,ASK >> dbr:European_Go_Federation >> dbp:membership >> dbr:Azerbaijan
translate question to dbpedia path: Which team did Michael and Ryan Powell play for?,dbr:Michael_Powell_(lacrosse) >> dbo:team >> [ANS] [SEP] dbr:Ryan_Powell_(lacrosse) >> dbo:team >> [ANS]
translate question to dbpedia path: What are the television shows whose network is Prime Time Entertainment Network?,[ANS] >> dbp:network >> dbr:Prime_Time_Entertainment_Network [SEP] [ANS] >> rdf:type >> dbo:TelevisionShow
"translate question to dbpedia path: To which company is the service ""Nintendo eShop"" associated with?",[ANS] >> dbp:services >> dbr:Nintendo_eShop [SEP] [ANS] >> rdf:type >> dbo:Company
translate question to dbpedia path: Name the famous employee of open society foundations ?,[ANS] >> dbp:employer >> dbr:Open_Society_Foundations
translate question to dbpedia path: List the movies whose music composer is often associated with Jon and Vangelis.,[ANS] >> dbo:musicComposer >> [VAR1] [SEP] [ANS] >> rdf:type >> dbo:Film [SEP] [VAR1] >> dbp:associatedActs >> dbr:Jon_and_Vangelis
translate question to dbpedia path: Does Massimo Liverani play for Abarth?,ASK >> dbr:Massimo_Liverani >> dbp:currentTeam >> dbr:Abarth
translate question to dbpedia path: who is the governer of New Castile?,[ANS] >> dbp:order >> dbr:Governorate_of_New_Castile
translate question to dbpedia path: Does MSX BASIC have a license of microsoft?,ASK >> dbr:MSX_BASIC >> dbp:license >> dbr:Microsoft
translate question to dbpedia path: How many teams have someone playing at the defenceman position?,COUNT >> [ANS] >> rdf:type >> dbo:SportsTeam [SEP] [VAR1] >> dbo:team >> [ANS] [SEP] [VAR1] >> dbp:position >> dbr:Defenceman
translate question to dbpedia path: List all the teams which have someone who played their first game for the Yankees?,[VAR1] >> dbo:team >> [ANS] [SEP] [VAR1] >> dbp:debutteam >> dbr:New_York_Yankees
translate question to dbpedia path: Cricket is played by which countries' citizens?,[VAR1] >> dbo:occupation >> dbr:Cricket [SEP] [VAR1] >> dbo:stateOfOrigin >> [ANS]
translate question to dbpedia path: Which religion is followed by the PM who was served by Chea Sim?,[VAR1] >> dbo:religion >> [ANS] [SEP] dbr:Chea_Sim >> dbp:primeminister >> [VAR1]
translate question to dbpedia path: Name some shows similar to the one whose theme song is made by Murray Gold.,[ANS] >> dbo:related >> [VAR1] [SEP] [ANS] >> rdf:type >> dbo:TelevisionShow [SEP] [VAR1] >> dbp:themeMusicComposer >> dbr:Murray_Gold
translate question to dbpedia path: What is the constituency of the people who died in Lampedusa?,[VAR1] >> dbp:constituency >> [ANS] [SEP] [VAR1] >> dbp:deathPlace >> dbr:Lampedusa [SEP] [VAR1] >> rdf:type >> dbo:Person
translate question to dbpedia path: Who are the relatives of the character after which Quagmire's Quagmire was made?,[ANS] >> dbo:relative >> [VAR1] [SEP] [VAR1] >> dbo:subsequentWork >> dbr:Quagmire's_Quagmire
translate question to dbpedia path: Name the driver who was at pole in 1997 Canadian Grand Prix and also 1994 Spanish Grand Prix ?,dbr:1994_Spanish_Grand_Prix >> dbo:poleDriver >> [ANS] [SEP] dbr:1997_Canadian_Grand_Prix >> dbp:poleDriver >> [ANS]
translate question to dbpedia path: Which fictional character portrayed by Roger barton has Darth Vader as family member ?,[ANS] >> dbp:family >> dbr:Darth_Vader [SEP] [ANS] >> dbp:portrayer >> dbr:Roger_Barton_(film_editor) [SEP] [ANS] >> rdf:type >> dbo:FictionalCharacter
translate question to dbpedia path: Which band was left by Kevin Jonas?,[ANS] >> dbo:formerBandMember >> dbr:Kevin_Jonas [SEP] [ANS] >> rdf:type >> dbo:Band
translate question to dbpedia path: What is the place of death of the gymnast who was the silver medalist at the 1956 Summer Olympics Men's rings ?,[VAR1] >> dbp:placeOfDeath >> [ANS] [SEP] dbr:Gymnastics_at_the_1956_Summer_Olympics_–_Men's_rings >> dbo:silverMedalist >> [VAR1]
translate question to dbpedia path: Name the narrators of the album which has been narrated by Alan Thicke ?,[VAR1] >> dbp:narrated >> [ANS] [SEP] [VAR1] >> dbp:narrated >> dbr:Alan_Thicke
"translate question to dbpedia path: Whose children died in North Bend, Ohio?","[ANS] >> dbo:child >> [VAR1] [SEP] [VAR1] >> dbo:deathPlace >> dbr:North_Bend,_Ohio"
translate question to dbpedia path: Name the presenter of Shirley Temple's Storybook ?,dbr:Shirley_Temple's_Storybook >> dbp:presenter >> [ANS]
translate question to dbpedia path: What is the place of birth of the stars of Auto Shankar ?,[VAR1] >> dbo:birthPlace >> [ANS] [SEP] dbr:Auto_Shankar_(film) >> dbp:starring >> [VAR1]
translate question to dbpedia path: Name the television show created by CE Webber and also has actor named Companion?,[ANS] >> dbo:creator >> dbr:C._E._Webber [SEP] [ANS] >> dbo:starring >> dbr:Companion_(Doctor_Who) [SEP] [ANS] >> rdf:type >> dbo:TelevisionShow
translate question to dbpedia path: Give me the characters who last appeared in Star Wars Episode 3,[ANS] >> dbp:last >> dbr:Star_Wars:_Episode_III_–_Revenge_of_the_Sith
"translate question to dbpedia path: How many awards have been awarded to people who are buried in Glendale, California?","COUNT >> [VAR1] >> dbo:award >> [ANS] [SEP] [VAR1] >> dbo:restingPlace >> dbr:Glendale,_California"
translate question to dbpedia path: Count the number of tenants whose one of the tenant is Toronto Phantoms ?,COUNT >> [VAR1] >> dbo:tenant >> [ANS] [SEP] [VAR1] >> dbo:tenant >> dbr:Toronto_Phantoms
translate question to dbpedia path: In which war did the units garrisoned at Turin fight?,[VAR1] >> dbo:battle >> [ANS] [SEP] [VAR1] >> dbp:garrison >> dbr:Turin
translate question to dbpedia path: Which software uses GTK+ as programming language?,[ANS] >> dbp:programmingLanguage >> dbr:GTK+ [SEP] [ANS] >> rdf:type >> dbo:Software
translate question to dbpedia path: Producers of what have died in Mississippi?,[ANS] >> dbo:producer >> [VAR1] [SEP] [VAR1] >> dbo:deathPlace >> dbr:Mississippi
translate question to dbpedia path: Where is the birthplace of Ferrel Harris ?,dbr:Ferrel_Harris >> dbp:birthplace >> [ANS]
translate question to dbpedia path: Did Stan Lee write the Daredevils?,ASK >> dbr:The_Daredevils >> dbp:writers >> dbr:Stan_Lee
translate question to dbpedia path: Which sports exist in the universities whose president is Emanuel de Guzman?,[VAR1] >> dbo:president >> dbr:Emanuel_de_Guzman [SEP] [VAR1] >> dbo:sport >> [ANS] [SEP] [VAR1] >> rdf:type >> dbo:University
translate question to dbpedia path: How many scientists are known for the Manhatten Project?,COUNT >> [ANS] >> dbp:knownFor >> dbr:Manhattan_Project [SEP] [ANS] >> rdf:type >> dbo:Scientist
translate question to dbpedia path: Who designed the stadiums which have been rented by Oakland athletics?,[VAR1] >> dbo:tenant >> dbr:Oakland_Athletics [SEP] [VAR1] >> dbp:architect >> [ANS] [SEP] [VAR1] >> rdf:type >> dbo:Stadium
translate question to dbpedia path: Who were the producers of the tenderfoot?,dbr:The_Tenderfoot_(miniseries) >> dbo:producer >> [ANS]
translate question to dbpedia path: Name the route start of Saint Petersburg  Moscow Railway ?,dbr:Saint_Petersburg_–_Moscow_Railway >> dbo:routeStart >> [ANS]
translate question to dbpedia path: Name the sport league of Hampton Roads Rhinos ?,dbr:Hampton_Roads_Rhinos >> dbp:league >> [ANS]
translate question to dbpedia path: How many Thesaban towns are there?,COUNT >> [ANS] >> dbp:settlementType >> dbr:Thesaban [SEP] [ANS] >> rdf:type >> dbo:Town
translate question to dbpedia path: Name all the broadcast area of the TV stations which has Rodrigues as one of the broadcast area ?,[VAR1] >> dbp:broadcastArea >> [ANS] [SEP] [VAR1] >> dbp:broadcastArea >> dbr:Rodrigues [SEP] [VAR1] >> rdf:type >> dbo:TelevisionStation
translate question to dbpedia path: Which share holder of outlook is also the content license of the MSX Basics ?,dbr:MSX_BASIC >> dbp:license >> [ANS] [SEP] dbr:Outlook_on_the_web >> dbp:owner >> [ANS]
translate question to dbpedia path: Name the shows whose theme was composed by a band in which Jay Lane used to be?,[ANS] >> dbp:themeMusicComposer >> [VAR1] [SEP] [ANS] >> rdf:type >> dbo:TelevisionShow [SEP] [VAR1] >> dbo:formerBandMember >> dbr:Jay_Lane
translate question to dbpedia path: Name the office holder with predecessor as Mark Latham and partner Tim Mathieson ?,[ANS] >> dbo:partner >> dbr:Tim_Mathieson [SEP] [ANS] >> dbp:predecessor >> dbr:Mark_Latham [SEP] [ANS] >> rdf:type >> dbo:OfficeHolder
translate question to dbpedia path: Which newspaper owned by Schibsted is published in Swedish ?,[ANS] >> dbp:language >> dbr:Swedish_language [SEP] [ANS] >> dbp:owners >> dbr:Schibsted [SEP] [ANS] >> rdf:type >> dbo:Newspaper
translate question to dbpedia path: Was Yabanc Damat first aired in UAE?,ASK >> dbr:Yabancı_Damat >> dbp:firstAired >> dbr:United_Arab_Emirates
translate question to dbpedia path: How many other people are in a band with Robert de Niro?,COUNT >> [ANS] >> rdf:type >> dbo:Person [SEP] [VAR1] >> dbo:bandMember >> [ANS] [SEP] [VAR1] >> dbp:currentMembers >> dbr:Robert_De_Niro
"translate question to dbpedia path: Which river goes through cohoes, NY","dbr:Cohoes,_New_York >> dbo:river >> [ANS]"
translate question to dbpedia path: List the software which uses Microsoft Windows as their operating system ?,[ANS] >> dbo:operatingSystem >> dbr:Microsoft_Windows [SEP] [ANS] >> rdf:type >> dbo:Software
translate question to dbpedia path: What all has been created by Jerry Siegel?,[ANS] >> dbp:creators >> dbr:Jerry_Siegel
translate question to dbpedia path: What is the common party of the Manthena Venkata Raju and  B. Shiva Rao?,dbr:B._Shiva_Rao >> dbp:party >> [ANS] [SEP] dbr:Manthena_Venkata_Raju >> dbo:party >> [ANS]
translate question to dbpedia path: Is Philosophy the academic discipline of Think (journal)?,ASK >> dbr:Think_(journal) >> dbo:academicDiscipline >> dbr:Philosophy
translate question to dbpedia path: List the country of Tokaj wine region ?,dbr:Tokaj_wine_region >> dbp:country >> [ANS]
translate question to dbpedia path: Who all were venerated in Islam?,COUNT >> [ANS] >> dbo:veneratedIn >> dbr:Islam
translate question to dbpedia path: Which country has outflow of  Lake Uniamsi and  inflows of the Cahora Bassa?,dbr:Cahora_Bassa >> dbp:inflow >> [ANS] [SEP] dbr:Lake_Uniamési >> dbp:outflow >> [ANS]
translate question to dbpedia path: How many items belong to the Science Fiction genre?,COUNT >> [ANS] >> dbp:genre >> dbr:Science_fiction
translate question to dbpedia path: For what is Abhijit Kunte known ?,dbr:Abhijit_Kunte >> dbp:knownFor >> [ANS]
translate question to dbpedia path: Who is the author of Karakuri Dji Ultimo ?,dbr:Karakuri_Dôji_Ultimo >> dbp:author >> [ANS]
translate question to dbpedia path: How many shows belong to the networks one of whose sister station is BBC News?,COUNT >> [ANS] >> dbo:network >> [VAR1] [SEP] [ANS] >> rdf:type >> dbo:TelevisionShow [SEP] [VAR1] >> dbp:sisterNames >> dbr:BBC_News_(TV_channel)
translate question to dbpedia path: Which spouse of Ptolemy XIV had a mother named Ptolemy XII auletes ?,[ANS] >> dbo:parent >> dbr:Ptolemy_XII_Auletes [SEP] [ANS] >> dbo:spouse >> dbr:Ptolemy_XIV_of_Egypt
translate question to dbpedia path: What is the mascot of Galatasaray Handball Team ?,dbr:Galatasaray_Handball_Team >> dbp:mascot >> [ANS]
translate question to dbpedia path: Name some dishes made with flowering plants.,[ANS] >> dbo:ingredient >> [VAR1] [SEP] [ANS] >> rdf:type >> dbo:Food [SEP] [VAR1] >> dbo:division >> dbr:Flowering_plant
translate question to dbpedia path: Whose artworks are in Sao Paulo Museum of Art?,[VAR1] >> dbp:artist >> [ANS] [SEP] [VAR1] >> dbp:museum >> dbr:São_Paulo_Museum_of_Art [SEP] [VAR1] >> rdf:type >> dbo:Artwork
translate question to dbpedia path: Which country are the players of the Atletico Petroleos de Luanda from?,[VAR1] >> dbo:club >> dbr:Atlético_Petróleos_de_Luanda_(handball) [SEP] [VAR1] >> dbo:nationality >> [ANS] [SEP] [VAR1] >> rdf:type >> dbo:Athlete
translate question to dbpedia path: What is the ethnicity of the people working for the Philippines house of representatives?,[VAR1] >> dbo:ethnicity >> [ANS] [SEP] [VAR1] >> dbo:occupation >> dbr:House_of_Representatives_of_the_Philippines [SEP] [VAR1] >> rdf:type >> dbo:Person
translate question to dbpedia path: Where was Ganefo hosted?,dbr:GANEFO >> dbp:hostCity >> [ANS]
translate question to dbpedia path: What is the religion of the governors whose office is the Bank of Thailand?,[VAR1] >> dbo:religion >> [ANS] [SEP] [VAR1] >> dbp:office >> dbr:Bank_of_Thailand [SEP] [VAR1] >> rdf:type >> dbo:Governor
translate question to dbpedia path: Count everyone who was in a youthclub chaired by Josep Maria Bartomeu ?,COUNT >> [ANS] >> dbp:youthclubs >> [VAR1] [SEP] [VAR1] >> dbp:chairman >> dbr:Josep_Maria_Bartomeu
translate question to dbpedia path: What is the common branch of military of Edward Joseph Schwartz  and John Tower ?,dbr:Edward_Joseph_Schwartz >> dbp:branch >> [ANS] [SEP] dbr:John_Tower >> dbo:militaryBranch >> [ANS]
translate question to dbpedia path: Which TNT show has Christopher Franke as artist?,[ANS] >> dbp:artist >> dbr:Christopher_Franke [SEP] [ANS] >> dbp:network >> dbr:TNT_(TV_channel) [SEP] [ANS] >> rdf:type >> dbo:TelevisionShow
translate question to dbpedia path: What would be a common border of Siberia and the shimsa plateau?,dbr:Shimōsa_Plateau >> dbo:border >> [ANS] [SEP] dbr:Siberia >> dbo:border >> [ANS]
"translate question to dbpedia path: The Information: A History, a Theory, a Flood is a work of Isaac Newton?","ASK >> dbr:The_Information:_A_History,_a_Theory,_a_Flood >> dbo:previousWork >> dbr:Isaac_Newton"
"translate question to dbpedia path: List all the locations of the companies whose are also located in Rancho Cucamonga, California ?","[VAR1] >> dbo:locationCountry >> [ANS] [SEP] [VAR1] >> dbp:locationCountry >> dbr:Rancho_Cucamonga,_California [SEP] [VAR1] >> rdf:type >> dbo:Company"
translate question to dbpedia path: Name the university with affiliations as Graham Holdings Company and campus at Indiana?,[ANS] >> dbo:campus >> dbr:Indiana [SEP] [ANS] >> dbp:affiliations >> dbr:Graham_Holdings_Company [SEP] [ANS] >> rdf:type >> dbo:University
translate question to dbpedia path: Greek writers have won which award?,[VAR1] >> dbo:award >> [ANS] [SEP] [VAR1] >> dbp:ethnicity >> dbr:Greeks [SEP] [VAR1] >> rdf:type >> dbo:Writer
translate question to dbpedia path: In which nation does the league take place where C.D. Primeiro de Agosto play?,[VAR1] >> dbo:country >> [ANS] [SEP] [VAR1] >> rdf:type >> dbo:SportsLeague [SEP] dbr:C.D._Primeiro_de_Agosto_(basketball) >> dbo:league >> [VAR1]
translate question to dbpedia path: Where are ethnic group located which speak Nebraskan?,[VAR1] >> dbp:region >> [ANS] [SEP] [VAR1] >> rdf:type >> dbo:EthnicGroup [SEP] dbr:Nebraska >> dbo:language >> [VAR1]
translate question to dbpedia path: In which war did Roh Tae Woo and Lee Leffingwell fight?,dbr:Lee_Leffingwell >> dbo:battle >> [ANS] [SEP] dbr:Roh_Tae-woo >> dbo:battle >> [ANS]
"translate question to dbpedia path: For which reasons have the ones born in Edinburgh, died?",[VAR1] >> dbo:deathCause >> [ANS] [SEP] [VAR1] >> dbp:placeOfBirth >> dbr:Edinburgh
translate question to dbpedia path: What company developed Mac OS 9 and also brought Tiny Tower to the market?,dbr:Mac_OS_9 >> dbo:developer >> [ANS] [SEP] dbr:Tiny_Tower >> dbp:distributor >> [ANS]
translate question to dbpedia path: What is the largest city of the country which have an assembly of Plymouth Savoy?,[VAR1] >> dbo:largestCity >> [ANS] [SEP] dbr:Plymouth_Savoy >> dbo:assembly >> [VAR1]
translate question to dbpedia path: What is the religion of the ethnic group to which Clara Ng belongs?,[VAR1] >> dbo:religion >> [ANS] [SEP] [VAR1] >> rdf:type >> dbo:EthnicGroup [SEP] dbr:Clara_Ng >> dbo:ethnicity >> [VAR1]
translate question to dbpedia path: What is the affiliation of Vanderbilt University Medical Center ?,dbr:Vanderbilt_University_Medical_Center >> dbp:affiliation >> [ANS]
translate question to dbpedia path: How many scientist became famous for the battle of Occupation of Japan?,COUNT >> [ANS] >> dbp:knownFor >> [VAR1] [SEP] [ANS] >> rdf:type >> dbo:Scientist [SEP] [VAR1] >> dbo:battle >> dbr:Occupation_of_Japan
translate question to dbpedia path: Did Steve Sampson manage a club of Santa Clara university,ASK >> dbr:Steve_Sampson >> dbo:managerClub >> dbr:Santa_Clara_University
translate question to dbpedia path: In which municipalities does the NYC housing authority own buildings?,[VAR1] >> dbo:municipality >> [ANS] [SEP] [VAR1] >> dbo:owningOrganisation >> dbr:New_York_City_Housing_Authority [SEP] [VAR1] >> rdf:type >> dbo:Building
translate question to dbpedia path: What have been made in the state whose capital is Boston?,[ANS] >> dbo:location >> [VAR1] [SEP] [VAR1] >> dbp:capital >> dbr:Boston
translate question to dbpedia path: Name the military conflict whose commander was Colin Powell and took place in israel ?,[ANS] >> dbo:commander >> dbr:Colin_Powell [SEP] [ANS] >> dbo:place >> dbr:Israel [SEP] [ANS] >> rdf:type >> dbo:MilitaryConflict
translate question to dbpedia path: Where do the judge advocate general corps live?,[VAR1] >> dbp:rank >> dbr:Judge_Advocate_General's_Corps [SEP] [VAR1] >> dbp:residence >> [ANS]
translate question to dbpedia path: List the universities with athletics NCAA Division I Football Bowl Subdivision ?,[ANS] >> dbp:athletics >> dbr:NCAA_Division_I_Football_Bowl_Subdivision [SEP] [ANS] >> rdf:type >> dbo:University
translate question to dbpedia path: Who is the builder of the Stadium of Costa Rica women's national football team?,[VAR1] >> dbo:builder >> [ANS] [SEP] [VAR1] >> rdf:type >> dbo:Stadium [SEP] dbr:Costa_Rica_women's_national_football_team >> dbo:stadium >> [VAR1]
translate question to dbpedia path: How many sitcoms were produced by the company whose predecessor was the Desilu Productions,COUNT >> [ANS] >> dbp:company >> [VAR1] [SEP] [ANS] >> rdf:type >> dbo:TelevisionShow [SEP] [VAR1] >> dbp:predecessor >> dbr:Desilu_Productions
translate question to dbpedia path: What city is the residence of Cheryl Teigs?,dbr:Cheryl_Tiegs >> dbo:residence >> [ANS]
translate question to dbpedia path: Which basketball team's coach is Kurt Rambis?,[ANS] >> dbo:coach >> dbr:Kurt_Rambis
translate question to dbpedia path: Who is the successor of Quest Software ?,dbr:Quest_Software >> dbp:successor >> [ANS]
translate question to dbpedia path: What are some other destinations covered by the airlines whose flights go to the Mediterranean sea?,[VAR1] >> dbo:destination >> [ANS] [SEP] [VAR1] >> dbp:destinations >> dbr:Mediterranean_Sea [SEP] [VAR1] >> rdf:type >> dbo:Airline
translate question to dbpedia path: Where is the  assembly of Caterpillar 797 ?,dbr:Caterpillar_797 >> dbo:assembly >> [ANS]
translate question to dbpedia path: What is the official residence of the senator who is the deputy of Everett Dirksen?,[VAR1] >> dbo:residence >> [ANS] [SEP] [VAR1] >> rdf:type >> dbo:Senator [SEP] dbr:Everett_Dirksen >> dbp:deputy >> [VAR1]
translate question to dbpedia path: What are the organisation founded in Texas and Dallas?,[ANS] >> dbo:foundationPlace >> dbr:Dallas [SEP] [ANS] >> dbo:foundationPlace >> dbr:Texas [SEP] [ANS] >> rdf:type >> dbo:Organisation
translate question to dbpedia path: Name the television show whose voice is given by  April Stewart and theme music composer is Primus (band)?,[ANS] >> dbp:themeMusicComposer >> dbr:Primus_(band) [SEP] [ANS] >> dbp:voices >> dbr:April_Stewart [SEP] [ANS] >> rdf:type >> dbo:TelevisionShow
translate question to dbpedia path: Name the constituency of  Jonas Gahr Stre ?,dbr:Jonas_Gahr_Støre >> dbp:constituency >> [ANS]
translate question to dbpedia path: Which players have represented Los Angeles Angels of Anaheim?,[ANS] >> dbo:team >> dbr:Los_Angeles_Angels_of_Anaheim [SEP] [ANS] >> rdf:type >> dbo:BaseballPlayer
translate question to dbpedia path: Where did Goran Cengic die?,dbr:Goran_Čengić >> dbp:deathPlace >> [ANS]
translate question to dbpedia path: What is the profession of Claiborne Pell ?,dbr:Claiborne_Pell >> dbo:profession >> [ANS]
translate question to dbpedia path: Which former team of the Harry Parker (baseball) is the  debut team of the Carl Sitton?,dbr:Carl_Sitton >> dbp:debutteam >> [ANS] [SEP] dbr:Harry_Parker_(baseball) >> dbo:formerTeam >> [ANS]
translate question to dbpedia path: What are the county seats of the region which operates the Boeing Field?,[VAR1] >> dbo:countySeat >> [ANS] [SEP] [VAR1] >> rdf:type >> dbo:Region [SEP] dbr:Boeing_Field >> dbo:operator >> [VAR1]
translate question to dbpedia path: Where is the hometown of A Bartlett Giamatti?,dbr:A._Bartlett_Giamatti >> dbo:hometown >> [ANS]
translate question to dbpedia path: What are the professions of Frederick Frelinghuysen (general) ?,dbr:Frederick_Frelinghuysen_(general) >> dbp:occupation >> [ANS]
translate question to dbpedia path: Did Henry Ford design the Model C?,ASK >> dbr:Ford_Model_C >> dbo:designCompany >> dbr:Henry_Ford
translate question to dbpedia path: Name the species of Southwest African lion ?,dbr:Southwest_African_lion >> dbo:species >> [ANS]
translate question to dbpedia path: Count the sports played at universities located in Urban Areas?,COUNT >> [VAR1] >> dbo:campus >> dbr:Urban_area [SEP] [VAR1] >> dbo:sport >> [ANS]
translate question to dbpedia path: What is the mountain whose parent mountain peak is Nevado de Toluca?,[ANS] >> dbo:parentMountainPeak >> dbr:Nevado_de_Toluca [SEP] [ANS] >> rdf:type >> dbo:Mountain
translate question to dbpedia path: Was Just Another day made by Queen Latifah?,ASK >> dbr:Just_Another_Day... >> dbo:musicalBand >> dbr:Queen_Latifah
translate question to dbpedia path: Who was the narrator in the point?,dbr:The_Point! >> dbp:narrated >> [ANS]
translate question to dbpedia path: Is Stephanie Rice the flagbearer of Australia at the 2008 Summer Olympics?,ASK >> dbr:Australia_at_the_2008_Summer_Olympics >> dbp:flagbearer >> dbr:Stephanie_Rice
translate question to dbpedia path: What is the home town of the Band which is the previous work of Sammy Hagar & Friends ?,[VAR1] >> dbo:hometown >> [ANS] [SEP] [VAR1] >> rdf:type >> dbo:Band [SEP] dbr:Sammy_Hagar_&_Friends >> dbo:previousWork >> [VAR1]
translate question to dbpedia path: Did Carolyn Heinrich study at the Vanderbilt?,ASK >> dbr:Carolyn_Heinrich >> dbo:institution >> dbr:Vanderbilt_University
translate question to dbpedia path: In which state do darren brass and belvin perry live?,dbr:Belvin_Perry >> dbo:residence >> [ANS] [SEP] dbr:Darren_Brass >> dbo:residence >> [ANS]
translate question to dbpedia path: List all the school of the rugby player whose one of the school is Michael House ?,[VAR1] >> dbo:school >> dbr:Michaelhouse [SEP] [VAR1] >> dbp:school >> [ANS] [SEP] [VAR1] >> rdf:type >> dbo:RugbyPlayer
translate question to dbpedia path: What is the official residence of the Christopher Daz Figuero which is also the  state of the Cruce a Nado Internacional,dbr:Christopher_Díaz_Figueroa >> dbp:residence >> [ANS] [SEP] dbr:Cruce_a_Nado_Internacional >> dbo:country >> [ANS]
translate question to dbpedia path: What is the national origin of Focke-Wulf Fw 260 ?,dbr:Focke-Wulf_Fw_260 >> dbp:nationalOrigin >> [ANS]
translate question to dbpedia path: What is manufactured by a company founded by Akio Morita?,[ANS] >> dbo:manufacturer >> [VAR1] [SEP] [VAR1] >> dbp:founder >> dbr:Akio_Morita
translate question to dbpedia path: What is the award presented by Downtown Athletic Club and Yale Club NYCity?,[ANS] >> dbp:presenter >> dbr:Downtown_Athletic_Club [SEP] [ANS] >> dbp:presenter >> dbr:Yale_Club_of_New_York_City [SEP] [ANS] >> rdf:type >> dbo:Award
"translate question to dbpedia path: What is the name of the river whose mouth country is Mozambique and source region is North-Western Province, Zambia?","[ANS] >> dbo:sourceRegion >> dbr:North-Western_Province,_Zambia [SEP] [ANS] >> dbp:mouthCountry >> dbr:Mozambique [SEP] [ANS] >> rdf:type >> dbo:River"
translate question to dbpedia path: List the races of Fergie Sutherland?,dbr:Fergie_Sutherland >> dbp:race >> [ANS]
translate question to dbpedia path: Games on amiga are typically of what kind?,[VAR1] >> dbo:computingPlatform >> dbr:Amiga [SEP] [VAR1] >> dbp:genre >> [ANS] [SEP] [VAR1] >> rdf:type >> dbo:VideoGame
translate question to dbpedia path: Where is the gold coast football club located?,dbr:Gold_Coast_Football_Club >> dbp:location >> [ANS]
translate question to dbpedia path: Which shows are similar to the ones produced by Phil Collinson?,[ANS] >> dbo:related >> [VAR1] [SEP] [ANS] >> rdf:type >> dbo:TelevisionShow [SEP] [VAR1] >> dbo:executiveProducer >> dbr:Phil_Collinson
translate question to dbpedia path: What is the country whose leader name is Grard Larcher?,[ANS] >> dbp:leaderName >> dbr:Gérard_Larcher [SEP] [ANS] >> rdf:type >> dbo:Country
translate question to dbpedia path: Who was the influencer of Dave Attel who also starred in Adios Amigo?,dbr:Adiós_Amigo >> dbo:starring >> [ANS] [SEP] dbr:Dave_Attell >> dbo:influencedBy >> [ANS]
translate question to dbpedia path: Name the wine regions of Baco noir?,dbr:Baco_noir >> dbo:wineRegion >> [ANS]
translate question to dbpedia path: What is the awards won by the producer of From the Life of the Marionettes ?,[VAR1] >> dbp:awards >> [ANS] [SEP] dbr:From_the_Life_of_the_Marionettes >> dbo:producer >> [VAR1]
translate question to dbpedia path: What  is the meaning of the Isa (name) which is also a relegion of Sacred Heart Convent School (Bangkok) ?,dbr:Isa_(name) >> dbp:meaning >> [ANS] [SEP] dbr:Sacred_Heart_Convent_School_(Bangkok) >> dbo:type >> [ANS]
translate question to dbpedia path: List the doctoral students of Harry Harlow ?,dbr:Harry_Harlow >> dbp:doctoralStudents >> [ANS]
translate question to dbpedia path: List the major shrines of the saints whose one of the shrine is St. Takla Haymanot's Church ?,[VAR1] >> dbo:majorShrine >> [ANS] [SEP] [VAR1] >> dbp:majorShrine >> dbr:St._Takla_Haymanot's_Church_(Alexandria) [SEP] [VAR1] >> rdf:type >> dbo:Saint
translate question to dbpedia path: Which currency is used by the record label of the Way to Your Heart?,[VAR1] >> dbp:currency >> [ANS] [SEP] dbr:The_Way_to_Your_Heart >> dbo:recordLabel >> [VAR1]
translate question to dbpedia path: In which department does Raymond Baldwin work?,dbr:Raymond_E._Baldwin >> dbp:branch >> [ANS]
translate question to dbpedia path: Where did the fashion designer study who died at the Stony Brook University Hospital?,[VAR1] >> dbo:deathPlace >> dbr:Stony_Brook_University_Hospital [SEP] [VAR1] >> dbp:education >> [ANS] [SEP] [VAR1] >> rdf:type >> dbo:FashionDesigner
translate question to dbpedia path: Was mother teresa beatified by John Paul the second?,ASK >> dbr:Mother_Teresa >> dbp:beatifiedBy >> dbr:Pope_John_Paul_II
translate question to dbpedia path: Which company of Ford Theatre is the owning organization of F0ord Kansa City Assemply Plant ?,dbr:Ford_Kansas_City_Assembly_Plant >> dbo:owningOrganisation >> [ANS] [SEP] dbr:Ford_Theatre >> dbp:company >> [ANS]
translate question to dbpedia path: What is the religion of the relatives of Ananda Weerasekara?,[VAR1] >> dbo:relation >> dbr:Ananda_Weerasekara [SEP] [VAR1] >> dbo:religion >> [ANS]
translate question to dbpedia path: Which religion did both anupong paochinda and udit raj follow?,dbr:Anupong_Paochinda >> dbo:religion >> [ANS] [SEP] dbr:Udit_Raj >> dbo:religion >> [ANS]
translate question to dbpedia path: Who are all the people who used to figure skate with the current partner of Alexa Scimeca?,[VAR1] >> dbo:formerPartner >> [ANS] [SEP] dbr:Alexa_Scimeca >> dbo:currentPartner >> [VAR1]
translate question to dbpedia path: Isaac Hayes has acted in which movies ?,[ANS] >> dbp:starring >> dbr:Isaac_Hayes [SEP] [ANS] >> rdf:type >> dbo:Film [SEP] [ANS] >> rdf:type >> dbo:Film
translate question to dbpedia path: What is the citizenship of the Sarah Kazemy and land of the Cervelle de canut,dbr:Cervelle_de_canut >> dbo:country >> [ANS] [SEP] dbr:Sarah_Kazemy >> dbo:citizenship >> [ANS]
translate question to dbpedia path: Movie's produced by Michael Deeley has Jordan Cronenweth as director of photography,[ANS] >> dbo:cinematography >> dbr:Jordan_Cronenweth [SEP] [ANS] >> dbo:producer >> dbr:Michael_Deeley [SEP] [ANS] >> rdf:type >> dbo:Film
translate question to dbpedia path: What is the company that has products with Windows RT as its OS?,[ANS] >> dbo:product >> [VAR1] [SEP] [VAR1] >> dbp:os >> dbr:Windows_RT
translate question to dbpedia path: How many buildings are located in the jurisdiction of John Tory?,COUNT >> [ANS] >> dbp:location >> [VAR1] [SEP] [ANS] >> rdf:type >> dbo:Building [SEP] [VAR1] >> dbo:leaderName >> dbr:John_Tory
translate question to dbpedia path: Name some software as a service?,[ANS] >> dbo:license >> dbr:Software_as_a_service [SEP] [ANS] >> rdf:type >> dbo:Software
translate question to dbpedia path: List down the associated musical artist of the writer of Rain Is a Good Thing ?,[VAR1] >> dbo:associatedMusicalArtist >> [ANS] [SEP] dbr:Rain_Is_a_Good_Thing >> dbp:writer >> [VAR1]
translate question to dbpedia path: Who founded the league which was won by Joe McKeehen?,[VAR1] >> dbp:champion >> dbr:Joe_McKeehen [SEP] [VAR1] >> dbp:founded >> [ANS] [SEP] [VAR1] >> rdf:type >> dbo:SportsLeague
"translate question to dbpedia path: How many companies were founded in Menlo Park, California?","COUNT >> [ANS] >> dbp:foundation >> dbr:Menlo_Park,_California [SEP] [ANS] >> rdf:type >> dbo:Company"
translate question to dbpedia path: Which European Broadcasting Union's TV show has opening theme as Te Deum ?,[ANS] >> dbo:openingTheme >> dbr:Te_Deum_(Charpentier) [SEP] [ANS] >> dbp:company >> dbr:European_Broadcasting_Union [SEP] [ANS] >> rdf:type >> dbo:TelevisionShow
translate question to dbpedia path: Give me all martial artists trained by Joe Schilling.,[ANS] >> dbo:trainer >> dbr:Joe_Schilling [SEP] [ANS] >> rdf:type >> dbo:MartialArtist
translate question to dbpedia path: Name the musical band of Written in the Stars ?,dbr:Written_in_the_Stars_(Elton_John_and_LeAnn_Rimes_song) >> dbo:musicalBand >> [ANS]
translate question to dbpedia path: Carl Sagan has penned books on how many matters?,COUNT >> [VAR1] >> dbo:author >> dbr:Carl_Sagan [SEP] [VAR1] >> dbp:subject >> [ANS]
translate question to dbpedia path: What is the venerated in of Edwin of Northumbria ?,dbr:Edwin_of_Northumbria >> dbp:veneratedIn >> [ANS]
translate question to dbpedia path: Is william doyle the chairman of Georgetown university?,ASK >> dbr:Georgetown_University >> dbp:chairman >> dbr:William_Doyle_(businessman)
translate question to dbpedia path: Where was Picasso's Last Words recorded ?,dbr:Picasso's_Last_Words_(Drink_to_Me) >> dbp:recorded >> [ANS]
"translate question to dbpedia path: What is the hub airport of Pawan Hans, and is also the largest city of India?",dbr:India >> dbo:largestCity >> [ANS] [SEP] dbr:Pawan_Hans >> dbo:hubAirport >> [ANS]
translate question to dbpedia path: What is the occupation of the people who are born in Iowa?,[VAR1] >> dbo:birthPlace >> dbr:Iowa [SEP] [VAR1] >> dbo:occupation >> [ANS] [SEP] [VAR1] >> rdf:type >> dbo:Person
translate question to dbpedia path: Where all does the sister station of virgin radio play?,[VAR1] >> dbo:sisterStation >> dbr:Virgin_Radio [SEP] [VAR1] >> dbp:location >> [ANS]
translate question to dbpedia path: Under whom did Charles Drummond Ellis do his PhD?,[ANS] >> dbo:doctoralStudent >> dbr:Charles_Drummond_Ellis
translate question to dbpedia path: How many have company as Paramount Television and network as NBC are there?,COUNT >> [ANS] >> dbo:network >> dbr:NBC [SEP] [ANS] >> dbp:company >> dbr:Paramount_Television
translate question to dbpedia path: Under which president did some politicians live in Kensington?,"[VAR1] >> dbo:president >> [ANS] [SEP] [VAR1] >> dbo:residence >> dbr:Kensington,_Maryland [SEP] [VAR1] >> rdf:type >> dbo:OfficeHolder"
translate question to dbpedia path: Ontario's ice hockey players have been a part of which teams?,[VAR1] >> dbo:team >> [ANS] [SEP] [VAR1] >> dbp:placeOfBirth >> dbr:Ontario [SEP] [VAR1] >> rdf:type >> dbo:IceHockeyPlayer
translate question to dbpedia path: What race of Linda Hogan is the state of origin of the Holmes Colbert ?,dbr:Holmes_Colbert >> dbo:stateOfOrigin >> [ANS] [SEP] dbr:Linda_Hogan >> dbp:ethnicity >> [ANS]
translate question to dbpedia path: Who is the author of Karakuri Dji Ultimo ?,dbr:Karakuri_Dôji_Ultimo >> dbo:author >> [ANS]
translate question to dbpedia path: What is the official residence of Fergus McMaster ?,dbr:Fergus_McMaster >> dbo:residence >> [ANS]
translate question to dbpedia path: Count the different causes of death of Christians.,COUNT >> [VAR1] >> dbo:deathCause >> [ANS] [SEP] [VAR1] >> dbo:religion >> dbr:Christianity
translate question to dbpedia path: How many players debuted their careers from San Francisco 49ers?,COUNT >> [ANS] >> dbo:debutTeam >> dbr:San_Francisco_49ers [SEP] [ANS] >> rdf:type >> dbo:Athlete
translate question to dbpedia path: Name the TV shows whose developer is J. Michael Straczynski and executive producer is Douglas Netter?,[ANS] >> dbo:developer >> dbr:J._Michael_Straczynski [SEP] [ANS] >> dbo:executiveProducer >> dbr:Douglas_Netter [SEP] [ANS] >> rdf:type >> dbo:TelevisionShow
translate question to dbpedia path: What is the company whose one of the key person is Dennis Muilenburg and produces Boeing CH-47 Chinook ?,[ANS] >> dbo:product >> dbr:Boeing_CH-47_Chinook [SEP] [ANS] >> dbp:keyPeople >> dbr:Dennis_Muilenburg [SEP] [ANS] >> rdf:type >> dbo:Company
"translate question to dbpedia path: Which company is located in Harris County, Texas?","[ANS] >> dbo:locationCity >> dbr:Harris_County,_Texas [SEP] [ANS] >> rdf:type >> dbo:Company"
translate question to dbpedia path: Is north america one of the destinations of airtours airways?,ASK >> dbr:Airtours_International_Airways >> dbo:destination >> dbr:North_America
translate question to dbpedia path: Which memeber of South Asia SubRegional Economic cooperation is also the nationality of Aishath saffa ?,dbr:Aishath_Saffa >> dbp:nationality >> [ANS] [SEP] dbr:South_Asia_Subregional_Economic_Cooperation >> dbp:membership >> [ANS]
translate question to dbpedia path: Which board memeber of jimmy Wales also owns Latvian Wikipedia ?,dbr:Jimmy_Wales >> dbo:board >> [ANS] [SEP] dbr:Latvian_Wikipedia >> dbo:owner >> [ANS]
translate question to dbpedia path: Which baseball team is managed by Bruce Bochy?,[ANS] >> dbo:manager >> dbr:Bruce_Bochy [SEP] [ANS] >> rdf:type >> dbo:BaseballTeam
"translate question to dbpedia path: What are the musicals based on, whose lyricist was Shelon Harnick?",[VAR1] >> dbo:basedOn >> [ANS] [SEP] [VAR1] >> dbp:lyrics >> dbr:Sheldon_Harnick [SEP] [VAR1] >> rdf:type >> dbo:Musical
translate question to dbpedia path: Who has given guest appearances on the TV Episodes whose was music done by Mama Makes 3?,[VAR1] >> dbp:guests >> [ANS] [SEP] [VAR1] >> dbp:music >> dbr:Mama_Makes_Three [SEP] [VAR1] >> rdf:type >> dbo:TelevisionEpisode
"translate question to dbpedia path: What series is Mazes of Time from, and is produced by BBC multimedia?",dbr:BBC_Multimedia >> dbo:product >> [ANS] [SEP] dbr:Doctor_Who:_The_Mazes_of_Time >> dbo:series >> [ANS]
translate question to dbpedia path: Is Audie Murphy buried in the Arlington national cementery?,ASK >> dbr:Audie_Murphy >> dbp:placeofburial >> dbr:Arlington_National_Cemetery
translate question to dbpedia path: What are the universities where athletics is regulated by National Collegiate Athletic Association?,[ANS] >> dbo:athletics >> dbr:National_Collegiate_Athletic_Association [SEP] [ANS] >> rdf:type >> dbo:University
"translate question to dbpedia path: Which  office holder's resting place is Alta Mesa Memorial Park and Henry E. Catto, Jr. as predecessor ?","[ANS] >> dbp:predecessor >> dbr:Henry_E._Catto,_Jr. [SEP] [ANS] >> dbp:restingPlace >> dbr:Alta_Mesa_Memorial_Park [SEP] [ANS] >> rdf:type >> dbo:OfficeHolder"
translate question to dbpedia path: Name the TV show whose network is NBC and is the subsequent work of Fraiser ?,[ANS] >> dbo:network >> dbr:NBC [SEP] [ANS] >> dbo:subsequentWork >> dbr:Frasier [SEP] [ANS] >> rdf:type >> dbo:TelevisionShow
translate question to dbpedia path: How many had their debut team coached by Chip Kelly?,COUNT >> [ANS] >> dbo:debutTeam >> [VAR1] [SEP] [VAR1] >> dbp:coach >> dbr:Chip_Kelly
translate question to dbpedia path: Who is the scientist whose academic advisor was Karl Ewald Hasse?,[ANS] >> dbo:academicAdvisor >> dbr:Karl_Ewald_Hasse [SEP] [ANS] >> rdf:type >> dbo:Scientist
translate question to dbpedia path: Malaysian highway authority has designed bridges over what things?,[VAR1] >> dbp:crosses >> [ANS] [SEP] [VAR1] >> dbp:designer >> dbr:Malaysian_Highway_Authority [SEP] [VAR1] >> rdf:type >> dbo:Bridge
translate question to dbpedia path: Which labels have published songs written by Harry Connick Jr?,"[VAR1] >> dbo:writer >> dbr:Harry_Connick,_Jr. [SEP] [VAR1] >> dbp:label >> [ANS] [SEP] [VAR1] >> rdf:type >> dbo:Song"
translate question to dbpedia path: List the academic discipline of the journals whose publisher is SAGE Publications.,[VAR1] >> dbo:academicDiscipline >> [ANS] [SEP] [VAR1] >> dbp:publisher >> dbr:SAGE_Publications [SEP] [VAR1] >> rdf:type >> dbo:AcademicJournal
translate question to dbpedia path: What is the government type of Kumta ?,dbr:Kumta >> dbp:governmentType >> [ANS]
translate question to dbpedia path: whose is famous works are Maniac Magee and Wringer ?,[ANS] >> dbp:notableworks >> dbr:Maniac_Magee [SEP] [ANS] >> dbp:notableworks >> dbr:Wringer_(novel)
translate question to dbpedia path: what kind of games can I find for PC 9800?,[VAR1] >> dbo:computingPlatform >> dbr:PC-9800_Series [SEP] [VAR1] >> dbp:genre >> [ANS] [SEP] [VAR1] >> rdf:type >> dbo:VideoGame
"translate question to dbpedia path: After the death of which political figure, did the Coalition Provisional Authority came into power?",[ANS] >> dbp:successor >> dbr:Coalition_Provisional_Authority
translate question to dbpedia path: Who owns the radio stations in Alabama?,[VAR1] >> dbo:city >> dbr:Alabama [SEP] [VAR1] >> dbo:owner >> [ANS] [SEP] [VAR1] >> rdf:type >> dbo:RadioStation
translate question to dbpedia path: Name the movie whose director is Stanley Kubrick and editor is Anthony Harvey?,[ANS] >> dbo:director >> dbr:Stanley_Kubrick [SEP] [ANS] >> dbo:editing >> dbr:Anthony_Harvey [SEP] [ANS] >> rdf:type >> dbo:Film
translate question to dbpedia path: what are the nicknames of the people who are in Ekstraliga?,[VAR1] >> dbp:league >> dbr:Ekstraliga_(speedway) [SEP] [VAR1] >> dbp:nickname >> [ANS]
translate question to dbpedia path: List the alma mater of the person who is wedded to Sissela Bok.,[VAR1] >> dbo:spouse >> dbr:Sissela_Bok [SEP] [VAR1] >> dbp:almaMater >> [ANS]
translate question to dbpedia path: List all the members of the organization whose one of the members is Bangladesh ?,[VAR1] >> dbp:membership >> [ANS] [SEP] [VAR1] >> dbp:membership >> dbr:Bangladesh [SEP] [VAR1] >> rdf:type >> dbo:Organisation
translate question to dbpedia path: Which sports are played in schools founded by Fr Almeida?,[VAR1] >> dbo:sport >> [ANS] [SEP] [VAR1] >> dbp:founder >> dbr:Fr._Almeida [SEP] [VAR1] >> rdf:type >> dbo:School
translate question to dbpedia path: What is the nationality of the economist who is one of the important people in the Foundation for Economic Education?,[VAR1] >> dbo:nationality >> [ANS] [SEP] [VAR1] >> rdf:type >> dbo:Economist [SEP] dbr:Foundation_for_Economic_Education >> dbo:keyPerson >> [VAR1]
translate question to dbpedia path: List all discipline of the journals whose one of the discipline is Cerebral blood flow ?,[VAR1] >> dbo:academicDiscipline >> [ANS] [SEP] [VAR1] >> dbo:academicDiscipline >> dbr:Cerebral_blood_flow [SEP] [VAR1] >> rdf:type >> dbo:AcademicJournal
translate question to dbpedia path: Which high school of jerry Tagge is also the nearest city of Tennie laura ?,dbr:Jerry_Tagge >> dbp:highSchool >> [ANS] [SEP] dbr:Tennie_and_Laura_(schooner) >> dbp:nearestCity >> [ANS]
translate question to dbpedia path: In how many different places do Starwood hotels and resorts worldwide operate?,COUNT >> [VAR1] >> dbp:address >> [ANS] [SEP] [VAR1] >> dbp:operator >> dbr:Starwood_Hotels_and_Resorts_Worldwide
translate question to dbpedia path: Which athletics of Jaimatu Muslim Mindano is same as the genre of the Fritz Chess ?,dbr:Fritz_Chess >> dbo:genre >> [ANS] [SEP] dbr:Jamiatu_Muslim_Mindanao >> dbo:athletics >> [ANS]
translate question to dbpedia path: How many utopian and dystopian fiction books are there?,COUNT >> [ANS] >> dbo:literaryGenre >> dbr:Utopian_and_dystopian_fiction
translate question to dbpedia path: Which scientist is known for anthrax and has Karl Ewald Hasse as his academic advisor ?,[ANS] >> dbo:academicAdvisor >> dbr:Karl_Ewald_Hasse [SEP] [ANS] >> dbo:knownFor >> dbr:Anthrax [SEP] [ANS] >> rdf:type >> dbo:Scientist
translate question to dbpedia path: Who appointed the governor under whom Richard Winn works?,[VAR1] >> dbp:appointer >> [ANS] [SEP] [VAR1] >> dbp:lieutenant >> dbr:Richard_Winn [SEP] [VAR1] >> rdf:type >> dbo:Governor
translate question to dbpedia path: Where is Vietnam Airlines located ?,dbr:Vietnam_Airlines >> dbo:location >> [ANS]
"translate question to dbpedia path: Which location of  INKAS is also the location of  T.I. Ahmadiyya Senior High School, Kumasi ?","dbr:INKAS >> dbp:locations >> [ANS] [SEP] dbr:T.I._Ahmadiyya_Senior_High_School,_Kumasi >> dbo:denomination >> [ANS]"
translate question to dbpedia path: Which TV show's company is PlayTone and is produced by Stephen E. Ambrose ?,[ANS] >> dbp:company >> dbr:Playtone [SEP] [ANS] >> dbp:producer >> dbr:Stephen_E._Ambrose [SEP] [ANS] >> rdf:type >> dbo:TelevisionShow
translate question to dbpedia path: What is the route end of NorthSouth Transport Corridor ?,dbr:North–South_Transport_Corridor >> dbo:routeEnd >> [ANS]
translate question to dbpedia path: List the architect of the buildings whose one of the  architect is Philip Webb?,[VAR1] >> dbp:architect >> [ANS] [SEP] [VAR1] >> dbp:architect >> dbr:Philip_Webb [SEP] [VAR1] >> rdf:type >> dbo:Building
translate question to dbpedia path: What is the residence of the bronze medalist of Alpine skiing at the women's downhill competition at the 1972 Winter Olympics?,[VAR1] >> dbp:birthPlace >> [ANS] [SEP] dbr:Alpine_skiing_at_the_1972_Winter_Olympics_–_Women's_downhill >> dbo:bronzeMedalist >> [VAR1]
translate question to dbpedia path: Who is the manufacturer of engine of Jeep Forward Control ?,[VAR1] >> dbo:manufacturer >> [ANS] [SEP] dbr:Jeep_Forward_Control >> dbp:engine >> [VAR1]
translate question to dbpedia path: Which company founded in New Mexico manufactures Visual Studio ?,[ANS] >> dbp:foundation >> dbr:New_Mexico [SEP] [ANS] >> dbp:products >> dbr:Microsoft_Visual_Studio [SEP] [ANS] >> rdf:type >> dbo:Company
"translate question to dbpedia path: Mazhar Ul Haq High School, Beerwah is affiliated to Islamic Religion","ASK >> dbr:Mazhar_Ul_Haq_High_School,_Beerwah >> dbp:religiousAffiliation >> dbr:Islam"
translate question to dbpedia path: Which government agency is run by Supachai Somcharoen?,[VAR1] >> dbo:leader >> dbr:Supachai_Somcharoen [SEP] [VAR1] >> dbp:agencyName >> [ANS] [SEP] [VAR1] >> rdf:type >> dbo:GovernmentAgency
translate question to dbpedia path: What is the owner of Ivanpah Solar Power Facility and the original developer of Dart?,dbr:Dart_(programming_language) >> dbo:developer >> [ANS] [SEP] dbr:Ivanpah_Solar_Power_Facility >> dbo:owner >> [ANS]
translate question to dbpedia path: Find the total number of  ingredient of the recepies whose ingredient is common Mushroom ?,COUNT >> [VAR1] >> dbo:ingredient >> [ANS] [SEP] [VAR1] >> dbo:ingredient >> dbr:Agaricus_bisporus
translate question to dbpedia path: List all the tenants of the stadium where the WWF Summer Slam 2004 took place.,[VAR1] >> dbo:tenant >> [ANS] [SEP] dbr:SummerSlam_(2004) >> dbp:venue >> [VAR1]
translate question to dbpedia path: Who were the founders of Sea Gayle Music?,dbr:Sea_Gayle_Music >> dbp:founder >> [ANS]
translate question to dbpedia path: What religion's politicians are in the Malaysian Chinese association?,[VAR1] >> dbo:party >> dbr:Malaysian_Chinese_Association [SEP] [VAR1] >> dbo:religion >> [ANS] [SEP] [VAR1] >> rdf:type >> dbo:Politician
translate question to dbpedia path: How many movies are directed by the spouse of Dolores del Ro?,COUNT >> [ANS] >> dbp:director >> [VAR1] [SEP] [ANS] >> rdf:type >> dbo:Film [SEP] [VAR1] >> dbp:partner >> dbr:Dolores_del_Río
translate question to dbpedia path: Which US state gave  us Brian Deegan and Harold Lyold?,dbr:Brian_Deegan_(rider) >> dbp:birthPlace >> [ANS] [SEP] dbr:Harold_Lloyd >> dbp:birthPlace >> [ANS]
translate question to dbpedia path: What are some bands out to texarkana?,"[ANS] >> dbp:origin >> dbr:Texarkana,_Texas [SEP] [ANS] >> rdf:type >> dbo:Band"
translate question to dbpedia path: What is the military branch of John Tower ?,dbr:John_Tower >> dbo:militaryBranch >> [ANS]
translate question to dbpedia path: In which country was GM was firt aired which is also the mouth country of Upper Neretva?,dbr:Gümüş_(TV_series) >> dbp:firstAired >> [ANS] [SEP] dbr:Upper_Neretva >> dbo:mouthCountry >> [ANS]
translate question to dbpedia path: How many information appliance are manufactured by companies located in Taiwan?,COUNT >> [ANS] >> dbo:manufacturer >> [VAR1] [SEP] [ANS] >> rdf:type >> dbo:InformationAppliance [SEP] [VAR1] >> dbp:locationCity >> dbr:Taiwan
translate question to dbpedia path: How many people are in the England national football team?,COUNT >> [ANS] >> dbp:nationalteam >> dbr:England_national_football_team
translate question to dbpedia path: With which musical artist is the producer of Spotlight associated ?,[VAR1] >> dbp:associatedActs >> [ANS] [SEP] [VAR1] >> rdf:type >> dbo:MusicalArtist [SEP] dbr:Spotlight_(Jennifer_Hudson_song) >> dbo:producer >> [VAR1]
translate question to dbpedia path: Where was the current champion of Egyptian Open born ?,[VAR1] >> dbo:birthPlace >> [ANS] [SEP] dbr:Egyptian_Open >> dbo:champion >> [VAR1]
translate question to dbpedia path: Is Tea the main ingredient of Lahpet?,ASK >> dbr:Lahpet >> dbp:mainIngredient >> dbr:Tea
translate question to dbpedia path: In what battles did president Park Chung-hee participate?,[ANS] >> dbo:commander >> dbr:Park_Chung-hee [SEP] [ANS] >> rdf:type >> dbo:MilitaryConflict
translate question to dbpedia path: who is the husband of Rosie Huntington Whiteley?,dbr:Rosie_Huntington-Whiteley >> dbo:partner >> [ANS]
translate question to dbpedia path: What is the river whose tributary is Zarqa River?,[ANS] >> dbo:leftTributary >> dbr:Zarqa_River [SEP] [ANS] >> rdf:type >> dbo:River
translate question to dbpedia path: Who holds stock in the railway lines ending in Washington DC?,"[VAR1] >> dbo:routeEnd >> dbr:Union_Station_(Washington,_D.C.) [SEP] [VAR1] >> dbp:owner >> [ANS] [SEP] [VAR1] >> rdf:type >> dbo:RailwayLine"
translate question to dbpedia path: Which religion does the leader of Church and Wellesley follow?,[VAR1] >> dbo:religion >> [ANS] [SEP] dbr:Church_and_Wellesley >> dbp:leaderName >> [VAR1]
translate question to dbpedia path: Who are the local authority of Buckhurst Hill County High School ?,dbr:Buckhurst_Hill_County_High_School >> dbo:localAuthority >> [ANS]
translate question to dbpedia path: Who made the singles on the famous album Aida?,[VAR1] >> dbo:album >> dbr:Elton_John_and_Tim_Rice's_Aida [SEP] [VAR1] >> dbo:musicalArtist >> [ANS] [SEP] [VAR1] >> rdf:type >> dbo:Single
translate question to dbpedia path: List all the former broadcast network of WMDN ?,dbr:WMDN >> dbo:formerBroadcastNetwork >> [ANS]
translate question to dbpedia path: What company's founder is Jim Harris?,[ANS] >> dbp:founder >> dbr:Jim_Harris_(entrepreneur)
translate question to dbpedia path: Which religions are practiced in India?,[VAR1] >> dbo:hometown >> dbr:India [SEP] [VAR1] >> dbp:religion >> [ANS]
translate question to dbpedia path: Which current player of Chicago Bulls was drafted by Los Angeles Clippers ?,[ANS] >> dbp:draftTeam >> dbr:Los_Angeles_Clippers [SEP] [ANS] >> dbp:team >> dbr:Chicago_Bulls
translate question to dbpedia path: Which New Mexico company provides One Drive as a service ?,[ANS] >> dbp:foundation >> dbr:New_Mexico [SEP] [ANS] >> dbp:services >> dbr:OneDrive [SEP] [ANS] >> rdf:type >> dbo:Company
translate question to dbpedia path: What team has  players  born in Dominican Republic ?,[VAR1] >> dbo:team >> [ANS] [SEP] [VAR1] >> dbp:birthPlace >> dbr:Dominican_Republic
translate question to dbpedia path: Name the party of Indira Gandhi ?,dbr:Indira_Gandhi >> dbo:party >> [ANS]
"translate question to dbpedia path: Who was the opponent of Robert Carr, 1st Earl of Somerset ?","dbr:Robert_Carr,_1st_Earl_of_Somerset >> dbo:opponent >> [ANS]"
translate question to dbpedia path: What is the common country of Ganz UV and Balaton wine region ?,dbr:Balaton_wine_region >> dbo:location >> [ANS] [SEP] dbr:Ganz_UV >> dbo:operator >> [ANS]
translate question to dbpedia path: What is the mascot of Celal Bayar University ?,dbr:Celal_Bayar_University >> dbp:mascot >> [ANS]
translate question to dbpedia path: Whose resting place is William Henry Harrison Tomb State Memorial and has kids named John Scott Harrison?,[ANS] >> dbo:child >> dbr:John_Scott_Harrison [SEP] [ANS] >> dbp:restingplace >> dbr:William_Henry_Harrison_Tomb_State_Memorial
translate question to dbpedia path: Why did Letita McTavish Hargrave and Sextus Barbour die?,dbr:Letitia_MacTavish_Hargrave >> dbo:deathCause >> [ANS] [SEP] dbr:Sextus_Barbour >> dbp:deathCause >> [ANS]
translate question to dbpedia path: Name the constituency of Domenico Modugno ?,dbr:Domenico_Modugno >> dbp:constituency >> [ANS]
translate question to dbpedia path: Is michelangelo the painter of The Persian Boy?,ASK >> dbr:The_Persian_Boy >> dbo:illustrator >> dbr:Michelangelo
translate question to dbpedia path: Name the president whose had relatives in Clinton family and lieutenant named Joe Purcell?,[ANS] >> dbo:lieutenant >> dbr:Joe_Purcell [SEP] [ANS] >> dbo:relation >> dbr:Clinton_family [SEP] [ANS] >> rdf:type >> dbo:President
translate question to dbpedia path: What discipline was The Chess Monthly about ?,dbr:The_Chess_Monthly >> dbp:discipline >> [ANS]
translate question to dbpedia path: Which saints were the messengers of Islam?,[ANS] >> dbo:veneratedIn >> dbr:Islam [SEP] [ANS] >> rdf:type >> dbo:Saint
translate question to dbpedia path: tonle sap flows into which river?,[ANS] >> dbo:rightTributary >> dbr:Tonlé_Sap
translate question to dbpedia path: What awards were given to the producer of Chicken Little?,[VAR1] >> dbo:award >> [ANS] [SEP] dbr:Chicken_Little_(1943_film) >> dbo:producer >> [VAR1]
translate question to dbpedia path: Was GM first aired in Albania?,ASK >> dbr:Gümüş_(TV_series) >> dbp:firstAired >> dbr:Albania
translate question to dbpedia path: What water bodies have primary inflows sa Kemijoki?,[ANS] >> dbo:inflow >> dbr:Kemijoki
translate question to dbpedia path: Where was WiZeefa founded ?,dbr:WiZeefa >> dbp:foundation >> [ANS]
translate question to dbpedia path: Which educational institution of Jack Mcgregor is also the alma mater of Donn barber ?,dbr:Donn_Barber >> dbo:education >> [ANS] [SEP] dbr:Jack_McGregor >> dbo:education >> [ANS]
translate question to dbpedia path: Where is Richard Stites located ?,dbr:Richard_Stites >> dbo:birthPlace >> [ANS]
translate question to dbpedia path: was james watt a mechanical engineer?,ASK >> dbr:James_Watt >> dbo:field >> dbr:Mechanical_engineering
translate question to dbpedia path: Which drinks have emerged from the US?,[VAR1] >> dbo:origin >> dbr:United_States [SEP] [VAR1] >> dbp:locationCity >> [ANS] [SEP] [VAR1] >> rdf:type >> dbo:Beverage
translate question to dbpedia path: Who composed the lyrics of Holler If Ya Hear Me ?,dbr:Holler_If_Ya_Hear_Me_(musical) >> dbp:lyrics >> [ANS]
translate question to dbpedia path: Is Bluebird the grandsire of Miss Potential?,ASK >> dbr:Miss_Potential >> dbo:grandsire >> dbr:Bluebird
translate question to dbpedia path: What is the headquarters of the public transit system which is the system of Bottineau LRT ?,[VAR1] >> dbp:headquarters >> [ANS] [SEP] [VAR1] >> rdf:type >> dbo:PublicTransitSystem [SEP] dbr:Bottineau_LRT >> dbp:system >> [VAR1]
translate question to dbpedia path: What units are garrisoned in the Pentagon?,[ANS] >> dbp:garrison >> dbr:The_Pentagon [SEP] [ANS] >> rdf:type >> dbo:MilitaryUnit
translate question to dbpedia path: What is the hometown of John Speraw ?,dbr:John_Speraw >> dbp:hometown >> [ANS]
translate question to dbpedia path: Count  the journals in the field of Philosophy.,COUNT >> [ANS] >> dbp:discipline >> dbr:Philosophy [SEP] [ANS] >> rdf:type >> dbo:AcademicJournal
translate question to dbpedia path: Which scientist advised a doctoral student named Erban Ieica?,[ANS] >> dbp:doctoralStudents >> dbr:Șerban_Țițeica [SEP] [ANS] >> rdf:type >> dbo:Scientist
translate question to dbpedia path: Where are the Dinamo Krasnodar players born?,[VAR1] >> dbo:club >> dbr:Dinamo_Krasnodar [SEP] [VAR1] >> dbp:placeOfBirth >> [ANS] [SEP] [VAR1] >> rdf:type >> dbo:Athlete
"translate question to dbpedia path: What is the hometown of Nader Guirat, where Josef Johansson was born too?",dbr:Josef_Johansson >> dbp:birthPlace >> [ANS] [SEP] dbr:Nader_Guirat >> dbo:hometown >> [ANS]
"translate question to dbpedia path: How many major shrine are there, of the saints whose beatified by Pope Pius XI ?",COUNT >> [VAR1] >> dbo:majorShrine >> [ANS] [SEP] [VAR1] >> dbp:beatifiedBy >> dbr:Pope_Pius_XI
translate question to dbpedia path: Name the TV shows owned by divisions of CBS?,[ANS] >> dbp:company >> [VAR1] [SEP] [ANS] >> rdf:type >> dbo:TelevisionShow [SEP] [VAR1] >> dbp:parent >> dbr:CBS
translate question to dbpedia path: What is the academic discipline of Journal of Cerebral Blood Flow & Metabolism ?,dbr:Journal_of_Cerebral_Blood_Flow_&_Metabolism >> dbo:academicDiscipline >> [ANS]
translate question to dbpedia path: What is the agency name of the Ministry of Information and Communication Technology (Thailand) and distribution region  of the Channel 9 MCOT HD ?,dbr:Channel_9_MCOT_HD >> dbp:city >> [ANS] [SEP] dbr:Ministry_of_Information_and_Communication_Technology_(Thailand) >> dbp:agencyName >> [ANS]
translate question to dbpedia path: Which gaming console's central processing unit is microprocessor and built by Sony?,[ANS] >> dbo:cpu >> dbr:Cell_(microprocessor) [SEP] [ANS] >> dbo:manufacturer >> dbr:Sony
translate question to dbpedia path: List the home stadiums of the teams in the Russian Premier League?,[VAR1] >> dbo:homeStadium >> [ANS] [SEP] [VAR1] >> dbp:league >> dbr:2011–12_Russian_Premier_League
translate question to dbpedia path: Give me an estimate number of races where horses grandsired by the Wild Risk have raced in?,COUNT >> [ANS] >> rdf:type >> dbo:HorseRace [SEP] [VAR1] >> dbo:grandsire >> dbr:Wild_Risk [SEP] [VAR1] >> dbp:race >> [ANS]
translate question to dbpedia path: Give me the list of people who scaled mountains in Sierra Nevada?,[VAR1] >> dbo:firstAscentPerson >> [ANS] [SEP] [VAR1] >> dbo:mountainRange >> dbr:Sierra_Nevada_(U.S.)
translate question to dbpedia path: What is the name of the movie whose director of photography was Jordan Cronenweth and music composer was Vangelis?,[ANS] >> dbo:musicComposer >> dbr:Vangelis [SEP] [ANS] >> dbp:cinematography >> dbr:Jordan_Cronenweth [SEP] [ANS] >> rdf:type >> dbo:Film
translate question to dbpedia path: What are the common sports played by jamiatu Muslim mindanao and Polytechnic University of Philippines Taguig ?,dbr:Jamiatu_Muslim_Mindanao >> dbo:athletics >> [ANS] [SEP] dbr:Polytechnic_University_of_the_Philippines_Taguig >> dbo:sport >> [ANS]
translate question to dbpedia path: Count the different origins of members of the Vitis Vinifera species.,COUNT >> [ANS] >> rdf:type >> dbo:Place [SEP] [VAR1] >> dbo:origin >> [ANS] [SEP] [VAR1] >> dbo:species >> dbr:Vitis_vinifera
translate question to dbpedia path: What magazine published Allal and is the employer of Peter Bergman?,dbr:Allal >> dbo:publisher >> [ANS] [SEP] dbr:Peter_Bergman_(comedian) >> dbo:employer >> [ANS]
translate question to dbpedia path: Where were Justina Machado and John Englehard born?,dbr:John_Englehart >> dbo:birthPlace >> [ANS] [SEP] dbr:Justina_Machado >> dbp:birthPlace >> [ANS]
translate question to dbpedia path: Name the office holder who was married to Dolley Madison and has resting palce as Montpelier ?,"[ANS] >> dbp:restingplace >> dbr:Montpelier_(Orange,_Virginia) [SEP] [ANS] >> dbp:spouse >> dbr:Dolley_Madison [SEP] [ANS] >> rdf:type >> dbo:OfficeHolder"
translate question to dbpedia path: Where was David Scherman trained ?,dbr:David_Scherman >> dbo:training >> [ANS]
translate question to dbpedia path: In which series has Sean Young portrayed someone?,[VAR1] >> dbo:portrayer >> dbr:Sean_Young [SEP] [VAR1] >> dbo:series >> [ANS]
"translate question to dbpedia path: List all the hubs of the airline whose one of the hub is Subang, Indonesia ?","[VAR1] >> dbp:hubs >> [ANS] [SEP] [VAR1] >> dbp:hubs >> dbr:Subang,_Indonesia [SEP] [VAR1] >> rdf:type >> dbo:Airline"
translate question to dbpedia path: Was the song The Boy is Mine recorded in Atlanta?,ASK >> dbr:The_Boy_Is_Mine_(song) >> dbp:recorded >> dbr:Atlanta
translate question to dbpedia path: Who is the president when Loretta Ucelli used to work for Democratic party?,dbr:Loretta_Ucelli >> dbo:president >> [ANS]
translate question to dbpedia path: Who wrote the play in which Blanche DuBois is a character?,[VAR1] >> dbp:characters >> dbr:Blanche_DuBois [SEP] [VAR1] >> dbp:writer >> [ANS] [SEP] [VAR1] >> rdf:type >> dbo:Play
translate question to dbpedia path: Which district of Robert William Wilcox os the place of birth of Kamaloohua ?,dbr:Kamaloohua >> dbp:placeOfBirth >> [ANS] [SEP] dbr:Robert_William_Wilcox >> dbp:district >> [ANS]
translate question to dbpedia path: Where is the capital of Kelsey Creek located?,[VAR1] >> dbo:countySeat >> [ANS] [SEP] dbr:Kelsey_Creek >> dbo:region >> [VAR1]
"translate question to dbpedia path: What borders the valley which falls under Lake County, Oregon?","[VAR1] >> dbo:border >> [ANS] [SEP] [VAR1] >> dbo:municipality >> dbr:Lake_County,_Oregon [SEP] [VAR1] >> rdf:type >> dbo:Valley"
translate question to dbpedia path: What city is it where Wayne Allard governs and Juli Ashton was born?,dbr:Juli_Ashton >> dbo:birthPlace >> [ANS] [SEP] dbr:Wayne_Allard >> dbo:region >> [ANS]
translate question to dbpedia path: List the regions served by the company which serves in Pacific Ocean ?,[VAR1] >> dbo:regionServed >> [ANS] [SEP] [VAR1] >> dbo:regionServed >> dbr:Pacific_Ocean [SEP] [VAR1] >> rdf:type >> dbo:Company
translate question to dbpedia path: Which prime ministers were served by the governor who appointed Murray Gleeson?,[VAR1] >> dbo:primeMinister >> [ANS] [SEP] dbr:Murray_Gleeson >> dbo:appointer >> [VAR1]
translate question to dbpedia path: Name the fictional character painted by Josh Friedman and portrayed in Terminator Genisys ?,[ANS] >> dbo:creator >> dbr:Josh_Friedman [SEP] [ANS] >> dbo:portrayer >> dbr:Terminator_Genisys [SEP] [ANS] >> rdf:type >> dbo:FictionalCharacter
translate question to dbpedia path: What is the state of origin of the person who is the successor of Tetsugen Bernard Glassman?,[VAR1] >> dbo:stateOfOrigin >> [ANS] [SEP] [VAR1] >> rdf:type >> dbo:Person [SEP] dbr:Tetsugen_Bernard_Glassman >> dbo:successor >> [VAR1]
"translate question to dbpedia path: What city in the US was Alfred Phillips born in, and is the resting place of William Smith?",dbr:Alfred_N._Phillips >> dbp:birthPlace >> [ANS] [SEP] dbr:William_H._Smith_(Connecticut) >> dbo:restingPlace >> [ANS]
translate question to dbpedia path: Give me the name of the organization hqed at  Chaeng Watthana Govt Complex?,[VAR1] >> dbo:headquarter >> dbr:Chaeng_Watthana_Government_Complex [SEP] [VAR1] >> dbp:agencyName >> [ANS] [SEP] [VAR1] >> rdf:type >> dbo:Organisation
translate question to dbpedia path: Who is the writer of the singles whose producer is Peter-John Vettese?,[VAR1] >> dbo:writer >> [ANS] [SEP] [VAR1] >> dbp:producer >> dbr:Peter-John_Vettese [SEP] [VAR1] >> rdf:type >> dbo:Single
translate question to dbpedia path: Count the number of artist whose pone of the field is writing ?,COUNT >> [VAR1] >> dbo:field >> [ANS] [SEP] [VAR1] >> dbo:field >> dbr:Writing
translate question to dbpedia path: Which veterans served at CBS?,[ANS] >> dbo:occupation >> dbr:CBS
translate question to dbpedia path: What are some shareholders of the bridge maintained by the Massachusetts department of transportation?,[VAR1] >> dbo:maintainedBy >> dbr:Massachusetts_Department_of_Transportation [SEP] [VAR1] >> dbp:owner >> [ANS] [SEP] [VAR1] >> rdf:type >> dbo:Bridge
translate question to dbpedia path: Name the team for which Cam Plante played for which were also the tenants of MasterCard center ?,dbr:Cam_Plante >> dbp:playedFor >> [ANS] [SEP] dbr:MasterCard_Centre >> dbp:tenants >> [ANS]
translate question to dbpedia path: City of Miami Cemetery is the governing body of which city?,dbr:City_of_Miami_Cemetery >> dbp:governingBody >> [ANS]
translate question to dbpedia path: List the movies whose editors are born in London.,[ANS] >> dbo:editing >> [VAR1] [SEP] [ANS] >> rdf:type >> dbo:Film [SEP] [VAR1] >> dbp:placeOfBirth >> dbr:London
translate question to dbpedia path: Does Shaun Thong a member of Audi?,ASK >> dbr:Shaun_Thong >> dbp:currentTeam >> dbr:Audi
translate question to dbpedia path: Is the chestnut white bellied rat a mammal?,ASK >> dbr:Chestnut_white-bellied_rat >> dbo:class >> dbr:Mammal
translate question to dbpedia path: Who attended Great Ayton university?,[ANS] >> dbo:education >> dbr:Great_Ayton
translate question to dbpedia path: Where was Babita born ?,dbr:Babita >> dbp:birthplace >> [ANS]
translate question to dbpedia path: What is the city whose mayor is Giorgos Kaminis?,[ANS] >> dbp:mayor >> dbr:Giorgos_Kaminis [SEP] [ANS] >> rdf:type >> dbo:AdministrativeRegion
translate question to dbpedia path: Which destinations of the Air 2000 is also the location continent of the Falken Tire ?,dbr:Air_2000 >> dbp:destinations >> [ANS] [SEP] dbr:Falken_Tire >> dbo:locationCountry >> [ANS]
translate question to dbpedia path: Does Sonny Bill Williams belong in the Canterbury Bankstown Bulldogs club?,ASK >> dbr:Sonny_Bill_Williams >> dbp:club >> dbr:Canterbury-Bankstown_Bulldogs
translate question to dbpedia path: Which field's journals are edited by Paul Morphy?,[VAR1] >> dbo:editor >> dbr:Paul_Morphy [SEP] [VAR1] >> dbp:discipline >> [ANS] [SEP] [VAR1] >> rdf:type >> dbo:AcademicJournal
translate question to dbpedia path: Give me a list of everyone who manages the famous rock art sites?,[VAR1] >> dbo:governingBody >> [ANS] [SEP] [VAR1] >> dbp:architecture >> dbr:Rock_art
translate question to dbpedia path: List the film starring of the movies whose editor is Harvey  Rosenstock ?,[VAR1] >> dbo:editing >> dbr:Harvey_Rosenstock [SEP] [VAR1] >> dbp:starring >> [ANS] [SEP] [VAR1] >> rdf:type >> dbo:Film
translate question to dbpedia path: Name hte builder of Baku Olympic Stadium ?,dbr:Baku_Olympic_Stadium_(BOS) >> dbo:builder >> [ANS]
translate question to dbpedia path: Count the awards received by Immunologists?,COUNT >> [ANS] >> rdf:type >> dbo:Award [SEP] [VAR1] >> dbo:award >> [ANS] [SEP] [VAR1] >> dbp:fields >> dbr:Immunology
translate question to dbpedia path: In which mountain Inyo National Forest and California are located?,[ANS] >> dbo:locatedInArea >> dbr:California [SEP] [ANS] >> dbo:locatedInArea >> dbr:Inyo_National_Forest [SEP] [ANS] >> rdf:type >> dbo:Mountain
translate question to dbpedia path: What is the nickname of the club managed by Piotr baron?,[VAR1] >> dbo:manager >> dbr:Piotr_Baron [SEP] [VAR1] >> dbp:nickname >> [ANS]
translate question to dbpedia path: For how many different teams have the players debuted in Houston Astros played?,COUNT >> [ANS] >> rdf:type >> dbo:SportsTeam [SEP] [VAR1] >> dbo:debutTeam >> dbr:Houston_Astros [SEP] [VAR1] >> dbo:team >> [ANS]
translate question to dbpedia path: Rostock and Oulu is the shore cities on which sea ?,[ANS] >> dbp:cities >> dbr:Oulu [SEP] [ANS] >> dbp:cities >> dbr:Rostock [SEP] [ANS] >> rdf:type >> dbo:Sea
translate question to dbpedia path: Was winston churchill the prime minister of Selwyn Lloyd?,ASK >> dbr:Selwyn_Lloyd >> dbo:primeMinister >> dbr:Winston_Churchill
translate question to dbpedia path: How many different things are used as ingredients in Sweden?,COUNT >> [VAR1] >> dbo:country >> dbr:Sweden [SEP] [VAR1] >> dbo:ingredient >> [ANS]
translate question to dbpedia path: How many people have been the first one to scale a peak in the Yosemite Park?,COUNT >> [ANS] >> rdf:type >> dbo:Person [SEP] [VAR1] >> dbo:firstAscentPerson >> [ANS] [SEP] [VAR1] >> dbo:locatedInArea >> dbr:Yosemite_National_Park
"translate question to dbpedia path: What are some licensees of the stations playing in Nashville, Tennessee?","[VAR1] >> dbp:area >> dbr:Nashville,_Tennessee [SEP] [VAR1] >> dbp:licensee >> [ANS] [SEP] [VAR1] >> rdf:type >> dbo:RadioStation"
translate question to dbpedia path: Which builder of Ford Straight-6 engine is also the automobile latform provider of Chiva bus ?,dbr:Chiva_bus >> dbo:automobilePlatform >> [ANS] [SEP] dbr:Ford_Straight-6_engine >> dbo:manufacturer >> [ANS]
translate question to dbpedia path: List the awards given to the key people in Pixar ?,[VAR1] >> dbo:award >> [ANS] [SEP] dbr:Pixar >> dbp:keyPeople >> [VAR1]
translate question to dbpedia path: Which distributer of Bombay Sapphire also makes Grewy goose ?,dbr:Bombay_Sapphire >> dbp:distributor >> [ANS] [SEP] dbr:Grey_Goose_(vodka) >> dbp:manufacturer >> [ANS]
translate question to dbpedia path: Count the total number of bacterias whose division is Firmicutes and domain is Bacteria?,COUNT >> [ANS] >> dbo:division >> dbr:Firmicutes [SEP] [ANS] >> dbp:domain >> dbr:Bacteria
translate question to dbpedia path: Count me the number of people whose military unit is involved with Close air support ?,COUNT >> [ANS] >> dbo:militaryUnit >> [VAR1] [SEP] [ANS] >> rdf:type >> dbo:MilitaryPerson [SEP] [VAR1] >> dbp:role >> dbr:Close_air_support
translate question to dbpedia path: What is the college of Malik Ausean which is also the college of Kyle Fuller ?,dbr:Kyle_Fuller_(basketball) >> dbp:college >> [ANS] [SEP] dbr:Malik_Ausean_Evans >> dbo:college >> [ANS]
translate question to dbpedia path: What are some other great things by the person who produced Queer as Folk?,COUNT >> [VAR1] >> dbp:notableworks >> [ANS] [SEP] [VAR1] >> rdf:type >> dbo:Person [SEP] dbr:Queer_as_Folk_(UK_TV_series) >> dbo:producer >> [VAR1]
translate question to dbpedia path: Does Jean Louis Arcand work for Geneva?,ASK >> dbr:Jean-Louis_Arcand >> dbp:institution >> dbr:Geneva
translate question to dbpedia path: Is facebook a public company?,ASK >> dbr:Facebook >> dbp:companyType >> dbr:Public_company
translate question to dbpedia path: Under which scientist did doctoral students erban ieica and Erich Bagge study?,[ANS] >> dbp:doctoralStudents >> dbr:Erich_Bagge [SEP] [ANS] >> dbp:doctoralStudents >> dbr:Șerban_Țițeica [SEP] [ANS] >> rdf:type >> dbo:Scientist
translate question to dbpedia path: Which rivers start in a country whose leader is Irene Mambilima?,[ANS] >> dbo:sourceCountry >> [VAR1] [SEP] [ANS] >> rdf:type >> dbo:River [SEP] [VAR1] >> dbp:leaderName >> dbr:Irene_Mambilima
translate question to dbpedia path: Count the number of books whose author's were born in Alcal de Henares ?,COUNT >> [ANS] >> dbo:author >> [VAR1] [SEP] [ANS] >> rdf:type >> dbo:Book [SEP] [VAR1] >> dbo:birthPlace >> dbr:Alcalá_de_Henares
translate question to dbpedia path: Name the show whose jury consist of Jennifer Lopez and Randy Jackson?,[ANS] >> dbp:judges >> dbr:Jennifer_Lopez [SEP] [ANS] >> dbp:judges >> dbr:Randy_Jackson [SEP] [ANS] >> rdf:type >> dbo:TelevisionShow
translate question to dbpedia path: List down all the baseball teams whose team manager was a Catcher?,[ANS] >> dbo:manager >> [VAR1] [SEP] [ANS] >> rdf:type >> dbo:BaseballTeam [SEP] [VAR1] >> dbo:position >> dbr:Catcher
translate question to dbpedia path: Which musical band produced the subsequent work of City of New Orleans ?,[VAR1] >> dbo:musicalBand >> [ANS] [SEP] dbr:City_of_New_Orleans_(song) >> dbo:subsequentWork >> [VAR1]
translate question to dbpedia path: What is the alma mater of the James Still which is also the alma mater of Tom Maniatis?,dbr:James_Still >> dbo:almaMater >> [ANS] [SEP] dbr:Tom_Maniatis >> dbp:almaMater >> [ANS]
translate question to dbpedia path: Where is the stadium of west Papus football team ?,dbr:West_Papua_football_team >> dbo:stadium >> [ANS]
translate question to dbpedia path: What is the debut team of the football player whose college is UCLA Bruins football?,[VAR1] >> dbo:college >> dbr:UCLA_Bruins_football [SEP] [VAR1] >> dbo:debutTeam >> [ANS] [SEP] [VAR1] >> rdf:type >> dbo:GridironFootballPlayer
translate question to dbpedia path: Does Air 2000 fly to the north american continent?,ASK >> dbr:Air_2000 >> dbo:destination >> dbr:North_America
translate question to dbpedia path: In which racing championships did Bobby Beasley and Martin Molony participate?,dbr:Bobby_Beasley >> dbo:race >> [ANS] [SEP] dbr:Martin_Molony >> dbo:race >> [ANS]
translate question to dbpedia path: What is the origin of the grape whose wine region is the Troodos Mountains ?,[VAR1] >> dbo:origin >> [ANS] [SEP] [VAR1] >> dbo:wineRegion >> dbr:Troodos_Mountains [SEP] [VAR1] >> rdf:type >> dbo:Grape
translate question to dbpedia path: Whose families are Buccinoidea and Buccinidae?,[ANS] >> dbo:family >> dbr:Buccinidae [SEP] [ANS] >> dbo:family >> dbr:Buccinoidea
translate question to dbpedia path: Name the artist of Brad Paisley discography ?,dbr:Brad_Paisley_discography >> dbp:artist >> [ANS]
translate question to dbpedia path: Ernest Rutherford was the advisor of how many people?,COUNT >> [ANS] >> dbp:doctoralAdvisor >> dbr:Ernest_Rutherford
translate question to dbpedia path: Name the TV show whose composer is Judy Hart Angelo and company as Paramount Television ?,[ANS] >> dbo:composer >> dbr:Judy_Hart_Angelo [SEP] [ANS] >> dbp:company >> dbr:Paramount_Television [SEP] [ANS] >> rdf:type >> dbo:TelevisionShow
translate question to dbpedia path: list all the chairman of Vancouver Whitecaps FC?,dbr:Vancouver_Whitecaps_FC >> dbp:chairman >> [ANS]
"translate question to dbpedia path: What are some employees of Uni of California, santa cruz?","[ANS] >> dbp:employer >> dbr:University_of_California,_Santa_Cruz"
"translate question to dbpedia path: Which municipality of the Brown's Corners, toronto also place of birth of Krista Kelly ?","dbr:Brown's_Corners,_Toronto >> dbo:municipality >> [ANS] [SEP] dbr:Krista_Kelly >> dbp:placeOfBirth >> [ANS]"
translate question to dbpedia path: Which famous writer was married to Jill Krementz and had a son named Edith Vonnegut ?,[ANS] >> dbo:child >> dbr:Edith_Vonnegut [SEP] [ANS] >> dbo:spouse >> dbr:Jill_Krementz [SEP] [ANS] >> rdf:type >> dbo:Writer
translate question to dbpedia path: Name the nearest city to Tennie and Laura ?,dbr:Tennie_and_Laura_(schooner) >> dbp:nearestCity >> [ANS]
translate question to dbpedia path: How many TV shows have been created by Simon Fuller ?,COUNT >> [ANS] >> dbp:creator >> dbr:Simon_Fuller [SEP] [ANS] >> rdf:type >> dbo:TelevisionShow
translate question to dbpedia path: Who appointed the governor under which Robert Witherspoon worked?,[VAR1] >> dbp:appointer >> [ANS] [SEP] dbr:Robert_Witherspoon >> dbo:governor >> [VAR1]
translate question to dbpedia path: What is the area of ITV (Thailand) ?,dbr:ITV_(Thailand) >> dbp:area >> [ANS]
translate question to dbpedia path: who all play for of the american football players at  Quarterback position?,[VAR1] >> dbo:team >> [ANS] [SEP] [VAR1] >> dbp:position >> dbr:Quarterback [SEP] [VAR1] >> rdf:type >> dbo:AmericanFootballPlayer
translate question to dbpedia path: Name the office holder whose child is Lori Black and predecessor is Henry E. Catto Jr ?,"[ANS] >> dbo:predecessor >> dbr:Henry_E._Catto,_Jr. [SEP] [ANS] >> dbp:children >> dbr:Lori_Black [SEP] [ANS] >> rdf:type >> dbo:OfficeHolder"
translate question to dbpedia path: Which televion show's theme music was given by Ron Grainer and is broadcasted by BBC HD ?,[ANS] >> dbo:network >> dbr:BBC_HD [SEP] [ANS] >> dbp:themeMusicComposer >> dbr:Ron_Grainer [SEP] [ANS] >> rdf:type >> dbo:TelevisionShow
translate question to dbpedia path: Name a person who was educated in Humes High School ?,[ANS] >> dbo:education >> dbr:Humes_High_School [SEP] [ANS] >> rdf:type >> dbo:Person
translate question to dbpedia path: Where do I find buildings rented by Weber Thompson?,[VAR1] >> dbo:tenant >> dbr:Weber_Thompson [SEP] [VAR1] >> dbp:address >> [ANS] [SEP] [VAR1] >> rdf:type >> dbo:Building
translate question to dbpedia path: What is the field of interest of the advisor of Henri Maspero ?,[VAR1] >> dbp:fields >> [ANS] [SEP] dbr:Henri_Maspero >> dbo:academicAdvisor >> [VAR1]
translate question to dbpedia path: Name the actor of Soylent Green to which Lydia Clarke is married ?,dbr:Lydia_Clarke >> dbp:spouse >> [ANS] [SEP] dbr:Soylent_Green >> dbo:starring >> [ANS]
translate question to dbpedia path: Count the cities whihch are on the same sea as that of Miami ?,COUNT >> [VAR1] >> dbp:cities >> [ANS] [SEP] [VAR1] >> dbp:cities >> dbr:Miami
translate question to dbpedia path: Name the stock holders of soccer club whose one of the stockholder is Carl Sanders ?,[VAR1] >> dbo:owner >> [ANS] [SEP] [VAR1] >> dbp:owner >> dbr:Carl_Sanders [SEP] [VAR1] >> rdf:type >> dbo:SoccerClub
translate question to dbpedia path: Who are the key people of FWD.us?,dbr:FWD.us >> dbp:keyPeople >> [ANS]
translate question to dbpedia path: Who is the executive producer of Into the Dalek ?,dbr:Into_the_Dalek >> dbp:executiveProducer >> [ANS]
translate question to dbpedia path: What team is famous for Robert Nederlander and also the debuting team of Gary Sanchez?,[ANS] >> rdf:type >> dbo:SportsTeam [SEP] dbr:Gary_Sánchez >> dbo:debutTeam >> [ANS] [SEP] dbr:Robert_Nederlander >> dbo:knownFor >> [ANS]
translate question to dbpedia path: List everyone who got their training in the city of California?,[ANS] >> dbp:training >> [VAR1] [SEP] [VAR1] >> dbp:city >> dbr:California
translate question to dbpedia path: Where are Thomas Franois Burgers and Johannes Gerhardus Strijdom buried?,dbr:Johannes_Gerhardus_Strijdom >> dbp:restingplace >> [ANS] [SEP] dbr:Thomas_François_Burgers >> dbp:restingplace >> [ANS]
translate question to dbpedia path: Through how many cities does the river flowing into Arkansas go?,COUNT >> [ANS] >> rdf:type >> dbo:City [SEP] [VAR1] >> dbo:city >> [ANS] [SEP] [VAR1] >> dbo:mouthMountain >> dbr:Arkansas
"translate question to dbpedia path: What is the municipality of the Brown's Corners, Toronto and also the  place of birth of the George Karrys","dbr:Brown's_Corners,_Toronto >> dbo:municipality >> [ANS] [SEP] dbr:George_Karrys >> dbp:placeOfBirth >> [ANS]"
translate question to dbpedia path: Does Richard Marx play guitar?,ASK >> dbr:Richard_Marx >> dbp:instrument >> dbr:Guitar
translate question to dbpedia path: How many things are manufactured by the company whose subsidiary is Sony Corporation shareholders and subsidiaries?,COUNT >> [ANS] >> dbo:manufacturer >> [VAR1] [SEP] [VAR1] >> dbo:subsidiary >> dbr:Sony_Corporation_shareholders_and_subsidiaries
translate question to dbpedia path: What is the total number of office holders who preceded the people working under president bill clinton?,COUNT >> [ANS] >> dbp:successor >> [VAR1] [SEP] [ANS] >> rdf:type >> dbo:OfficeHolder [SEP] [VAR1] >> dbp:president >> dbr:Bill_Clinton
"translate question to dbpedia path: In which other places are there companies which are in Ontario, too?",[VAR1] >> dbo:locationCity >> dbr:Ontario [SEP] [VAR1] >> dbp:locations >> [ANS]
translate question to dbpedia path: What is the POD of the successor of Pmare I ?,[VAR1] >> dbo:deathPlace >> [ANS] [SEP] dbr:Pōmare_I >> dbp:successor >> [VAR1]
translate question to dbpedia path: In which companies boards do the writers of Wikitionary belong?,[VAR1] >> dbo:board >> [ANS] [SEP] dbr:Wiktionary >> dbo:author >> [VAR1]
translate question to dbpedia path: How many nations' volleyball players have played for the Russian women volleyball team?,COUNT >> [ANS] >> rdf:type >> dbo:Country [SEP] [VAR1] >> dbp:nationalteam >> dbr:Russia_women's_national_volleyball_team [SEP] [VAR1] >> dbp:placeOfBirth >> [ANS]
"translate question to dbpedia path: Which office holder's governor is Charles Willing Byrd and has final resting place in North Bend, Ohio?","[ANS] >> dbo:governor >> dbr:Charles_Willing_Byrd [SEP] [ANS] >> dbp:restingplace >> dbr:North_Bend,_Ohio [SEP] [ANS] >> rdf:type >> dbo:OfficeHolder"
translate question to dbpedia path: What is the television show which has cast member as Jason Carter and network is TNT (TV channel)?,[ANS] >> dbo:starring >> dbr:Jason_Carter_(actor) [SEP] [ANS] >> dbp:network >> dbr:TNT_(TV_channel) [SEP] [ANS] >> rdf:type >> dbo:TelevisionShow
translate question to dbpedia path: In how many places can I find people whose alma mater was in bachelor of arts?,COUNT >> [ANS] >> rdf:type >> dbo:Place [SEP] [VAR1] >> dbo:residence >> [ANS] [SEP] [VAR1] >> dbp:almaMater >> dbr:Bachelor_of_Arts
translate question to dbpedia path: Is Gutenberg neighbouring with Madiswil?,"ASK >> dbr:Madiswil >> dbp:neighboringMunicipalities >> dbr:Gutenburg,_Switzerland"
translate question to dbpedia path: List the junctions which lie on U.S. Route 59 in Texas and U.S. Route 59 ?,dbr:U.S._Route_59 >> dbp:junction >> [ANS] [SEP] dbr:U.S._Route_59_in_Texas >> dbp:junction >> [ANS]
translate question to dbpedia path: Does Mr. Jim's Pizza operate in the pizza industry?,ASK >> dbr:Mr._Jim's_Pizza >> dbo:industry >> dbr:Pizza
translate question to dbpedia path: Which scientist's academic advisor is Georg Meissner and is known for invention of Anthrax ?,[ANS] >> dbo:knownFor >> dbr:Anthrax [SEP] [ANS] >> dbp:doctoralAdvisor >> dbr:Georg_Meissner [SEP] [ANS] >> rdf:type >> dbo:Scientist
translate question to dbpedia path: Name the writer of South Park: The Stick of Truth ?,dbr:South_Park:_The_Stick_of_Truth >> dbo:writer >> [ANS]
translate question to dbpedia path: Who owns Torrey Pines Gliderport?,dbr:Torrey_Pines_Gliderport >> dbp:owner >> [ANS]
translate question to dbpedia path: Who wrote a streetcar named desire?,dbr:A_Streetcar_Named_Desire_(play) >> dbp:writer >> [ANS]
translate question to dbpedia path: Which nationality of Newin Chidchob is also the nationality of Ajahn Sao Kantaslo ?,dbr:Ajahn_Sao_Kantasīlo >> dbo:nationality >> [ANS] [SEP] dbr:Newin_Chidchob >> dbp:nationality >> [ANS]
translate question to dbpedia path: What is the label of the album whose previous work is Waterfall?,[VAR1] >> dbo:previousWork >> dbr:Waterfall_(album) [SEP] [VAR1] >> dbp:label >> [ANS] [SEP] [VAR1] >> rdf:type >> dbo:Album
translate question to dbpedia path: What is the label of things produced by the band If?,[VAR1] >> dbp:artist >> dbr:If_(band) [SEP] [VAR1] >> dbp:label >> [ANS]
translate question to dbpedia path: Which automobile platform provider of Chiva bus is also the parent company of the Ford Falcon Cobra ?,dbr:Chiva_bus >> dbo:automobilePlatform >> [ANS] [SEP] dbr:Ford_Falcon_Cobra >> dbo:parentCompany >> [ANS]
translate question to dbpedia path: List the goverener of Winston Bryant?,dbr:Winston_Bryant >> dbp:governor >> [ANS]
translate question to dbpedia path: Count the movies directed by Tim Burton and music composer Danny Elfman ?,COUNT >> [ANS] >> dbp:director >> dbr:Tim_Burton [SEP] [ANS] >> dbp:music >> dbr:Danny_Elfman
translate question to dbpedia path: Erik Jendresen is writer and Play tone is company of which TV show ?,[ANS] >> dbp:company >> dbr:Playtone [SEP] [ANS] >> dbp:writer >> dbr:Erik_Jendresen [SEP] [ANS] >> rdf:type >> dbo:TelevisionShow
translate question to dbpedia path: From which genres of music did those genres emerge where drums are important?,[VAR1] >> dbo:stylisticOrigin >> [ANS] [SEP] [VAR1] >> dbp:instruments >> dbr:Drum_kit [SEP] [VAR1] >> rdf:type >> dbo:MusicGenre
translate question to dbpedia path: Which developer of  the Spider-Man: Edge of Time is the  successor of PlayStation 2 ?,dbr:PlayStation_2 >> dbo:successor >> [ANS] [SEP] dbr:Spider-Man:_Edge_of_Time >> dbo:developer >> [ANS]
translate question to dbpedia path: Who is the appointer of Earl B. Ruth ?,dbr:Earl_B._Ruth >> dbp:appointer >> [ANS]
translate question to dbpedia path: What is the constituency of the leader of Labour Party (Norway)?,[VAR1] >> dbp:constituency >> [ANS] [SEP] dbr:Labour_Party_(Norway) >> dbp:leader >> [VAR1]
translate question to dbpedia path: Name the office holder who has a child named lori Black and Harvard Westlake school as one of the educational institute ?,[ANS] >> dbo:almaMater >> dbr:Harvard-Westlake_School [SEP] [ANS] >> dbp:children >> dbr:Lori_Black [SEP] [ANS] >> rdf:type >> dbo:OfficeHolder
translate question to dbpedia path: To which educational institutes is Samuel Isham associated to?,dbr:Samuel_Isham >> dbp:education >> [ANS]
translate question to dbpedia path: Give me a count of mammals whose family is Canidae?,COUNT >> [ANS] >> dbo:family >> dbr:Canidae [SEP] [ANS] >> rdf:type >> dbo:Mammal
translate question to dbpedia path: Which band produced the album Aida?,[VAR1] >> dbo:musicalArtist >> [ANS] [SEP] [VAR1] >> dbp:album >> dbr:Aida_(musical) [SEP] [VAR1] >> rdf:type >> dbo:MusicalWork
translate question to dbpedia path: Name the champion of National League ?,dbr:National_League >> dbp:champion >> [ANS]
translate question to dbpedia path: Which European sea has Oulu as one of the shore city ?,[ANS] >> dbo:location >> dbr:Europe [SEP] [ANS] >> dbp:cities >> dbr:Oulu [SEP] [ANS] >> rdf:type >> dbo:Sea
"translate question to dbpedia path: Name the team Ramiro Pea played for, which was also the first team of Steve Ontiveros?",dbr:Ramiro_Peña >> dbo:team >> [ANS] [SEP] dbr:Steve_Ontiveros_(infielder) >> dbp:debutteam >> [ANS]
translate question to dbpedia path: List the total number of awards of the musicals who have won Tony Award?,COUNT >> [VAR1] >> dbp:awards >> [ANS] [SEP] [VAR1] >> dbp:awards >> dbr:Tony_Award
translate question to dbpedia path: What is the debut team of people born in Vargas?,[VAR1] >> dbo:birthPlace >> dbr:Vargas_(state) [SEP] [VAR1] >> dbp:debutteam >> [ANS]
"translate question to dbpedia path: What is the product of the BBC Multimedia and is the theme of Visions, the convention?",dbr:BBC_Multimedia >> dbo:product >> [ANS] [SEP] dbr:Visions_(convention) >> dbp:genre >> [ANS]
translate question to dbpedia path: Does the Jordan River start in the Golan Heights?,ASK >> dbr:Jordan_River >> dbo:sourceRegion >> dbr:Golan_Heights
translate question to dbpedia path: Count the awards received by the ones who fought the battle of france?,COUNT >> [VAR1] >> dbo:award >> [ANS] [SEP] [VAR1] >> dbo:battle >> dbr:Battle_of_France
translate question to dbpedia path: List the military branch of  Henry Hyde ?,dbr:Henry_Hyde >> dbo:militaryBranch >> [ANS]
translate question to dbpedia path: What is the ethnicity of the Maike Evers and state of origin of the Theodor Hillenhinrichs ?,dbr:Maike_Evers >> dbo:ethnicity >> [ANS] [SEP] dbr:Theodor_Hillenhinrichs >> dbo:stateOfOrigin >> [ANS]
translate question to dbpedia path: How many people play for the Dallas Cowboys?,COUNT >> [ANS] >> dbo:team >> dbr:Dallas_Cowboys
translate question to dbpedia path: Was Reza Amrollahi born in Iran?,ASK >> dbr:Reza_Amrollahi >> dbp:birthplace >> dbr:Iran
"translate question to dbpedia path: What is the country whose administrative centre is Hagta, Guam?","[ANS] >> dbo:capital >> dbr:Hagåtña,_Guam [SEP] [ANS] >> rdf:type >> dbo:Country"
translate question to dbpedia path: Which sports by Polytechnic University of the Philippines Taguig is the discipline of The Chess Monthly ?,dbr:Polytechnic_University_of_the_Philippines_Taguig >> dbo:sport >> [ANS] [SEP] dbr:The_Chess_Monthly >> dbp:discipline >> [ANS]
translate question to dbpedia path: Which source country of SamurAbsheron channel is the birth place of Anar Salmanov ?,dbr:Anar_Salmanov >> dbp:placeOfBirth >> [ANS] [SEP] dbr:Samur–Absheron_channel >> dbo:sourceCountry >> [ANS]
translate question to dbpedia path: List the resting place of the people who served in Norwalk Trainband.,[VAR1] >> dbo:militaryUnit >> dbr:Norwalk_Trainband [SEP] [VAR1] >> dbp:restingplace >> [ANS] [SEP] [VAR1] >> rdf:type >> dbo:Person
translate question to dbpedia path: Who was the designer of john madden Football '92 ?,dbr:John_Madden_Football_'92 >> dbp:designer >> [ANS]
translate question to dbpedia path: Give me all magazines whose editors live in Chicago?,[ANS] >> dbp:editor >> [VAR1] [SEP] [ANS] >> rdf:type >> dbo:Magazine [SEP] [VAR1] >> dbo:hometown >> dbr:Chicago
translate question to dbpedia path: Which company's cars are assembled in Iran?,[VAR1] >> dbp:assembly >> dbr:Iran [SEP] [VAR1] >> dbp:parentCompany >> [ANS] [SEP] [VAR1] >> rdf:type >> dbo:Automobile
translate question to dbpedia path: Which are the television show which have been created by Donald Wilson?,[ANS] >> dbo:creator >> dbr:Donald_Wilson_(writer_and_producer) [SEP] [ANS] >> rdf:type >> dbo:TelevisionShow
translate question to dbpedia path: Count all the Colonels?,COUNT >> [ANS] >> dbp:rank >> dbr:Colonel_(United_States)
translate question to dbpedia path: Does the croton river flow into the hudson?,ASK >> dbr:Hudson_River >> dbo:leftTributary >> dbr:Croton_River
translate question to dbpedia path: What sports can be played at universities in Metro Manila?,[VAR1] >> dbp:athletics >> [ANS] [SEP] [VAR1] >> dbp:state >> dbr:Metro_Manila [SEP] [VAR1] >> rdf:type >> dbo:University
translate question to dbpedia path: What team has Sam Keller and Jim McMilin played for?,dbr:Jim_McMillin >> dbo:team >> [ANS] [SEP] dbr:Sam_Keller >> dbo:formerTeam >> [ANS]
translate question to dbpedia path: What has  location as Ontario?,[ANS] >> dbo:location >> dbr:Ontario
translate question to dbpedia path: Where was Juno I launched from ?,dbr:Juno_I >> dbo:launchSite >> [ANS]
"translate question to dbpedia path: In which sects was the aristocrat venerated, whose parent is Thelred the Unready?",[VAR1] >> dbo:parent >> dbr:Æthelred_the_Unready [SEP] [VAR1] >> dbp:veneratedIn >> [ANS] [SEP] [VAR1] >> rdf:type >> dbo:Royalty
"translate question to dbpedia path: Who won the ohio house of representatives, 2010?","dbr:United_States_House_of_Representatives_elections_in_Ohio,_2010 >> dbp:incumbent >> [ANS]"
translate question to dbpedia path: Name the common distributing label of the Chinga Chang Records and StandBy Records ?,dbr:Chinga_Chang_Records >> dbo:distributingLabel >> [ANS] [SEP] dbr:StandBy_Records >> dbo:distributingLabel >> [ANS]
translate question to dbpedia path: What is the draft team of Gene Conley ?,dbr:Gene_Conley >> dbp:draftTeam >> [ANS]
translate question to dbpedia path: What was a common first team at the 1967 Mexican Grand Prix and 1971 US one?,dbr:1967_Mexican_Grand_Prix >> dbp:firstTeam >> [ANS] [SEP] dbr:1971_United_States_Grand_Prix >> dbp:firstTeam >> [ANS]
translate question to dbpedia path: What are some common ingredients used in Swedish dishes?,[VAR1] >> dbo:country >> dbr:Sweden [SEP] [VAR1] >> dbo:ingredient >> [ANS]
translate question to dbpedia path: Where did Rheinmetall MG 60 originated ?,dbr:Rheinmetall_MG_60 >> dbo:origin >> [ANS]
translate question to dbpedia path: Did nokia 215 has the series 30+ OS?,ASK >> dbr:Nokia_215 >> dbp:os >> dbr:Series_30+
translate question to dbpedia path: Gregg Toland cinematographed how many things?,COUNT >> [ANS] >> dbo:cinematography >> dbr:Gregg_Toland
translate question to dbpedia path: What type of government is elected in Kumta?,dbr:Kumta >> dbo:governmentType >> [ANS]
translate question to dbpedia path: List the birth city of the politicians of Democratic Party.,[VAR1] >> dbo:birthPlace >> [ANS] [SEP] [VAR1] >> dbo:party >> dbr:Democratic_Party_(United_States) [SEP] [VAR1] >> rdf:type >> dbo:Politician
translate question to dbpedia path: Was Tommy Tucker's Tooth animated by Walt Disney?,ASK >> dbr:Tommy_Tucker's_Tooth >> dbo:animator >> dbr:Walt_Disney
"translate question to dbpedia path: What team does John McGeever play for, which also employed Ben Dreith at some time?",dbr:Ben_Dreith >> dbo:occupation >> [ANS] [SEP] dbr:John_McGeever >> dbo:team >> [ANS]
translate question to dbpedia path: Give me the total number of lines owned by owner of Mwtro-Noth Railroad ?,COUNT >> [VAR1] >> dbo:owner >> dbr:Metro-North_Railroad [SEP] [VAR1] >> dbp:owner >> [ANS]
translate question to dbpedia path: For which team do Guido Guerrini and Massimo Liverani currently play for?,dbr:Guido_Guerrini >> dbp:currentTeam >> [ANS] [SEP] dbr:Massimo_Liverani >> dbp:currentTeam >> [ANS]
translate question to dbpedia path: What is the governing body of Fort Monroe ?,dbr:Fort_Monroe >> dbp:governingBody >> [ANS]
translate question to dbpedia path: List the common sports played by Polytechnic University of the Philippines Bataan and Jamiatu Muslim Mindanao ?,dbr:Jamiatu_Muslim_Mindanao >> dbo:athletics >> [ANS] [SEP] dbr:Polytechnic_University_of_the_Philippines_–_Bataan >> dbo:sport >> [ANS]
translate question to dbpedia path: How many television shows are broadcasted on Fox Broadcasting Company?,COUNT >> [ANS] >> dbo:channel >> dbr:Fox_Broadcasting_Company [SEP] [ANS] >> rdf:type >> dbo:TelevisionShow
translate question to dbpedia path: What are some tv shows created by Simon Fuller?,[ANS] >> dbp:creator >> dbr:Simon_Fuller [SEP] [ANS] >> rdf:type >> dbo:TelevisionShow
translate question to dbpedia path: What is the place of birth of the Michael Marder which is also the  place of death of the Tigran Petrosian,dbr:Michael_Marder >> dbp:placeOfBirth >> [ANS] [SEP] dbr:Tigran_Petrosian >> dbo:deathPlace >> [ANS]
translate question to dbpedia path: Who is married to Tony Ramo,[ANS] >> dbp:partner >> dbr:Tony_Romo
translate question to dbpedia path: How many states are in the Mediterranean Basketball Association?,COUNT >> [ANS] >> rdf:type >> dbo:Place [SEP] dbr:Mediterranean_Basketball_Association >> dbo:country >> [ANS]
translate question to dbpedia path: What is the title of the Kakae and also the district of the Robert William Wilcox ?,dbr:Kakae >> dbp:title >> [ANS] [SEP] dbr:Robert_William_Wilcox >> dbp:district >> [ANS]
translate question to dbpedia path: Who wrote the singles on the Main Course?,[VAR1] >> dbp:album >> dbr:Main_Course [SEP] [VAR1] >> dbp:writer >> [ANS] [SEP] [VAR1] >> rdf:type >> dbo:Single
translate question to dbpedia path: State the religion of the person known for People's Bank (Sri Lanka) ?,[VAR1] >> dbo:knownFor >> dbr:People's_Bank_(Sri_Lanka) [SEP] [VAR1] >> dbo:religion >> [ANS]
translate question to dbpedia path: To which US states does the roads belong which meet at the East Whiteland Township in Pennsylvania?,"[VAR1] >> dbo:routeJunction >> dbr:East_Whiteland_Township,_Chester_County,_Pennsylvania [SEP] [VAR1] >> dbo:state >> [ANS] [SEP] [VAR1] >> rdf:type >> dbo:Road"
translate question to dbpedia path: In how many places can I find people who were the architects of the Dundas Castle?,"COUNT >> [VAR1] >> dbp:region >> [ANS] [SEP] dbr:Dundas_Castle_(Roscoe,_New_York) >> dbp:architecture >> [VAR1]"
translate question to dbpedia path: List all the children of Barbara Bush?,dbr:Barbara_Bush >> dbp:children >> [ANS]
translate question to dbpedia path: Name the notable work by Russell T Davis which is also the series of Doctor Who:Destiny of the Doctors ?,dbr:Doctor_Who:_Destiny_of_the_Doctors >> dbo:series >> [ANS] [SEP] dbr:Russell_T_Davies >> dbp:notableworks >> [ANS]
translate question to dbpedia path: Who oarent organization of Get TV is also the label provider of I Pray on CHristmas ?,dbr:GetTV >> dbo:parentOrganisation >> [ANS] [SEP] dbr:I_Pray_on_Christmas >> dbp:label >> [ANS]
translate question to dbpedia path: What company made facebook messenger and is the platform where Words of Gold can be played?,[ANS] >> rdf:type >> dbo:Company [SEP] dbr:Facebook_Messenger >> dbp:developer >> [ANS] [SEP] dbr:Words_of_Gold >> dbo:computingPlatform >> [ANS]
translate question to dbpedia path: Who wrote the frost king?,dbr:The_Frost_King >> dbo:author >> [ANS]
translate question to dbpedia path: Which company had built the rockets launched at the Cape Canaveral Air Force Station Space Launch Complex 17?,[VAR1] >> dbo:launchSite >> dbr:Cape_Canaveral_Air_Force_Station_Space_Launch_Complex_17 [SEP] [VAR1] >> dbo:manufacturer >> [ANS]
translate question to dbpedia path: Name a royalty whose one of the child is Augustus  and is associated with Publius Servilius Vatia Isauricus?,[ANS] >> dbo:associate >> dbr:Publius_Servilius_Vatia_Isauricus_(consul_48_BC) [SEP] [ANS] >> dbp:children >> dbr:Augustus
translate question to dbpedia path: Who trained the wrestlers who are billed in Wisconsin?,[VAR1] >> dbo:billed >> dbr:Wisconsin [SEP] [VAR1] >> dbo:trainer >> [ANS] [SEP] [VAR1] >> rdf:type >> dbo:Wrestler
translate question to dbpedia path: Which currency of Republic of Montenegro is also the currency of the French Southern and Antarctic Lands ?,dbr:French_Southern_and_Antarctic_Lands >> dbo:currency >> [ANS] [SEP] dbr:Republic_of_Montenegro_(1992–2006) >> dbp:currency >> [ANS]
translate question to dbpedia path: Where are the movies directed by Faisal Aman Khan recorded?,[VAR1] >> dbo:director >> dbr:Faisal_Aman_Khan [SEP] [VAR1] >> dbp:recorded >> [ANS]
translate question to dbpedia path: Where was the battle fought where 2nd Foreign Infantry Regiment participated  ?,[VAR1] >> dbo:territory >> [ANS] [SEP] [VAR1] >> rdf:type >> dbo:MilitaryConflict [SEP] dbr:2nd_Foreign_Infantry_Regiment >> dbo:battle >> [VAR1]
translate question to dbpedia path: How many cities are around the sea in which the ionian sea flows?,COUNT >> [VAR1] >> dbp:cities >> [ANS] [SEP] [VAR1] >> rdf:type >> dbo:Sea [SEP] dbr:Ionian_Sea >> dbo:outflow >> [VAR1]
translate question to dbpedia path: Which team did Bill Murphy and Jean Segura play for?,dbr:Bill_Murphy_(baseball) >> dbo:debutTeam >> [ANS] [SEP] dbr:Jean_Segura >> dbo:team >> [ANS]
translate question to dbpedia path: What is the administrative headquarters of Pulau Ujong ?,dbr:Pulau_Ujong >> dbo:capital >> [ANS]
"translate question to dbpedia path: What all is produced by companies in Douglas, Isle of Man?","[VAR1] >> dbo:locationCity >> dbr:Douglas,_Isle_of_Man [SEP] [VAR1] >> dbo:product >> [ANS] [SEP] [VAR1] >> rdf:type >> dbo:Company"
translate question to dbpedia path: Miguel de Cervantes wrote the musical extended from which book?,[VAR1] >> dbo:author >> dbr:Miguel_de_Cervantes [SEP] [VAR1] >> dbo:basedOn >> [ANS] [SEP] [VAR1] >> rdf:type >> dbo:Musical
translate question to dbpedia path: Which city amongst the one which belongs to Boundary Dam was the palce for Soccer Bowl '76 ?,dbr:Boundary_Dam >> dbp:owner >> [ANS] [SEP] dbr:Soccer_Bowl_'76 >> dbo:city >> [ANS]
translate question to dbpedia path: Which employer of Manu Cornet has alsoe written Google.by ?,dbr:Google.by >> dbo:author >> [ANS] [SEP] dbr:Manu_Cornet >> dbp:employer >> [ANS]
translate question to dbpedia path: What is the common official residence of Lezlee Westine and Arnold W. Braswell?,dbr:Arnold_W._Braswell >> dbp:residence >> [ANS] [SEP] dbr:Lezlee_Westine >> dbp:residence >> [ANS]
translate question to dbpedia path: Who had headed the governmental agencies whose admin HQ was in Niederkirchnerstrasse?,[VAR1] >> dbo:headquarter >> dbr:Niederkirchnerstraße [SEP] [VAR1] >> dbo:leader >> [ANS] [SEP] [VAR1] >> rdf:type >> dbo:GovernmentAgency
translate question to dbpedia path: Where does the Kentucky cycle take place?,dbr:The_Kentucky_Cycle >> dbp:place >> [ANS]
"translate question to dbpedia path: Whichi  burial place of the Henri, Duke of Rohan is also the birth place of Michel Frutschi ?","dbr:Henri,_Duke_of_Rohan >> dbo:placeOfBurial >> [ANS] [SEP] dbr:Michel_Frutschi >> dbp:birthPlace >> [ANS]"
translate question to dbpedia path: Which river's source mountain is Baikal Mountains and is located in Laptev Sea ?,[ANS] >> dbo:sourceMountain >> dbr:Baikal_Mountains [SEP] [ANS] >> dbp:mouthLocation >> dbr:Laptev_Sea [SEP] [ANS] >> rdf:type >> dbo:River
translate question to dbpedia path: Among which sitcoms in which theme music is composed by Gary Portnoy is located in Massachusetts ?,[ANS] >> dbo:location >> dbr:Massachusetts [SEP] [ANS] >> dbp:themeMusicComposer >> dbr:Gary_Portnoy [SEP] [ANS] >> rdf:type >> dbo:TelevisionShow
translate question to dbpedia path: Name the movies distributed by Warner Bros. and directed by Ridley Scott ?,[ANS] >> dbp:director >> dbr:Ridley_Scott [SEP] [ANS] >> dbp:distributor >> dbr:Warner_Bros. [SEP] [ANS] >> rdf:type >> dbo:Film
"translate question to dbpedia path: WHich region of the Providence Chapel, Charlwood is also the region of the Joseph Case High School","dbr:Joseph_Case_High_School >> dbo:region >> [ANS] [SEP] dbr:Providence_Chapel,_Charlwood >> dbp:style >> [ANS]"
translate question to dbpedia path: Name a river starting from arequipa region?,[ANS] >> dbp:sourceRegion >> dbr:Arequipa_Region [SEP] [ANS] >> rdf:type >> dbo:River
translate question to dbpedia path: What basketball league's champion is Golden State Warriors,[ANS] >> dbp:champion >> dbr:Golden_State_Warriors [SEP] [ANS] >> rdf:type >> dbo:BasketballLeague
translate question to dbpedia path: Name some people working at someplace owned by News Corp.,[ANS] >> dbo:employer >> [VAR1] [SEP] [VAR1] >> dbp:owners >> dbr:News_Corp
translate question to dbpedia path: Was Johnny Depp a member of Skull Gang?,ASK >> dbr:Skull_Gang >> dbo:bandMember >> dbr:Johnny_Depp
translate question to dbpedia path: What is the basketball team whose President's college is Brockport Golden Eagles?,[ANS] >> dbp:president >> [VAR1] [SEP] [ANS] >> rdf:type >> dbo:BasketballTeam [SEP] [VAR1] >> dbp:college >> dbr:Brockport_Golden_Eagles
translate question to dbpedia path: Count the number of fileds of the scientist whose one of the interest is Chinese poetry ?,COUNT >> [VAR1] >> dbp:fields >> [ANS] [SEP] [VAR1] >> dbp:fields >> dbr:Chinese_poetry
translate question to dbpedia path: What organisations purpose is Peace?,[ANS] >> dbp:purpose >> dbr:Peace [SEP] [ANS] >> rdf:type >> dbo:Organisation
translate question to dbpedia path: In how many different teams have all those who have played as a defenceman been?,COUNT >> [ANS] >> rdf:type >> dbo:SportsTeam [SEP] [VAR1] >> dbp:playedFor >> [ANS] [SEP] [VAR1] >> dbp:position >> dbr:Defenceman
translate question to dbpedia path: How many teams have used the stadiums which have been rented by the Canadian Hockey team?,COUNT >> [VAR1] >> dbo:tenant >> dbr:Hockey_Canada [SEP] [VAR1] >> dbp:tenants >> [ANS]
translate question to dbpedia path: How many teams have LA kings players in them currently?,COUNT >> [ANS] >> rdf:type >> dbo:SportsTeam [SEP] [VAR1] >> dbo:formerTeam >> dbr:Los_Angeles_Kings [SEP] [VAR1] >> dbo:team >> [ANS]
translate question to dbpedia path: Is Hard Candy Fitness one of the divisions of Moscow?,ASK >> dbr:Hard_Candy_Fitness >> dbp:divisions >> dbr:Moscow
translate question to dbpedia path: What is the television show whose developer is J. Michael Straczynski?,[ANS] >> dbo:developer >> dbr:J._Michael_Straczynski [SEP] [ANS] >> rdf:type >> dbo:TelevisionShow
translate question to dbpedia path: list the organisation with motive for peace and environmentalism?,[ANS] >> dbp:purpose >> dbr:Environmentalism [SEP] [ANS] >> dbp:purpose >> dbr:Peace [SEP] [ANS] >> rdf:type >> dbo:Organisation
translate question to dbpedia path: What is the content license of Darcs ?,dbr:Darcs >> dbo:license >> [ANS]
translate question to dbpedia path: Is Truth prevails the national motto of Czechoslovakia?,ASK >> dbr:Czechoslovakia >> dbp:nationalMotto >> dbr:Truth_prevails
"translate question to dbpedia path: Name a military unit whose command structure is United States Department of the Navy and garrison is Arlington County, Virginia?","[ANS] >> dbo:commandStructure >> dbr:United_States_Department_of_the_Navy [SEP] [ANS] >> dbo:garrison >> dbr:Arlington_County,_Virginia [SEP] [ANS] >> rdf:type >> dbo:MilitaryUnit"
translate question to dbpedia path: Which company developed both Dart and Go?,dbr:Dart_(programming_language) >> dbo:developer >> [ANS] [SEP] dbr:Go_(programming_language) >> dbo:developer >> [ANS]
translate question to dbpedia path: In which country did Philippe tesnire and judson huss die?,dbr:Judson_Huss >> dbp:placeOfDeath >> [ANS] [SEP] dbr:Philippe_Tesnière >> dbp:placeOfDeath >> [ANS]
translate question to dbpedia path: List all the artist of albums which have been produced by Stephen Kozmeniuk ?,[VAR1] >> dbp:artist >> [ANS] [SEP] [VAR1] >> dbp:producer >> dbr:Stephen_Kozmeniuk [SEP] [VAR1] >> rdf:type >> dbo:Album
translate question to dbpedia path: Is Olyokma River the right tributary of Lena River?,ASK >> dbr:Lena_River >> dbo:rightTributary >> dbr:Olyokma_River
translate question to dbpedia path: Which colored race horses have won the Grand National?,[VAR1] >> dbo:colour >> [ANS] [SEP] [VAR1] >> dbp:honours >> dbr:Grand_National [SEP] [VAR1] >> rdf:type >> dbo:RaceHorse
"translate question to dbpedia path: What is common between sports played at Fr Agnel School and Jr college, and the genre of Virtual Kasparov?",dbr:Fr._Agnel_Multipurpose_School_and_Junior_College >> dbo:sport >> [ANS] [SEP] dbr:Virtual_Kasparov >> dbo:genre >> [ANS]
translate question to dbpedia path: What are other famous works of the writer who created the Sarah Jane Adventures?,[VAR1] >> dbo:notableWork >> [ANS] [SEP] [VAR1] >> dbp:notableworks >> dbr:The_Sarah_Jane_Adventures [SEP] [VAR1] >> rdf:type >> dbo:Writer
translate question to dbpedia path: What is the mascot of the alma mater of Deborah Crombie?,[VAR1] >> dbp:mascot >> [ANS] [SEP] dbr:Deborah_Crombie >> dbo:almaMater >> [VAR1]
translate question to dbpedia path: Where did the genres originate which can found in The Mudbloods?,[VAR1] >> dbo:stylisticOrigin >> [ANS] [SEP] dbr:The_Mudbloods >> dbp:genre >> [VAR1]
translate question to dbpedia path: What is the resting place of the person who is the successor of James W. Hyatt ?,[VAR1] >> dbo:restingPlace >> [ANS] [SEP] [VAR1] >> rdf:type >> dbo:Person [SEP] dbr:James_W._Hyatt >> dbp:successor >> [VAR1]
translate question to dbpedia path: Who wrote the mangas produced by Masahike Minami?,[VAR1] >> dbo:author >> [ANS] [SEP] [VAR1] >> dbp:producer >> dbr:Masahiko_Minami [SEP] [VAR1] >> rdf:type >> dbo:Manga
translate question to dbpedia path: Which contnet license provider of Microsoft Office Picture Manager is also the game platform of Google Clud Connect ?,dbr:Google_Cloud_Connect >> dbo:computingPlatform >> [ANS] [SEP] dbr:Microsoft_Office_Picture_Manager >> dbo:license >> [ANS]
translate question to dbpedia path: What is the mascot of military in Quezon city?,[VAR1] >> dbp:garrison >> dbr:Quezon_City [SEP] [VAR1] >> dbp:mascot >> [ANS] [SEP] [VAR1] >> rdf:type >> dbo:MilitaryUnit
"translate question to dbpedia path: What all are in the states whose anthem is Ja, vi esker dette landet?","[ANS] >> dbo:country >> [VAR1] [SEP] [VAR1] >> dbo:anthem >> dbr:Ja,_vi_elsker_dette_landet"
translate question to dbpedia path: Which officers fought in the war of Siege of Fort Recovery?,[ANS] >> dbo:battle >> dbr:Siege_of_Fort_Recovery [SEP] [ANS] >> rdf:type >> dbo:OfficeHolder
translate question to dbpedia path: Which company builds Microsoft Azure and Microsoft Surface?,[ANS] >> dbo:product >> dbr:Microsoft_Azure [SEP] [ANS] >> dbo:product >> dbr:Microsoft_Surface [SEP] [ANS] >> rdf:type >> dbo:Company
translate question to dbpedia path: return some  players who have played in the NBA?,[ANS] >> dbp:league >> dbr:National_Basketball_Association
translate question to dbpedia path: Name an airline with hub airports as Los Angeles International Airport and San Francisco International Airport?,[ANS] >> dbo:hubAirport >> dbr:Los_Angeles_International_Airport [SEP] [ANS] >> dbp:hubs >> dbr:San_Francisco_International_Airport [SEP] [ANS] >> rdf:type >> dbo:Airline
"translate question to dbpedia path: Give me all office holders who finally retired in Montpelier, Orange, Virgina?","[ANS] >> dbp:restingplace >> dbr:Montpelier_(Orange,_Virginia) [SEP] [ANS] >> rdf:type >> dbo:OfficeHolder"
translate question to dbpedia path: Give me a count on scientist who are known for garrison is Tennessee ?,COUNT >> [ANS] >> dbp:knownFor >> [VAR1] [SEP] [ANS] >> rdf:type >> dbo:Scientist [SEP] [VAR1] >> dbo:garrison >> dbr:Tennessee
translate question to dbpedia path: Does Ronaldinho play in the brazil's under 23 team?,ASK >> dbr:Ronaldinho >> dbp:nationalteam >> dbr:Brazil_national_under-23_football_team
"translate question to dbpedia path: Which river starts from the county seat of Heathsville, Virginia?","[ANS] >> dbp:mouthLocation >> [VAR1] [SEP] [ANS] >> rdf:type >> dbo:River [SEP] [VAR1] >> dbo:countySeat >> dbr:Heathsville,_Virginia"
translate question to dbpedia path: Who owns the bank where Fabio Mercurio works?,[VAR1] >> dbp:owner >> [ANS] [SEP] [VAR1] >> rdf:type >> dbo:Bank [SEP] dbr:Fabio_Mercurio >> dbp:institution >> [VAR1]
translate question to dbpedia path: Who owns the horses which have won the Timeform award?,[VAR1] >> dbo:owner >> [ANS] [SEP] [VAR1] >> dbp:awards >> dbr:Timeform [SEP] [VAR1] >> rdf:type >> dbo:Horse
translate question to dbpedia path: What are some fictional characters whose voice is in the peanuts movie?,[ANS] >> dbo:voice >> dbr:The_Peanuts_Movie
translate question to dbpedia path: What religion do people of the country of Mahbuba Islam Rakhi follow?,[VAR1] >> dbo:religion >> [ANS] [SEP] dbr:Mahbuba_Islam_Rakhi >> dbo:nationality >> [VAR1]
translate question to dbpedia path: How many people used to play for Toronto Argonauts?,COUNT >> [ANS] >> dbo:formerTeam >> dbr:Toronto_Argonauts
translate question to dbpedia path: How many different people have been in any political seat in places which are under the Indian Standard timezone?,COUNT >> [VAR1] >> dbo:leaderName >> [ANS] [SEP] [VAR1] >> dbo:timeZone >> dbr:Indian_Standard_Time
"translate question to dbpedia path: The sports team which played at the American Basketball League championship (1996-1998), have which stadiums?",[VAR1] >> dbo:league >> dbr:American_Basketball_League_(1996–98) [SEP] [VAR1] >> dbo:stadium >> [ANS] [SEP] [VAR1] >> rdf:type >> dbo:SportsTeam
translate question to dbpedia path: Whose county seats are Mediolanum and History of Trier?,[ANS] >> dbo:capital >> dbr:History_of_Trier [SEP] [ANS] >> dbo:capital >> dbr:Mediolanum
translate question to dbpedia path: What is the national origin of Dornier Aerodyne and Hirth Acrostar ?;,dbr:Dornier_Aerodyne >> dbp:nationalOrigin >> [ANS] [SEP] dbr:Hirth_Acrostar >> dbo:origin >> [ANS]
translate question to dbpedia path: Was Class Conflict an interest of Karl Marx?,ASK >> dbr:Karl_Marx >> dbo:mainInterest >> dbr:Class_conflict
translate question to dbpedia path: Count the tenants of the stadiums owned by toronto.,COUNT >> [VAR1] >> dbp:owner >> dbr:Toronto [SEP] [VAR1] >> dbp:tenants >> [ANS]
translate question to dbpedia path: Name the president who has relations with Clinton family and had a lieutenant named Winston Bryant?,[ANS] >> dbo:lieutenant >> dbr:Winston_Bryant [SEP] [ANS] >> dbo:relation >> dbr:Clinton_family [SEP] [ANS] >> rdf:type >> dbo:President
translate question to dbpedia path: What is the fictional character whose voice over is done by the animator of Dick Lundy ?,[ANS] >> dbo:voice >> [VAR1] [SEP] [ANS] >> rdf:type >> dbo:FictionalCharacter [SEP] [VAR1] >> dbp:animator >> dbr:Dick_Lundy_(animator)
translate question to dbpedia path: How many sports are played in organizations presided by Emanuel de Guzman?,COUNT >> [ANS] >> rdf:type >> dbo:Sport [SEP] [VAR1] >> dbo:president >> dbr:Emanuel_de_Guzman [SEP] [VAR1] >> dbo:sport >> [ANS]
translate question to dbpedia path: What are the home stadiums of the things Leonid Fedun has been the chairman of?,[VAR1] >> dbo:chairman >> dbr:Leonid_Fedun [SEP] [VAR1] >> dbo:homeStadium >> [ANS]
translate question to dbpedia path: Is Akan spoken in Ghana?,ASK >> dbr:Ghana >> dbp:languages >> dbr:Akan_language
translate question to dbpedia path: Which region of English American is also the palce of Death of Brent Darby ?,dbr:Brent_Darby >> dbp:placeOfDeath >> [ANS] [SEP] dbr:English_Americans >> dbp:region >> [ANS]
translate question to dbpedia path: Who acted in the work written by Colin Brake?,[VAR1] >> dbp:starring >> [ANS] [SEP] [VAR1] >> dbp:writer >> dbr:Colin_Brake [SEP] [VAR1] >> rdf:type >> dbo:Work
translate question to dbpedia path: Is Robin Gibb the singer of Oh! Darling?,ASK >> dbr:Oh!_Darling >> dbo:musicalArtist >> dbr:Robin_Gibb
translate question to dbpedia path: List everything written in languages developed by EXperimental Computing Facility?,[ANS] >> dbp:programmingLanguage >> [VAR1] [SEP] [ANS] >> rdf:type >> dbo:Work [SEP] [VAR1] >> dbo:author >> dbr:EXperimental_Computing_Facility
translate question to dbpedia path: What are some movies whose score is composed by relatives of Bodhi Elfman?,[ANS] >> dbp:music >> [VAR1] [SEP] [ANS] >> rdf:type >> dbo:Film [SEP] [VAR1] >> dbp:relatives >> dbr:Bodhi_Elfman
translate question to dbpedia path: Is the Chiva Bus by the Ford Motor Company?,ASK >> dbr:Chiva_bus >> dbo:automobilePlatform >> dbr:Ford_Motor_Company
translate question to dbpedia path: List the series of the books whose author is K. W. Jeter.,[VAR1] >> dbo:series >> [ANS] [SEP] [VAR1] >> dbp:author >> dbr:K._W._Jeter [SEP] [VAR1] >> rdf:type >> dbo:Book
translate question to dbpedia path: What is the common university iof vanderbilt Commodores and also the college of hubert Wiggs ?,dbr:Hubert_Wiggs >> dbo:college >> [ANS] [SEP] dbr:Vanderbilt_Commodores >> dbo:university >> [ANS]
"translate question to dbpedia path: Name the common architecture of the Grand Serail of Aleppo and Shaheed Minar, Kolkata ?","dbr:Grand_Serail_of_Aleppo >> dbo:architecturalStyle >> [ANS] [SEP] dbr:Shaheed_Minar,_Kolkata >> dbo:architecturalStyle >> [ANS]"
translate question to dbpedia path: What are the prizes awarded to the main members of DisneyToon Studios?,[VAR1] >> dbo:award >> [ANS] [SEP] dbr:DisneyToon_Studios >> dbo:keyPerson >> [VAR1]
translate question to dbpedia path: How many sports are played at the university whose president is Emanuel de Guzman?,COUNT >> [ANS] >> rdf:type >> dbo:Sport [SEP] [VAR1] >> dbo:sport >> [ANS] [SEP] [VAR1] >> dbp:president >> dbr:Emanuel_de_Guzman
translate question to dbpedia path: Give me the count of interests of the philosopher whose primary interest is Metaphysics ?,COUNT >> [VAR1] >> dbp:mainInterests >> [ANS] [SEP] [VAR1] >> dbp:mainInterests >> dbr:Metaphysics
translate question to dbpedia path: Who was buried at St. Mary's Church and fought the battle of  Benedict Arnold's expedition to Quebec ?,"[ANS] >> dbo:battle >> dbr:Benedict_Arnold's_expedition_to_Quebec [SEP] [ANS] >> dbp:placeofburial >> dbr:St_Mary's_Church,_Battersea"
translate question to dbpedia path: On which subjects does the author of the novel Thud! delve?,dbr:Thud! >> dbo:nonFictionSubject >> [ANS]
translate question to dbpedia path: Who is the writer with notable works like Adventures of Huckleberry Finn and The Adventures of Tom Sawyer?,[ANS] >> dbo:notableWork >> dbr:Adventures_of_Huckleberry_Finn [SEP] [ANS] >> dbo:notableWork >> dbr:The_Adventures_of_Tom_Sawyer [SEP] [ANS] >> rdf:type >> dbo:Writer
translate question to dbpedia path: Name the people living in a place governed by William W Brien?,[ANS] >> dbo:residence >> [VAR1] [SEP] [VAR1] >> dbp:leaderName >> dbr:William_W._Brien
translate question to dbpedia path: Name the river whose source is located in Ikelenge  District and mouth in Mozambique?,[ANS] >> dbp:mouthCountry >> dbr:Mozambique [SEP] [ANS] >> dbp:sourceLocation >> dbr:Ikelenge_District [SEP] [ANS] >> rdf:type >> dbo:River
translate question to dbpedia path: How many people won the Gold Medal of the Royal Astronomical Society?,COUNT >> [ANS] >> dbp:prizes >> dbr:Gold_Medal_of_the_Royal_Astronomical_Society
translate question to dbpedia path: What are the relatives of the parliament member whose successor is Peter Thorneycroft?,[VAR1] >> dbo:relation >> [ANS] [SEP] [VAR1] >> dbp:successor >> dbr:Peter_Thorneycroft [SEP] [VAR1] >> rdf:type >> dbo:MemberOfParliament
translate question to dbpedia path: Which river's source country is Zambia and mouth country is Mozambique?,[ANS] >> dbo:sourceCountry >> dbr:Zambia [SEP] [ANS] >> dbp:mouthCountry >> dbr:Mozambique [SEP] [ANS] >> rdf:type >> dbo:River
translate question to dbpedia path: Was the Funky Lab Rat released in North America?,ASK >> dbr:Funky_Lab_Rat >> dbp:released >> dbr:North_America
translate question to dbpedia path: What is the main common interests of the Philip Novak and Timothy Morton?,dbr:Philip_Novak >> dbp:mainInterests >> [ANS] [SEP] dbr:Timothy_Morton >> dbp:mainInterests >> [ANS]
translate question to dbpedia path: How many members are there of the order of Bacillales?,COUNT >> [ANS] >> dbo:order >> dbr:Bacillales
translate question to dbpedia path: Which program was on NBC network with executive producer as Glen and Les Charles?,[ANS] >> dbo:executiveProducer >> dbr:Glen_and_Les_Charles [SEP] [ANS] >> dbo:network >> dbr:NBC [SEP] [ANS] >> rdf:type >> dbo:TelevisionShow
translate question to dbpedia path: Moscow-Kazan high speed railway starts from which station?,dbr:Moscow-Kazan_high-speed_railway >> dbo:routeStart >> [ANS]
translate question to dbpedia path: Is Fluidinfo written in PostgreSQL language?,ASK >> dbr:Fluidinfo >> dbp:programmingLanguage >> dbr:PostgreSQL
translate question to dbpedia path: Which neighboring municipalities of Cologny has a mayor named Ester Alder ?,[ANS] >> dbo:mayor >> dbr:Esther_Alder [SEP] [ANS] >> dbp:neighboringMunicipalities >> dbr:Cologny
translate question to dbpedia path: How many people work in the Massachusetts house of Representatives?,COUNT >> [ANS] >> dbp:office >> dbr:Massachusetts_House_of_Representatives
translate question to dbpedia path: Which countries came together to serve a greater purpose and founded South Asia Subregional Economic Cooperation?,dbr:South_Asia_Subregional_Economic_Cooperation >> dbp:membership >> [ANS]
translate question to dbpedia path: Count the number of religions followed by Janta Dal members.,COUNT >> [VAR1] >> dbo:religion >> [ANS] [SEP] [VAR1] >> dbp:party >> dbr:Janata_Dal
translate question to dbpedia path: Did Johann Gottfried Galle invent Neptune?,ASK >> dbr:Neptune >> dbp:discoverer >> dbr:Johann_Gottfried_Galle
"translate question to dbpedia path: Who is the founder of Wuropean School, Karlsruhe ?","dbr:European_School,_Karlsruhe >> dbp:founder >> [ANS]"
translate question to dbpedia path: Which football team is in a city where A J Clark was a builder?,[ANS] >> dbp:city >> [VAR1] [SEP] [ANS] >> rdf:type >> dbo:AmericanFootballTeam [SEP] [VAR1] >> dbo:builder >> dbr:A._James_Clark
translate question to dbpedia path: Which city near to Elliott Bay was the death place of George F. Moore ?,dbr:Elliott_Bay >> dbo:nearestCity >> [ANS] [SEP] dbr:George_F._Moore_(lieutenant_governor) >> dbp:placeOfDeath >> [ANS]
translate question to dbpedia path: Where does Kafue and Shire river flow into?,dbr:Kafue_River >> dbo:riverMouth >> [ANS] [SEP] dbr:Shire_River >> dbo:riverMouth >> [ANS]
translate question to dbpedia path: Through which label has Katy B released her singles?,[VAR1] >> dbo:recordLabel >> [ANS] [SEP] [VAR1] >> dbo:writer >> dbr:Katy_B [SEP] [VAR1] >> rdf:type >> dbo:Single
translate question to dbpedia path: List the teams for which Bobby Hoppe played ?,dbr:Bobby_Hoppe >> dbp:pastteams >> [ANS]
translate question to dbpedia path: How many other characters are there of the plays which has a  characters name Joker (comics) ?,COUNT >> [VAR1] >> dbp:characters >> [ANS] [SEP] [VAR1] >> dbp:characters >> dbr:Joker_(comics)
translate question to dbpedia path: Who first ascented a mountain of Cathedral Peak (California) ?,dbr:Cathedral_Peak_(California) >> dbo:firstAscentPerson >> [ANS]
translate question to dbpedia path: Which awards did the children of Erik Bergman won ?,[VAR1] >> dbp:awards >> [ANS] [SEP] dbr:Erik_Bergman_(Lutheran_minister) >> dbp:children >> [VAR1]
translate question to dbpedia path: Name the sharehoders of The National Herald ?,dbr:The_National_Herald_(India) >> dbo:owner >> [ANS]
translate question to dbpedia path: Which writer of A streetcar Named Desire is also the author of The Catastrophe of Success ?,dbr:A_Streetcar_Named_Desire_(play) >> dbp:writer >> [ANS] [SEP] dbr:The_Catastrophe_of_Success >> dbo:author >> [ANS]
translate question to dbpedia path: How many people are buried in the Mausoleum of Augustus?,COUNT >> [ANS] >> dbp:placeOfBurial >> dbr:Mausoleum_of_Augustus
translate question to dbpedia path: What are some famous works of the writer of The Second Coming?,[VAR1] >> dbp:notableworks >> [ANS] [SEP] dbr:The_Second_Coming_(TV_serial) >> dbp:writer >> [VAR1]
translate question to dbpedia path: List the program genres of the sister stations of 97.1 WASH FM?,[VAR1] >> dbo:programmeFormat >> [ANS] [SEP] dbr:WASH_(FM) >> dbp:sisterStations >> [VAR1]
translate question to dbpedia path: Which team's players have played in the national hockey league?,[VAR1] >> dbo:team >> [ANS] [SEP] [VAR1] >> dbp:league >> dbr:National_Hockey_League [SEP] [VAR1] >> rdf:type >> dbo:Athlete
translate question to dbpedia path: Which associated band of the Teddy Riley is also the performer of the Before I Let You Go?,dbr:Before_I_Let_You_Go >> dbo:musicalArtist >> [ANS] [SEP] dbr:Teddy_Riley >> dbo:associatedBand >> [ANS]
translate question to dbpedia path: Where was James McClure born ?,dbr:James_McClure_(table_tennis) >> dbp:birthPlace >> [ANS]
translate question to dbpedia path: Who is the operator of AT&T Park ?,dbr:AT&T_Park >> dbp:operator >> [ANS]
translate question to dbpedia path: Whose music composer is signed up with Sony Music Entertainment?,[ANS] >> dbo:musicComposer >> [VAR1] [SEP] [VAR1] >> dbp:label >> dbr:Sony_Music_Entertainment
translate question to dbpedia path: In which company is Raymond Conner at an important position?,[ANS] >> dbo:keyPerson >> dbr:Raymond_Conner
translate question to dbpedia path: Who hold stocks in the bank which is located at 731 Lexington Avenue?,[VAR1] >> dbo:locationCity >> dbr:731_Lexington_Avenue [SEP] [VAR1] >> dbp:owner >> [ANS] [SEP] [VAR1] >> rdf:type >> dbo:Bank
translate question to dbpedia path: Which labels signs up progressive rock bands?,[VAR1] >> dbo:recordLabel >> [ANS] [SEP] [VAR1] >> dbp:genre >> dbr:Progressive_rock [SEP] [VAR1] >> rdf:type >> dbo:MusicalArtist
"translate question to dbpedia path: Where does the railway tracks start, which ends in Kazan?",[VAR1] >> dbo:routeEnd >> dbr:Kazan [SEP] [VAR1] >> dbo:routeStart >> [ANS] [SEP] [VAR1] >> rdf:type >> dbo:RailwayLine
translate question to dbpedia path: Name the branch of Carroll E. Lanier ?,dbr:Carroll_E._Lanier >> dbp:branch >> [ANS]
translate question to dbpedia path: what are some devices made by asus?,[ANS] >> dbo:manufacturer >> dbr:Asus [SEP] [ANS] >> rdf:type >> dbo:InformationAppliance
translate question to dbpedia path: Which former team of Franois Beauchemin does the Nathan Dempsey played for ?,dbr:François_Beauchemin >> dbo:formerTeam >> [ANS] [SEP] dbr:Nathan_Dempsey >> dbp:playedFor >> [ANS]
translate question to dbpedia path: What is the colour of Red Marauder ?,dbr:Red_Marauder >> dbo:colour >> [ANS]
translate question to dbpedia path: What is the draft team of Dale Mitchell (ice hockey) ?,dbr:Dale_Mitchell_(ice_hockey) >> dbo:draftTeam >> [ANS]
"translate question to dbpedia path: Give me a count of schools in Reading, Berkshire?","COUNT >> [ANS] >> dbo:city >> dbr:Reading,_Berkshire [SEP] [ANS] >> rdf:type >> dbo:School"
translate question to dbpedia path: Who are some cofounders of record labels with Frank Rogers?,[VAR1] >> dbo:foundedBy >> dbr:Frank_Rogers_(record_producer) [SEP] [VAR1] >> dbp:founder >> [ANS] [SEP] [VAR1] >> rdf:type >> dbo:RecordLabel
translate question to dbpedia path: By whom is the broadcaster network Bounce TV founded?,dbr:Bounce_TV >> dbo:foundedBy >> [ANS]
translate question to dbpedia path: Who is the scientist whose doctoral student is Erich Bagge?,[ANS] >> dbo:doctoralStudent >> dbr:Erich_Bagge [SEP] [ANS] >> rdf:type >> dbo:Scientist
translate question to dbpedia path: Who appointed the successor of Thomas Bee?,[VAR1] >> dbp:appointer >> [ANS] [SEP] dbr:Thomas_Bee >> dbo:successor >> [VAR1]
translate question to dbpedia path: Was Buzz Williams the headcoach of the Marquette Golden Eagles mens team?,ASK >> dbr:2013–14_Marquette_Golden_Eagles_men's_basketball_team >> dbp:headcoach >> dbr:Buzz_Williams
translate question to dbpedia path: List books authored by Miguel de Cervantes and published by Francisco de Robles ?,[ANS] >> dbo:publisher >> dbr:Francisco_de_Robles [SEP] [ANS] >> dbp:author >> dbr:Miguel_de_Cervantes [SEP] [ANS] >> rdf:type >> dbo:Book
translate question to dbpedia path: List down all notable works of Neil Cross ?,dbr:Neil_Cross >> dbo:notableWork >> [ANS]
translate question to dbpedia path: What is the local authority of the Buckhurst Hill County High School is also the birth palce of Sarah hampion ?,dbr:Buckhurst_Hill_County_High_School >> dbo:localAuthority >> [ANS] [SEP] dbr:Sarah_Champion_(presenter) >> dbp:birthPlace >> [ANS]
translate question to dbpedia path: what awards have been giving to Muhammad Yunus?,dbr:Muhammad_Yunus >> dbo:award >> [ANS]
translate question to dbpedia path: Who is the meaning of the name Isa which was also one of the subject of play The Prodigal Son ?,dbr:Isa_(name) >> dbp:meaning >> [ANS] [SEP] dbr:The_Prodigal_Son_(play) >> dbp:subject >> [ANS]
"translate question to dbpedia path: Who are the parent  of the people that  has POD as Redding, Connecticut ?","[VAR1] >> dbo:deathPlace >> dbr:Redding,_Connecticut [SEP] [VAR1] >> dbo:parent >> [ANS]"
translate question to dbpedia path: Was saddam hussein at the rank of Mushir ever?,ASK >> dbr:Saddam_Hussein >> dbp:rank >> dbr:Mushir
translate question to dbpedia path: What are the things Eric Schiller known for ?,dbr:Eric_Schiller >> dbo:knownFor >> [ANS]
translate question to dbpedia path: List the parts of Greater San Antonio?,dbr:Greater_San_Antonio >> dbo:part >> [ANS]
translate question to dbpedia path: What is the president whose lieutenants are Winston Bryant and Joe Purcell?,[ANS] >> dbo:lieutenant >> dbr:Joe_Purcell [SEP] [ANS] >> dbo:lieutenant >> dbr:Winston_Bryant [SEP] [ANS] >> rdf:type >> dbo:President
translate question to dbpedia path: Where is Temenos Group founded ?,dbr:Temenos_Group >> dbp:foundation >> [ANS]
translate question to dbpedia path: Name some leaders of the parent organisation of the Gestapo?,[VAR1] >> dbo:leader >> [ANS] [SEP] dbr:Gestapo >> dbo:parentOrganisation >> [VAR1]
translate question to dbpedia path: How many venues are located in the US?,COUNT >> [ANS] >> dbp:address >> dbr:United_States [SEP] [ANS] >> rdf:type >> dbo:Venue
translate question to dbpedia path: What are some neighboring cities of cologny?,[ANS] >> dbp:neighboringMunicipalities >> dbr:Cologny
translate question to dbpedia path: What religion is Kabir Suman from?,[VAR1] >> dbp:birthName >> dbr:Kabir_Suman [SEP] [VAR1] >> dbp:religion >> [ANS]
translate question to dbpedia path: Does Kirk Hammett play the Gibson Flying V?,ASK >> dbr:Kirk_Hammett >> dbo:instrument >> dbr:Gibson_Flying_V
translate question to dbpedia path: Who are the people who died in a place architected by Jens Jensen,[ANS] >> dbo:deathPlace >> [VAR1] [SEP] [ANS] >> rdf:type >> dbo:Person [SEP] [VAR1] >> dbo:architect >> dbr:Jens_Jensen_(landscape_architect)
translate question to dbpedia path: Who has Kelly Osbourne and Ozzy Osbourne as relatives?,[ANS] >> dbo:relative >> dbr:Kelly_Osbourne [SEP] [ANS] >> dbo:relative >> dbr:Ozzy_Osbourne
translate question to dbpedia path: Name the television show whose subsequent work is Frasier and opening theme is Where Everybody Knows Your Name?,[ANS] >> dbo:openingTheme >> dbr:Where_Everybody_Knows_Your_Name [SEP] [ANS] >> dbo:subsequentWork >> dbr:Frasier [SEP] [ANS] >> rdf:type >> dbo:TelevisionShow
translate question to dbpedia path: Name the television show whose company is HBO and Playtone?,[ANS] >> dbo:company >> dbr:HBO [SEP] [ANS] >> dbp:company >> dbr:Playtone [SEP] [ANS] >> rdf:type >> dbo:TelevisionShow
translate question to dbpedia path: Name the cover artist of the adventure of Tom sawyer ?,dbr:The_Adventures_of_Tom_Sawyer >> dbo:coverArtist >> [ANS]
translate question to dbpedia path: Who did Bruce Bochy play for ?,dbr:Bruce_Bochy >> dbo:team >> [ANS]
translate question to dbpedia path: Name the company which provides Outlook.com as service and also has a product named Microsoft Azure ?,[ANS] >> dbo:product >> dbr:Microsoft_Azure [SEP] [ANS] >> dbp:services >> dbr:Outlook.com [SEP] [ANS] >> rdf:type >> dbo:Company
translate question to dbpedia path: Name the company with product named Microsft Azure and provides OneDrive as a service ?,[ANS] >> dbo:product >> dbr:Microsoft_Azure [SEP] [ANS] >> dbp:services >> dbr:OneDrive [SEP] [ANS] >> rdf:type >> dbo:Company
translate question to dbpedia path: Which political party got elected in First Legislative Assembly of Uttar Pradesh ?,dbr:Martin_Crane >> dbp:children >> [ANS]
translate question to dbpedia path: What is the deathplace of the Anatoly Kharlampiyev which is also the death place of  Lyudmila Buldakova?,dbr:Anatoly_Kharlampiyev >> dbp:deathPlace >> [ANS] [SEP] dbr:Lyudmila_Buldakova >> dbp:deathPlace >> [ANS]
translate question to dbpedia path: What is the Band whose band member is Mark Middleton?,[ANS] >> dbo:bandMember >> dbr:Mark_Middleton
translate question to dbpedia path: Is Tamera Mowry the former band member of Voices?,ASK >> dbr:Voices_(group) >> dbo:formerBandMember >> dbr:Tamera_Mowry
translate question to dbpedia path: List the actors of  Lucy Sullivan Is Getting Married?,dbr:Lucy_Sullivan_Is_Getting_Married >> dbp:starring >> [ANS]
translate question to dbpedia path: How many people have worked in the band one of whose current member is Hynief?,COUNT >> [ANS] >> rdf:type >> dbo:Person [SEP] [VAR1] >> dbo:bandMember >> [ANS] [SEP] [VAR1] >> dbp:currentMembers >> dbr:Hynief
translate question to dbpedia path: Enumerate all those who are in the Board of companies founded in New York?,COUNT >> [ANS] >> dbo:board >> [VAR1] [SEP] [VAR1] >> dbp:foundation >> dbr:New_York
translate question to dbpedia path: Name the awards that have been given to the writer made famous for Creature Comforts?,[VAR1] >> dbo:award >> [ANS] [SEP] [VAR1] >> dbo:notableWork >> dbr:Creature_Comforts [SEP] [VAR1] >> rdf:type >> dbo:Writer
translate question to dbpedia path: Murray Gold has composed music for how many things?,COUNT >> [ANS] >> dbo:composer >> dbr:Murray_Gold
translate question to dbpedia path: In which wars did Percy Fitzwallace fight?,dbr:Percy_Fitzwallace >> dbp:battles >> [ANS]
translate question to dbpedia path: What other awards have Becket fund for religious liberty winners received?,[VAR1] >> dbo:award >> dbr:Becket_Fund_for_Religious_Liberty [SEP] [VAR1] >> dbp:awards >> [ANS]
translate question to dbpedia path: Who was the vice president under which elizabeth alexander served?,dbr:Elizabeth_Alexander_(press_secretary) >> dbo:vicePresident >> [ANS]
translate question to dbpedia path: How many people have been presenters for NBC shows?,COUNT >> [ANS] >> rdf:type >> dbo:Person [SEP] [VAR1] >> dbo:channel >> dbr:NBC [SEP] [VAR1] >> dbp:presenter >> [ANS]
"translate question to dbpedia path: Name the river whose source region is North-Western Province, Zambia and source location is Ikelenge  District?","[ANS] >> dbp:sourceLocation >> dbr:Ikelenge_District [SEP] [ANS] >> dbp:sourceRegion >> dbr:North-Western_Province,_Zambia [SEP] [ANS] >> rdf:type >> dbo:River"
translate question to dbpedia path: Who is the compiler of British Gazette whose prime minister is also Peter Thorneycroft ?,dbr:British_Gazette >> dbp:editor >> [ANS] [SEP] dbr:Peter_Thorneycroft >> dbp:primeminister >> [ANS]
translate question to dbpedia path: Name the states which have been billed by the wrestlers who has also billed Georgia ?,[VAR1] >> dbp:billed >> [ANS] [SEP] [VAR1] >> dbp:billed >> dbr:Georgia_(U.S._state) [SEP] [VAR1] >> rdf:type >> dbo:Wrestler
translate question to dbpedia path: List the outflows of the lake whose one of the outflows is Benu river ?,[VAR1] >> dbo:outflow >> [ANS] [SEP] [VAR1] >> dbp:outflow >> dbr:Benué_River
translate question to dbpedia path: Name the television show with opening theme as Te Deum and is composed by Marc-Antoine Charpentier?,[ANS] >> dbo:openingTheme >> dbr:Te_Deum_(Charpentier) [SEP] [ANS] >> dbp:themeMusicComposer >> dbr:Marc-Antoine_Charpentier [SEP] [ANS] >> rdf:type >> dbo:TelevisionShow
translate question to dbpedia path: Is Grand Bahama lie in the achipelago of the bahamas?,ASK >> dbr:Grand_Bahama >> dbp:archipelago >> dbr:The_Bahamas
translate question to dbpedia path: Who produced wizards vs aliens?,dbr:Wizards_vs_Aliens >> dbo:producer >> [ANS]
translate question to dbpedia path: Who is the distributer of Rev ?,dbr:Rev_(drink) >> dbp:distributor >> [ANS]
translate question to dbpedia path: Which city was founded by  George Washington and John Forbes (British Army officer)?,[ANS] >> dbo:founder >> dbr:John_Forbes_(British_Army_officer) [SEP] [ANS] >> dbp:founder >> dbr:George_Washington [SEP] [ANS] >> rdf:type >> dbo:City
translate question to dbpedia path: Which is the city closest to both the Lodaiska site and the home of David w brown?,dbr:David_W._Brown_House >> dbo:nearestCity >> [ANS] [SEP] dbr:LoDaisKa_Site >> dbo:nearestCity >> [ANS]
translate question to dbpedia path: Is Michael Schumacher the first driver of the 1994 grand prix?,ASK >> dbr:1994_Hungarian_Grand_Prix >> dbp:firstDriver >> dbr:Michael_Schumacher
translate question to dbpedia path: What are the books written by authors who died in Madrid?,[ANS] >> dbp:author >> [VAR1] [SEP] [ANS] >> rdf:type >> dbo:Book [SEP] [VAR1] >> dbo:restingPlace >> dbr:Madrid
translate question to dbpedia path: What is father's name who also served in military of Carlene Carter?,[ANS] >> dbp:children >> dbr:Carlene_Carter
translate question to dbpedia path: Count the number of broadcast area of the TV stations which serves in Agalga ?,COUNT >> [VAR1] >> dbo:broadcastArea >> dbr:Agaléga [SEP] [VAR1] >> dbp:broadcastArea >> [ANS]
"translate question to dbpedia path: In which wars army men awarded with the Croix de Guerre, fought?",[VAR1] >> dbp:awards >> dbr:Croix_de_guerre_1939–1945_(France) [SEP] [VAR1] >> dbp:battles >> [ANS] [SEP] [VAR1] >> rdf:type >> dbo:MilitaryPerson
translate question to dbpedia path: Where is the residence of the governor of Bangkok ?,[VAR1] >> dbp:residence >> [ANS] [SEP] dbr:Bangkok >> dbo:leaderName >> [VAR1]
translate question to dbpedia path: Name the scientist whose supervisor was Ernest Rutherford and had a doctoral students named Charles Drummond Ellis?,[ANS] >> dbo:doctoralAdvisor >> dbr:Ernest_Rutherford [SEP] [ANS] >> dbp:doctoralStudents >> dbr:Charles_Drummond_Ellis [SEP] [ANS] >> rdf:type >> dbo:Scientist
translate question to dbpedia path: What is the scientist whose PhD students are Erich Bagge and erban ieica?,[ANS] >> dbp:doctoralStudents >> dbr:Erich_Bagge [SEP] [ANS] >> dbp:doctoralStudents >> dbr:Șerban_Țițeica [SEP] [ANS] >> rdf:type >> dbo:Scientist
translate question to dbpedia path: Name the movies writtten by the group Monty Python ?,[ANS] >> dbp:writer >> dbr:Monty_Python [SEP] [ANS] >> rdf:type >> dbo:Film
translate question to dbpedia path: Where is Lao Plaza Hotel located?,dbr:Lao_Plaza_Hotel >> dbp:developer >> [ANS]
translate question to dbpedia path: Was Walt Disney the cinematographer of Mickey's Mellerdrammer?,ASK >> dbr:Mickey's_Mellerdrammer >> dbp:cinematography >> dbr:Walt_Disney
translate question to dbpedia path: Which sitcom's company is Paramount Television and is located in Cheers Beacon hill ?,[ANS] >> dbp:company >> dbr:Paramount_Television [SEP] [ANS] >> dbp:location >> dbr:Cheers_Beacon_Hill [SEP] [ANS] >> rdf:type >> dbo:TelevisionShow
translate question to dbpedia path: Which mainter of Pandaruan Bridge is also the land of Malaysia junior Hockey league ?,dbr:Malaysia_Junior_Hockey_League >> dbo:country >> [ANS] [SEP] dbr:Pandaruan_Bridge >> dbo:maintainedBy >> [ANS]
translate question to dbpedia path: Which Tv series led to Frasier?,[ANS] >> dbo:subsequentWork >> dbr:Frasier [SEP] [ANS] >> rdf:type >> dbo:TelevisionShow
translate question to dbpedia path: Which  writer has childrens named Mother Mary Alphonsa and Julian Hawthorne?,[ANS] >> dbp:children >> dbr:Julian_Hawthorne [SEP] [ANS] >> dbp:children >> dbr:Mother_Mary_Alphonsa [SEP] [ANS] >> rdf:type >> dbo:Writer
translate question to dbpedia path: What is the profession of William Luther Hill ?,dbr:William_Luther_Hill >> dbo:profession >> [ANS]
translate question to dbpedia path: Name all the hubs of the airlines whose one of the hubs is Selangir ?,[VAR1] >> dbp:hubs >> [ANS] [SEP] [VAR1] >> dbp:hubs >> dbr:Selangor [SEP] [VAR1] >> rdf:type >> dbo:Airline
translate question to dbpedia path: How many other school are there of the rugby players whose school is Michaelhouse ?,COUNT >> [VAR1] >> dbo:school >> dbr:Michaelhouse [SEP] [VAR1] >> dbp:school >> [ANS]
translate question to dbpedia path: In which country can I find the State Academic Opera and Ballet Theater and Baku Puppet Theatre?,[ANS] >> rdf:type >> dbo:Country [SEP] dbr:Azerbaijan_State_Academic_Opera_and_Ballet_Theater >> dbo:locationCountry >> [ANS] [SEP] dbr:Baku_Puppet_Theatre >> dbo:locationCountry >> [ANS]
translate question to dbpedia path: What are the films whose atleast one cast member died due to Colorectal cancer?,[ANS] >> dbp:starring >> [VAR1] [SEP] [ANS] >> rdf:type >> dbo:Film [SEP] [VAR1] >> dbo:deathCause >> dbr:Colorectal_cancer
translate question to dbpedia path: Who is the President of United World College of Costa Rica ?,dbr:United_World_College_of_Costa_Rica >> dbp:president >> [ANS]
translate question to dbpedia path: Which city has it's landmark as Cheasty Boulevard South?,dbr:Cheasty_Boulevard_South >> dbo:maintainedBy >> [ANS]
translate question to dbpedia path: List down the opponents of Frank Stilwell?,dbr:Frank_Stilwell >> dbo:opponent >> [ANS]
translate question to dbpedia path: Name the movie whose director is Ridley Scott and it's music composer is Vangelis?,[ANS] >> dbo:musicComposer >> dbr:Vangelis [SEP] [ANS] >> dbp:director >> dbr:Ridley_Scott [SEP] [ANS] >> rdf:type >> dbo:Film
translate question to dbpedia path: Where is Bogobiri House located ?,dbr:Bogobiri_House >> dbp:locationCity >> [ANS]
translate question to dbpedia path: What is the religion of the leader of South Korean legislative election of 1992 ?,"[VAR1] >> dbo:religion >> [ANS] [SEP] dbr:South_Korean_legislative_election,_1992 >> dbp:leader >> [VAR1]"
translate question to dbpedia path: Who is the writer of Neverwhere (radio play) ?,dbr:Neverwhere_(radio_play) >> dbo:writer >> [ANS]
translate question to dbpedia path: How many other key people are there of the non-profit organisations whose key people is Hillary Clinton ?,COUNT >> [VAR1] >> dbp:keyPeople >> [ANS] [SEP] [VAR1] >> dbp:keyPeople >> dbr:Hillary_Clinton
translate question to dbpedia path: List the stadium of the teams which uses Nea Smyrni  as one of the stadium ?,[VAR1] >> dbp:stadium >> [ANS] [SEP] [VAR1] >> dbp:stadium >> dbr:Nea_Smyrni_Stadium
translate question to dbpedia path: How many currencies are in used in places where people speak French?,COUNT >> [ANS] >> rdf:type >> dbo:Currency [SEP] [VAR1] >> dbo:currency >> [ANS] [SEP] [VAR1] >> dbo:officialLanguage >> dbr:French_language
translate question to dbpedia path: Which football managers managed Middlesbrough F.C.?,[ANS] >> dbo:managerClub >> dbr:Middlesbrough_F.C.
"translate question to dbpedia path: Who are some american football players whose high school is Oktoc, Mississippi?","[ANS] >> dbp:highSchool >> dbr:Oktoc,_Mississippi [SEP] [ANS] >> rdf:type >> dbo:AmericanFootballPlayer"
translate question to dbpedia path: Name the company founded in US and created Visual Studio ?,[ANS] >> dbp:foundation >> dbr:United_States [SEP] [ANS] >> dbp:products >> dbr:Microsoft_Visual_Studio [SEP] [ANS] >> rdf:type >> dbo:Company
translate question to dbpedia path: How many factions were involved in the battles fought by Arthur St. Clair?,COUNT >> [VAR1] >> dbp:combatant >> [ANS] [SEP] dbr:Arthur_St._Clair >> dbp:battles >> [VAR1]
translate question to dbpedia path: Count the number of ingredient of the foods which have one of the ingredient is Pork ?,COUNT >> [VAR1] >> dbo:ingredient >> [ANS] [SEP] [VAR1] >> dbo:ingredient >> dbr:Pork
translate question to dbpedia path: What is the television show whose opening theme is Te Deum (Charpentier)?,[ANS] >> dbo:openingTheme >> dbr:Te_Deum_(Charpentier) [SEP] [ANS] >> rdf:type >> dbo:TelevisionShow
translate question to dbpedia path: List the ideologies of the party of Boonchu Rojanastien?,[VAR1] >> dbo:ideology >> [ANS] [SEP] dbr:Boonchu_Rojanastien >> dbp:party >> [VAR1]
translate question to dbpedia path: To which country do gabriel paris gordillo and gustavo rojas pinilla owe their allegiance?,dbr:Gabriel_París_Gordillo >> dbp:allegiance >> [ANS] [SEP] dbr:Gustavo_Rojas_Pinilla >> dbp:allegiance >> [ANS]
translate question to dbpedia path: Who were the narrators of the albums which had Ringo Starr as one of the narrator ?,[VAR1] >> dbp:narrated >> [ANS] [SEP] [VAR1] >> dbp:narrated >> dbr:Ringo_Starr [SEP] [VAR1] >> rdf:type >> dbo:Album
translate question to dbpedia path: How many people have played for the ones who own the stadium of Bankers Life Fieldhouse?,COUNT >> [ANS] >> dbp:team >> [VAR1] [SEP] [VAR1] >> dbp:arena >> dbr:Bankers_Life_Fieldhouse
translate question to dbpedia path: List the newspapers whose headquarters's time zone is Central European Summer Time.,[ANS] >> dbp:headquarters >> [VAR1] [SEP] [ANS] >> rdf:type >> dbo:Newspaper [SEP] [VAR1] >> dbo:timeZone >> dbr:Central_European_Summer_Time
translate question to dbpedia path: Where does the river end which starts in Mazabuka?,[VAR1] >> dbo:riverMouth >> [ANS] [SEP] [VAR1] >> dbp:city >> dbr:Mazabuka [SEP] [VAR1] >> rdf:type >> dbo:River
translate question to dbpedia path: Count all american football players whose former team owns Lucas Oil Stadium ?,COUNT >> [ANS] >> dbo:formerTeam >> [VAR1] [SEP] [ANS] >> rdf:type >> dbo:AmericanFootballPlayer [SEP] [VAR1] >> dbp:city >> dbr:Lucas_Oil_Stadium
translate question to dbpedia path: What are the academic interests of the advisor of Paul Demiville ?,[VAR1] >> dbp:fields >> [ANS] [SEP] dbr:Paul_Demiéville >> dbo:academicAdvisor >> [VAR1]
translate question to dbpedia path: Which awards are presented by Swedish Academy?,[ANS] >> dbo:presenter >> dbr:Swedish_Academy [SEP] [ANS] >> rdf:type >> dbo:Award
translate question to dbpedia path: Name the university whose teams have been managed by Albertin Montoya?,[VAR1] >> dbo:university >> [ANS] [SEP] [VAR1] >> rdf:type >> dbo:SportsTeam [SEP] dbr:Albertin_Montoya >> dbp:managerclubs >> [VAR1]
translate question to dbpedia path: what are some journals of academic Philosophy,[ANS] >> dbp:discipline >> dbr:Philosophy
translate question to dbpedia path: Who is the writer of the Cavalcade of America and The United States Steel Hour ?,dbr:Cavalcade_of_America >> dbo:writer >> [ANS] [SEP] dbr:The_United_States_Steel_Hour >> dbo:writer >> [ANS]
translate question to dbpedia path: Where did the conflict take place where Liu Mingchuan fought?,[VAR1] >> dbo:territory >> [ANS] [SEP] dbr:Liu_Mingchuan >> dbp:battles >> [VAR1]
translate question to dbpedia path: Which rivers originate from Dowra?,[ANS] >> dbo:sourceMountain >> dbr:Dowra
translate question to dbpedia path: What is the official residence of the Lula J. Davis which is also the death location of the John McTaggart (jockey) ?,dbr:John_McTaggart_(jockey) >> dbo:deathPlace >> [ANS] [SEP] dbr:Lula_J._Davis >> dbo:residence >> [ANS]
translate question to dbpedia path: What is the military rank of the commanders of Regiment of Mounted Grenadiers?,[VAR1] >> dbo:militaryRank >> [ANS] [SEP] dbr:Regiment_of_Mounted_Grenadiers >> dbp:notableCommanders >> [VAR1]
translate question to dbpedia path: To which series does the character of Londo Mollari belong?,dbr:Londo_Mollari >> dbo:series >> [ANS]
translate question to dbpedia path: What company's leader is Edwin Catmull?,[ANS] >> dbp:keyPeople >> dbr:Edwin_Catmull [SEP] [ANS] >> rdf:type >> dbo:Company
translate question to dbpedia path: How many different layouts do cars designed by Oliver Boulay have?,COUNT >> [VAR1] >> dbo:layout >> [ANS] [SEP] [VAR1] >> dbp:designer >> dbr:Olivier_Boulay
translate question to dbpedia path: Whihc state of Timothy J. Roemer is also the location city of Dad's Root Beer ?,dbr:Dad's_Root_Beer >> dbp:locationCity >> [ANS] [SEP] dbr:Timothy_J._Roemer >> dbp:state >> [ANS]
translate question to dbpedia path: What is the type of Naval Station Bremerton ?,dbr:Naval_Station_Bremerton >> dbp:type >> [ANS]
translate question to dbpedia path: Name the  borough of the Bordesley railway station which is also the route end of the Birmingham and Oxford Junction Railway?,dbr:Birmingham_and_Oxford_Junction_Railway >> dbo:routeEnd >> [ANS] [SEP] dbr:Bordesley_railway_station >> dbp:borough >> [ANS]
translate question to dbpedia path: What are some movies written by British writers?,[ANS] >> dbo:writer >> [VAR1] [SEP] [ANS] >> rdf:type >> dbo:Film [SEP] [VAR1] >> dbo:nationality >> dbr:British_people
translate question to dbpedia path: Which university is led by Jay Gogue?,[ANS] >> dbo:president >> dbr:Jay_Gogue [SEP] [ANS] >> rdf:type >> dbo:University
translate question to dbpedia path: Was Michael Schumacher a pole driver in the 1999 GP?,ASK >> dbr:1999_Japanese_Grand_Prix >> dbp:poleDriver >> dbr:Michael_Schumacher
translate question to dbpedia path: Count the number of artists who trained at the San Francisco Art Institute?,COUNT >> [ANS] >> dbp:training >> dbr:San_Francisco_Art_Institute [SEP] [ANS] >> rdf:type >> dbo:Artist
translate question to dbpedia path: What tv shows were born out of a collaboration of playtone and dreamworks?,[ANS] >> dbo:company >> dbr:DreamWorks_Television [SEP] [ANS] >> dbo:company >> dbr:Playtone [SEP] [ANS] >> rdf:type >> dbo:TelevisionShow
translate question to dbpedia path: What games can be played in schools founded by Fr. Orlando?,[VAR1] >> dbo:foundedBy >> dbr:Fr._Orlando [SEP] [VAR1] >> dbo:sport >> [ANS] [SEP] [VAR1] >> rdf:type >> dbo:School
translate question to dbpedia path: Is Ethics the main interests of Henry David Thoreau?,ASK >> dbr:Henry_David_Thoreau >> dbp:mainInterests >> dbr:Ethics
translate question to dbpedia path: Was Elizabeth Ann Seton canonized by Pope Paul VI?,ASK >> dbr:Elizabeth_Ann_Seton >> dbp:canonizedBy >> dbr:Pope_Paul_VI
translate question to dbpedia path: List the leaders of the government agencies whose jurisdiction was German-occupied Europe.,[VAR1] >> dbo:jurisdiction >> dbr:German-occupied_Europe [SEP] [VAR1] >> dbo:leader >> [ANS] [SEP] [VAR1] >> rdf:type >> dbo:GovernmentAgency
translate question to dbpedia path: List the cast member of the movies whose producer is Mark Johnson.,[VAR1] >> dbo:producer >> dbr:Mark_Johnson_(producer) [SEP] [VAR1] >> dbo:starring >> [ANS] [SEP] [VAR1] >> rdf:type >> dbo:Film
translate question to dbpedia path: Which city was designed by saleen Pator which is also the birht location of Jimmy Diggs ?,dbr:Jimmy_Diggs >> dbo:birthPlace >> [ANS] [SEP] dbr:Saleen_S5S_Raptor >> dbp:designer >> [ANS]
translate question to dbpedia path: Name the company whose products's predecessor is Boeing Vertol CH-46 Sea Knight?,[ANS] >> dbp:products >> [VAR1] [SEP] [ANS] >> rdf:type >> dbo:Company [SEP] [VAR1] >> dbo:predecessor >> dbr:Boeing_Vertol_CH-46_Sea_Knight
translate question to dbpedia path: What is the birth place of music artists which were associated with Albert Ayler ?,[VAR1] >> dbo:birthPlace >> [ANS] [SEP] [VAR1] >> rdf:type >> dbo:MusicalArtist [SEP] dbr:Albert_Ayler >> dbp:associatedActs >> [VAR1]
translate question to dbpedia path: What is the religious affiliation of Wickramabahu Central College (National School) ?,dbr:Wickramabahu_Central_College_(National_School) >> dbp:religiousAffiliation >> [ANS]
translate question to dbpedia path: Name the nearest city to  Lake Victoria?,dbr:Lake_Victoria >> dbo:nearestCity >> [ANS]
translate question to dbpedia path: Where is the tombstone of Johannes Gerhardus Strijdom?,dbr:Johannes_Gerhardus_Strijdom >> dbp:restingplace >> [ANS]
translate question to dbpedia path: What is the common award won by Charles LeMaire and Eric Roth,dbr:Charles_LeMaire >> dbp:awards >> [ANS] [SEP] dbr:Eric_Roth >> dbo:award >> [ANS]
translate question to dbpedia path: Was Gareth Southgate a manager of Middlesbrough F.C.?,ASK >> dbr:Gareth_Southgate >> dbp:managerclubs >> dbr:Middlesbrough_F.C.
translate question to dbpedia path: What is the total number of  builder of the military structures whose builder is also United States?,COUNT >> [VAR1] >> dbo:builder >> [ANS] [SEP] [VAR1] >> dbo:builder >> dbr:United_States
translate question to dbpedia path: Tell me the total number of organizations who maintain the bridges made by the malaysian PWD?,COUNT >> [ANS] >> rdf:type >> dbo:Organisation [SEP] [VAR1] >> dbo:maintainedBy >> [ANS] [SEP] [VAR1] >> dbp:designer >> dbr:Malaysian_Public_Works_Department
translate question to dbpedia path: How many shows does HBO have?,COUNT >> [ANS] >> dbo:company >> dbr:HBO [SEP] [ANS] >> rdf:type >> dbo:TelevisionShow
translate question to dbpedia path: How many people have been canonized by Pope Benedict XVI?,COUNT >> [ANS] >> dbp:canonizedBy >> dbr:Pope_Benedict_XVI
translate question to dbpedia path: What party was in majority of Fourth Legislative Assembly of Delhi?,dbr:Fourth_Legislative_Assembly_of_Delhi >> dbp:party >> [ANS]
translate question to dbpedia path: Bud Adams owns which american football team?,[ANS] >> dbo:owner >> dbr:Bud_Adams [SEP] [ANS] >> rdf:type >> dbo:AmericanFootballTeam
translate question to dbpedia path: Whose work is in the Musee d'orsay?,[VAR1] >> dbp:artist >> [ANS] [SEP] [VAR1] >> dbp:museum >> dbr:Musée_d'Orsay [SEP] [VAR1] >> rdf:type >> dbo:Artwork
translate question to dbpedia path: For which team did both Butch Metzger and Brian Horwitz debuted ?,dbr:Brian_Horwitz >> dbo:debutTeam >> [ANS] [SEP] dbr:Butch_Metzger >> dbo:debutTeam >> [ANS]
translate question to dbpedia path: Does the Sicklefin lemon shark belong in the animal kingdom?,ASK >> dbr:Sicklefin_lemon_shark >> dbo:kingdom >> dbr:Animal
translate question to dbpedia path: Does the stylistic origins of Plena lie in the Caribbean?,ASK >> dbr:Plena >> dbp:stylisticOrigins >> dbr:Caribbean
translate question to dbpedia path: What are the famous Uni Toronto scientists known for?,[VAR1] >> dbo:almaMater >> dbr:University_of_Toronto [SEP] [VAR1] >> dbo:knownFor >> [ANS] [SEP] [VAR1] >> rdf:type >> dbo:Scientist
translate question to dbpedia path: Who used to skate with the pupils of Laureano Ibarra?,[VAR1] >> dbo:formerPartner >> [ANS] [SEP] [VAR1] >> dbp:coach >> dbr:Laureano_Ibarra [SEP] [VAR1] >> rdf:type >> dbo:FigureSkater
translate question to dbpedia path: How many books have been penned by Miguel de Cervantes?,COUNT >> [ANS] >> dbo:author >> dbr:Miguel_de_Cervantes [SEP] [ANS] >> rdf:type >> dbo:Book
translate question to dbpedia path: Name the river flowing through Reading and source place as Gloucestershire ?,"[ANS] >> dbo:city >> dbr:Reading,_Berkshire [SEP] [ANS] >> dbo:sourcePlace >> dbr:Gloucestershire [SEP] [ANS] >> rdf:type >> dbo:River"
translate question to dbpedia path: Count the band members of Skull Gang?,COUNT >> [ANS] >> rdf:type >> dbo:Person [SEP] dbr:Skull_Gang >> dbo:bandMember >> [ANS]
translate question to dbpedia path: In which teams have league members of the Czech Extraliga played previously?,[VAR1] >> dbo:formerTeam >> [ANS] [SEP] [VAR1] >> dbp:league >> dbr:Czech_Extraliga
translate question to dbpedia path: Which country's people have graduated from Ghana School of Law?,[VAR1] >> dbo:nationality >> [ANS] [SEP] [VAR1] >> dbp:almaMater >> dbr:Ghana_School_of_Law [SEP] [VAR1] >> rdf:type >> dbo:Person
"translate question to dbpedia path: What does the river flow into, whose left tributary is Bukovica?",[VAR1] >> dbo:leftTributary >> dbr:Bukovica_(river) [SEP] [VAR1] >> dbo:mouthCountry >> [ANS]
translate question to dbpedia path: For which team does hunter pence play for?,dbr:Hunter_Pence >> dbo:team >> [ANS]
translate question to dbpedia path: Name the ground of Al-Rayan SC ?,dbr:Al-Rayan_SC >> dbo:ground >> [ANS]
translate question to dbpedia path: In which cities were the chess grand masters born?,[VAR1] >> dbo:birthPlace >> [ANS] [SEP] [VAR1] >> dbp:title >> dbr:Grandmaster_(chess)
translate question to dbpedia path: Which city's governing body is led by Bruce Harrell?,[ANS] >> dbp:governingBody >> [VAR1] [SEP] [VAR1] >> dbo:leader >> dbr:Bruce_Harrell
"translate question to dbpedia path: What band was Afrika Baby Bam a part of, and often performed with Q Tip?",dbr:Afrika_Baby_Bam >> dbo:associatedBand >> [ANS] [SEP] dbr:Q-Tip_(musician) >> dbo:associatedMusicalArtist >> [ANS]
translate question to dbpedia path: Which  siler medalist of the Tennis at the 2012 Summer Olympics  Men's singles was also the  flagbearer of the Switzerland at the 2008 Summer Olympics,dbr:Switzerland_at_the_2008_Summer_Olympics >> dbp:flagbearer >> [ANS] [SEP] dbr:Tennis_at_the_2012_Summer_Olympics_–_Men's_singles >> dbo:silverMedalist >> [ANS]
translate question to dbpedia path: Who is the prime minister of the successor of Kingsley Wood?,[VAR1] >> dbp:primeminister >> [ANS] [SEP] dbr:Kingsley_Wood >> dbo:successor >> [VAR1]
translate question to dbpedia path: List the common relegion affiliation of khadra Haji Ismail and Yasmin khatun ?,dbr:Khadra_Haji_Ismail_Geid >> dbp:religion >> [ANS] [SEP] dbr:Yasmin_Khatun >> dbo:religion >> [ANS]
translate question to dbpedia path: Where was Thomy Bourdelle born?,dbr:Thomy_Bourdelle >> dbp:placeOfBirth >> [ANS]
translate question to dbpedia path: How many bands are based in London?,COUNT >> [ANS] >> dbo:hometown >> dbr:London [SEP] [ANS] >> rdf:type >> dbo:Band
translate question to dbpedia path: Name few TV shows aired by Prime Time Entertainment Network?,[ANS] >> dbo:network >> dbr:Prime_Time_Entertainment_Network [SEP] [ANS] >> rdf:type >> dbo:TelevisionShow
translate question to dbpedia path: Which president of Lance Adams-Schneider had nickname Daniel O'Regan ?,dbr:Daniel_O'Regan >> dbp:nickname >> [ANS] [SEP] dbr:Lance_Adams-Schneider >> dbp:president >> [ANS]
translate question to dbpedia path: WHo gave the lyrcis of Doonesbury ?,dbr:Doonesbury_(musical) >> dbo:lyrics >> [ANS]
translate question to dbpedia path: Which series are Lennier and Londo Mollari both from?,dbr:Lennier >> dbo:series >> [ANS] [SEP] dbr:Londo_Mollari >> dbo:series >> [ANS]
translate question to dbpedia path: Who coached the marquet golden eagels during 2013,dbr:2013–14_Marquette_Golden_Eagles_men's_basketball_team >> dbo:coach >> [ANS]
translate question to dbpedia path: Give me a list of computers whose CPU is in the US.,[ANS] >> dbo:cpu >> [VAR1] [SEP] [ANS] >> rdf:type >> dbo:InformationAppliance [SEP] [VAR1] >> dbp:locationCity >> dbr:United_States
"translate question to dbpedia path: What is that something which made Breann McGregor famous, and Frank Thorne received as an award?",dbr:Breann_McGregor >> dbp:knownFor >> [ANS] [SEP] dbr:Frank_Thorne >> dbo:award >> [ANS]
"translate question to dbpedia path: Which things have been located, where governance is Houston City Council?",[ANS] >> dbo:location >> [VAR1] [SEP] [VAR1] >> dbp:governingBody >> dbr:Houston_City_Council
translate question to dbpedia path: What beverages originate in Leuven?,[ANS] >> dbo:origin >> dbr:Leuven [SEP] [ANS] >> rdf:type >> dbo:Beverage
translate question to dbpedia path: Who are the parents of  Charles Phelps Taft II and Robert A. Taft?,[ANS] >> dbo:child >> dbr:Charles_Phelps_Taft_II [SEP] [ANS] >> dbo:child >> dbr:Robert_A._Taft
translate question to dbpedia path: What are the different religions followed by presidents whose prime minister was Surayud Chulanont?,[VAR1] >> dbo:religion >> [ANS] [SEP] [VAR1] >> dbp:primeminister >> dbr:Surayud_Chulanont [SEP] [VAR1] >> rdf:type >> dbo:President
translate question to dbpedia path: How many prime ministers did the predecessor of Duncan Sandys  serve?,COUNT >> [VAR1] >> dbp:primeminister >> [ANS] [SEP] dbr:Duncan_Sandys >> dbp:successor >> [VAR1]
translate question to dbpedia path: Name the city served by Juhu Aerodrome ?,dbr:Juhu_Aerodrome >> dbp:cityServed >> [ANS]
translate question to dbpedia path: What is the settlement whose neighboring municipalities is Lancy and mayor name is Esther Alder?,[ANS] >> dbo:mayor >> dbr:Esther_Alder [SEP] [ANS] >> dbp:neighboringMunicipalities >> dbr:Lancy [SEP] [ANS] >> rdf:type >> dbo:Settlement
translate question to dbpedia path: List the notable works of the writer of The Tony Randall Show ?,[VAR1] >> dbo:notableWork >> [ANS] [SEP] dbr:The_Tony_Randall_Show >> dbp:writer >> [VAR1]
translate question to dbpedia path: How many cars succeed the cars assembled in Canada?,COUNT >> [ANS] >> rdf:type >> dbo:Automobile [SEP] [VAR1] >> dbo:predecessor >> [ANS] [SEP] [VAR1] >> dbp:assembly >> dbr:Canada
translate question to dbpedia path: Where has the employee of Columbia Records  worked ?,[VAR1] >> dbo:employer >> [ANS] [SEP] [VAR1] >> dbo:employer >> dbr:Columbia_Records
translate question to dbpedia path: What is the birth place of the cast of Lagnacha Dhumdhadaka?,[VAR1] >> dbp:placeOfBirth >> [ANS] [SEP] dbr:Lagnacha_Dhumdhadaka >> dbp:starring >> [VAR1]
translate question to dbpedia path: Whci co founder of Sea gayle Music is also the artist of Brad Paisley Discography /,dbr:Brad_Paisley_discography >> dbp:artist >> [ANS] [SEP] dbr:Sea_Gayle_Music >> dbp:founder >> [ANS]
translate question to dbpedia path: Which wine region of Bogdanua is the mouth country of Upper Neretva ?,dbr:Bogdanuša >> dbo:wineRegion >> [ANS] [SEP] dbr:Upper_Neretva >> dbo:mouthCountry >> [ANS]
translate question to dbpedia path: Which television show's network  is BBC HD and is related to Doctor Who Confidential?,[ANS] >> dbo:network >> dbr:BBC_HD [SEP] [ANS] >> dbo:related >> dbr:Doctor_Who_Confidential [SEP] [ANS] >> rdf:type >> dbo:TelevisionShow
translate question to dbpedia path: Name the products of Den norske Bank ?,dbr:Den_norske_Bank >> dbp:products >> [ANS]
translate question to dbpedia path: In how many places have people canonized by John Paul II died?,COUNT >> [ANS] >> rdf:type >> dbo:Place [SEP] [VAR1] >> dbp:canonizedBy >> dbr:Pope_John_Paul_II [SEP] [VAR1] >> dbp:deathPlace >> [ANS]
"translate question to dbpedia path: Where does the river flow into, which starts at the Sierra Madre de Chiapas?",[VAR1] >> dbo:source >> dbr:Sierra_Madre_de_Chiapas [SEP] [VAR1] >> dbp:mouthCountry >> [ANS] [SEP] [VAR1] >> rdf:type >> dbo:River
translate question to dbpedia path: From which country did the Mauritius bank and the national commerce bank emerge?,dbr:Mauritius_Bank >> dbp:locationCountry >> [ANS] [SEP] dbr:National_Commercial_Bank_Mauritius >> dbp:locationCountry >> [ANS]
translate question to dbpedia path: Who are the shareholder of the broadcast networks whose owning company is Jamie Kellner?,[VAR1] >> dbo:owningCompany >> dbr:Jamie_Kellner [SEP] [VAR1] >> dbp:owner >> [ANS] [SEP] [VAR1] >> rdf:type >> dbo:BroadcastNetwork
translate question to dbpedia path: The Prime minister who worked in the Khmer Issarak follows which religion?,[VAR1] >> dbo:militaryBranch >> dbr:Khmer_Issarak [SEP] [VAR1] >> dbo:religion >> [ANS] [SEP] [VAR1] >> rdf:type >> dbo:PrimeMinister
translate question to dbpedia path: Which country does league of Nguendula Filipe belongs to?,[VAR1] >> dbp:country >> [ANS] [SEP] dbr:Nguendula_Filipe >> dbo:league >> [VAR1]
translate question to dbpedia path: Is the Bucyrus MT6300AC assembled in north america?,ASK >> dbr:Bucyrus_MT6300AC >> dbp:assembly >> dbr:North_America
translate question to dbpedia path: Which rivers flow into the lower manhatten?,[ANS] >> dbo:mouthMountain >> dbr:Lower_Manhattan
translate question to dbpedia path: Who is the founder of Pittsburgh ?,dbr:Pittsburgh >> dbo:founder >> [ANS]
translate question to dbpedia path: What are the airlines whose hub is San Francisco International Airport?,[ANS] >> dbp:hubs >> dbr:San_Francisco_International_Airport [SEP] [ANS] >> rdf:type >> dbo:Airline
translate question to dbpedia path: Who rented the stadium where the UFC 152 take place?,[VAR1] >> dbo:tenant >> [ANS] [SEP] [VAR1] >> rdf:type >> dbo:Stadium [SEP] dbr:UFC_152 >> dbp:venue >> [VAR1]
translate question to dbpedia path: Which appliance has cpu from Freescale Semiconductor and Marvell Technology Group?,[ANS] >> dbo:cpu >> dbr:Freescale_Semiconductor [SEP] [ANS] >> dbo:cpu >> dbr:Marvell_Technology_Group [SEP] [ANS] >> rdf:type >> dbo:InformationAppliance
translate question to dbpedia path: What is the place where the mayor's wife is Jean-Marc Germain?,[ANS] >> dbo:mayor >> [VAR1] [SEP] [ANS] >> rdf:type >> dbo:Place [SEP] [VAR1] >> dbp:spouse >> dbr:Jean-Marc_Germain
translate question to dbpedia path: Was 2658 Gingerich invented in Harvard?,ASK >> dbr:2658_Gingerich >> dbo:discoverer >> dbr:Harvard_College
translate question to dbpedia path: Which religions' people fought in the Miao rebellion?,[VAR1] >> dbo:religion >> [ANS] [SEP] dbr:Miao_Rebellion_(1795–1806) >> dbp:combatant >> [VAR1]
translate question to dbpedia path: Which universities are alma mater to Charles Plosser?,dbr:Charles_Plosser >> dbp:almaMater >> [ANS]
translate question to dbpedia path: What is the constituency of Santo Versace?,dbr:Santo_Versace >> dbp:constituency >> [ANS]
translate question to dbpedia path: Count all the shows whose music composers are in Oysterhead.,COUNT >> [ANS] >> dbp:themeMusicComposer >> [VAR1] [SEP] [ANS] >> rdf:type >> dbo:TelevisionShow [SEP] [VAR1] >> dbo:associatedMusicalArtist >> dbr:Oysterhead
translate question to dbpedia path: List the significant building of the architect who also designed  Kiev?,[VAR1] >> dbo:significantBuilding >> [ANS] [SEP] [VAR1] >> dbo:significantBuilding >> dbr:Kiev [SEP] [VAR1] >> rdf:type >> dbo:Architect
translate question to dbpedia path: How many other architect are there of the historic places whose architect is also Stanford White ?,COUNT >> [VAR1] >> dbo:architect >> [ANS] [SEP] [VAR1] >> dbo:architect >> dbr:Stanford_White
translate question to dbpedia path: What is the deathplace of the rugby player who is the relatives of Anton Oliver ?,[VAR1] >> dbo:deathPlace >> [ANS] [SEP] dbr:Anton_Oliver >> dbp:relatives >> [VAR1]
translate question to dbpedia path: What is the alma mater of the Marshall Fletcher McCallie and has affiliation with  Vanderbilt University Medical Center ?,dbr:Marshall_Fletcher_McCallie >> dbp:almaMater >> [ANS] [SEP] dbr:Vanderbilt_University_Medical_Center >> dbp:affiliation >> [ANS]
translate question to dbpedia path: Who has had been the tenant of the stadium built by PCL construction firm?,[VAR1] >> dbo:builder >> dbr:PCL_Construction [SEP] [VAR1] >> dbo:tenant >> [ANS] [SEP] [VAR1] >> rdf:type >> dbo:Stadium
translate question to dbpedia path: Does the Amazon River start in Arequipa Region?,ASK >> dbr:Amazon_River >> dbp:sourceRegion >> dbr:Arequipa_Region
translate question to dbpedia path: Is San Salvador Island a part of the Bahamas?,ASK >> dbr:San_Salvador_Island >> dbo:archipelago >> dbr:The_Bahamas
"translate question to dbpedia path: List the people educated at Harvard-Westlake School and has resting place as Palo Alto, California?","[ANS] >> dbo:almaMater >> dbr:Harvard-Westlake_School [SEP] [ANS] >> dbp:restingPlace >> dbr:Palo_Alto,_California [SEP] [ANS] >> rdf:type >> dbo:Person"
translate question to dbpedia path: Which companies published Super Mario Adventures?,dbr:Super_Mario_Adventures >> dbp:publisher >> [ANS]
translate question to dbpedia path: What is the television show whose producer is Stephen E. Ambrose?,[ANS] >> dbp:producer >> dbr:Stephen_E._Ambrose [SEP] [ANS] >> rdf:type >> dbo:TelevisionShow
translate question to dbpedia path: Which artist of Madagascar: Operation Penguin is also the writer of He's a Pirate ?,dbr:He's_a_Pirate >> dbp:writer >> [ANS] [SEP] dbr:Madagascar:_Operation_Penguin >> dbp:artist >> [ANS]
translate question to dbpedia path: Name the software whose operating system is Mac OS and programming language is C++ ?,[ANS] >> dbo:operatingSystem >> dbr:Mac_OS [SEP] [ANS] >> dbp:programmingLanguage >> dbr:C++ [SEP] [ANS] >> rdf:type >> dbo:Software
translate question to dbpedia path: In which state does the valley bordering the Modoc plateau lie?,[VAR1] >> dbo:state >> [ANS] [SEP] [VAR1] >> dbp:border >> dbr:Modoc_Plateau [SEP] [VAR1] >> rdf:type >> dbo:Valley
translate question to dbpedia path: Where was the designer of REP Parasol born?,[VAR1] >> dbo:birthPlace >> [ANS] [SEP] dbr:REP_Parasol >> dbo:designer >> [VAR1]
translate question to dbpedia path: Which religion is followed by people in the family of Meadow Sopranos?,[VAR1] >> dbo:religion >> [ANS] [SEP] [VAR1] >> dbp:family >> dbr:Meadow_Soprano [SEP] [VAR1] >> rdf:type >> dbo:Person
translate question to dbpedia path: What religion does roshan ranasinghe and nhiek tioulong follow?,dbr:Nhiek_Tioulong >> dbo:religion >> [ANS] [SEP] dbr:Roshan_Ranasinghe >> dbp:religion >> [ANS]
translate question to dbpedia path: How many cars are the predecessor of cars similar to the Pontiac G8?,COUNT >> [VAR1] >> dbo:predecessor >> [ANS] [SEP] [VAR1] >> rdf:type >> dbo:Automobile [SEP] dbr:Pontiac_G8 >> dbo:relatedMeanOfTransportation >> [VAR1]
translate question to dbpedia path: What are some shows whose voice actors play the piano?,[ANS] >> dbp:voices >> [VAR1] [SEP] [ANS] >> rdf:type >> dbo:TelevisionShow [SEP] [VAR1] >> dbo:instrument >> dbr:Piano
translate question to dbpedia path: What is the birth place of the successor of Ella T. Grasso ?,[VAR1] >> dbp:birthPlace >> [ANS] [SEP] dbr:Ella_T._Grasso >> dbp:successor >> [VAR1]
translate question to dbpedia path: From how many different places have participants of Breeders's Cup Turf come?,COUNT >> [VAR1] >> dbp:birthPlace >> [ANS] [SEP] [VAR1] >> dbp:race >> dbr:Breeders'_Cup_Turf
translate question to dbpedia path: How many movies were cinematographed by Jordan Cronenweth?,COUNT >> [ANS] >> dbo:cinematography >> dbr:Jordan_Cronenweth [SEP] [ANS] >> rdf:type >> dbo:Film
translate question to dbpedia path: South Side elevated railroad and twin cities 400 are operated by which city?,dbr:South_Side_Elevated_Railroad >> dbo:operatedBy >> [ANS] [SEP] dbr:Twin_Cities_400 >> dbo:operatedBy >> [ANS]
translate question to dbpedia path: Who is the famous relative of Kelly Osbourne?,[ANS] >> dbp:relatives >> dbr:Kelly_Osbourne
translate question to dbpedia path: In how many different stadiums are the seasons of the 2015 NA Soccer league held?,COUNT >> [ANS] >> rdf:type >> dbo:Stadium [SEP] [VAR1] >> dbo:ground >> [ANS] [SEP] [VAR1] >> dbo:league >> dbr:2015_North_American_Soccer_League_season
translate question to dbpedia path: What teams have Avangard Omsk's players played for?,[VAR1] >> dbo:formerTeam >> [ANS] [SEP] [VAR1] >> dbp:playedFor >> dbr:Avangard_Omsk
translate question to dbpedia path: Who is the player who plays for the team that has the Michigan Stadium?,[ANS] >> dbp:currentteam >> [VAR1] [SEP] [ANS] >> rdf:type >> dbo:Athlete [SEP] [VAR1] >> dbp:stadium >> dbr:Michigan_Stadium
translate question to dbpedia path: How many athletic associations are there in all of the private universities?,COUNT >> [VAR1] >> dbp:athletics >> [ANS] [SEP] [VAR1] >> dbp:type >> dbr:Private_university
translate question to dbpedia path: In which cities can i find drinks similar to the IBC root beer?,[VAR1] >> dbo:related >> dbr:IBC_Root_Beer [SEP] [VAR1] >> dbp:locationCity >> [ANS] [SEP] [VAR1] >> rdf:type >> dbo:Beverage
translate question to dbpedia path: Is Queen Latifah associated with Afrika Baby Bam?,ASK >> dbr:Afrika_Baby_Bam >> dbo:associatedBand >> dbr:Queen_Latifah
translate question to dbpedia path: Which royal person married the successor of Darius I?,[ANS] >> dbp:spouse >> [VAR1] [SEP] [ANS] >> rdf:type >> dbo:Royalty [SEP] [VAR1] >> dbp:predecessor >> dbr:Darius_I
translate question to dbpedia path: What are some products manufactured by Sony?,[ANS] >> dbo:manufacturer >> dbr:Sony
translate question to dbpedia path: What is the producer of the television shows whose channel is CBBC?,[VAR1] >> dbo:producer >> [ANS] [SEP] [VAR1] >> dbp:channel >> dbr:CBBC_(TV_channel) [SEP] [VAR1] >> rdf:type >> dbo:TelevisionShow
translate question to dbpedia path: List all the movies whose music has been made up with someone under RCA records?,[ANS] >> dbp:music >> [VAR1] [SEP] [ANS] >> rdf:type >> dbo:Film [SEP] [VAR1] >> dbo:recordLabel >> dbr:RCA_Records
translate question to dbpedia path: Is N. C. Wyeth the illustration by of The Mysterious Stranger?,ASK >> dbr:The_Mysterious_Stranger >> dbp:illustrator >> dbr:N._C._Wyeth
translate question to dbpedia path: What cities are around the valley bordering Lake Mead?,[VAR1] >> dbo:border >> dbr:Lake_Mead [SEP] [VAR1] >> dbo:city >> [ANS] [SEP] [VAR1] >> rdf:type >> dbo:Valley
translate question to dbpedia path: List the magazines published by Playbow Enterprises ?,[ANS] >> dbo:publisher >> dbr:Playboy_Enterprises [SEP] [ANS] >> rdf:type >> dbo:Magazine
translate question to dbpedia path: In which series do I find Minbari species' characters?,[VAR1] >> dbo:series >> [ANS] [SEP] [VAR1] >> dbp:species >> dbr:Minbari [SEP] [VAR1] >> rdf:type >> dbo:FictionalCharacter
"translate question to dbpedia path: Did James brown make the song Killing is Out, School Is In?","ASK >> dbr:Killing_Is_Out,_School_Is_In >> dbo:musicalBand >> dbr:James_Brown"
translate question to dbpedia path: What is the style of architecture of South Loop Printing House District ?,dbr:South_Loop_Printing_House_District >> dbo:architecturalStyle >> [ANS]
translate question to dbpedia path: What is the university whose campus are Indiana and Iowa?,[ANS] >> dbo:campus >> dbr:Indiana [SEP] [ANS] >> dbo:campus >> dbr:Iowa [SEP] [ANS] >> rdf:type >> dbo:University
translate question to dbpedia path: Name the ssignificant buildings of Ivan Fomin ?,dbr:Ivan_Fomin >> dbo:significantBuilding >> [ANS]
translate question to dbpedia path: What are all the religions in which Jacob and Abraham are important?,dbr:Abraham >> dbp:veneratedIn >> [ANS] [SEP] dbr:Jacob >> dbp:veneratedIn >> [ANS]
translate question to dbpedia path: Is Robert Boyle a chemist?,ASK >> dbr:Robert_Boyle >> dbo:field >> dbr:Chemistry
translate question to dbpedia path: Where did the relatives of David Hume study?,[VAR1] >> dbo:relative >> dbr:David_Hume [SEP] [VAR1] >> dbp:education >> [ANS]
translate question to dbpedia path: Which state of Tendaho dam is the headquarters of Ethiopian People's revolutionary democratic Front located ?,dbr:Ethiopian_People's_Revolutionary_Democratic_Front >> dbp:headquarters >> [ANS] [SEP] dbr:Tendaho_Dam >> dbp:country >> [ANS]
translate question to dbpedia path: What prizes have been awarded to the relatives of Linn Ullmann?,[VAR1] >> dbp:awards >> [ANS] [SEP] dbr:Linn_Ullmann >> dbp:relatives >> [VAR1]
translate question to dbpedia path: What are the television shows of a company headquartered in Geneva?,[ANS] >> dbp:company >> [VAR1] [SEP] [ANS] >> rdf:type >> dbo:TelevisionShow [SEP] [VAR1] >> dbp:headquarters >> dbr:Geneva
translate question to dbpedia path: Name the television show whose distributor is Comedy central and  the character voice is given by Isaac hayes ?,[ANS] >> dbp:distributor >> dbr:Comedy_Central [SEP] [ANS] >> dbp:voices >> dbr:Isaac_Hayes [SEP] [ANS] >> rdf:type >> dbo:TelevisionShow
translate question to dbpedia path: Give me the count of newspaper whose language is Sweedish and headquartered at stockholm ?,COUNT >> [ANS] >> dbp:headquarters >> dbr:Stockholm [SEP] [ANS] >> dbp:language >> dbr:Swedish_language
translate question to dbpedia path: What are the cities located on the sea into which the Aegean Sea flows?,[VAR1] >> dbp:cities >> [ANS] [SEP] dbr:Aegean_Sea >> dbo:outflow >> [VAR1]
translate question to dbpedia path: In which areas did the pupils of Sylvain Levi work?,[VAR1] >> dbo:academicAdvisor >> dbr:Sylvain_Lévi [SEP] [VAR1] >> dbp:fields >> [ANS]
translate question to dbpedia path: Name the movie whose producer is Michael Deeley and music is given by Vangelis ?,[ANS] >> dbo:producer >> dbr:Michael_Deeley [SEP] [ANS] >> dbp:music >> dbr:Vangelis [SEP] [ANS] >> rdf:type >> dbo:Film
translate question to dbpedia path: How many people are in the band with Juelz Santana?,COUNT >> [ANS] >> rdf:type >> dbo:Person [SEP] [VAR1] >> dbo:bandMember >> [ANS] [SEP] [VAR1] >> dbp:currentMembers >> dbr:Juelz_Santana
translate question to dbpedia path: Name the partners of the models whose one of the partner is Thom Evans ?,[VAR1] >> dbo:partner >> [ANS] [SEP] [VAR1] >> dbo:partner >> dbr:Thom_Evans [SEP] [VAR1] >> rdf:type >> dbo:Model
translate question to dbpedia path: Who owns the broadcast network founded by CNN?,[VAR1] >> dbo:foundedBy >> dbr:CNN [SEP] [VAR1] >> dbp:owner >> [ANS] [SEP] [VAR1] >> rdf:type >> dbo:BroadcastNetwork
translate question to dbpedia path: List the writers of Tales of Suspense ?,dbr:Tales_of_Suspense >> dbp:writers >> [ANS]
translate question to dbpedia path: Which magazine has publisher as Jann Wenner?,[ANS] >> dbo:publisher >> dbr:Jann_Wenner [SEP] [ANS] >> rdf:type >> dbo:Magazine
translate question to dbpedia path: List the academic discipline of the journals whose one of the discipline is neuro imaging ?,[VAR1] >> dbo:academicDiscipline >> [ANS] [SEP] [VAR1] >> dbo:academicDiscipline >> dbr:Neuroimaging [SEP] [VAR1] >> rdf:type >> dbo:AcademicJournal
translate question to dbpedia path: Who has authored books published by the Perkins school for the Blind?,[VAR1] >> dbo:author >> [ANS] [SEP] [VAR1] >> dbo:publisher >> dbr:Perkins_School_for_the_Blind [SEP] [VAR1] >> rdf:type >> dbo:WrittenWork
translate question to dbpedia path: Semani languages are spoken in which countries?,[ANS] >> dbp:languages >> dbr:Semnani_languages [SEP] [ANS] >> rdf:type >> dbo:Country
translate question to dbpedia path: What kind of games does Blizzard games develop?,[VAR1] >> dbo:developer >> dbr:Blizzard_Entertainment [SEP] [VAR1] >> dbo:genre >> [ANS] [SEP] [VAR1] >> rdf:type >> dbo:VideoGame
"translate question to dbpedia path: How many different pole drivers are there, of the GPs when Renault was the first team?",COUNT >> [ANS] >> rdf:type >> dbo:FormulaOneRacer [SEP] [VAR1] >> dbo:poleDriver >> [ANS] [SEP] [VAR1] >> dbp:firstTeam >> dbr:Renault_in_Formula_One
translate question to dbpedia path: What is the label of Double Diamond (album) ?,dbr:Double_Diamond_(album) >> dbo:recordLabel >> [ANS]
"translate question to dbpedia path: Where is the VP buried, which was served by Frederick Cooke?",[VAR1] >> dbo:restingPlace >> [ANS] [SEP] dbr:Frederick_Cooke_(socialist) >> dbo:vicePresident >> [VAR1]
translate question to dbpedia path: Name the person whose child is Irne Joliot-Curie?,[ANS] >> dbp:children >> dbr:Irène_Joliot-Curie [SEP] [ANS] >> rdf:type >> dbo:Person
translate question to dbpedia path: How many destinations are covered by the airlines which also serves Europe ?,COUNT >> [VAR1] >> dbp:destinations >> [ANS] [SEP] [VAR1] >> dbp:destinations >> dbr:Europe
translate question to dbpedia path: Where can i find companies which were started in Toronto?,[VAR1] >> dbo:foundationPlace >> dbr:Toronto [SEP] [VAR1] >> dbp:locations >> [ANS] [SEP] [VAR1] >> rdf:type >> dbo:Company
translate question to dbpedia path: Name few companies where don berlin and michael sears have worked together?,dbr:Don_R._Berlin >> dbo:employer >> [ANS] [SEP] dbr:Michael_M._Sears >> dbo:employer >> [ANS]
translate question to dbpedia path: Name the university with mascot as Aubie and president as jay Gogue ?,[ANS] >> dbo:president >> dbr:Jay_Gogue [SEP] [ANS] >> dbp:mascot >> dbr:Aubie [SEP] [ANS] >> rdf:type >> dbo:University
translate question to dbpedia path: How many things belong to phylum of Chordate?,COUNT >> [ANS] >> dbo:phylum >> dbr:Chordate
translate question to dbpedia path: Did Gwo Ka originate in Western Africa?,ASK >> dbr:Gwo_ka >> dbp:stylisticOrigins >> dbr:West_Africa
translate question to dbpedia path: People from how many political parties exist in Maharashtra?,COUNT >> [VAR1] >> dbo:party >> [ANS] [SEP] [VAR1] >> dbp:placeOfBirth >> dbr:Maharashtra
translate question to dbpedia path: What would be the most important creation which involved both Neil Cross and Russel Davies ?,dbr:Neil_Cross >> dbo:notableWork >> [ANS] [SEP] dbr:Russell_T_Davies >> dbo:notableWork >> [ANS]
translate question to dbpedia path: With which musical artist is the music group which sung Mind Blowin' related to ?,[VAR1] >> dbo:associatedMusicalArtist >> [ANS] [SEP] dbr:Mind_Blowin'_(Smooth_song) >> dbo:musicalArtist >> [VAR1]
translate question to dbpedia path: Where did the office holder died who also have faith in Episcopal Church ?,[VAR1] >> dbo:deathPlace >> [ANS] [SEP] [VAR1] >> dbo:religion >> dbr:Episcopal_Church_(United_States) [SEP] [VAR1] >> rdf:type >> dbo:OfficeHolder
translate question to dbpedia path: Who are buried in  Rome and Mausoleum of Augustus?,[ANS] >> dbp:placeOfBurial >> dbr:Mausoleum_of_Augustus [SEP] [ANS] >> dbp:placeOfBurial >> dbr:Rome
translate question to dbpedia path: To which branch Edwin F. Hunter  belong ?,dbr:Edwin_F._Hunter >> dbp:branch >> [ANS]
"translate question to dbpedia path: Which university has affiliations to Graham Holdings and Kaplan, Inc.?","[ANS] >> dbp:affiliations >> dbr:Graham_Holdings_Company [SEP] [ANS] >> dbp:affiliations >> dbr:Kaplan,_Inc. [SEP] [ANS] >> rdf:type >> dbo:University"
translate question to dbpedia path: Which band's past member are Joe Jonas and Nick Jonas?,[ANS] >> dbp:pastMembers >> dbr:Joe_Jonas [SEP] [ANS] >> dbp:pastMembers >> dbr:Nick_Jonas [SEP] [ANS] >> rdf:type >> dbo:Band
translate question to dbpedia path: Who are the children of Abigail Adams?,dbr:Abigail_Adams >> dbp:children >> [ANS]
translate question to dbpedia path: Which things are Breann McGregor known for ?,dbr:Breann_McGregor >> dbp:knownFor >> [ANS]
translate question to dbpedia path: what are some common games played at both Fr Agnel Multipurpose School and Vishwajyot High School?,dbr:Fr._Agnel_Multipurpose_School_and_Junior_College >> dbo:sport >> [ANS] [SEP] dbr:Vishwajyot_High_School >> dbo:sport >> [ANS]
translate question to dbpedia path: Who have done their PhDs under a National Medal of Science winner?,[ANS] >> dbp:doctoralAdvisor >> [VAR1] [SEP] [VAR1] >> dbp:prizes >> dbr:National_Medal_of_Science
translate question to dbpedia path: List the profession of senate whose one of the profession is United States Coast Guard ?,[VAR1] >> dbo:profession >> [ANS] [SEP] [VAR1] >> dbo:profession >> dbr:United_States_Coast_Guard [SEP] [VAR1] >> rdf:type >> dbo:Politician
translate question to dbpedia path: Who is known for are Battle of the Thames and War of 1812?,[ANS] >> dbo:knownFor >> dbr:Battle_of_the_Thames [SEP] [ANS] >> dbo:knownFor >> dbr:War_of_1812
translate question to dbpedia path: Where is the headquarters of the public transit system which operators Go-to-card ?,[VAR1] >> dbp:headquarters >> [ANS] [SEP] [VAR1] >> rdf:type >> dbo:PublicTransitSystem [SEP] dbr:Go-To_card >> dbp:operator >> [VAR1]
translate question to dbpedia path: How many people are there who have relationship with Kennedy family?,COUNT >> [ANS] >> dbo:relation >> dbr:Kennedy_family
"translate question to dbpedia path: Name the company founded by Jim Harris located in Harris County, Texas ?","[ANS] >> dbo:foundedBy >> dbr:Jim_Harris_(entrepreneur) [SEP] [ANS] >> dbo:locationCity >> dbr:Harris_County,_Texas [SEP] [ANS] >> rdf:type >> dbo:Company"
translate question to dbpedia path: What is the total number of fictional characters whose created by  Greg Daniels and series is The Office (U.S. TV series)?,COUNT >> [ANS] >> dbo:creator >> dbr:Greg_Daniels [SEP] [ANS] >> dbo:series >> dbr:The_Office_(U.S._TV_series)
translate question to dbpedia path: Which local authority of Buckhurst Hill County High School is the palce of burial of Elizabeth Rhuddlan ?,dbr:Buckhurst_Hill_County_High_School >> dbo:localAuthority >> [ANS] [SEP] dbr:Elizabeth_of_Rhuddlan >> dbp:placeOfBurial >> [ANS]
translate question to dbpedia path: In which city where there is a headquarters of Orient News and also Feras Saied died?,dbr:Feras_Saied >> dbo:deathPlace >> [ANS] [SEP] dbr:Orient_News >> dbp:headquarters >> [ANS]
"translate question to dbpedia path: Who were the opponents of employees of Henry Howard, the Northampton Earl?","[VAR1] >> dbo:employer >> dbr:Henry_Howard,_1st_Earl_of_Northampton [SEP] [VAR1] >> dbo:opponent >> [ANS]"
translate question to dbpedia path: What newspapers's owners is Schibsted,[ANS] >> dbp:owners >> dbr:Schibsted [SEP] [ANS] >> rdf:type >> dbo:Newspaper
translate question to dbpedia path: Who is the common parent of Gettv and hypnotize mind ?,dbr:GetTV >> dbo:parentOrganisation >> [ANS] [SEP] dbr:Hypnotize_Minds >> dbp:parent >> [ANS]
translate question to dbpedia path: Name a fictional character whose relative is Uncle Henry and species is Human?,[ANS] >> dbo:relative >> dbr:Uncle_Henry_(Oz) [SEP] [ANS] >> dbo:species >> dbr:Human [SEP] [ANS] >> rdf:type >> dbo:FictionalCharacter
translate question to dbpedia path: Which river inflow of the Cahora Bassa is also Batoka Gorge Hydroelectric Power Station's river ?,dbr:Batoka_Gorge_Hydroelectric_Power_Station >> dbo:river >> [ANS] [SEP] dbr:Cahora_Bassa >> dbp:inflow >> [ANS]
"translate question to dbpedia path: Which cities come in the course of the river, into which Big Creek around Texas flows too?",[VAR1] >> dbo:city >> [ANS] [SEP] [VAR1] >> dbo:rightTributary >> dbr:Big_Creek_(Texas_Co._Missouri) [SEP] [VAR1] >> rdf:type >> dbo:River
translate question to dbpedia path: What islands are there on the Greater Antilles archipelago?,[VAR1] >> dbp:archipelago >> dbr:Greater_Antilles [SEP] [VAR1] >> dbp:name >> [ANS] [SEP] [VAR1] >> rdf:type >> dbo:Island
translate question to dbpedia path: Was Zachary taylor a major general?,ASK >> dbr:Zachary_Taylor >> dbp:rank >> dbr:Major_general_(United_States)
translate question to dbpedia path: Name the military units whose command structure's headquarters is The Pentagon?,[ANS] >> dbo:commandStructure >> [VAR1] [SEP] [ANS] >> rdf:type >> dbo:MilitaryUnit [SEP] [VAR1] >> dbp:headquarters >> dbr:The_Pentagon
translate question to dbpedia path: Which TV show's setting is in Massachusetts and is the subsequent work of Fraiser ?,[ANS] >> dbo:location >> dbr:Massachusetts [SEP] [ANS] >> dbo:subsequentWork >> dbr:Frasier [SEP] [ANS] >> rdf:type >> dbo:TelevisionShow
translate question to dbpedia path: Which bands are associated to David Paton?,dbr:David_Paton >> dbo:associatedBand >> [ANS]
translate question to dbpedia path: In how many teams have people previously played who play as defencemen?,COUNT >> [ANS] >> rdf:type >> dbo:SportsTeam [SEP] [VAR1] >> dbo:formerTeam >> [ANS] [SEP] [VAR1] >> dbp:position >> dbr:Defenceman
translate question to dbpedia path: What is the Team Name  of St. Viator High School ?,dbr:St._Viator_High_School >> dbp:teamName >> [ANS]
translate question to dbpedia path: Give me the count of tenants of the stadia whose one of the tenants is Toronto Furies?,COUNT >> [VAR1] >> dbp:tenants >> [ANS] [SEP] [VAR1] >> dbp:tenants >> dbr:Toronto_Furies
translate question to dbpedia path: Who is the headcoach of 2013-14 Marquette Golden Eagles men's basketball team ?,dbr:2013–14_Marquette_Golden_Eagles_men's_basketball_team >> dbp:headcoach >> [ANS]
translate question to dbpedia path: To what nation do Victor Gunasekara and Anuruddha Ratwatte owe their allegiance?,dbr:Anuruddha_Ratwatte >> dbp:allegiance >> [ANS] [SEP] dbr:Victor_Gunasekara >> dbp:allegiance >> [ANS]
translate question to dbpedia path: Who is the musician of Before I let you Go ?,dbr:Before_I_Let_You_Go >> dbo:musicalArtist >> [ANS]
translate question to dbpedia path: Who developed the programming languages designed by Rob Pike?,[VAR1] >> dbo:designer >> dbr:Rob_Pike [SEP] [VAR1] >> dbo:developer >> [ANS] [SEP] [VAR1] >> rdf:type >> dbo:ProgrammingLanguage
"translate question to dbpedia path: Name the military unit whose garrison is Arlington County, Virginia and command structure is United States Department of Defense?","[ANS] >> dbo:commandStructure >> dbr:United_States_Department_of_Defense [SEP] [ANS] >> dbo:garrison >> dbr:Arlington_County,_Virginia [SEP] [ANS] >> rdf:type >> dbo:MilitaryUnit"
translate question to dbpedia path: Which races has the horse bred by Jacques Van't Hart participated in?,[VAR1] >> dbo:breeder >> dbr:Jacques_Van't_Hart [SEP] [VAR1] >> dbp:race >> [ANS] [SEP] [VAR1] >> rdf:type >> dbo:Horse
translate question to dbpedia path: Is the Journal of Cerebral Blood Flow and Metabolism about Brains?,ASK >> dbr:Journal_of_Cerebral_Blood_Flow_&_Metabolism >> dbo:academicDiscipline >> dbr:Brain
translate question to dbpedia path: What are all the countires where food related to tuna salad is consumed ?,[VAR1] >> dbo:related >> dbr:Tuna_salad [SEP] [VAR1] >> dbp:country >> [ANS]
translate question to dbpedia path: What is the layout of the automobiles whose designer company is Olivier Boulay?,[VAR1] >> dbo:designCompany >> dbr:Olivier_Boulay [SEP] [VAR1] >> dbo:layout >> [ANS] [SEP] [VAR1] >> rdf:type >> dbo:Automobile
translate question to dbpedia path: Is the Caterpullar 797F assembled in North America?,ASK >> dbr:Caterpillar_797F >> dbp:assembly >> dbr:North_America
translate question to dbpedia path: which band was Roger waters in?,[ANS] >> dbo:formerBandMember >> dbr:Roger_Waters
translate question to dbpedia path: In which places can we find the people won the Project Runaway Canada?,[VAR1] >> dbo:award >> dbr:Project_Runway_Canada [SEP] [VAR1] >> dbo:residence >> [ANS] [SEP] [VAR1] >> rdf:type >> dbo:Person
translate question to dbpedia path: Who is the coach of England national under-21 football team ?,dbr:England_national_under-21_football_team >> dbp:coach >> [ANS]
"translate question to dbpedia path: Which rivers end in Old Saybrook, Connecticut?","[ANS] >> dbo:mouthMountain >> dbr:Old_Saybrook,_Connecticut"
"translate question to dbpedia path: Where does the river end, into which the Rakitnica flows?",[VAR1] >> dbo:mouthCountry >> [ANS] [SEP] [VAR1] >> dbo:rightTributary >> dbr:Rakitnica
"translate question to dbpedia path: What does the bridge go over, which is in Katima Mulilo?",[VAR1] >> dbo:locatedInArea >> dbr:Katima_Mulilo [SEP] [VAR1] >> dbp:crosses >> [ANS] [SEP] [VAR1] >> rdf:type >> dbo:Bridge
translate question to dbpedia path: What are the baseball players who played for San Francisco Giants?,[ANS] >> dbo:team >> dbr:San_Francisco_Giants [SEP] [ANS] >> rdf:type >> dbo:BaseballPlayer
translate question to dbpedia path: How many airlines have a hub at an airport run by LA World Airports?,COUNT >> [ANS] >> dbo:hubAirport >> [VAR1] [SEP] [ANS] >> rdf:type >> dbo:Airline [SEP] [VAR1] >> dbo:operator >> dbr:Los_Angeles_World_Airports
translate question to dbpedia path: where is the thorington train station located?,dbr:Thorington_railway_station >> dbo:district >> [ANS]
translate question to dbpedia path: Who is the person whose parent is Ptolemy XII Auletes?,[ANS] >> dbo:parent >> dbr:Ptolemy_XII_Auletes [SEP] [ANS] >> rdf:type >> dbo:Person
"translate question to dbpedia path: What are the schools whose city is Reading, Berkshire?","[ANS] >> dbo:city >> dbr:Reading,_Berkshire"
translate question to dbpedia path: List the television shows whose network's executive officer is Steve Burke.,[ANS] >> dbo:network >> [VAR1] [SEP] [ANS] >> rdf:type >> dbo:TelevisionShow [SEP] [VAR1] >> dbo:keyPerson >> dbr:Steve_Burke_(businessman)
translate question to dbpedia path: With whom were the engagements of Alpine Brigade Taurinense?,dbr:Alpine_Brigade_Taurinense >> dbo:battle >> [ANS]
translate question to dbpedia path: Find the total number of tenants of the stadium whose tenants was Toronto Marlies?,COUNT >> [VAR1] >> dbp:tenants >> [ANS] [SEP] [VAR1] >> dbp:tenants >> dbr:Toronto_Marlies
translate question to dbpedia path: Whose relatives are Uncle Henry (Oz) and Aunt Em?,[ANS] >> dbo:relative >> dbr:Aunt_Em [SEP] [ANS] >> dbo:relative >> dbr:Uncle_Henry_(Oz)
translate question to dbpedia path: What genres of games are available on the Commodore 64?,[VAR1] >> dbo:computingPlatform >> dbr:Commodore_64 [SEP] [VAR1] >> dbp:genre >> [ANS] [SEP] [VAR1] >> rdf:type >> dbo:VideoGame
translate question to dbpedia path: Who gave the voice for Allen Walker ?,dbr:Allen_Walker >> dbo:voice >> [ANS]
translate question to dbpedia path: Which companies have Kumho Asiana Group as their parent company?,[ANS] >> dbo:parentCompany >> dbr:Kumho_Asiana_Group
translate question to dbpedia path: How many buildings are located in Toronto ?,COUNT >> [ANS] >> dbp:location >> dbr:Toronto [SEP] [ANS] >> rdf:type >> dbo:Building
"translate question to dbpedia path: Where does the river flows into, which starts in Gredelj?",[VAR1] >> dbo:riverMouth >> [ANS] [SEP] [VAR1] >> dbo:source >> dbr:Gredelj
"translate question to dbpedia path: What is the country which lies on the European route E8, and where Ragnhild Jolson was born?",dbr:European_route_E8 >> dbo:county >> [ANS] [SEP] dbr:Ragnhild_Jølsen >> dbp:birthplace >> [ANS]
translate question to dbpedia path: How many people have been the head coach for Middlesbrough FC?,COUNT >> [ANS] >> rdf:type >> dbo:Person [SEP] [VAR1] >> dbo:manager >> [ANS] [SEP] [VAR1] >> dbp:club >> dbr:Middlesbrough_F.C.
"translate question to dbpedia path: Where do the people, famous for the Panathinaikos FC reside?",[VAR1] >> dbo:knownFor >> dbr:Panathinaikos_F.C. [SEP] [VAR1] >> dbp:residence >> [ANS] [SEP] [VAR1] >> rdf:type >> dbo:Person
translate question to dbpedia path: Who is the office holder whose resting place is Monticello?,[ANS] >> dbo:restingPlace >> dbr:Monticello [SEP] [ANS] >> rdf:type >> dbo:OfficeHolder
translate question to dbpedia path: What was founded by pina Records which has name of Geography of Puerto Rico ?,dbr:Geography_of_Puerto_Rico >> dbp:name >> [ANS] [SEP] dbr:Pina_Records >> dbp:founded >> [ANS]
translate question to dbpedia path: Is The Universe in a Single Atom a book about buddhism?,ASK >> dbr:The_Universe_in_a_Single_Atom >> dbo:literaryGenre >> dbr:Buddhism
"translate question to dbpedia path: Where is the tunnel, which is operated by BNSF railways?",[VAR1] >> dbo:operatedBy >> dbr:BNSF_Railway [SEP] [VAR1] >> dbp:location >> [ANS] [SEP] [VAR1] >> rdf:type >> dbo:RailwayTunnel
translate question to dbpedia path: Is Frontaccounting licensed under GNU license?,ASK >> dbr:Frontaccounting >> dbo:license >> dbr:GNU
translate question to dbpedia path: Terminal Station at Chattanooga is made by architects from which University?,[VAR1] >> dbp:education >> [ANS] [SEP] [VAR1] >> dbp:knownFor >> dbr:Terminal_Station_(Chattanooga) [SEP] [VAR1] >> rdf:type >> dbo:Architect
translate question to dbpedia path: How many producers have casted Michael Jackson?,COUNT >> [VAR1] >> dbp:producer >> [ANS] [SEP] [VAR1] >> dbp:starring >> dbr:Michael_Jackson
"translate question to dbpedia path: Who is married to a Miss Louisiana, USA?",[ANS] >> dbp:spouse >> [VAR1] [SEP] [VAR1] >> dbp:title >> dbr:Miss_Louisiana_USA
translate question to dbpedia path: What sports are played by school which owns Fr. Agnel Stadium ?,[VAR1] >> dbo:sport >> [ANS] [SEP] [VAR1] >> rdf:type >> dbo:School [SEP] dbr:Fr._Agnel_Stadium >> dbp:owner >> [VAR1]
translate question to dbpedia path: What is the major shrine of Jacques-Dsir Laval ?,dbr:Jacques-Désiré_Laval >> dbo:majorShrine >> [ANS]
translate question to dbpedia path: What fictional character's species is American Pekin duck,[ANS] >> dbo:species >> dbr:American_Pekin_duck
translate question to dbpedia path: What is the television show whose subsequent work is Crusade (TV series) and developed by  J. Michael Straczynski?,[ANS] >> dbo:developer >> dbr:J._Michael_Straczynski [SEP] [ANS] >> dbo:subsequentWork >> dbr:Crusade_(TV_series) [SEP] [ANS] >> rdf:type >> dbo:TelevisionShow
translate question to dbpedia path: What is the county of Saint Lucia national cricket team ?,dbr:Saint_Lucia_national_cricket_team >> dbo:county >> [ANS]
translate question to dbpedia path: Who is the Pole driver of 1997 Canadian Grand Prix ?,dbr:1997_Canadian_Grand_Prix >> dbp:poleDriver >> [ANS]
translate question to dbpedia path: What is the common region of the braod cast area of ITV and nationality of Ajahn Thate ?,dbr:Ajahn_Thate >> dbo:nationality >> [ANS] [SEP] dbr:ITV_(Thailand) >> dbp:broadcastArea >> [ANS]
translate question to dbpedia path: Who is the president of United World College of Costa Rica ?,dbr:United_World_College_of_Costa_Rica >> dbo:president >> [ANS]
translate question to dbpedia path: Things going to the mediterranean sea also go where?,COUNT >> [VAR1] >> dbo:destination >> [ANS] [SEP] [VAR1] >> dbp:destinations >> dbr:Mediterranean_Sea
translate question to dbpedia path: Who is the  distributor of Rev (drink) ?,dbr:Rev_(drink) >> dbo:distributor >> [ANS]
translate question to dbpedia path: In how many different places are Brown haired models living?,COUNT >> [VAR1] >> dbo:residence >> [ANS] [SEP] [VAR1] >> dbp:hairColor >> dbr:Brown_hair
translate question to dbpedia path: Mouse Morris' horses have raced in which races?,[VAR1] >> dbo:trainer >> dbr:Mouse_Morris [SEP] [VAR1] >> dbp:race >> [ANS] [SEP] [VAR1] >> rdf:type >> dbo:Horse
translate question to dbpedia path: What are the television shows telecasted on the network which has headquarters at Atlanta?,[ANS] >> dbp:network >> [VAR1] [SEP] [ANS] >> rdf:type >> dbo:TelevisionShow [SEP] [VAR1] >> dbp:headquarters >> dbr:Atlanta
translate question to dbpedia path: Name the award given in Norway and presented by Swedish Academy ?,[ANS] >> dbo:country >> dbr:Norway [SEP] [ANS] >> dbo:presenter >> dbr:Swedish_Academy [SEP] [ANS] >> rdf:type >> dbo:Award
translate question to dbpedia path: Which producer of Boeing F/A has Dennis Muilenburg as an important person ?,[ANS] >> dbo:product >> dbr:Boeing_F/A-18E/F_Super_Hornet [SEP] [ANS] >> dbp:keyPeople >> dbr:Dennis_Muilenburg
"translate question to dbpedia path: Where is the assembly of Plymouth Savoy, and where Special 26 was recorded?",dbr:Plymouth_Savoy >> dbo:assembly >> [ANS] [SEP] dbr:Special_26 >> dbp:recorded >> [ANS]
translate question to dbpedia path: What is an airport inside ontario?,"[ANS] >> dbp:cityServed >> dbr:Ontario,_California [SEP] [ANS] >> rdf:type >> dbo:Airport"
translate question to dbpedia path: Is Queen Latifah the narrator of Arctic Tale?,ASK >> dbr:Arctic_Tale >> dbp:narrator >> dbr:Queen_Latifah
"translate question to dbpedia path: What is the career of George Arceneaux, Jr. ?","dbr:George_Arceneaux,_Jr. >> dbo:occupation >> [ANS]"
translate question to dbpedia path: What are some shows by Comedy Central?,[ANS] >> dbp:network >> dbr:Comedy_Central [SEP] [ANS] >> rdf:type >> dbo:TelevisionShow
translate question to dbpedia path: What are the party of the politicians whose deputy was Chaudhary Devi Lal?,[VAR1] >> dbo:otherParty >> [ANS] [SEP] [VAR1] >> dbp:deputy >> dbr:Chaudhary_Devi_Lal [SEP] [VAR1] >> rdf:type >> dbo:OfficeHolder
translate question to dbpedia path: Which movies' music is composed by people associated with the band Yes?,[ANS] >> dbo:musicComposer >> [VAR1] [SEP] [ANS] >> rdf:type >> dbo:Film [SEP] [VAR1] >> dbo:associatedMusicalArtist >> dbr:Yes_(band)
translate question to dbpedia path: What came before  PlayStation 4 and uses PlayStation 3 system software as OS?,[ANS] >> dbo:successor >> dbr:PlayStation_4 [SEP] [ANS] >> dbp:os >> dbr:PlayStation_3_system_software
"translate question to dbpedia path: List the affiliation of Indian general election, 2004 (Andhra Pradesh) ?","dbr:Indian_general_election,_2004_(Andhra_Pradesh) >> dbo:affiliation >> [ANS]"
translate question to dbpedia path: How many religion's commanders have served in the Royal Thai Army?,COUNT >> [VAR1] >> dbo:religion >> [ANS] [SEP] dbr:Royal_Thai_Army >> dbp:notableCommanders >> [VAR1]
"translate question to dbpedia path: Who are the people which were the influencer of the person, who influenced Costanzo Preve ?",[VAR1] >> dbo:influencedBy >> [ANS] [SEP] [VAR1] >> rdf:type >> dbo:Person [SEP] dbr:Costanzo_Preve >> dbo:influencedBy >> [VAR1]
translate question to dbpedia path: What is manufactured by Asus and Sony togather?,[ANS] >> dbo:manufacturer >> dbr:Asus [SEP] [ANS] >> dbo:manufacturer >> dbr:Sony
translate question to dbpedia path: Name the TV show with theme music by Primus and broadcasted on Comedy Central ?,[ANS] >> dbp:network >> dbr:Comedy_Central [SEP] [ANS] >> dbp:themeMusicComposer >> dbr:Primus_(band) [SEP] [ANS] >> rdf:type >> dbo:TelevisionShow
translate question to dbpedia path: Count all the games whose distributors are located in America,COUNT >> [ANS] >> dbp:distributor >> [VAR1] [SEP] [VAR1] >> dbp:country >> dbr:United_States
translate question to dbpedia path: What is the location of the pope whose major shrine is St. Peter's Basilica ?,[VAR1] >> dbp:birthPlace >> [ANS] [SEP] [VAR1] >> dbp:majorShrine >> dbr:St._Peter's_Basilica [SEP] [VAR1] >> rdf:type >> dbo:Pope
translate question to dbpedia path: List all the faiths that British Columbian politicians follow?,[VAR1] >> dbp:religion >> [ANS] [SEP] [VAR1] >> dbp:residence >> dbr:British_Columbia [SEP] [VAR1] >> rdf:type >> dbo:Politician
translate question to dbpedia path: What is the birthplace of the Ferrel Harris which is also resting palce of  Green Wix Unthank?,dbr:Ferrel_Harris >> dbp:birthplace >> [ANS] [SEP] dbr:Green_Wix_Unthank >> dbo:restingPlace >> [ANS]
translate question to dbpedia path: What is the river one of whose left tributary's native name is Arabic?,[ANS] >> dbo:leftTributary >> [VAR1] [SEP] [VAR1] >> dbp:nativeName >> dbr:Arabic
translate question to dbpedia path: What work has been directed by Orson Welles and distributed by  RKO Pictures?,[ANS] >> dbp:director >> dbr:Orson_Welles [SEP] [ANS] >> dbp:distributor >> dbr:RKO_Pictures [SEP] [ANS] >> rdf:type >> dbo:Work
translate question to dbpedia path: What is the alma mater of Andrew W. Lewis ?,dbr:Andrew_W._Lewis >> dbo:almaMater >> [ANS]
translate question to dbpedia path: Who is the spouse of Daniel Gibson?,[ANS] >> dbp:spouse >> dbr:Daniel_Gibson
translate question to dbpedia path: Spanish harlem incident and girl from the north country were originally composed by whom?,dbr:Girl_from_the_North_Country >> dbo:composer >> [ANS] [SEP] dbr:Spanish_Harlem_Incident >> dbo:composer >> [ANS]
"translate question to dbpedia path: Name the nearest city to the historic place which has Englewood, Colorado as one of them ?","[VAR1] >> dbo:nearestCity >> [ANS] [SEP] [VAR1] >> dbp:nearestCity >> dbr:Englewood,_Colorado [SEP] [VAR1] >> rdf:type >> dbo:HistoricPlace"
translate question to dbpedia path: What are the movies directed by Joel Schumacher?,[ANS] >> dbo:director >> dbr:Joel_Schumacher [SEP] [ANS] >> rdf:type >> dbo:Film
translate question to dbpedia path: Where did the music genre of Harry and the Potters originate?,[VAR1] >> dbo:stylisticOrigin >> [ANS] [SEP] dbr:Harry_and_the_Potters_(album) >> dbo:genre >> [VAR1]
translate question to dbpedia path: To which political party do the children of Sonia Gandhi belong?,[VAR1] >> dbo:party >> [ANS] [SEP] dbr:Sonia_Gandhi >> dbp:children >> [VAR1]
translate question to dbpedia path: Name some relatives of the people studied in Manurewa High School?,[VAR1] >> dbo:relative >> [ANS] [SEP] [VAR1] >> dbo:school >> dbr:Manurewa_High_School
translate question to dbpedia path: Name a TV show judged by Jennifier Lopez and presented by Brian Dunkleman ?,[ANS] >> dbp:judges >> dbr:Jennifer_Lopez [SEP] [ANS] >> dbp:presenter >> dbr:Brian_Dunkleman [SEP] [ANS] >> rdf:type >> dbo:TelevisionShow
translate question to dbpedia path: What is the draft team of Antoine Bibeau ?,dbr:Antoine_Bibeau >> dbp:draftTeam >> [ANS]
translate question to dbpedia path: What are a few molluscas whose family is Buccinidae?,[ANS] >> dbo:family >> dbr:Buccinidae [SEP] [ANS] >> rdf:type >> dbo:Mollusca
translate question to dbpedia path: What is the television show whose vocals are performed by  April Stewart and Mona Marshall?,[ANS] >> dbp:voices >> dbr:April_Stewart [SEP] [ANS] >> dbp:voices >> dbr:Mona_Marshall [SEP] [ANS] >> rdf:type >> dbo:TelevisionShow
translate question to dbpedia path: How many have family as Ape and order (taxonomy) is Primate ?,COUNT >> [ANS] >> dbo:family >> dbr:Ape [SEP] [ANS] >> dbo:order >> dbr:Primate
translate question to dbpedia path: From which team did Marv McFadden played ?,dbr:Marv_McFadden >> dbp:pastteams >> [ANS]
"translate question to dbpedia path: Who studied at  Harvard-Westlake School and has Henry E. Catto, Jr. as   predecessor ?","[ANS] >> dbo:almaMater >> dbr:Harvard-Westlake_School [SEP] [ANS] >> dbo:predecessor >> dbr:Henry_E._Catto,_Jr."
translate question to dbpedia path: Name the licensee of the WRVU who has the affiliation of  Monroe Carell Jr. Children's Hospital at Vanderbilt ?,dbr:Monroe_Carell_Jr._Children's_Hospital_at_Vanderbilt >> dbp:affiliation >> [ANS] [SEP] dbr:WRVU >> dbp:licensee >> [ANS]
translate question to dbpedia path: Is Rajya Sabha a house of parliament in India?,ASK >> dbr:Parliament_of_India >> dbp:houses >> dbr:Rajya_Sabha
translate question to dbpedia path: Who are the trainersof Candice Michelle?,dbr:Candice_Michelle >> dbo:trainer >> [ANS]
translate question to dbpedia path: Which constructor's team won the 1967 Mexican Grand Prix ?,dbr:1967_Mexican_Grand_Prix >> dbp:firstTeam >> [ANS]
translate question to dbpedia path: Where is the main ground of soccer seasons whose chairman is Ronaldo?,[VAR1] >> dbo:chairman >> dbr:Ronaldo [SEP] [VAR1] >> dbo:ground >> [ANS] [SEP] [VAR1] >> rdf:type >> dbo:SoccerClubSeason
translate question to dbpedia path: Which person belongs to the board of Howard Hughes Medical Institute?,[ANS] >> dbo:board >> dbr:Howard_Hughes_Medical_Institute [SEP] [ANS] >> rdf:type >> dbo:Person
translate question to dbpedia path: Who is the stock holder of the bank where  Peter Grauer works  ?,[VAR1] >> dbp:owner >> [ANS] [SEP] [VAR1] >> rdf:type >> dbo:Bank [SEP] dbr:Peter_Grauer >> dbp:occupation >> [VAR1]
translate question to dbpedia path: Does the asiana airlines fly into the Gimhae International Airport?,ASK >> dbr:Asiana_Airlines >> dbo:targetAirport >> dbr:Gimhae_International_Airport
translate question to dbpedia path: Where is the head quarters of the owner of Hamline Avenue?,[VAR1] >> dbp:headquarters >> [ANS] [SEP] dbr:Hamline_Avenue_(Metro_Transit_station) >> dbo:owner >> [VAR1]
translate question to dbpedia path: Who is the co-founder of the city where Owen Dougherty died?,[VAR1] >> dbo:founder >> [ANS] [SEP] [VAR1] >> rdf:type >> dbo:City [SEP] dbr:Owen_Dougherty >> dbp:placeOfDeath >> [VAR1]
translate question to dbpedia path: For which teams did the Hawai graduated players play their first game?,[VAR1] >> dbo:debutTeam >> [ANS] [SEP] [VAR1] >> dbp:college >> dbr:Hawaii [SEP] [VAR1] >> rdf:type >> dbo:Athlete
translate question to dbpedia path: What is the title of Kakae ?,dbr:Kakae >> dbp:title >> [ANS]
translate question to dbpedia path: Which broadcast area of Mauritius Broadcasting Corporation is also the nationality of Michael Medor ?,dbr:Mauritius_Broadcasting_Corporation >> dbp:broadcastArea >> [ANS] [SEP] dbr:Michael_Medor >> dbo:nationality >> [ANS]
translate question to dbpedia path: What is the county of the road whose route end is Pahang ?,[VAR1] >> dbo:county >> [ANS] [SEP] [VAR1] >> dbo:routeEnd >> dbr:Pahang [SEP] [VAR1] >> rdf:type >> dbo:Road
translate question to dbpedia path: Who wrote Heroman?,dbr:Heroman >> dbp:author >> [ANS]
translate question to dbpedia path: Name the person who died in Fair Lane ?,[ANS] >> dbp:deathPlace >> dbr:Fair_Lane [SEP] [ANS] >> rdf:type >> dbo:Person
translate question to dbpedia path: List the religion of people in the Cambodian human rights party?,[VAR1] >> dbo:otherParty >> dbr:Human_Rights_Party_(Cambodia) [SEP] [VAR1] >> dbo:religion >> [ANS] [SEP] [VAR1] >> rdf:type >> dbo:Person
translate question to dbpedia path: What relegious affiliation of Josiah Idowu-Fearon was canonized by john of Damasucs ?,dbr:John_of_Damascus >> dbo:canonizedBy >> [ANS] [SEP] dbr:Josiah_Idowu-Fearon >> dbo:religion >> [ANS]
translate question to dbpedia path: Which draft team od Dale Mitchell is also the tenant of Master Card center /,dbr:Dale_Mitchell_(ice_hockey) >> dbo:draftTeam >> [ANS] [SEP] dbr:MasterCard_Centre >> dbp:tenants >> [ANS]
"translate question to dbpedia path: What cities does the river goes through, whose tributary is the little black river in Arkansas?",[VAR1] >> dbo:city >> [ANS] [SEP] [VAR1] >> dbo:leftTributary >> dbr:Little_Black_River_(Missouri_-_Arkansas) [SEP] [VAR1] >> rdf:type >> dbo:River
translate question to dbpedia path: Where did the ultimate fighter: a champion will be crowned tonight and ultimate fighter: team rousey vs team tate take place?,dbr:The_Ultimate_Fighter:_A_Champion_Will_Be_Crowned >> dbp:city >> [ANS] [SEP] dbr:The_Ultimate_Fighter:_Team_Rousey_vs._Team_Tate >> dbp:city >> [ANS]
translate question to dbpedia path: Is Roger Federer the flagbearer of Switzerland at the 2004 Summer Olympics?,ASK >> dbr:Switzerland_at_the_2004_Summer_Olympics >> dbp:flagbearer >> dbr:Roger_Federer
translate question to dbpedia path: What show has  judge as Randy Jackson sculptors as Simon Fuller?,[ANS] >> dbp:creator >> dbr:Simon_Fuller [SEP] [ANS] >> dbp:judges >> dbr:Randy_Jackson [SEP] [ANS] >> rdf:type >> dbo:TelevisionShow
translate question to dbpedia path: Which nation's engineers have graduated in Poland?,[VAR1] >> dbo:education >> dbr:Poland [SEP] [VAR1] >> dbp:nationality >> [ANS] [SEP] [VAR1] >> rdf:type >> dbo:Engineer
translate question to dbpedia path: Give me a count of movies whose music composer is Bernard Herrmann?,COUNT >> [ANS] >> dbo:musicComposer >> dbr:Bernard_Herrmann [SEP] [ANS] >> rdf:type >> dbo:Film
"translate question to dbpedia path: What awards have been given to the artists coming out of the university of Melbourne, faculty of VCA and MCM?",[VAR1] >> dbo:award >> [ANS] [SEP] [VAR1] >> dbo:training >> dbr:University_of_Melbourne_Faculty_of_VCA_and_MCM [SEP] [VAR1] >> rdf:type >> dbo:Artist
translate question to dbpedia path: List the destinations of Novair International Airways ?,dbr:Novair_International_Airways >> dbp:destinations >> [ANS]
translate question to dbpedia path: Name the state of Timothy J. Roemer ?,dbr:Timothy_J._Roemer >> dbp:state >> [ANS]
translate question to dbpedia path: What are all the religions that have been followed by the Sir Lankan attorneys?,[VAR1] >> dbo:profession >> dbr:Attorneys_in_Sri_Lanka [SEP] [VAR1] >> dbo:religion >> [ANS]
translate question to dbpedia path: Which awards have been given to the horse who sired Triplicate ?,[VAR1] >> dbo:honours >> [ANS] [SEP] dbr:Triplicate >> dbp:sire >> [VAR1]
translate question to dbpedia path: Where did the spouse of pmare ii die?,[VAR1] >> dbo:deathPlace >> [ANS] [SEP] [VAR1] >> dbp:spouse >> dbr:Pōmare_II
translate question to dbpedia path: What killed John Thompson Mason and Martino Martini?,dbr:John_Thomson_Mason_(1787–1850) >> dbo:deathCause >> [ANS] [SEP] dbr:Martino_Martini >> dbo:deathCause >> [ANS]
translate question to dbpedia path: Into which water bodies does Lake Uniamsi outflow?,dbr:Lake_Uniamési >> dbp:outflow >> [ANS]
translate question to dbpedia path: Which river does Katima Mulilo Bridge cross?,dbr:Katima_Mulilo_Bridge >> dbp:crosses >> [ANS]
translate question to dbpedia path: Which office holder's successor is Adrian A. Basora and child named Lori Black?,[ANS] >> dbp:children >> dbr:Lori_Black [SEP] [ANS] >> dbp:successor >> dbr:Adrian_A._Basora [SEP] [ANS] >> rdf:type >> dbo:OfficeHolder
translate question to dbpedia path: What is the debut team of Tom O'Malley ?,dbr:Tom_O'Malley >> dbp:debutteam >> [ANS]
translate question to dbpedia path: In which country is Bocas del toro a capital of some region?,"[VAR1] >> dbp:capital >> dbr:Bocas_Town,_Bocas_del_Toro [SEP] [VAR1] >> dbp:country >> [ANS]"
translate question to dbpedia path: What is the political party to which Purnima Banerjee is a member of??,dbr:Purnima_Banerjee >> dbo:party >> [ANS]
translate question to dbpedia path: Jimmie Fisher and Winston Bryant were governors under which president?,dbr:Jimmie_Lou_Fisher >> dbp:governor >> [ANS] [SEP] dbr:Winston_Bryant >> dbp:governor >> [ANS]
translate question to dbpedia path: What is the headquarters of the public transit system which is the section of Red Ahead ?,[VAR1] >> dbp:headquarters >> [ANS] [SEP] [VAR1] >> rdf:type >> dbo:PublicTransitSystem [SEP] dbr:Red_Ahead >> dbo:isPartOf >> [VAR1]
translate question to dbpedia path: List the leaders of all the cities through which the Ganga river flows ?,[VAR1] >> dbo:leaderName >> [ANS] [SEP] [VAR1] >> rdf:type >> dbo:City [SEP] dbr:Ganges >> dbp:city >> [VAR1]
translate question to dbpedia path: Did Christian Barnard study in the University of Minnesota?,ASK >> dbr:Christiaan_Barnard >> dbo:institution >> dbr:University_of_Minnesota
translate question to dbpedia path: Who has written works found in the Gangan comics?,[VAR1] >> dbp:author >> [ANS] [SEP] [VAR1] >> dbp:magazine >> dbr:Gangan_Comics
translate question to dbpedia path: What is the currency of Republic of Montenegro (1992-2006) ?,dbr:Republic_of_Montenegro_(1992–2006) >> dbp:currency >> [ANS]
translate question to dbpedia path: What is the device whose successor's CPU is by AMD?,[ANS] >> dbo:successor >> [VAR1] [SEP] [ANS] >> rdf:type >> dbo:Device [SEP] [VAR1] >> dbo:cpu >> dbr:Advanced_Micro_Devices
translate question to dbpedia path: What is the club of Perianne Jones ?,dbr:Perianne_Jones >> dbp:club >> [ANS]
translate question to dbpedia path: What awards did the founder of Grameen Bank win?,[VAR1] >> dbo:award >> [ANS] [SEP] dbr:Grameen_Bank >> dbp:founder >> [VAR1]
translate question to dbpedia path: What television show is aired on channel Sirius XM Holdings?,[ANS] >> dbo:channel >> dbr:Sirius_XM_Holdings [SEP] [ANS] >> rdf:type >> dbo:TelevisionShow
translate question to dbpedia path: How many have order (taxonomy) as Bacillales and division as Firmicutes are there?,COUNT >> [ANS] >> dbo:division >> dbr:Firmicutes [SEP] [ANS] >> dbo:order >> dbr:Bacillales
translate question to dbpedia path: What is the movie whose producer is Michael Deeley and directed by  Ridley Scott?,[ANS] >> dbp:director >> dbr:Ridley_Scott [SEP] [ANS] >> dbp:producer >> dbr:Michael_Deeley [SEP] [ANS] >> rdf:type >> dbo:Film
translate question to dbpedia path: Which manufacturer of  Ford Y-block engine is the parent of  Ford Air Transport Service ?,dbr:Ford_Air_Transport_Service >> dbp:parent >> [ANS] [SEP] dbr:Ford_Y-block_engine >> dbo:manufacturer >> [ANS]
translate question to dbpedia path: Which  governing body of the Oahu Railway and Land Company is also the military branch of the Jimmy Quillen ?,dbr:Jimmy_Quillen >> dbo:militaryBranch >> [ANS] [SEP] dbr:Oahu_Railway_and_Land_Company >> dbp:governingBody >> [ANS]
translate question to dbpedia path: Which arena of WPC Dynamo Moscow is the death palce of Mikhail Voronin ?,dbr:Mikhail_Voronin >> dbp:deathPlace >> [ANS] [SEP] dbr:WPC_Dynamo_Moscow >> dbp:arena >> [ANS]
translate question to dbpedia path: Name the TV show with Simon Fuller as artist and Fox as the channel ?,[ANS] >> dbp:channel >> dbr:Fox_Broadcasting_Company [SEP] [ANS] >> dbp:creator >> dbr:Simon_Fuller [SEP] [ANS] >> rdf:type >> dbo:TelevisionShow
translate question to dbpedia path: list the  software which works on both the OS  - Microsoft Windows and Mac OS ?,[ANS] >> dbo:operatingSystem >> dbr:Mac_OS [SEP] [ANS] >> dbo:operatingSystem >> dbr:Microsoft_Windows
translate question to dbpedia path: Who are the opponents of graduates of the Middle Temple?,[VAR1] >> dbo:opponent >> [ANS] [SEP] [VAR1] >> dbp:education >> dbr:Middle_Temple
translate question to dbpedia path: What religions are followed by economists?,[VAR1] >> dbo:profession >> dbr:Economist [SEP] [VAR1] >> dbo:religion >> [ANS]
translate question to dbpedia path: What are some important works of US citizens?,[VAR1] >> dbo:notableWork >> [ANS] [SEP] [VAR1] >> dbp:nationality >> dbr:United_States
translate question to dbpedia path: Name the rivers whose source country's capital is Lusaka?,[ANS] >> dbo:sourceCountry >> [VAR1] [SEP] [ANS] >> rdf:type >> dbo:River [SEP] [VAR1] >> dbo:capital >> dbr:Lusaka
translate question to dbpedia path: Which sports are played typically in private schools?,[VAR1] >> dbo:sport >> [ANS] [SEP] [VAR1] >> dbp:schooltype >> dbr:Private_school
translate question to dbpedia path: What is the state of the senator whose successor is Nathaniel P. Hill ?,[VAR1] >> dbo:successor >> dbr:Nathaniel_P._Hill [SEP] [VAR1] >> dbp:state >> [ANS] [SEP] [VAR1] >> rdf:type >> dbo:Senator
translate question to dbpedia path: How many shows is Russell Davies known for?,COUNT >> [ANS] >> rdf:type >> dbo:TelevisionShow [SEP] dbr:Russell_T_Davies >> dbp:notableworks >> [ANS]
"translate question to dbpedia path: Who manages the operator of Norman Park Branch, CTA?",[VAR1] >> dbo:operatedBy >> [ANS] [SEP] dbr:Normal_Park_branch_(CTA) >> dbp:operator >> [VAR1]
translate question to dbpedia path: What is the casting of the movie directed by Justin Zackham ?,[VAR1] >> dbo:director >> dbr:Justin_Zackham [SEP] [VAR1] >> dbp:starring >> [ANS] [SEP] [VAR1] >> rdf:type >> dbo:Film
translate question to dbpedia path: Name the island with archipelago as Society Islands and has the largest city named Faaa ?,[ANS] >> dbo:largestCity >> dbr:Faaa [SEP] [ANS] >> dbp:archipelago >> dbr:Society_Islands [SEP] [ANS] >> rdf:type >> dbo:Island
translate question to dbpedia path: List all the mmebers of  Mekong River Commission?,dbr:Mekong_River_Commission >> dbp:membership >> [ANS]
translate question to dbpedia path: Name the actors of the TV show which has an episode named The Five ?,[VAR1] >> dbp:starring >> [ANS] [SEP] [VAR1] >> rdf:type >> dbo:TelevisionShow [SEP] dbr:The_Five_(The_Vampire_Diaries) >> dbp:series >> [VAR1]
translate question to dbpedia path: How many religion's people have died in Malaysia?,COUNT >> [VAR1] >> dbo:deathPlace >> dbr:Malaysia [SEP] [VAR1] >> dbo:religion >> [ANS]
translate question to dbpedia path: Name the HBO TV show written by Erik jendresen  ?,[ANS] >> dbo:company >> dbr:HBO [SEP] [ANS] >> dbp:writer >> dbr:Erik_Jendresen [SEP] [ANS] >> rdf:type >> dbo:TelevisionShow
translate question to dbpedia path: How many different currencies are used in the places governed by the president of France?,COUNT >> [VAR1] >> dbo:currency >> [ANS] [SEP] [VAR1] >> dbp:leaderTitle >> dbr:President_of_France
translate question to dbpedia path: List the team for which Doug Acomb played ?,dbr:Doug_Acomb >> dbp:playedFor >> [ANS]
