input_text,target_text
translate question to dbpedia path: Question: How many movies did Stanley Kubrick direct? | Entities possibly involved: dbr:Stanley_Kubrick,COUNT >> [ANS] >> dbo:director >> dbr:Stanley_Kubrick
translate question to dbpedia path: Question: Which city's foundeer is John Forbes? | Entities possibly involved: dbr:John_Forbes_(British_Army_officer),[ANS] >> dbo:founder >> dbr:John_Forbes_(British_Army_officer) [SEP] [ANS] >> rdf:type >> dbo:City
translate question to dbpedia path: Question: What is the river whose mouth is in deadsea? | Entities possibly involved: dbr:Dead_Sea,[ANS] >> dbo:riverMouth >> dbr:Dead_Sea [SEP] [ANS] >> rdf:type >> dbo:River
translate question to dbpedia path: Question: What is the allegiance of John Kotelawala ? | Entities possibly involved: dbr:John_Kotelawala,dbr:John_Kotelawala >> dbp:allegiance >> [ANS]
translate question to dbpedia path: Question: How many races have the horses bred by Jacques Van't Hart participated in? | Entities possibly involved: dbr:Jacques_Van't_Hart,COUNT >> [VAR1] >> dbo:breeder >> dbr:Jacques_Van't_Hart [SEP] [VAR1] >> dbp:race >> [ANS]
translate question to dbpedia path: Question: What layout can be found in cars similar to the Subaru Outback? | Entities possibly involved: dbr:Subaru_Outback,[VAR1] >> dbo:layout >> [ANS] [SEP] [VAR1] >> dbp:related >> dbr:Subaru_Outback [SEP] [VAR1] >> rdf:type >> dbo:Automobile
translate question to dbpedia path: Question: Name the mascot of Austin College ? | Entities possibly involved: dbr:Austin_College,dbr:Austin_College >> dbp:mascot >> [ANS]
"translate question to dbpedia path: Question: How many people live in Wilton, Connecticut? | Entities possibly involved: dbr:Wilton,_Connecticut","COUNT >> [ANS] >> dbp:residence >> dbr:Wilton,_Connecticut"
translate question to dbpedia path: Question: What awards did the film director of The Haunted House win ? | Entities possibly involved: dbr:The_Haunted_House_(1929_film),[VAR1] >> dbo:award >> [ANS] [SEP] dbr:The_Haunted_House_(1929_film) >> dbo:director >> [VAR1]
translate question to dbpedia path: Question: Name the origin of Henry Cluney ? | Entities possibly involved: dbr:Henry_Cluney,dbr:Henry_Cluney >> dbp:origin >> [ANS]
"translate question to dbpedia path: Question: In which part of the world can i find Xynisteri and Mavro? | Entities possibly involved: dbr:Mavro, dbr:Xynisteri",dbr:Mavro >> dbo:origin >> [ANS] [SEP] dbr:Xynisteri >> dbo:origin >> [ANS]
translate question to dbpedia path: Question: which awards have been given to people who fought in the Battle of France? | Entities possibly involved: dbr:Battle_of_France,[VAR1] >> dbo:award >> [ANS] [SEP] [VAR1] >> dbo:battle >> dbr:Battle_of_France [SEP] [VAR1] >> rdf:type >> dbo:Person
translate question to dbpedia path: Question: Name the resting place of Charles Edward Magoon ? | Entities possibly involved: dbr:Charles_Edward_Magoon,dbr:Charles_Edward_Magoon >> dbp:restingplace >> [ANS]
translate question to dbpedia path: Question: Who was the silver medalist of Gymnastics at the 2008 Summer Olympics  Women's artistic individual all-around ? | Entities possibly involved: dbr:Gymnastics_at_the_2008_Summer_Olympics_–_Women's_artistic_individual_all-around,dbr:Gymnastics_at_the_2008_Summer_Olympics_–_Women's_artistic_individual_all-around >> dbo:silverMedalist >> [ANS]
translate question to dbpedia path: Question: what are some common surnames of female people? | Entities possibly involved: dbr:Female,[ANS] >> dbp:gender >> dbr:Female
translate question to dbpedia path: Question: List the total number of board members who share board with Creative commons ? | Entities possibly involved: dbr:Creative_Commons,COUNT >> [VAR1] >> dbo:board >> [ANS] [SEP] [VAR1] >> dbo:board >> dbr:Creative_Commons
translate question to dbpedia path: Question: How many mammals are in the Chordate phylum? | Entities possibly involved: dbr:Chordate,COUNT >> [ANS] >> dbp:phylum >> dbr:Chordate [SEP] [ANS] >> rdf:type >> dbo:Mammal
translate question to dbpedia path: Question: List the battles fought by Roh Tae-woo ? | Entities possibly involved: dbr:Roh_Tae-woo,dbr:Roh_Tae-woo >> dbp:battles >> [ANS]
translate question to dbpedia path: Question: Which genre of books are published by Random House? | Entities possibly involved: dbr:Random_House,[VAR1] >> dbp:publisher >> dbr:Random_House [SEP] [VAR1] >> dbp:subject >> [ANS] [SEP] [VAR1] >> rdf:type >> dbo:Book
"translate question to dbpedia path: Question: Who is the common manager of Aston Villa 2000-02 season and aldo the manager of Middlesbrough F.C. season 2009-10 | Entities possibly involved: dbr:2009–10_Middlesbrough_F.C._season, dbr:2000–01_Aston_Villa_F.C._season",dbr:2000–01_Aston_Villa_F.C._season >> dbp:name >> [ANS] [SEP] dbr:2009–10_Middlesbrough_F.C._season >> dbo:manager >> [ANS]
"translate question to dbpedia path: Question: Was Ganymede discovered by Galileo Galilei? | Entities possibly involved: dbr:Ganymede_(moon), dbr:Galileo_Galilei",ASK >> dbr:Ganymede_(moon) >> dbp:discoverer >> dbr:Galileo_Galilei
"translate question to dbpedia path: Question: Does the Toyota Verossa have the front engine design platform? | Entities possibly involved: dbr:Toyota_Verossa, dbr:Front-engine_design",ASK >> dbr:Toyota_Verossa >> dbo:automobilePlatform >> dbr:Front-engine_design
translate question to dbpedia path: Question: What are some other products of the banks which makes Postbanken? | Entities possibly involved: dbr:Postbanken,[VAR1] >> dbo:product >> dbr:Postbanken [SEP] [VAR1] >> dbp:products >> [ANS] [SEP] [VAR1] >> rdf:type >> dbo:Bank
translate question to dbpedia path: Question: Who produces the trains operated by the MTR? | Entities possibly involved: dbr:MTR,[VAR1] >> dbo:manufacturer >> [ANS] [SEP] [VAR1] >> dbo:operator >> dbr:MTR [SEP] [VAR1] >> rdf:type >> dbo:Train
translate question to dbpedia path: Question: In which countries can i find some feminist writers? | Entities possibly involved: dbr:Feminism,[VAR1] >> dbo:movement >> dbr:Feminism [SEP] [VAR1] >> dbo:nationality >> [ANS] [SEP] [VAR1] >> rdf:type >> dbo:Writer
"translate question to dbpedia path: Question: In which teams did anyone who played as a defencemen, play previously? | Entities possibly involved: dbr:Defenceman",[VAR1] >> dbo:formerTeam >> [ANS] [SEP] [VAR1] >> dbp:position >> dbr:Defenceman
translate question to dbpedia path: Question: Who authored the works published in the Jump Square Magazine? | Entities possibly involved: dbr:Jump_Square,[VAR1] >> dbp:author >> [ANS] [SEP] [VAR1] >> dbp:magazine >> dbr:Jump_Square
translate question to dbpedia path: Question: How many things are aired on BBC HD? | Entities possibly involved: dbr:BBC_HD,COUNT >> [ANS] >> dbo:network >> dbr:BBC_HD
"translate question to dbpedia path: Question: Was Mark Twain a character of Mark Twain Tonight? | Entities possibly involved: dbr:Mark_Twain, dbr:Mark_Twain_Tonight",ASK >> dbr:Mark_Twain_Tonight >> dbp:characters >> dbr:Mark_Twain
"translate question to dbpedia path: Question: List bacteria whose order (taxonomy) is Bacillales and domain is Bacteria? | Entities possibly involved: dbr:Bacillales, dbr:Bacteria",[ANS] >> dbo:order >> dbr:Bacillales [SEP] [ANS] >> dbp:domain >> dbr:Bacteria [SEP] [ANS] >> rdf:type >> dbo:Bacteria
translate question to dbpedia path: Question: What are some characters of series produced by Ricky Grevais? | Entities possibly involved: dbr:Ricky_Gervais,[ANS] >> dbo:series >> [VAR1] [SEP] [VAR1] >> dbo:executiveProducer >> dbr:Ricky_Gervais
"translate question to dbpedia path: Question: Is the song Killing is Out, School is in belong in the The Next Step? | Entities possibly involved: dbr:Killing_Is_Out,_School_Is_In, dbr:The_Next_Step_(James_Brown_album)","ASK >> dbr:Killing_Is_Out,_School_Is_In >> dbp:album >> dbr:The_Next_Step_(James_Brown_album)"
translate question to dbpedia path: Question: Count all those whose youth club was managed by Luis Enrique. | Entities possibly involved: dbr:Luis_Enrique_(footballer),COUNT >> [ANS] >> dbp:youthclubs >> [VAR1] [SEP] [VAR1] >> dbp:manager >> dbr:Luis_Enrique_(footballer)
"translate question to dbpedia path: Question: Is camel  of the chordate phylum? | Entities possibly involved: dbr:Camel, dbr:Chordate",ASK >> dbr:Camel >> dbp:phylum >> dbr:Chordate
"translate question to dbpedia path: Question: Whose former teams are Indianapolis Colts and Carolina Panthers? | Entities possibly involved: dbr:Carolina_Panthers, dbr:Indianapolis_Colts",[ANS] >> dbo:formerTeam >> dbr:Carolina_Panthers [SEP] [ANS] >> dbo:formerTeam >> dbr:Indianapolis_Colts
translate question to dbpedia path: Question: In which language is All I need is Your Sweet lovin written ? | Entities possibly involved: dbr:All_I_Need_Is_Your_Sweet_Lovin',dbr:All_I_Need_Is_Your_Sweet_Lovin' >> dbp:language >> [ANS]
"translate question to dbpedia path: Question: Does the merlin express have a hub at the cibano international airport? | Entities possibly involved: dbr:Merlin_Express, dbr:Cibao_International_Airport",ASK >> dbr:Merlin_Express >> dbo:hubAirport >> dbr:Cibao_International_Airport
"translate question to dbpedia path: Question: Was Duanne Allman known to play the Les Paul? | Entities possibly involved: dbr:Duane_Allman, dbr:Gibson_Les_Paul",ASK >> dbr:Duane_Allman >> dbp:notableInstruments >> dbr:Gibson_Les_Paul
"translate question to dbpedia path: Question: What sport amongst the one Lagos Preparatory School practices, did Willian Garne play for? | Entities possibly involved: dbr:Lagos_Preparatory_School, dbr:William_Garne",dbr:Lagos_Preparatory_School >> dbo:sport >> [ANS] [SEP] dbr:William_Garne >> dbo:occupation >> [ANS]
translate question to dbpedia path: Question: What are the beverages whose origin is England? | Entities possibly involved: dbr:England,[ANS] >> dbo:origin >> dbr:England
translate question to dbpedia path: Question: Who is the film star of On Air with Ryan Seacrest ? | Entities possibly involved: dbr:On_Air_with_Ryan_Seacrest,dbr:On_Air_with_Ryan_Seacrest >> dbo:starring >> [ANS]
translate question to dbpedia path: Question: In how many different places does Canal and River Trust own its assets? | Entities possibly involved: dbr:Canal_&_River_Trust,COUNT >> [VAR1] >> dbo:location >> [ANS] [SEP] [VAR1] >> dbo:owner >> dbr:Canal_&_River_Trust
translate question to dbpedia path: Question: Count the total number of launch site of the rockets which have been launched form Cape Canaveral Air Force Station ? | Entities possibly involved: dbr:Cape_Canaveral_Air_Force_Station,COUNT >> [VAR1] >> dbo:launchSite >> [ANS] [SEP] [VAR1] >> dbo:launchSite >> dbr:Cape_Canaveral_Air_Force_Station
translate question to dbpedia path: Question: Name some comic characters created by Bruce Timm? | Entities possibly involved: dbr:Bruce_Timm,[ANS] >> dbo:creator >> dbr:Bruce_Timm
"translate question to dbpedia path: Question: Which university attended by Franklin W. Olin was also the alma mater of Patty Lin ? | Entities possibly involved: dbr:Franklin_W._Olin, dbr:Patty_Lin",dbr:Franklin_W._Olin >> dbp:education >> [ANS] [SEP] dbr:Patty_Lin >> dbp:almaMater >> [ANS]
translate question to dbpedia path: Question: Count the number of sports played by schools which play hockey ? | Entities possibly involved: dbr:Hockey,COUNT >> [VAR1] >> dbo:sport >> [ANS] [SEP] [VAR1] >> dbo:sport >> dbr:Hockey
translate question to dbpedia path: Question: List the tomb of the royalties whose burial place is Little Easton ? | Entities possibly involved: dbr:Little_Easton,[VAR1] >> dbp:placeOfBurial >> [ANS] [SEP] [VAR1] >> dbp:placeOfBurial >> dbr:Little_Easton [SEP] [VAR1] >> rdf:type >> dbo:Royalty
translate question to dbpedia path: Question: What are some relatives of the people who fought in Operation Barbarossa? | Entities possibly involved: dbr:Operation_Barbarossa,[VAR1] >> dbo:battle >> dbr:Operation_Barbarossa [SEP] [VAR1] >> dbo:relation >> [ANS] [SEP] [VAR1] >> rdf:type >> dbo:Person
translate question to dbpedia path: Question: How many awards have been given to screenwriters? | Entities possibly involved: dbr:Screenwriter,COUNT >> [VAR1] >> dbp:awards >> [ANS] [SEP] [VAR1] >> dbp:occupation >> dbr:Screenwriter
translate question to dbpedia path: Question: How many software run on operating system is Microsoft Windows? | Entities possibly involved: dbr:Microsoft_Windows,COUNT >> [ANS] >> dbo:operatingSystem >> dbr:Microsoft_Windows [SEP] [ANS] >> rdf:type >> dbo:Software
translate question to dbpedia path: Question: What is the awards given to the horse whose grandson is the famous Counterpoint? | Entities possibly involved: dbr:Counterpoint_(horse),[VAR1] >> dbo:honours >> [ANS] [SEP] [VAR1] >> rdf:type >> dbo:Horse [SEP] dbr:Counterpoint_(horse) >> dbp:grandsire >> [VAR1]
translate question to dbpedia path: Question: Who won a Norbert Wiener Award for Social and Professional Responsibility? | Entities possibly involved: dbr:Norbert_Wiener_Award_for_Social_and_Professional_Responsibility,[ANS] >> dbp:prizes >> dbr:Norbert_Wiener_Award_for_Social_and_Professional_Responsibility
translate question to dbpedia path: Question: What awards have been given to Screenwriters? | Entities possibly involved: dbr:Screenwriter,[VAR1] >> dbp:awards >> [ANS] [SEP] [VAR1] >> dbp:occupation >> dbr:Screenwriter
translate question to dbpedia path: Question: In which races have Tillingdale's horses participated? | Entities possibly involved: dbr:Tillingdale,[VAR1] >> dbp:owner >> dbr:Tillingdale [SEP] [VAR1] >> dbp:race >> [ANS] [SEP] [VAR1] >> rdf:type >> dbo:Horse
translate question to dbpedia path: Question: What is the predecessor of the automobile which is the related of Cadillac Fleetwood? | Entities possibly involved: dbr:Cadillac_Fleetwood,[VAR1] >> dbo:predecessor >> [ANS] [SEP] [VAR1] >> rdf:type >> dbo:Automobile [SEP] dbr:Cadillac_Fleetwood >> dbp:related >> [VAR1]
translate question to dbpedia path: Question: Which country's largest city is Lima? | Entities possibly involved: dbr:Lima,[ANS] >> dbo:largestCity >> dbr:Lima
translate question to dbpedia path: Question: List the institute of Robert hall ? | Entities possibly involved: dbr:Robert_Hall_(economist),dbr:Robert_Hall_(economist) >> dbo:institution >> [ANS]
translate question to dbpedia path: Question: What are the movies whose music is given by Laurie Johnson? | Entities possibly involved: dbr:Laurie_Johnson,[ANS] >> dbp:music >> dbr:Laurie_Johnson [SEP] [ANS] >> rdf:type >> dbo:Film
"translate question to dbpedia path: Question: What appliance Sony made after the success of PlayStation 2? | Entities possibly involved: dbr:PlayStation_2, dbr:Sony",[ANS] >> dbo:manufacturer >> dbr:Sony [SEP] [ANS] >> dbo:predecessor >> dbr:PlayStation_2
"translate question to dbpedia path: Question: Did Paul Weatherwax an editor of Behave Yourself? | Entities possibly involved: dbr:Paul_Weatherwax, dbr:Behave_Yourself!",ASK >> dbr:Behave_Yourself! >> dbp:editing >> dbr:Paul_Weatherwax
"translate question to dbpedia path: Question: does the journal of cancer have the creative commons license? | Entities possibly involved: dbr:Journal_of_Cancer, dbr:Creative_Commons_license",ASK >> dbr:Journal_of_Cancer >> dbp:license >> dbr:Creative_Commons_license
translate question to dbpedia path: Question: What genre of games are made by Blizzard Entertainment studios? | Entities possibly involved: dbr:Blizzard_Entertainment,[VAR1] >> dbo:developer >> dbr:Blizzard_Entertainment [SEP] [VAR1] >> dbp:genre >> [ANS] [SEP] [VAR1] >> rdf:type >> dbo:VideoGame
translate question to dbpedia path: Question: Name the series of Doctor Who: Evacuation Earth ? | Entities possibly involved: dbr:Doctor_Who:_Evacuation_Earth,dbr:Doctor_Who:_Evacuation_Earth >> dbo:series >> [ANS]
translate question to dbpedia path: Question: List the awards won by the writer of Face to Face ? | Entities possibly involved: dbr:Face_to_Face_(1976_film),[VAR1] >> dbp:awards >> [ANS] [SEP] dbr:Face_to_Face_(1976_film) >> dbp:writer >> [VAR1]
translate question to dbpedia path: Question: What awards were given to the screenplayer of The Motorcycle Diaries? | Entities possibly involved: dbr:The_Motorcycle_Diaries_(film),[VAR1] >> dbp:awards >> [ANS] [SEP] dbr:The_Motorcycle_Diaries_(film) >> dbp:screenplay >> [VAR1]
"translate question to dbpedia path: Question: Was Jack Ryan a nominee of US Senate? | Entities possibly involved: dbr:Jack_Ryan_(politician), dbr:United_States_Senate",ASK >> dbr:Jack_Ryan_(politician) >> dbo:nominee >> dbr:United_States_Senate
"translate question to dbpedia path: Question: What team did Dan Daoust and Don Ashby play for? | Entities possibly involved: dbr:Dan_Daoust, dbr:Don_Ashby",dbr:Dan_Daoust >> dbo:formerTeam >> [ANS] [SEP] dbr:Don_Ashby >> dbp:playedFor >> [ANS]
translate question to dbpedia path: Question: Name the broadcast area of  Radio Philippines Network ? | Entities possibly involved: dbr:Radio_Philippines_Network,dbr:Radio_Philippines_Network >> dbp:area >> [ANS]
"translate question to dbpedia path: Question: Is my truly truly fair the band of mitch miller? | Entities possibly involved: dbr:My_Truly,_Truly_Fair, dbr:Mitch_Miller","ASK >> dbr:My_Truly,_Truly_Fair >> dbo:musicalBand >> dbr:Mitch_Miller"
translate question to dbpedia path: Question: Which religion is prevalent in the schools of the Ashanti region? | Entities possibly involved: dbr:Ashanti_Region,[VAR1] >> dbp:denomination >> [ANS] [SEP] [VAR1] >> dbp:region >> dbr:Ashanti_Region [SEP] [VAR1] >> rdf:type >> dbo:School
translate question to dbpedia path: Question: How many different mascots are there of the NCAA teams? | Entities possibly involved: dbr:National_Collegiate_Athletic_Association,COUNT >> [VAR1] >> dbp:athletics >> dbr:National_Collegiate_Athletic_Association [SEP] [VAR1] >> dbp:mascot >> [ANS]
translate question to dbpedia path: Question: What are the awrds won by Laemmle Theatres ? | Entities possibly involved: dbr:Laemmle_Theatres,dbr:Laemmle_Theatres >> dbo:service >> [ANS]
"translate question to dbpedia path: Question: Is nintendo in the video games industry? | Entities possibly involved: dbr:Video_game, dbr:Nintendo",ASK >> dbr:Nintendo >> dbp:industry >> dbr:Video_game
"translate question to dbpedia path: Question: Which maintainer of Cheasty Boulevard South is also the city of Soccer Bowl' 76 ? | Entities possibly involved: dbr:Cheasty_Boulevard_South, dbr:Soccer_Bowl_'76",dbr:Cheasty_Boulevard_South >> dbo:maintainedBy >> [ANS] [SEP] dbr:Soccer_Bowl_'76 >> dbo:city >> [ANS]
translate question to dbpedia path: Question: Which driver came first in the 1993 European Grand Prix ? | Entities possibly involved: dbr:1993_European_Grand_Prix,dbr:1993_European_Grand_Prix >> dbp:firstDriver >> [ANS]
translate question to dbpedia path: Question: What is the layout of the cars similar to that of the Subaru Outback? | Entities possibly involved: dbr:Subaru_Outback,[VAR1] >> dbo:layout >> [ANS] [SEP] [VAR1] >> dbo:relatedMeanOfTransportation >> dbr:Subaru_Outback [SEP] [VAR1] >> rdf:type >> dbo:Automobile
translate question to dbpedia path: Question: How many other ingredient are there in the foods whihh have one of the ingredient as Potato ? | Entities possibly involved: dbr:Potato,COUNT >> [VAR1] >> dbo:ingredient >> [ANS] [SEP] [VAR1] >> dbo:ingredient >> dbr:Potato
translate question to dbpedia path: Question: How many companies have launched their rockets from the Vandenerg Air base? | Entities possibly involved: dbr:Vandenberg_Air_Force_Base,COUNT >> [ANS] >> rdf:type >> dbo:Company [SEP] [VAR1] >> dbo:launchSite >> dbr:Vandenberg_Air_Force_Base [SEP] [VAR1] >> dbo:manufacturer >> [ANS]
translate question to dbpedia path: Question: List the destinations to which the airlines headquartered at the Gatwick Airport fly to? | Entities possibly involved: dbr:Gatwick_Airport,[VAR1] >> dbo:destination >> [ANS] [SEP] [VAR1] >> dbp:headquarters >> dbr:Gatwick_Airport [SEP] [VAR1] >> rdf:type >> dbo:Airline
translate question to dbpedia path: Question: What are some given names for males? | Entities possibly involved: dbr:Male,[ANS] >> dbo:gender >> dbr:Male
translate question to dbpedia path: Question: The official residence of Sukhumbhand paribatra ? | Entities possibly involved: dbr:Sukhumbhand_Paribatra,dbr:Sukhumbhand_Paribatra >> dbp:residence >> [ANS]
translate question to dbpedia path: Question: Foxconn makes how many things? | Entities possibly involved: dbr:Foxconn,COUNT >> [ANS] >> dbo:manufacturer >> dbr:Foxconn
"translate question to dbpedia path: Question: Do the polet airlines fly to moscow? | Entities possibly involved: dbr:Polet_Airlines, dbr:Moscow",ASK >> dbr:Polet_Airlines >> dbo:targetAirport >> dbr:Moscow
translate question to dbpedia path: Question: In how many nations can I find dishes made of Shallot? | Entities possibly involved: dbr:Shallot,COUNT >> [ANS] >> rdf:type >> dbo:Country [SEP] [VAR1] >> dbo:country >> [ANS] [SEP] [VAR1] >> dbo:ingredient >> dbr:Shallot
"translate question to dbpedia path: Question: Does Cohoes a junction on the NY State Route 470? | Entities possibly involved: dbr:New_York_State_Route_470, dbr:Cohoes,_New_York","ASK >> dbr:New_York_State_Route_470 >> dbo:routeJunction >> dbr:Cohoes,_New_York"
translate question to dbpedia path: Question: How many other important things have been written by the creator of Stuart Alan Jones? | Entities possibly involved: dbr:Stuart_Alan_Jones,COUNT >> [VAR1] >> dbo:notableWork >> [ANS] [SEP] dbr:Stuart_Alan_Jones >> dbo:creator >> [VAR1]
translate question to dbpedia path: Question: What is the genre of the Band whose home town is County Westmeath? | Entities possibly involved: dbr:County_Westmeath,[VAR1] >> dbo:hometown >> dbr:County_Westmeath [SEP] [VAR1] >> dbp:genre >> [ANS] [SEP] [VAR1] >> rdf:type >> dbo:Band
"translate question to dbpedia path: Question: Whose album is Haiti, I am sorry? | Entities possibly involved: dbr:Haiti_I_Am_Sorry",dbr:Haiti_I_Am_Sorry >> dbo:album >> [ANS]
"translate question to dbpedia path: Question: Is Microsoft office written in C++ | Entities possibly involved: dbr:Microsoft_Office, dbr:C++",ASK >> dbr:Microsoft_Office >> dbp:programmingLanguage >> dbr:C++
translate question to dbpedia path: Question: Name the commanders of military conflicts where Roundhead was one of the commander ? | Entities possibly involved: dbr:Roundhead_(Wyandot),[VAR1] >> dbo:commander >> [ANS] [SEP] [VAR1] >> dbp:commander >> dbr:Roundhead_(Wyandot) [SEP] [VAR1] >> rdf:type >> dbo:MilitaryConflict
translate question to dbpedia path: Question: What are some short story kind of Books? | Entities possibly involved: dbr:Short_story,[ANS] >> dbo:literaryGenre >> dbr:Short_story
translate question to dbpedia path: Question: What are the nicknames of the schools whose color is royal blue? | Entities possibly involved: dbr:Royal_blue,[VAR1] >> dbo:colour >> dbr:Royal_blue [SEP] [VAR1] >> dbp:nickname >> [ANS] [SEP] [VAR1] >> rdf:type >> dbo:School
translate question to dbpedia path: Question: What awards did Jos Rivera (playwright) win? | Entities possibly involved: dbr:José_Rivera_(playwright),dbr:José_Rivera_(playwright) >> dbp:awards >> [ANS]
translate question to dbpedia path: Question: Which political figures were awarded Screen Actors Guild Life Achievement Award? | Entities possibly involved: dbr:Screen_Actors_Guild_Life_Achievement_Award,[ANS] >> dbo:award >> dbr:Screen_Actors_Guild_Life_Achievement_Award
translate question to dbpedia path: Question: What are the things whose director of photography died in United States? | Entities possibly involved: dbr:United_States,[ANS] >> dbp:cinematography >> [VAR1] [SEP] [VAR1] >> dbp:deathPlace >> dbr:United_States
translate question to dbpedia path: Question: What are some scientists who have stateless citizenship? | Entities possibly involved: dbr:Statelessness,[ANS] >> dbo:citizenship >> dbr:Statelessness [SEP] [ANS] >> rdf:type >> dbo:Scientist
translate question to dbpedia path: Question: What is the protected area whose nearest city is Kenya? | Entities possibly involved: dbr:Kenya,[ANS] >> dbo:nearestCity >> dbr:Kenya [SEP] [ANS] >> rdf:type >> dbo:ProtectedArea
translate question to dbpedia path: Question: Count the nearest city to the historic palce whose one of the nearest city is Wisconsin ? | Entities possibly involved: dbr:Wisconsin,COUNT >> [VAR1] >> dbo:nearestCity >> dbr:Wisconsin [SEP] [VAR1] >> dbp:nearestCity >> [ANS]
translate question to dbpedia path: Question: Give me the total number of commander of the military conflicts whose commander is Roundhead (Wyandot). | Entities possibly involved: dbr:Roundhead_(Wyandot),COUNT >> [VAR1] >> dbo:commander >> [ANS] [SEP] [VAR1] >> dbp:commander >> dbr:Roundhead_(Wyandot)
translate question to dbpedia path: Question: How many places were ruled by Elizabeth II? | Entities possibly involved: dbr:Elizabeth_II,COUNT >> [ANS] >> dbp:leaderName >> dbr:Elizabeth_II [SEP] [ANS] >> rdf:type >> dbo:Place
translate question to dbpedia path: Question: List the interest of the scientists whose one of the field is Chinese poetry ? | Entities possibly involved: dbr:Chinese_poetry,[VAR1] >> dbp:fields >> [ANS] [SEP] [VAR1] >> dbp:fields >> dbr:Chinese_poetry [SEP] [VAR1] >> rdf:type >> dbo:Scientist
"translate question to dbpedia path: Question: Which college of Luke List (golfer) is the alma mater of K. Terry Dornbush | Entities possibly involved: dbr:K._Terry_Dornbush, dbr:Luke_List_(golfer)",dbr:K._Terry_Dornbush >> dbp:almaMater >> [ANS] [SEP] dbr:Luke_List_(golfer) >> dbp:college >> [ANS]
"translate question to dbpedia path: Question: Did Chant Mas originate in West Africa? | Entities possibly involved: dbr:West_Africa, dbr:Chanté_mas",ASK >> dbr:Chanté_mas >> dbo:stylisticOrigin >> dbr:West_Africa
translate question to dbpedia path: Question: Give me a count of bacterias which belongs to Bacilli class? | Entities possibly involved: dbr:Bacilli,COUNT >> [ANS] >> dbo:class >> dbr:Bacilli [SEP] [ANS] >> rdf:type >> dbo:Bacteria
translate question to dbpedia path: Question: How many producers have worked for FremantleMedia productions? | Entities possibly involved: dbr:FremantleMedia,COUNT >> [VAR1] >> dbo:producer >> [ANS] [SEP] [VAR1] >> dbp:company >> dbr:FremantleMedia
"translate question to dbpedia path: Question: Which animator of Tommy Ticker's Tooth is also the director of The Haunted house ? | Entities possibly involved: dbr:Tommy_Tucker's_Tooth, dbr:The_Haunted_House_(1929_film)",dbr:The_Haunted_House_(1929_film) >> dbo:director >> [ANS] [SEP] dbr:Tommy_Tucker's_Tooth >> dbp:animator >> [ANS]
translate question to dbpedia path: Question: How many shows are made by Larry David? | Entities possibly involved: dbr:Larry_David,COUNT >> [ANS] >> dbo:creator >> dbr:Larry_David [SEP] [ANS] >> rdf:type >> dbo:TelevisionShow
translate question to dbpedia path: Question: How many architects are there who have made something used by Oakland athletics? | Entities possibly involved: dbr:Oakland_Athletics,COUNT >> [VAR1] >> dbo:tenant >> dbr:Oakland_Athletics [SEP] [VAR1] >> dbp:architect >> [ANS]
translate question to dbpedia path: Question: Where is Ethiopian Parliament Building located ? | Entities possibly involved: dbr:Ethiopian_Parliament_Building,dbr:Ethiopian_Parliament_Building >> dbp:locationCountry >> [ANS]
translate question to dbpedia path: Question: List the awards won by the spouse of Harriet Andersson? | Entities possibly involved: dbr:Harriet_Andersson,[VAR1] >> dbp:awards >> [ANS] [SEP] dbr:Harriet_Andersson >> dbo:partner >> [VAR1]
"translate question to dbpedia path: Question: Where are Solidus and Aureus used? | Entities possibly involved: dbr:Aureus, dbr:Solidus_(coin)",[ANS] >> dbo:currency >> dbr:Aureus [SEP] [ANS] >> dbo:currency >> dbr:Solidus_(coin)
translate question to dbpedia path: Question: Which company owns the airlines whose hub is in Dubai? | Entities possibly involved: dbr:Detroit,[VAR1] >> dbp:hubs >> dbr:Detroit [SEP] [VAR1] >> dbp:parent >> [ANS] [SEP] [VAR1] >> rdf:type >> dbo:Airline
translate question to dbpedia path: Question: Who built the Ford Y-block engine ? | Entities possibly involved: dbr:Ford_Y-block_engine,dbr:Ford_Y-block_engine >> dbo:manufacturer >> [ANS]
"translate question to dbpedia path: Question: Does Gibby Haynes play the saxophone? | Entities possibly involved: dbr:Gibby_Haynes, dbr:Saxophone",ASK >> dbr:Gibby_Haynes >> dbp:instrument >> dbr:Saxophone
"translate question to dbpedia path: Question: Is The Orator in the National Archaeological Museum of Florence? | Entities possibly involved: dbr:National_Archaeological_Museum_(Florence), dbr:The_Orator",ASK >> dbr:The_Orator >> dbp:museum >> dbr:National_Archaeological_Museum_(Florence)
translate question to dbpedia path: Question: What is the region of Lumberjack  ? | Entities possibly involved: dbr:Lumberjack_100,dbr:Lumberjack_100 >> dbp:region >> [ANS]
translate question to dbpedia path: Question: How many awards have royal designers for industry awardwinners got? | Entities possibly involved: dbr:Royal_Designers_for_Industry,COUNT >> [ANS] >> rdf:type >> dbo:Award [SEP] [VAR1] >> dbo:award >> [ANS] [SEP] [VAR1] >> dbp:awards >> dbr:Royal_Designers_for_Industry
translate question to dbpedia path: Question: Where is the team of Abdel Boucker located ? | Entities possibly involved: dbr:Abdel_Bouckar,[VAR1] >> dbo:location >> [ANS] [SEP] dbr:Abdel_Bouckar >> dbp:team >> [VAR1]
translate question to dbpedia path: Question: For which other teams do members of tanzanian national football team play? | Entities possibly involved: dbr:Tanzania_national_football_team,[VAR1] >> dbo:team >> [ANS] [SEP] [VAR1] >> dbp:nationalteam >> dbr:Tanzania_national_football_team
"translate question to dbpedia path: Question: Did Hank Williams Jr. make Early in the Morning and Late at Night? | Entities possibly involved: dbr:Hank_Williams_Jr., dbr:Early_in_the_Morning_and_Late_at_Night",ASK >> dbr:Early_in_the_Morning_and_Late_at_Night >> dbo:musicalArtist >> dbr:Hank_Williams_Jr.
"translate question to dbpedia path: Question: How many TV show has distributor located in Burbank California ? | Entities possibly involved: dbr:Burbank,_California","COUNT >> [ANS] >> dbp:distributor >> [VAR1] [SEP] [ANS] >> rdf:type >> dbo:TelevisionShow [SEP] [VAR1] >> dbo:locationCity >> dbr:Burbank,_California"
translate question to dbpedia path: Question: List the ceremonial county of East Tilbury ? | Entities possibly involved: dbr:East_Tilbury,dbr:East_Tilbury >> dbo:ceremonialCounty >> [ANS]
"translate question to dbpedia path: Question: Which award that has been given to James F Obrien, had used Laemmle Theatres for some service? | Entities possibly involved: dbr:Laemmle_Theatres, dbr:James_F._O'Brien",dbr:James_F._O'Brien >> dbo:award >> [ANS] [SEP] dbr:Laemmle_Theatres >> dbo:service >> [ANS]
translate question to dbpedia path: Question: What is the drafted team of the people expected to join toronto marlies? | Entities possibly involved: dbr:Toronto_Marlies,[VAR1] >> dbo:prospectTeam >> dbr:Toronto_Marlies [SEP] [VAR1] >> dbp:draftTeam >> [ANS] [SEP] [VAR1] >> rdf:type >> dbo:Person
translate question to dbpedia path: Question: How many people have parterned with the person choroegraphed by Catarina Lindgren in the past? | Entities possibly involved: dbr:Catarina_Lindgren,COUNT >> [ANS] >> rdf:type >> dbo:Person [SEP] [VAR1] >> dbo:formerChoreographer >> dbr:Catarina_Lindgren [SEP] [VAR1] >> dbo:formerPartner >> [ANS]
"translate question to dbpedia path: Question: Which famous commander led the Siege of forn meigs and was involved in the battle of fort stephenson? | Entities possibly involved: dbr:Battle_of_Fort_Stephenson, dbr:Siege_of_Fort_Meigs",dbr:Battle_of_Fort_Stephenson >> dbo:commander >> [ANS] [SEP] dbr:Siege_of_Fort_Meigs >> dbo:commander >> [ANS]
translate question to dbpedia path: Question: Which games publishers are located in California? | Entities possibly involved: dbr:California,[ANS] >> dbo:publisher >> [VAR1] [SEP] [VAR1] >> dbo:location >> dbr:California
translate question to dbpedia path: Question: Where is the stadium of Philadelphia Rage ? | Entities possibly involved: dbr:Philadelphia_Rage,dbr:Philadelphia_Rage >> dbo:stadium >> [ANS]
"translate question to dbpedia path: Question: Was Marie Curie a doctoral student of Henri Becquerel? | Entities possibly involved: dbr:Marie_Curie, dbr:Henri_Becquerel",ASK >> dbr:Henri_Becquerel >> dbo:doctoralStudent >> dbr:Marie_Curie
translate question to dbpedia path: Question: Count all the things licensed as Software as a service. | Entities possibly involved: dbr:Software_as_a_service,COUNT >> [ANS] >> dbo:license >> dbr:Software_as_a_service
translate question to dbpedia path: Question: How many broadcast area of the television stations exists whose broadcast area is Rodrigues ? | Entities possibly involved: dbr:Rodrigues,COUNT >> [VAR1] >> dbp:broadcastArea >> [ANS] [SEP] [VAR1] >> dbp:broadcastArea >> dbr:Rodrigues
translate question to dbpedia path: Question: Count the drinks originated in England. | Entities possibly involved: dbr:England,COUNT >> [ANS] >> dbo:origin >> dbr:England [SEP] [ANS] >> rdf:type >> dbo:Beverage
translate question to dbpedia path: Question: What is the total number of other non-fiction subject of the books whose one of the subject is Racism? | Entities possibly involved: dbr:Racism,COUNT >> [VAR1] >> dbo:nonFictionSubject >> [ANS] [SEP] [VAR1] >> dbo:nonFictionSubject >> dbr:Racism
translate question to dbpedia path: Question: Name all the junctions of U.S. Route 59? | Entities possibly involved: dbr:U.S._Route_59,dbr:U.S._Route_59 >> dbp:junction >> [ANS]
translate question to dbpedia path: Question: What are some other services of the company whose service is Onedrive? | Entities possibly involved: dbr:OneDrive,[VAR1] >> dbo:service >> dbr:OneDrive [SEP] [VAR1] >> dbp:services >> [ANS] [SEP] [VAR1] >> rdf:type >> dbo:Company
"translate question to dbpedia path: Question: Was Duanne Allman famous for playing the Gibson SG? | Entities possibly involved: dbr:Duane_Allman, dbr:Gibson_SG",ASK >> dbr:Duane_Allman >> dbp:notableInstruments >> dbr:Gibson_SG
translate question to dbpedia path: Question: Who were all the people in office when bob hawke was the PM? | Entities possibly involved: dbr:Bob_Hawke,[ANS] >> dbo:primeMinister >> dbr:Bob_Hawke
translate question to dbpedia path: Question: What is Bob Adams (American football) known for? | Entities possibly involved: dbr:Bob_Adams_(American_football),dbr:Bob_Adams_(American_football) >> dbp:knownFor >> [ANS]
"translate question to dbpedia path: Question: Is Guatemala a unitary state? | Entities possibly involved: dbr:Unitary_state, dbr:Guatemala",ASK >> dbr:Guatemala >> dbo:governmentType >> dbr:Unitary_state
"translate question to dbpedia path: Question: What is the common affiliation of the Monroe Carell Jr. Children's Hospital at Vanderbilt and alma mater of the Duncan U. Fletcher? | Entities possibly involved: dbr:Duncan_U._Fletcher, dbr:Monroe_Carell_Jr._Children's_Hospital_at_Vanderbilt",dbr:Duncan_U._Fletcher >> dbo:almaMater >> [ANS] [SEP] dbr:Monroe_Carell_Jr._Children's_Hospital_at_Vanderbilt >> dbp:affiliation >> [ANS]
translate question to dbpedia path: Question: UEM group have made bridges crossing over what? | Entities possibly involved: dbr:UEM_Group,[VAR1] >> dbp:crosses >> [ANS] [SEP] [VAR1] >> dbp:designer >> dbr:UEM_Group
translate question to dbpedia path: Question: How many relatives are there of the people who died in Germany? | Entities possibly involved: dbr:Germany,COUNT >> [VAR1] >> dbo:relation >> [ANS] [SEP] [VAR1] >> dbp:placeOfDeath >> dbr:Germany
translate question to dbpedia path: Question: Where do bachelor of arts live? | Entities possibly involved: dbr:Bachelor_of_Arts,[VAR1] >> dbo:residence >> [ANS] [SEP] [VAR1] >> dbp:almaMater >> dbr:Bachelor_of_Arts
"translate question to dbpedia path: Question: Was Castillo discovered by Galileo? | Entities possibly involved: dbr:Callisto_(moon), dbr:Galileo_Galilei",ASK >> dbr:Callisto_(moon) >> dbp:discoverer >> dbr:Galileo_Galilei
"translate question to dbpedia path: Question: Does A foreign policy of freedom belong to the genre Politics? | Entities possibly involved: dbr:A_Foreign_Policy_of_Freedom, dbr:Politics",ASK >> dbr:A_Foreign_Policy_of_Freedom >> dbo:literaryGenre >> dbr:Politics
translate question to dbpedia path: Question: How many mountain are there in Sierra Nevada range? | Entities possibly involved: dbr:Sierra_Nevada_(U.S.),COUNT >> [ANS] >> dbo:mountainRange >> dbr:Sierra_Nevada_(U.S.) [SEP] [ANS] >> rdf:type >> dbo:Mountain
translate question to dbpedia path: Question: What is the total number of other characters of the plays whose characters is Robin (comics)? | Entities possibly involved: dbr:Robin_(comics),COUNT >> [VAR1] >> dbp:characters >> [ANS] [SEP] [VAR1] >> dbp:characters >> dbr:Robin_(comics)
translate question to dbpedia path: Question: What are the awards won by the spouse of Liv Ullmann ? | Entities possibly involved: dbr:Liv_Ullmann,[VAR1] >> dbp:awards >> [ANS] [SEP] dbr:Liv_Ullmann >> dbo:partner >> [VAR1]
translate question to dbpedia path: Question: What is the total number of other nearest countries to the lakes whose nearest countries is Uganda? | Entities possibly involved: dbr:Uganda,COUNT >> [VAR1] >> dbo:nearestCity >> [ANS] [SEP] [VAR1] >> dbo:nearestCity >> dbr:Uganda
translate question to dbpedia path: Question: How many companies have developed cross platformed softwares? | Entities possibly involved: dbr:Cross-platform,COUNT >> [VAR1] >> dbo:developer >> [ANS] [SEP] [VAR1] >> dbp:operatingSystem >> dbr:Cross-platform
translate question to dbpedia path: Question: List the shows whose network is run by BBC. | Entities possibly involved: dbr:BBC,[ANS] >> dbo:network >> [VAR1] [SEP] [ANS] >> rdf:type >> dbo:TelevisionShow [SEP] [VAR1] >> dbo:owningCompany >> dbr:BBC
translate question to dbpedia path: Question: How many titles were given to people who engaged in the Operation Dragoon? | Entities possibly involved: dbr:Operation_Dragoon,COUNT >> [VAR1] >> dbo:award >> [ANS] [SEP] [VAR1] >> dbp:battles >> dbr:Operation_Dragoon
translate question to dbpedia path: Question: Who is the employer of Michael M. Sears ? | Entities possibly involved: dbr:Michael_M._Sears,dbr:Michael_M._Sears >> dbp:employer >> [ANS]
translate question to dbpedia path: Question: List things developed by Autoconf ? | Entities possibly involved: dbr:Autoconf,dbr:Autoconf >> dbo:developer >> [ANS]
"translate question to dbpedia path: Question: Does the north carolina highway 280 end in Arden? | Entities possibly involved: dbr:Arden,_North_Carolina, dbr:North_Carolina_Highway_280","ASK >> dbr:North_Carolina_Highway_280 >> dbo:routeEnd >> dbr:Arden,_North_Carolina"
"translate question to dbpedia path: Question: Is Angola Avante the anthem of Angola? | Entities possibly involved: dbr:Angola_Avante, dbr:Angola",ASK >> dbr:Angola >> dbo:anthem >> dbr:Angola_Avante
translate question to dbpedia path: Question: Who all play for the Ivory Coast football team? | Entities possibly involved: dbr:Ivory_Coast_national_football_team,[ANS] >> dbp:nationalteam >> dbr:Ivory_Coast_national_football_team
"translate question to dbpedia path: Question: List all the layouts of the automobile whose one of the layout is four-wheel-drive layout ? | Entities possibly involved: dbr:Front-engine,_four-wheel-drive_layout","[VAR1] >> dbo:layout >> [ANS] [SEP] [VAR1] >> dbo:layout >> dbr:Front-engine,_four-wheel-drive_layout [SEP] [VAR1] >> rdf:type >> dbo:Automobile"
"translate question to dbpedia path: Question: To how many places does the airlines fly, whose head office is located at the Gatwick Airport? | Entities possibly involved: dbr:Gatwick_Airport",COUNT >> [ANS] >> rdf:type >> dbo:Place [SEP] [VAR1] >> dbo:headquarter >> dbr:Gatwick_Airport [SEP] [VAR1] >> dbp:destinations >> [ANS]
translate question to dbpedia path: Question: Where is the arena of WPC Dynamo Moscow situated? | Entities possibly involved: dbr:WPC_Dynamo_Moscow,dbr:WPC_Dynamo_Moscow >> dbp:arena >> [ANS]
"translate question to dbpedia path: Question: Does the mississippi orignate in the clearwater county, minnesota? | Entities possibly involved: dbr:Clearwater_County,_Minnesota, dbr:Mississippi_River","ASK >> dbr:Mississippi_River >> dbo:sourceRegion >> dbr:Clearwater_County,_Minnesota"
translate question to dbpedia path: Question: How many scientist have won an award by the society led by Venkatraman Ramakrishnan? | Entities possibly involved: dbr:Venkatraman_Ramakrishnan,COUNT >> [ANS] >> dbp:prizes >> [VAR1] [SEP] [ANS] >> rdf:type >> dbo:Scientist [SEP] [VAR1] >> dbp:leaderName >> dbr:Venkatraman_Ramakrishnan
"translate question to dbpedia path: Question: Who all did their high school in Denbigh high School? | Entities possibly involved: dbr:Denbigh_High_School_(Newport_News,_Virginia)","[ANS] >> dbp:highSchool >> dbr:Denbigh_High_School_(Newport_News,_Virginia)"
"translate question to dbpedia path: Question: What is the information appliance whose successor is PlayStation 4 and maker is Foxconn? | Entities possibly involved: dbr:PlayStation_4, dbr:Foxconn",[ANS] >> dbp:manufacturer >> dbr:Foxconn [SEP] [ANS] >> dbp:successor >> dbr:PlayStation_4 [SEP] [ANS] >> rdf:type >> dbo:InformationAppliance
translate question to dbpedia path: Question: name the mountain range of Le Gibloux ? | Entities possibly involved: dbr:Le_Gibloux,dbr:Le_Gibloux >> dbo:mountainRange >> [ANS]
translate question to dbpedia path: Question: Count me all the video game distributor whose parent company is Warner Bros ? | Entities possibly involved: dbr:Warner_Bros.,COUNT >> [ANS] >> dbp:distributor >> [VAR1] [SEP] [ANS] >> rdf:type >> dbo:VideoGame [SEP] [VAR1] >> dbp:parent >> dbr:Warner_Bros.
translate question to dbpedia path: Question: Who all were involved in the wars fought by the commander Blue Jacket? | Entities possibly involved: dbr:Blue_Jacket,[VAR1] >> dbp:combatant >> [ANS] [SEP] [VAR1] >> dbp:commander >> dbr:Blue_Jacket [SEP] [VAR1] >> rdf:type >> dbo:MilitaryConflict
"translate question to dbpedia path: Question: Is Judy Garland a character of End of the Rainbow? | Entities possibly involved: dbr:Judy_Garland, dbr:End_of_the_Rainbow",ASK >> dbr:End_of_the_Rainbow >> dbp:characters >> dbr:Judy_Garland
"translate question to dbpedia path: Question: Does Silver Airways have a hub at the Washington Dulles International Airport? | Entities possibly involved: dbr:Washington_Dulles_International_Airport, dbr:Silver_Airways",ASK >> dbr:Silver_Airways >> dbo:hubAirport >> dbr:Washington_Dulles_International_Airport
translate question to dbpedia path: Question: Which astronauts went on the Gemini 8 mission? | Entities possibly involved: dbr:Gemini_8,[ANS] >> dbp:mission >> dbr:Gemini_8 [SEP] [ANS] >> rdf:type >> dbo:Astronaut
translate question to dbpedia path: Question: Erik Jendresen is the writer of which television show? | Entities possibly involved: dbr:Erik_Jendresen,[ANS] >> dbp:writer >> dbr:Erik_Jendresen [SEP] [ANS] >> rdf:type >> dbo:TelevisionShow
translate question to dbpedia path: Question: How many people have written stuff broadcasted on the Tokyo Broadcasting System? | Entities possibly involved: dbr:Tokyo_Broadcasting_System,COUNT >> [ANS] >> rdf:type >> dbo:Person [SEP] [VAR1] >> dbo:network >> dbr:Tokyo_Broadcasting_System [SEP] [VAR1] >> dbp:writer >> [ANS]
translate question to dbpedia path: Question: What cities are around the sea which flows into Marmara? | Entities possibly involved: dbr:Sea_of_Marmara,[VAR1] >> dbp:cities >> [ANS] [SEP] [VAR1] >> dbp:inflow >> dbr:Sea_of_Marmara [SEP] [VAR1] >> rdf:type >> dbo:Sea
translate question to dbpedia path: Question: Companies headquartered in Geneva own which TV Shows? | Entities possibly involved: dbr:Geneva,[ANS] >> dbp:company >> [VAR1] [SEP] [VAR1] >> dbo:headquarter >> dbr:Geneva
translate question to dbpedia path: Question: Who died due to Morphine ? | Entities possibly involved: dbr:Morphine,[ANS] >> dbo:deathCause >> dbr:Morphine
"translate question to dbpedia path: Question: Does Walt Disney Studio have a subsidiary called PixarCascadia_ | Entities possibly involved: dbr:Walt_Disney_Studios_(division), dbr:Pixar",ASK >> dbr:Walt_Disney_Studios_(division) >> dbo:subsidiary >> dbr:Pixar
translate question to dbpedia path: Question: Who owns Ivanpah Solar Power Facility? | Entities possibly involved: dbr:Ivanpah_Solar_Power_Facility,dbr:Ivanpah_Solar_Power_Facility >> dbo:owner >> [ANS]
translate question to dbpedia path: Question: What is the game whose genre is Mind sport? | Entities possibly involved: dbr:Mind_sport,[ANS] >> dbo:genre >> dbr:Mind_sport [SEP] [ANS] >> rdf:type >> dbo:Game
translate question to dbpedia path: Question: Which country's engineered have studied at Aero Klub in Wroclaw? | Entities possibly involved: dbr:AeroKlub_Wrocław,[VAR1] >> dbo:institution >> dbr:AeroKlub_Wrocław [SEP] [VAR1] >> dbp:nationality >> [ANS]
translate question to dbpedia path: Question: What is the official name of Arkansas wine ? | Entities possibly involved: dbr:Arkansas_wine,dbr:Arkansas_wine >> dbp:officialName >> [ANS]
translate question to dbpedia path: Question: Name the battle fought by the military persons who also fought in Algeria ? | Entities possibly involved: dbr:Algeria,[VAR1] >> dbp:battles >> [ANS] [SEP] [VAR1] >> dbp:battles >> dbr:Algeria [SEP] [VAR1] >> rdf:type >> dbo:MilitaryPerson
translate question to dbpedia path: Question: Bridge that starts at Seberang Perai crosses over what? | Entities possibly involved: dbr:Seberang_Perai,[VAR1] >> dbo:routeStart >> dbr:Seberang_Perai [SEP] [VAR1] >> dbp:crosses >> [ANS]
"translate question to dbpedia path: Question: Is Julia Gillard the prime minister of Kate Lundy? | Entities possibly involved: dbr:Kate_Lundy, dbr:Julia_Gillard",ASK >> dbr:Kate_Lundy >> dbo:primeMinister >> dbr:Julia_Gillard
translate question to dbpedia path: Question: what cities are located on the sides of mediterranean sea? | Entities possibly involved: dbr:Mediterranean_Sea,dbr:Mediterranean_Sea >> dbp:cities >> [ANS]
translate question to dbpedia path: Question: What is the purpose of some Maharashtran organizations? | Entities possibly involved: dbr:Maharashtra,[VAR1] >> dbo:headquarter >> dbr:Maharashtra [SEP] [VAR1] >> dbp:purpose >> [ANS] [SEP] [VAR1] >> rdf:type >> dbo:Organisation
translate question to dbpedia path: Question: In how many  territories were the wars fought where Fusil Gras Mile 1874 were used? | Entities possibly involved: dbr:Fusil_Gras_mle_1874,COUNT >> [VAR1] >> dbo:territory >> [ANS] [SEP] [VAR1] >> rdf:type >> dbo:MilitaryConflict [SEP] dbr:Fusil_Gras_mle_1874 >> dbo:usedInWar >> [VAR1]
translate question to dbpedia path: Question: Mota Engil built bridges over which rivers? | Entities possibly involved: dbr:Mota-Engil,[VAR1] >> dbo:crosses >> [ANS] [SEP] [VAR1] >> dbp:builder >> dbr:Mota-Engil [SEP] [VAR1] >> rdf:type >> dbo:Bridge
translate question to dbpedia path: Question: How many other field are there of the scientists whose one of the field is Mathematics ? | Entities possibly involved: dbr:Mathematics,COUNT >> [VAR1] >> dbo:field >> [ANS] [SEP] [VAR1] >> dbo:field >> dbr:Mathematics
translate question to dbpedia path: Question: How many people currently play for the NYC FC? | Entities possibly involved: dbr:New_York_City_FC,COUNT >> [ANS] >> dbp:currentclub >> dbr:New_York_City_FC
"translate question to dbpedia path: Question: In how many other states do people live, whose languages are spoken in Nebraska? | Entities possibly involved: dbr:Nebraska",COUNT >> [VAR1] >> dbp:region >> [ANS] [SEP] dbr:Nebraska >> dbo:language >> [VAR1]
translate question to dbpedia path: Question: List the governers of Jimmie Lou Fisher? | Entities possibly involved: dbr:Jimmie_Lou_Fisher,dbr:Jimmie_Lou_Fisher >> dbp:governor >> [ANS]
translate question to dbpedia path: Question: How many people have played for a club whose coach is Fred Hoiberg? | Entities possibly involved: dbr:Fred_Hoiberg,COUNT >> [ANS] >> dbp:team >> [VAR1] [SEP] [VAR1] >> dbo:coach >> dbr:Fred_Hoiberg
translate question to dbpedia path: Question: Where is Carmel Winery? | Entities possibly involved: dbr:Carmel_Winery,dbr:Carmel_Winery >> dbp:locationCountry >> [ANS]
"translate question to dbpedia path: Question: Does the little colorado river flow in the Grand Canyon? | Entities possibly involved: dbr:Grand_Canyon, dbr:Little_Colorado_River",ASK >> dbr:Little_Colorado_River >> dbo:mouthMountain >> dbr:Grand_Canyon
translate question to dbpedia path: Question: How many different organizations own the railway lines which are a part of Norfolk Southern Railway? | Entities possibly involved: dbr:Norfolk_Southern_Railway,COUNT >> [ANS] >> rdf:type >> dbo:Organisation [SEP] [VAR1] >> dbp:owner >> [ANS] [SEP] [VAR1] >> dbp:system >> dbr:Norfolk_Southern_Railway
translate question to dbpedia path: Question: Which shows had their painters born in England? | Entities possibly involved: dbr:England,[ANS] >> dbo:creator >> [VAR1] [SEP] [ANS] >> rdf:type >> dbo:TelevisionShow [SEP] [VAR1] >> dbp:birthPlace >> dbr:England
translate question to dbpedia path: Question: Who are the politicians whose death place is Ontario? | Entities possibly involved: dbr:Ontario,[ANS] >> dbo:deathPlace >> dbr:Ontario [SEP] [ANS] >> rdf:type >> dbo:Politician
translate question to dbpedia path: Question: How many theme musics have been composed by Julian Gingell? | Entities possibly involved: dbr:Julian_Gingell,COUNT >> [ANS] >> dbp:themeMusicComposer >> dbr:Julian_Gingell
translate question to dbpedia path: Question: What is the stylistic origin of Wizard rock ? | Entities possibly involved: dbr:Wizard_rock,dbr:Wizard_rock >> dbo:stylisticOrigin >> [ANS]
translate question to dbpedia path: Question: List the fields of the scientists with Sanskrit as one of the interest ? | Entities possibly involved: dbr:Sanskrit,[VAR1] >> dbp:fields >> [ANS] [SEP] [VAR1] >> dbp:fields >> dbr:Sanskrit [SEP] [VAR1] >> rdf:type >> dbo:Scientist
translate question to dbpedia path: Question: What are the movies whose director's daughter is Luke Scott? | Entities possibly involved: dbr:Luke_Scott_(director),[ANS] >> dbp:director >> [VAR1] [SEP] [ANS] >> rdf:type >> dbo:Film [SEP] [VAR1] >> dbo:child >> dbr:Luke_Scott_(director)
"translate question to dbpedia path: Question: Is Mona Lisa in the Louvre museum? | Entities possibly involved: dbr:Louvre, dbr:Mona_Lisa",ASK >> dbr:Mona_Lisa >> dbp:museum >> dbr:Louvre
"translate question to dbpedia path: Question: Was A foreign policy on freedom covered by John Trumbull? | Entities possibly involved: dbr:A_Foreign_Policy_of_Freedom, dbr:John_Trumbull",ASK >> dbr:A_Foreign_Policy_of_Freedom >> dbp:coverArtist >> dbr:John_Trumbull
translate question to dbpedia path: Question: Give me a count of everything made by the company which offers electronical manufacturing too. | Entities possibly involved: dbr:Electronics_manufacturing_services,COUNT >> [ANS] >> dbo:manufacturer >> [VAR1] [SEP] [VAR1] >> dbo:service >> dbr:Electronics_manufacturing_services
translate question to dbpedia path: Question: How many games have been composed by Hirokazu Tanaka? | Entities possibly involved: dbr:Hirokazu_Tanaka,COUNT >> [ANS] >> dbp:composer >> dbr:Hirokazu_Tanaka [SEP] [ANS] >> rdf:type >> dbo:VideoGame
translate question to dbpedia path: Question: What  awards did the cast members of Gods of Egypt win? | Entities possibly involved: dbr:Gods_of_Egypt_(film),[VAR1] >> dbp:awards >> [ANS] [SEP] dbr:Gods_of_Egypt_(film) >> dbo:starring >> [VAR1]
translate question to dbpedia path: Question: Where did the relatives of Gustavo Rojas Pinilla study? | Entities possibly involved: dbr:Gustavo_Rojas_Pinilla,[VAR1] >> dbo:relation >> dbr:Gustavo_Rojas_Pinilla [SEP] [VAR1] >> dbp:almaMater >> [ANS]
translate question to dbpedia path: Question: For how many things are americans famous for? | Entities possibly involved: dbr:United_States,COUNT >> [VAR1] >> dbo:knownFor >> [ANS] [SEP] [VAR1] >> dbp:placeOfBirth >> dbr:United_States
translate question to dbpedia path: Question: Who is the successor of McDonnell Douglas ? | Entities possibly involved: dbr:McDonnell_Douglas,dbr:McDonnell_Douglas >> dbp:successor >> [ANS]
translate question to dbpedia path: Question: What is the publisher of Lucifer's Hammer ? | Entities possibly involved: dbr:Lucifer's_Hammer,dbr:Lucifer's_Hammer >> dbo:publisher >> [ANS]
translate question to dbpedia path: Question: List the origin of the weapons which were used in the American Revolutionary War. | Entities possibly involved: dbr:American_Revolutionary_War,[VAR1] >> dbo:usedInWar >> dbr:American_Revolutionary_War [SEP] [VAR1] >> dbp:origin >> [ANS] [SEP] [VAR1] >> rdf:type >> dbo:Weapon
"translate question to dbpedia path: Question: Purnima Banerjee and Rishang Keishing are politicians of what party ? | Entities possibly involved: dbr:Purnima_Banerjee, dbr:Rishang_Keishing",dbr:Purnima_Banerjee >> dbo:party >> [ANS] [SEP] dbr:Rishang_Keishing >> dbp:party >> [ANS]
translate question to dbpedia path: Question: Which show's theme music composer's label is MapleMusic Recordings? | Entities possibly involved: dbr:MapleMusic_Recordings,[ANS] >> dbp:themeMusicComposer >> [VAR1] [SEP] [ANS] >> rdf:type >> dbo:TelevisionShow [SEP] [VAR1] >> dbo:recordLabel >> dbr:MapleMusic_Recordings
"translate question to dbpedia path: Question: Was Apollo 11 a mission of Niel Armstrong? | Entities possibly involved: dbr:Neil_Armstrong, dbr:Apollo_11",ASK >> dbr:Neil_Armstrong >> dbp:mission >> dbr:Apollo_11
translate question to dbpedia path: Question: List the former team of the american football players born in Pennsylvania ? | Entities possibly involved: dbr:Pennsylvania,[VAR1] >> dbo:birthPlace >> dbr:Pennsylvania [SEP] [VAR1] >> dbo:formerTeam >> [ANS] [SEP] [VAR1] >> rdf:type >> dbo:AmericanFootballPlayer
"translate question to dbpedia path: Question: Is the charat district a district in peru? | Entities possibly involved: dbr:Districts_of_Peru, dbr:Charat_District",ASK >> dbr:Charat_District >> dbp:settlementType >> dbr:Districts_of_Peru
translate question to dbpedia path: Question: How many things belong to a division of plant kingdom? | Entities possibly involved: dbr:Plant,COUNT >> [ANS] >> dbo:division >> [VAR1] [SEP] [VAR1] >> dbo:kingdom >> dbr:Plant
"translate question to dbpedia path: Question: Is the College Sainte Marie in Mauritius? | Entities possibly involved: dbr:Mauritius, dbr:College_Sainte-Marie",ASK >> dbr:College_Sainte-Marie >> dbp:county >> dbr:Mauritius
translate question to dbpedia path: Question: Where was Antonio Giannini born? | Entities possibly involved: dbr:Antonio_Giannini,dbr:Antonio_Giannini >> dbo:birthPlace >> [ANS]
"translate question to dbpedia path: Question: Give me all tv shows which are based in boston and massachusetts? | Entities possibly involved: dbr:Massachusetts, dbr:Boston",[ANS] >> dbo:location >> dbr:Boston [SEP] [ANS] >> dbo:location >> dbr:Massachusetts [SEP] [ANS] >> rdf:type >> dbo:TelevisionShow
"translate question to dbpedia path: Question: CN Atletic-Barceloneta has a stadium in Barcelona? | Entities possibly involved: dbr:Barcelona, dbr:CN_Atlètic-Barceloneta",ASK >> dbr:CN_Atlètic-Barceloneta >> dbo:stadium >> dbr:Barcelona
translate question to dbpedia path: Question: What are some non fiction subjects dealt with in fantasy novels? | Entities possibly involved: dbr:Fantasy,[VAR1] >> dbo:literaryGenre >> dbr:Fantasy [SEP] [VAR1] >> dbo:nonFictionSubject >> [ANS] [SEP] [VAR1] >> rdf:type >> dbo:Book
"translate question to dbpedia path: Question: Is the Frank R Lillie House has the Chicago architecture? | Entities possibly involved: dbr:Chicago, dbr:Frank_R._Lillie_House",ASK >> dbr:Frank_R._Lillie_House >> dbo:architecturalStyle >> dbr:Chicago
translate question to dbpedia path: Question: Name everyone working for a company owned by Roman Abramovich. | Entities possibly involved: dbr:Roman_Abramovich,[ANS] >> dbo:occupation >> [VAR1] [SEP] [VAR1] >> dbo:owningCompany >> dbr:Roman_Abramovich
translate question to dbpedia path: Question: In how many different places can I find companies which were founded in toronto? | Entities possibly involved: dbr:Toronto,COUNT >> [ANS] >> rdf:type >> dbo:Place [SEP] [VAR1] >> dbo:foundationPlace >> dbr:Toronto [SEP] [VAR1] >> dbp:locations >> [ANS]
translate question to dbpedia path: Question: List the people who were the first one to climb a mountain in California? | Entities possibly involved: dbr:California,[VAR1] >> dbo:firstAscentPerson >> [ANS] [SEP] [VAR1] >> dbo:locatedInArea >> dbr:California [SEP] [VAR1] >> rdf:type >> dbo:Mountain
translate question to dbpedia path: Question: Give a list of all the labels that have jazz fusion artists signed up with them? | Entities possibly involved: dbr:Jazz_fusion,[VAR1] >> dbo:genre >> dbr:Jazz_fusion [SEP] [VAR1] >> dbo:recordLabel >> [ANS] [SEP] [VAR1] >> rdf:type >> dbo:MusicalArtist
"translate question to dbpedia path: Question: Which college has been attended  by both Mr. Hubert Wiggs and Mr. Alvin Bell? | Entities possibly involved: dbr:Alvin_Bell, dbr:Hubert_Wiggs",dbr:Alvin_Bell >> dbo:college >> [ANS] [SEP] dbr:Hubert_Wiggs >> dbo:college >> [ANS]
translate question to dbpedia path: Question: What is the mascot of Blytheville High School ? | Entities possibly involved: dbr:Blytheville_High_School,dbr:Blytheville_High_School >> dbp:mascot >> [ANS]
translate question to dbpedia path: Question: What are some islands in the bahamas? | Entities possibly involved: dbr:The_Bahamas,[ANS] >> dbp:archipelago >> dbr:The_Bahamas [SEP] [ANS] >> rdf:type >> dbo:Island
translate question to dbpedia path: Question: In which state does the ambassador who is in related with J Bennett Johnston live? | Entities possibly involved: dbr:J._Bennett_Johnston,[VAR1] >> dbp:state >> [ANS] [SEP] dbr:J._Bennett_Johnston >> dbo:relation >> [VAR1]
"translate question to dbpedia path: Question: Where were the sportsmen born, who started their careers with Homestead Grays? | Entities possibly involved: dbr:Homestead_Grays",[VAR1] >> dbp:birthDate >> [ANS] [SEP] [VAR1] >> dbp:debutteam >> dbr:Homestead_Grays [SEP] [VAR1] >> rdf:type >> dbo:Athlete
translate question to dbpedia path: Question: Who are the cast members of The Simpsons Ride? | Entities possibly involved: dbr:The_Simpsons_Ride,dbr:The_Simpsons_Ride >> dbp:starring >> [ANS]
"translate question to dbpedia path: Question: Name the organization which developed iPhone OS and the XNU? | Entities possibly involved: dbr:XNU, dbr:IPhone_OS_1",dbr:IPhone_OS_1 >> dbp:developer >> [ANS] [SEP] dbr:XNU >> dbo:developer >> [ANS]
translate question to dbpedia path: Question: How many awards have the french people received? | Entities possibly involved: dbr:French_people,COUNT >> [VAR1] >> dbo:stateOfOrigin >> dbr:French_people [SEP] [VAR1] >> dbp:awards >> [ANS]
"translate question to dbpedia path: Question: How many bacterias have taxonomy as Bacillales and domain as Bacteria? | Entities possibly involved: dbr:Bacillales, dbr:Bacteria",COUNT >> [ANS] >> dbo:order >> dbr:Bacillales [SEP] [ANS] >> dbp:domain >> dbr:Bacteria
"translate question to dbpedia path: Question: Which state's largest city is Omaha? | Entities possibly involved: dbr:Omaha,_Nebraska","[ANS] >> dbo:largestCity >> dbr:Omaha,_Nebraska [SEP] [ANS] >> rdf:type >> dbo:AdministrativeRegion"
"translate question to dbpedia path: Question: Is Wahoo! the previous work of Honeybuns? | Entities possibly involved: dbr:Wahoo!, dbr:Honeybuns",ASK >> dbr:Honeybuns >> dbo:previousWork >> dbr:Wahoo!
translate question to dbpedia path: Question: Who is the animator of Tommy Tucker's Tooth ? | Entities possibly involved: dbr:Tommy_Tucker's_Tooth,dbr:Tommy_Tucker's_Tooth >> dbp:animator >> [ANS]
translate question to dbpedia path: Question: Who is the film director of Alice's Wonderland ? | Entities possibly involved: dbr:Alice's_Wonderland,dbr:Alice's_Wonderland >> dbo:director >> [ANS]
translate question to dbpedia path: Question: On how many subjects has Random house publishers published books? | Entities possibly involved: dbr:Random_House,COUNT >> [VAR1] >> dbp:publisher >> dbr:Random_House [SEP] [VAR1] >> dbp:subject >> [ANS]
"translate question to dbpedia path: Question: Which settlement's neighboring municipalities are Cologny and Pregny-Chambsy? | Entities possibly involved: dbr:Cologny, dbr:Pregny-Chambésy",[ANS] >> dbo:neighboringMunicipality >> dbr:Pregny-Chambésy [SEP] [ANS] >> dbp:neighboringMunicipalities >> dbr:Cologny [SEP] [ANS] >> rdf:type >> dbo:Settlement
"translate question to dbpedia path: Question: Which military unit's  garrison is Pentagon and command structure is United States Department of Defense? | Entities possibly involved: dbr:United_States_Department_of_Defense, dbr:The_Pentagon",[ANS] >> dbo:commandStructure >> dbr:United_States_Department_of_Defense [SEP] [ANS] >> dbp:garrison >> dbr:The_Pentagon [SEP] [ANS] >> rdf:type >> dbo:MilitaryUnit
translate question to dbpedia path: Question: List the primary  subjects of A Christian Turn'd Turk? | Entities possibly involved: dbr:A_Christian_Turn'd_Turk,dbr:A_Christian_Turn'd_Turk >> dbp:subject >> [ANS]
"translate question to dbpedia path: Question: Is Labor relations the main interest of Karl Marx? | Entities possibly involved: dbr:Labor_relations, dbr:Karl_Marx",ASK >> dbr:Karl_Marx >> dbo:mainInterest >> dbr:Labor_relations
"translate question to dbpedia path: Question: Over which rivers, does a cable stayed bridge exists? | Entities possibly involved: dbr:Cable-stayed_bridge",[VAR1] >> dbp:crosses >> [ANS] [SEP] [VAR1] >> dbp:design >> dbr:Cable-stayed_bridge
translate question to dbpedia path: Question: Name some Texas based companies ? | Entities possibly involved: dbr:Texas,[ANS] >> dbo:locationCity >> dbr:Texas [SEP] [ANS] >> rdf:type >> dbo:Company
translate question to dbpedia path: Question: Who were some governmental heads in Nazi Germany? | Entities possibly involved: dbr:Nazi_Germany,[VAR1] >> dbo:jurisdiction >> dbr:Nazi_Germany [SEP] [VAR1] >> dbo:leader >> [ANS]
translate question to dbpedia path: Question: Name the tiemzone of Banlung ? | Entities possibly involved: dbr:Banlung,dbr:Banlung >> dbo:timeZone >> [ANS]
translate question to dbpedia path: Question: Name all the doctoral student of the scientist who also supervised Mary Ainsworth ? | Entities possibly involved: dbr:Mary_Ainsworth,[VAR1] >> dbp:doctoralStudents >> [ANS] [SEP] [VAR1] >> dbp:doctoralStudents >> dbr:Mary_Ainsworth [SEP] [VAR1] >> rdf:type >> dbo:Scientist
translate question to dbpedia path: Question: Which football teams is Shahid Khan proprietor to? | Entities possibly involved: dbr:Shahid_Khan,[ANS] >> dbo:owner >> dbr:Shahid_Khan
translate question to dbpedia path: Question: Who all have rented the stadium whose architect is Populous? | Entities possibly involved: dbr:Populous_(company),[VAR1] >> dbo:tenant >> [ANS] [SEP] [VAR1] >> dbp:architect >> dbr:Populous_(company) [SEP] [VAR1] >> rdf:type >> dbo:Stadium
"translate question to dbpedia path: Question: Did Dean Wurzberger manage a club at the santa clara university? | Entities possibly involved: dbr:Dean_Wurzberger, dbr:Santa_Clara_University",ASK >> dbr:Dean_Wurzberger >> dbp:managerclubs >> dbr:Santa_Clara_University
translate question to dbpedia path: Question: How many dishes are made with an ingredient belonging to the flowering plant species? | Entities possibly involved: dbr:Flowering_plant,COUNT >> [ANS] >> dbo:ingredient >> [VAR1] [SEP] [ANS] >> rdf:type >> dbo:Food [SEP] [VAR1] >> dbo:division >> dbr:Flowering_plant
translate question to dbpedia path: Question: What is the allegiance of Albert Kwesi Ocran ? | Entities possibly involved: dbr:Albert_Kwesi_Ocran,dbr:Albert_Kwesi_Ocran >> dbp:allegiance >> [ANS]
translate question to dbpedia path: Question: How many people have headed organizations headquartered at Niederkirchnerstrae? | Entities possibly involved: dbr:Niederkirchnerstraße,COUNT >> [VAR1] >> dbo:headquarter >> dbr:Niederkirchnerstraße [SEP] [VAR1] >> dbo:leader >> [ANS]
translate question to dbpedia path: Question: What are some seas inside europe ? | Entities possibly involved: dbr:Europe,[ANS] >> dbo:location >> dbr:Europe [SEP] [ANS] >> rdf:type >> dbo:Sea
translate question to dbpedia path: Question: Who was the bronze medalist of Swimming at the 2008 Summer Olympics  Men's 400 metre individual medley ? | Entities possibly involved: dbr:Swimming_at_the_2008_Summer_Olympics_–_Men's_400_metre_individual_medley,dbr:Swimming_at_the_2008_Summer_Olympics_–_Men's_400_metre_individual_medley >> dbo:bronzeMedalist >> [ANS]
"translate question to dbpedia path: Question: Did stan lee narrate the incredible hulk tv show? | Entities possibly involved: dbr:Stan_Lee, dbr:The_Incredible_Hulk_(1982_TV_series)",ASK >> dbr:The_Incredible_Hulk_(1982_TV_series) >> dbo:narrator >> dbr:Stan_Lee
translate question to dbpedia path: Question: How many states does the Pioneer corporation operate in? | Entities possibly involved: dbr:Pioneer_Corporation,COUNT >> dbr:Pioneer_Corporation >> dbp:country >> [ANS]
translate question to dbpedia path: Question: Name the debut team of Butch Metzger ? | Entities possibly involved: dbr:Butch_Metzger,dbr:Butch_Metzger >> dbo:debutTeam >> [ANS]
translate question to dbpedia path: Question: What countries used Solidus as currency? | Entities possibly involved: dbr:Solidus_(coin),[ANS] >> dbo:currency >> dbr:Solidus_(coin) [SEP] [ANS] >> rdf:type >> dbo:Country
"translate question to dbpedia path: Question: Which parent company of  Edsel was the first team of the 1967 Mexican Grand Prix ? | Entities possibly involved: dbr:Edsel, dbr:1967_Mexican_Grand_Prix",dbr:1967_Mexican_Grand_Prix >> dbp:firstTeam >> [ANS] [SEP] dbr:Edsel >> dbp:parent >> [ANS]
"translate question to dbpedia path: Question: What team did Joe Porter and Eddie Anderson play for? | Entities possibly involved: dbr:Joe_Porter_(American_football), dbr:Eddie_Anderson_(safety)",dbr:Eddie_Anderson_(safety) >> dbo:team >> [ANS] [SEP] dbr:Joe_Porter_(American_football) >> dbo:formerTeam >> [ANS]
translate question to dbpedia path: Question: Which engine's successor's predecessor is BMW M10? | Entities possibly involved: dbr:BMW_M10,[ANS] >> dbo:successor >> [VAR1] [SEP] [ANS] >> rdf:type >> dbo:Engine [SEP] [VAR1] >> dbo:predecessor >> dbr:BMW_M10
translate question to dbpedia path: Question: List the movies directed by Stanley Kubrick? | Entities possibly involved: dbr:Stanley_Kubrick,[ANS] >> dbo:director >> dbr:Stanley_Kubrick [SEP] [ANS] >> rdf:type >> dbo:Film
"translate question to dbpedia path: Question: What team were the people drafted to, which are in the National Hockey League? | Entities possibly involved: dbr:National_Hockey_League",[VAR1] >> dbp:draftTeam >> [ANS] [SEP] [VAR1] >> dbp:league >> dbr:National_Hockey_League [SEP] [VAR1] >> rdf:type >> dbo:Person
translate question to dbpedia path: Question: Who developed the software for the operating system of Macintosh Quadra 660AV ? | Entities possibly involved: dbr:Macintosh_Quadra_660AV,[VAR1] >> dbo:developer >> [ANS] [SEP] [VAR1] >> rdf:type >> dbo:Software [SEP] dbr:Macintosh_Quadra_660AV >> dbo:operatingSystem >> [VAR1]
translate question to dbpedia path: Question: From what american football teams did Carlos Emmons play? | Entities possibly involved: dbr:Carlos_Emmons_(American_football),dbr:Carlos_Emmons_(American_football) >> dbo:formerTeam >> [ANS]
translate question to dbpedia path: Question: Who are the employer of Don R. Berlin? | Entities possibly involved: dbr:Don_R._Berlin,dbr:Don_R._Berlin >> dbo:employer >> [ANS]
"translate question to dbpedia path: Question: Is Peter Crouch currently in the Stoke City FC? | Entities possibly involved: dbr:Stoke_City_F.C., dbr:Peter_Crouch",ASK >> dbr:Peter_Crouch >> dbp:currentclub >> dbr:Stoke_City_F.C.
"translate question to dbpedia path: Question: Is the Mount St Peter Church made in the international architectural style? | Entities possibly involved: dbr:Mount_St._Peter_Church, dbr:International_Style_(architecture)",ASK >> dbr:Mount_St._Peter_Church >> dbp:architecture >> dbr:International_Style_(architecture)
"translate question to dbpedia path: Question: What woman acted in the mating habits of earthbound humans and is often associated with Mams taylor? | Entities possibly involved: dbr:Mams_Taylor, dbr:The_Mating_Habits_of_the_Earthbound_Human",dbr:Mams_Taylor >> dbo:associatedMusicalArtist >> [ANS] [SEP] dbr:The_Mating_Habits_of_the_Earthbound_Human >> dbp:starring >> [ANS]
translate question to dbpedia path: Question: How many other Guests are there of the television episodes whose Guests is Brian d'Arcy James ? | Entities possibly involved: dbr:Brian_d'Arcy_James,COUNT >> [VAR1] >> dbp:guests >> [ANS] [SEP] [VAR1] >> dbp:guests >> dbr:Brian_d'Arcy_James
translate question to dbpedia path: Question: Who is the writer of He's a Pirate ? | Entities possibly involved: dbr:He's_a_Pirate,dbr:He's_a_Pirate >> dbp:writer >> [ANS]
translate question to dbpedia path: Question: Which movies have their music composed by someone that signed up with RCA Records? | Entities possibly involved: dbr:RCA_Records,[ANS] >> dbo:musicComposer >> [VAR1] [SEP] [ANS] >> rdf:type >> dbo:Film [SEP] [VAR1] >> dbo:recordLabel >> dbr:RCA_Records
"translate question to dbpedia path: Question: Was the cover of The adventures of Tom Sawyer designed by Mark Twain? | Entities possibly involved: dbr:Mark_Twain, dbr:The_Adventures_of_Tom_Sawyer",ASK >> dbr:The_Adventures_of_Tom_Sawyer >> dbo:coverArtist >> dbr:Mark_Twain
translate question to dbpedia path: Question: What is the ideology of Palang Dharma Party ? | Entities possibly involved: dbr:Palang_Dharma_Party,dbr:Palang_Dharma_Party >> dbo:ideology >> [ANS]
"translate question to dbpedia path: Question: Which philosophy journal has compiler as Stephen Law ? | Entities possibly involved: dbr:Stephen_Law, dbr:Philosophy",[ANS] >> dbp:discipline >> dbr:Philosophy [SEP] [ANS] >> dbp:editor >> dbr:Stephen_Law [SEP] [ANS] >> rdf:type >> dbo:AcademicJournal
"translate question to dbpedia path: Question: Which military conflict took place in Israel and had commander as Jaber Al-Ahmad Al-Sabah? | Entities possibly involved: dbr:Israel, dbr:Jaber_Al-Ahmad_Al-Sabah",[ANS] >> dbo:commander >> dbr:Jaber_Al-Ahmad_Al-Sabah [SEP] [ANS] >> dbo:place >> dbr:Israel [SEP] [ANS] >> rdf:type >> dbo:MilitaryConflict
"translate question to dbpedia path: Question: Where is the fictional character from, whose last appearance was in the Avengers, 1998? | Entities possibly involved: dbr:The_Avengers_(1998_film)",[VAR1] >> dbp:last >> dbr:The_Avengers_(1998_film) [SEP] [VAR1] >> dbp:nationality >> [ANS] [SEP] [VAR1] >> rdf:type >> dbo:FictionalCharacter
"translate question to dbpedia path: Question: Which idelogy of the Palang Dharma Party is also the  faith of Miao people ? | Entities possibly involved: dbr:Miao_people, dbr:Palang_Dharma_Party",dbr:Miao_people >> dbo:religion >> [ANS] [SEP] dbr:Palang_Dharma_Party >> dbo:ideology >> [ANS]
translate question to dbpedia path: Question: List the movies produced by Michael Deeley ? | Entities possibly involved: dbr:Michael_Deeley,[ANS] >> dbo:producer >> dbr:Michael_Deeley [SEP] [ANS] >> rdf:type >> dbo:Film
translate question to dbpedia path: Question: Where did Louis chevrolet die ? | Entities possibly involved: dbr:Louis_Chevrolet,dbr:Louis_Chevrolet >> dbp:deathPlace >> [ANS]
"translate question to dbpedia path: Question: Is Bacillus belong to the domain Bacteria? | Entities possibly involved: dbr:Bacillus, dbr:Bacteria",ASK >> dbr:Bacillus >> dbp:domain >> dbr:Bacteria
"translate question to dbpedia path: Question: Count the total number of software whose programming language is C++ and operating system is Microsoft Windows? | Entities possibly involved: dbr:Microsoft_Windows, dbr:C++",COUNT >> [ANS] >> dbo:operatingSystem >> dbr:Microsoft_Windows [SEP] [ANS] >> dbp:programmingLanguage >> dbr:C++
translate question to dbpedia path: Question: What is the total number of politicians whose predecessor's deputy is Jenny Macklin? | Entities possibly involved: dbr:Jenny_Macklin,COUNT >> [ANS] >> dbp:predecessor >> [VAR1] [SEP] [ANS] >> rdf:type >> dbo:OfficeHolder [SEP] [VAR1] >> dbp:deputy >> dbr:Jenny_Macklin
translate question to dbpedia path: Question: How many managers have managed Middlesbrough FC? | Entities possibly involved: dbr:Middlesbrough_F.C.,COUNT >> [ANS] >> dbo:managerClub >> dbr:Middlesbrough_F.C.
translate question to dbpedia path: Question: Give me a count of bridges located in California ? | Entities possibly involved: dbr:California,COUNT >> [ANS] >> dbo:locatedInArea >> dbr:California [SEP] [ANS] >> rdf:type >> dbo:Bridge
translate question to dbpedia path: Question: What are the sports played by the universities who also plays taekwondo ? | Entities possibly involved: dbr:Taekwondo,[VAR1] >> dbp:athletics >> [ANS] [SEP] [VAR1] >> dbp:athletics >> dbr:Taekwondo
translate question to dbpedia path: Question: Who all are buried in Arlington national cementary? | Entities possibly involved: dbr:Arlington_National_Cemetery,[ANS] >> dbp:placeofburial >> dbr:Arlington_National_Cemetery
translate question to dbpedia path: Question: How many different genres led to other genres where drums are important? | Entities possibly involved: dbr:Drum_kit,COUNT >> [ANS] >> rdf:type >> dbo:MusicGenre [SEP] [VAR1] >> dbo:stylisticOrigin >> [ANS] [SEP] [VAR1] >> dbp:instruments >> dbr:Drum_kit
"translate question to dbpedia path: Question: Is Trevor Peacock the narrator of Fred Claus? | Entities possibly involved: dbr:Fred_Claus, dbr:Trevor_Peacock",ASK >> dbr:Fred_Claus >> dbp:narrator >> dbr:Trevor_Peacock
translate question to dbpedia path: Question: List all the bands which have members of the band Guy in them? | Entities possibly involved: dbr:Guy_(band),[VAR1] >> dbo:associatedBand >> [ANS] [SEP] dbr:Guy_(band) >> dbo:bandMember >> [VAR1]
translate question to dbpedia path: Question: Who are the predecessors of John Randolph of Roanoke? | Entities possibly involved: dbr:John_Randolph_of_Roanoke,[ANS] >> dbp:predecessor >> dbr:John_Randolph_of_Roanoke
"translate question to dbpedia path: Question: Was A Jitney Elopement edited by Charlie Chaplin? | Entities possibly involved: dbr:A_Jitney_Elopement, dbr:Charlie_Chaplin",ASK >> dbr:A_Jitney_Elopement >> dbo:editing >> dbr:Charlie_Chaplin
"translate question to dbpedia path: Question: What team did J P Paris was former team of Bert McCaffrey play for? | Entities possibly involved: dbr:J._P._Parisé, dbr:Bert_McCaffrey",dbr:Bert_McCaffrey >> dbo:formerTeam >> [ANS] [SEP] dbr:J._P._Parisé >> dbp:playedFor >> [ANS]
"translate question to dbpedia path: Question: What is the river that falls into North Sea and Thames Estuary? | Entities possibly involved: dbr:Thames_Estuary, dbr:North_Sea",[ANS] >> dbo:riverMouth >> dbr:North_Sea [SEP] [ANS] >> dbo:riverMouth >> dbr:Thames_Estuary [SEP] [ANS] >> rdf:type >> dbo:River
translate question to dbpedia path: Question: How many companies were founded in Dallas? | Entities possibly involved: dbr:Dallas,COUNT >> [ANS] >> dbp:foundation >> dbr:Dallas [SEP] [ANS] >> rdf:type >> dbo:Company
translate question to dbpedia path: Question: Which range of mountains are there in canton of Fribourg? | Entities possibly involved: dbr:Canton_of_Fribourg,[VAR1] >> dbo:locatedInArea >> dbr:Canton_of_Fribourg [SEP] [VAR1] >> dbo:mountainRange >> [ANS]
translate question to dbpedia path: Question: Which species' members are there in the animal kingdom? | Entities possibly involved: dbr:Animal,[VAR1] >> dbo:kingdom >> dbr:Animal [SEP] [VAR1] >> dbo:species >> [ANS]
"translate question to dbpedia path: Question: Was Henry Knox a major general? | Entities possibly involved: dbr:Henry_Knox, dbr:Major_general_(United_States)",ASK >> dbr:Henry_Knox >> dbo:militaryRank >> dbr:Major_general_(United_States)
translate question to dbpedia path: Question: Which stadium is owned by the team whose manager is Dimitris Terezopoulos? | Entities possibly involved: dbr:Dimitris_Terezopoulos,[VAR1] >> dbp:manager >> dbr:Dimitris_Terezopoulos [SEP] [VAR1] >> dbp:stadium >> [ANS]
translate question to dbpedia path: Question: From how many countries did the aeroplanes designed by Alexander Lippisch originate? | Entities possibly involved: dbr:Alexander_Lippisch,COUNT >> [ANS] >> rdf:type >> dbo:Country [SEP] [VAR1] >> dbp:designer >> dbr:Alexander_Lippisch [SEP] [VAR1] >> dbp:nationalOrigin >> [ANS]
"translate question to dbpedia path: Question: Do the White Plains Road lie in the Bronx county? | Entities possibly involved: dbr:The_Bronx, dbr:White_Plains_Road",ASK >> dbr:White_Plains_Road >> dbp:counties >> dbr:The_Bronx
translate question to dbpedia path: Question: Name presidents of the schools which have queen noor of Jordan as one of them ? | Entities possibly involved: dbr:Queen_Noor_of_Jordan,[VAR1] >> dbo:president >> dbr:Queen_Noor_of_Jordan [SEP] [VAR1] >> dbp:president >> [ANS] [SEP] [VAR1] >> rdf:type >> dbo:School
translate question to dbpedia path: Question: How many bands are signed up with Kobalt Label Services? | Entities possibly involved: dbr:Kobalt_Label_Services,COUNT >> [ANS] >> dbo:recordLabel >> dbr:Kobalt_Label_Services [SEP] [ANS] >> rdf:type >> dbo:Band
"translate question to dbpedia path: Question: Was 12th Field Artillery Regiment garrisoned at colorado? | Entities possibly involved: dbr:12th_Field_Artillery_Regiment, dbr:Colorado",ASK >> dbr:12th_Field_Artillery_Regiment >> dbo:garrison >> dbr:Colorado
translate question to dbpedia path: Question: What are some games availible on nintendo's virtual console? | Entities possibly involved: dbr:Virtual_Console,[ANS] >> dbo:computingPlatform >> dbr:Virtual_Console [SEP] [ANS] >> rdf:type >> dbo:VideoGame
translate question to dbpedia path: Question: Where did the film director of Kala Pani die? | Entities possibly involved: dbr:Kala_Pani_(1958_film),[VAR1] >> dbo:deathPlace >> [ANS] [SEP] dbr:Kala_Pani_(1958_film) >> dbo:director >> [VAR1]
translate question to dbpedia path: Question: What are the death place of the models whose hair color was Red? | Entities possibly involved: dbr:Red_hair,[VAR1] >> dbp:deathPlace >> [ANS] [SEP] [VAR1] >> dbp:hairColor >> dbr:Red_hair [SEP] [VAR1] >> rdf:type >> dbo:Model
translate question to dbpedia path: Question: To which region does the Miluk language belong? | Entities possibly involved: dbr:Miluk_language,dbr:Miluk_language >> dbp:region >> [ANS]
translate question to dbpedia path: Question: What is the Ceremonial County of Port of Tilbury ? | Entities possibly involved: dbr:Port_of_Tilbury,dbr:Port_of_Tilbury >> dbo:ceremonialCounty >> [ANS]
"translate question to dbpedia path: Question: What is the television show whose sculptor is C. E. Webber and composed by Murray Gold? | Entities possibly involved: dbr:C._E._Webber, dbr:Murray_Gold",[ANS] >> dbo:composer >> dbr:Murray_Gold [SEP] [ANS] >> dbo:creator >> dbr:C._E._Webber [SEP] [ANS] >> rdf:type >> dbo:TelevisionShow
translate question to dbpedia path: Question: Who created the world series of Poker? | Entities possibly involved: dbr:World_Series_of_Poker,dbr:World_Series_of_Poker >> dbp:founded >> [ANS]
translate question to dbpedia path: Question: Which fictional character's relatives were made by Ted Osborne? | Entities possibly involved: dbr:Ted_Osborne,[ANS] >> dbp:relatives >> [VAR1] [SEP] [ANS] >> rdf:type >> dbo:FictionalCharacter [SEP] [VAR1] >> dbo:creator >> dbr:Ted_Osborne
translate question to dbpedia path: Question: Who are the stars of the movies which are distributed by Artisan Entertainment ? | Entities possibly involved: dbr:Artisan_Entertainment,[VAR1] >> dbo:starring >> [ANS] [SEP] [VAR1] >> dbp:distributor >> dbr:Artisan_Entertainment [SEP] [VAR1] >> rdf:type >> dbo:Film
translate question to dbpedia path: Question: Count the different religions followed by Second Lieutenants in military. | Entities possibly involved: dbr:Second_lieutenant,COUNT >> [VAR1] >> dbo:militaryRank >> dbr:Second_lieutenant [SEP] [VAR1] >> dbo:religion >> [ANS]
translate question to dbpedia path: Question: Name the river mouth of Moordener Kill ? | Entities possibly involved: dbr:Moordener_Kill,dbr:Moordener_Kill >> dbo:riverMouth >> [ANS]
translate question to dbpedia path: Question: List the producer of the TV shows whose company is HBO. | Entities possibly involved: dbr:HBO,[VAR1] >> dbo:company >> dbr:HBO [SEP] [VAR1] >> dbo:producer >> [ANS] [SEP] [VAR1] >> rdf:type >> dbo:TelevisionShow
"translate question to dbpedia path: Question: What is the television show whose company is Playtone and written by Erik Jendresen? | Entities possibly involved: dbr:Erik_Jendresen, dbr:Playtone",[ANS] >> dbo:company >> dbr:Playtone [SEP] [ANS] >> dbp:writer >> dbr:Erik_Jendresen [SEP] [ANS] >> rdf:type >> dbo:TelevisionShow
translate question to dbpedia path: Question: What railway lines go through the stations maintained by Western Australian Public Transport Authority? | Entities possibly involved: dbr:Public_Transport_Authority_(Western_Australia),[VAR1] >> dbo:owningOrganisation >> dbr:Public_Transport_Authority_(Western_Australia) [SEP] [VAR1] >> dbo:servingRailwayLine >> [ANS] [SEP] [VAR1] >> rdf:type >> dbo:Station
translate question to dbpedia path: Question: How many publisher have been founded by american citizens? | Entities possibly involved: dbr:United_States,COUNT >> [ANS] >> dbo:founder >> [VAR1] [SEP] [ANS] >> rdf:type >> dbo:Publisher [SEP] [VAR1] >> dbo:stateOfOrigin >> dbr:United_States
translate question to dbpedia path: Question: How many other region served are there of the companies which serves  Pacific Ocean ? | Entities possibly involved: dbr:Pacific_Ocean,COUNT >> [VAR1] >> dbo:regionServed >> [ANS] [SEP] [VAR1] >> dbo:regionServed >> dbr:Pacific_Ocean
translate question to dbpedia path: Question: How many countries surround the sea into which the Upper Neratva flow? | Entities possibly involved: dbr:Upper_Neretva,COUNT >> [VAR1] >> dbo:country >> [ANS] [SEP] [VAR1] >> rdf:type >> dbo:Sea [SEP] dbr:Upper_Neretva >> dbo:riverMouth >> [VAR1]
translate question to dbpedia path: Question: How many rivers end in the Indian Ocean? | Entities possibly involved: dbr:Indian_Ocean,COUNT >> [ANS] >> dbo:riverMouth >> dbr:Indian_Ocean [SEP] [ANS] >> rdf:type >> dbo:River
translate question to dbpedia path: Question: Who is owner of the soccer club which owns the Cobham Training Centre? | Entities possibly involved: dbr:Cobham_Training_Centre,[VAR1] >> dbp:owner >> [ANS] [SEP] dbr:Cobham_Training_Centre >> dbp:owner >> [VAR1]
translate question to dbpedia path: Question: List some things that Swedish people have become famous for? | Entities possibly involved: dbr:Sweden,[VAR1] >> dbo:knownFor >> [ANS] [SEP] [VAR1] >> dbo:stateOfOrigin >> dbr:Sweden
"translate question to dbpedia path: Question: Is Esther Alder the mayor of Geneva? | Entities possibly involved: dbr:Esther_Alder, dbr:Geneva",ASK >> dbr:Geneva >> dbp:mayor >> dbr:Esther_Alder
translate question to dbpedia path: Question: Which shows have voices from people signed up with ABC Records? | Entities possibly involved: dbr:ABC_Records,[ANS] >> dbp:voices >> [VAR1] [SEP] [ANS] >> rdf:type >> dbo:TelevisionShow [SEP] [VAR1] >> dbp:label >> dbr:ABC_Records
"translate question to dbpedia path: Question: Is National Archaeological Museum (Florence) the museum of Chimera of Arezzo? | Entities possibly involved: dbr:National_Archaeological_Museum_(Florence), dbr:Chimera_of_Arezzo",ASK >> dbr:Chimera_of_Arezzo >> dbp:museum >> dbr:National_Archaeological_Museum_(Florence)
"translate question to dbpedia path: Question: Who is the President of the United World College of Costa Rica and United World Colleges ? | Entities possibly involved: dbr:United_World_Colleges, dbr:United_World_College_of_Costa_Rica",dbr:United_World_College_of_Costa_Rica >> dbp:president >> [ANS] [SEP] dbr:United_World_Colleges >> dbp:president >> [ANS]
translate question to dbpedia path: Question: How many artists' works are in Muse d'Orsay? | Entities possibly involved: dbr:Musée_d'Orsay,COUNT >> [ANS] >> rdf:type >> dbo:Artist [SEP] [VAR1] >> dbp:artist >> [ANS] [SEP] [VAR1] >> dbp:museum >> dbr:Musée_d'Orsay
translate question to dbpedia path: Question: Whose wife is a presenter at WWE? | Entities possibly involved: dbr:WWE,[ANS] >> dbo:spouse >> [VAR1] [SEP] [VAR1] >> dbp:presenter >> dbr:WWE
translate question to dbpedia path: Question: Give me a count of everything owned by the network whose sister name is The CW? | Entities possibly involved: dbr:The_CW,COUNT >> [ANS] >> dbp:network >> [VAR1] [SEP] [VAR1] >> dbp:sisterNames >> dbr:The_CW
translate question to dbpedia path: Question: What sporting goods companies are located in Herzogenaurach? | Entities possibly involved: dbr:Herzogenaurach,[ANS] >> dbp:location >> dbr:Herzogenaurach
translate question to dbpedia path: Question: Name the commander of Battle of the Thames ? | Entities possibly involved: dbr:Battle_of_the_Thames,dbr:Battle_of_the_Thames >> dbo:commander >> [ANS]
translate question to dbpedia path: Question: Name the sports played by Fr. Agnel Multipurpose School and Junior College? | Entities possibly involved: dbr:Fr._Agnel_Multipurpose_School_and_Junior_College,dbr:Fr._Agnel_Multipurpose_School_and_Junior_College >> dbo:sport >> [ANS]
"translate question to dbpedia path: Question: What is the base currency of the Benelux which can be used in Republic of Montenegro? | Entities possibly involved: dbr:Benelux, dbr:Republic_of_Montenegro_(1992–2006)",dbr:Benelux >> dbp:currency >> [ANS] [SEP] dbr:Republic_of_Montenegro_(1992–2006) >> dbp:currency >> [ANS]
translate question to dbpedia path: Question: What is the alma mater of Julian Leow Beng Kim? | Entities possibly involved: dbr:Julian_Leow_Beng_Kim,dbr:Julian_Leow_Beng_Kim >> dbp:almaMater >> [ANS]
"translate question to dbpedia path: Question: Is Eddie Bravo the trainer of Alan Jouban | Entities possibly involved: dbr:Eddie_Bravo, dbr:Alan_Jouban",ASK >> dbr:Alan_Jouban >> dbo:trainer >> dbr:Eddie_Bravo
translate question to dbpedia path: Question: How many awards have been given to the participants of the Lawrence Realization Stakes? | Entities possibly involved: dbr:Lawrence_Realization_Stakes,COUNT >> [VAR1] >> dbo:honours >> [ANS] [SEP] [VAR1] >> dbp:race >> dbr:Lawrence_Realization_Stakes
"translate question to dbpedia path: Question: List the work  edited by  Mark Stevens and directed by Joel Schumacher? | Entities possibly involved: dbr:Joel_Schumacher, dbr:Mark_Stevens_(film_editor)",[ANS] >> dbo:director >> dbr:Joel_Schumacher [SEP] [ANS] >> dbp:editing >> dbr:Mark_Stevens_(film_editor) [SEP] [ANS] >> rdf:type >> dbo:Work
"translate question to dbpedia path: Question: Which president of William Eustus also married to Dolley Madison ? | Entities possibly involved: dbr:Dolley_Madison, dbr:William_Eustis",dbr:Dolley_Madison >> dbo:spouse >> [ANS] [SEP] dbr:William_Eustis >> dbp:president >> [ANS]
translate question to dbpedia path: Question: Count the different types of Flatbread ? | Entities possibly involved: dbr:Flatbread,COUNT >> [ANS] >> dbo:type >> dbr:Flatbread
translate question to dbpedia path: Question: Count the birthplaces of recepients of the National Museum of Racing and Hall of Fame. | Entities possibly involved: dbr:National_Museum_of_Racing_and_Hall_of_Fame,COUNT >> [ANS] >> rdf:type >> dbo:Place [SEP] [VAR1] >> dbo:birthPlace >> [ANS] [SEP] [VAR1] >> dbo:honours >> dbr:National_Museum_of_Racing_and_Hall_of_Fame
translate question to dbpedia path: Question: Name the serving line of Daund Junction railway station? | Entities possibly involved: dbr:Daund_Junction_railway_station,dbr:Daund_Junction_railway_station >> dbo:servingRailwayLine >> [ANS]
translate question to dbpedia path: Question: How many companies serve the Australian region? | Entities possibly involved: dbr:Australia,COUNT >> [ANS] >> dbo:regionServed >> dbr:Australia [SEP] [ANS] >> rdf:type >> dbo:Company
"translate question to dbpedia path: Question: How many teams was Garry Unger in, previously? | Entities possibly involved: dbr:Garry_Unger",COUNT >> [ANS] >> rdf:type >> dbo:SportsTeam [SEP] dbr:Garry_Unger >> dbo:formerTeam >> [ANS]
translate question to dbpedia path: Question: How many writers worked on the album Main Course? | Entities possibly involved: dbr:Main_Course,COUNT >> [VAR1] >> dbp:album >> dbr:Main_Course [SEP] [VAR1] >> dbp:writer >> [ANS]
translate question to dbpedia path: Question: List the popular works of the author of Luther: The Calling ? | Entities possibly involved: dbr:Luther:_The_Calling,[VAR1] >> dbo:notableWork >> [ANS] [SEP] dbr:Luther:_The_Calling >> dbp:author >> [VAR1]
translate question to dbpedia path: Question: Which were the philosophers whose primary interest was Natural philosophy? | Entities possibly involved: dbr:Natural_philosophy,[ANS] >> dbp:mainInterests >> dbr:Natural_philosophy [SEP] [ANS] >> rdf:type >> dbo:Philosopher
"translate question to dbpedia path: Question: Was the FIS Alpine World Ski Championship of 1950 held in Colorado? | Entities possibly involved: dbr:Colorado, dbr:FIS_Alpine_World_Ski_Championships_1950",ASK >> dbr:FIS_Alpine_World_Ski_Championships_1950 >> dbp:hostCity >> dbr:Colorado
translate question to dbpedia path: Question: What is the place of death of the royalties one of whose parents was Adam Ludwik Czartoryski? | Entities possibly involved: dbr:Adam_Ludwik_Czartoryski,[VAR1] >> dbo:parent >> dbr:Adam_Ludwik_Czartoryski [SEP] [VAR1] >> dbp:deathPlace >> [ANS] [SEP] [VAR1] >> rdf:type >> dbo:Royalty
translate question to dbpedia path: Question: What is the total number of other restingplace of the politicians whose one of the restingplace is East Norwalk Historical Cemetery? | Entities possibly involved: dbr:East_Norwalk_Historical_Cemetery,COUNT >> [VAR1] >> dbp:restingplace >> [ANS] [SEP] [VAR1] >> dbp:restingplace >> dbr:East_Norwalk_Historical_Cemetery
translate question to dbpedia path: Question: Who were the pole drivers in GP when Damon hill was a first driver? | Entities possibly involved: dbr:Damon_Hill,[VAR1] >> dbo:firstDriver >> dbr:Damon_Hill [SEP] [VAR1] >> dbo:poleDriver >> [ANS] [SEP] [VAR1] >> rdf:type >> dbo:GrandPrix
translate question to dbpedia path: Question: How many albums were released under the Victor Entertainment label? | Entities possibly involved: dbr:Victor_Entertainment,COUNT >> [ANS] >> dbp:label >> dbr:Victor_Entertainment [SEP] [ANS] >> rdf:type >> dbo:Album
translate question to dbpedia path: Question: In how many places can I find tombs of people who fought in the Norwalk Trainband? | Entities possibly involved: dbr:Norwalk_Trainband,COUNT >> [VAR1] >> dbo:militaryUnit >> dbr:Norwalk_Trainband [SEP] [VAR1] >> dbp:restingplace >> [ANS]
"translate question to dbpedia path: Question: Does GeneWeb have the GPL license? | Entities possibly involved: dbr:GNU_General_Public_License, dbr:GeneWeb",ASK >> dbr:GeneWeb >> dbp:license >> dbr:GNU_General_Public_License
translate question to dbpedia path: Question: What is the location of Dad's Root Beer on Google maps? | Entities possibly involved: dbr:Dad's_Root_Beer,dbr:Dad's_Root_Beer >> dbp:locationCity >> [ANS]
"translate question to dbpedia path: Question: Is Darcs released with a GNU license? | Entities possibly involved: dbr:Darcs, dbr:GNU",ASK >> dbr:Darcs >> dbo:license >> dbr:GNU
translate question to dbpedia path: Question: How many saints have been venerated in Judaism? | Entities possibly involved: dbr:Judaism,COUNT >> [ANS] >> dbo:veneratedIn >> dbr:Judaism [SEP] [ANS] >> rdf:type >> dbo:Saint
translate question to dbpedia path: Question: How many people are famous for the Gibson Les Paul? | Entities possibly involved: dbr:Gibson_Les_Paul,COUNT >> [ANS] >> dbp:notableInstruments >> dbr:Gibson_Les_Paul
translate question to dbpedia path: Question: What municipalities are adjacent to Chne-Bougeries? | Entities possibly involved: dbr:Chêne-Bougeries,[ANS] >> dbp:neighboringMunicipalities >> dbr:Chêne-Bougeries
translate question to dbpedia path: Question: List all the wine regions of the grapes whose one of the wine region is Mississippi ? | Entities possibly involved: dbr:Mississippi,[VAR1] >> dbo:wineRegion >> [ANS] [SEP] [VAR1] >> dbo:wineRegion >> dbr:Mississippi [SEP] [VAR1] >> rdf:type >> dbo:Grape
translate question to dbpedia path: Question: For which clubs do the players of Azam F.C. play for? | Entities possibly involved: dbr:Azam_F.C.,[VAR1] >> dbo:team >> [ANS] [SEP] [VAR1] >> rdf:type >> dbo:SoccerPlayer [SEP] dbr:Azam_F.C. >> dbp:name >> [VAR1]
translate question to dbpedia path: Question: What are the mammals whose phylum is Chordate? | Entities possibly involved: dbr:Chordate,[ANS] >> dbo:phylum >> dbr:Chordate [SEP] [ANS] >> rdf:type >> dbo:Mammal
translate question to dbpedia path: Question: Give me an estimate of the number of manufacturers whose products are managed by MTR? | Entities possibly involved: dbr:MTR,COUNT >> [VAR1] >> dbo:manufacturer >> [ANS] [SEP] [VAR1] >> dbo:operator >> dbr:MTR
translate question to dbpedia path: Question: How many artists play as Rickenbacker? | Entities possibly involved: dbr:Rickenbacker,COUNT >> [ANS] >> dbo:instrument >> dbr:Rickenbacker [SEP] [ANS] >> rdf:type >> dbo:Artist
translate question to dbpedia path: Question: Which citys mayor is anne hidalgo? | Entities possibly involved: dbr:Anne_Hidalgo,[ANS] >> dbo:mayor >> dbr:Anne_Hidalgo
translate question to dbpedia path: Question: How many ingedients are required to make the Ragout Fin? | Entities possibly involved: dbr:Ragout_fin,COUNT >> dbr:Ragout_fin >> dbo:ingredient >> [ANS]
translate question to dbpedia path: Question: Tell me the number of writers whose works have been recorded in Criteria Studios? | Entities possibly involved: dbr:Criteria_Studios,COUNT >> [ANS] >> rdf:type >> dbo:Artist [SEP] [VAR1] >> dbo:recordedIn >> dbr:Criteria_Studios [SEP] [VAR1] >> dbp:writer >> [ANS]
translate question to dbpedia path: Question: Under which archipelago does Canary Islands fall? | Entities possibly involved: dbr:Canary_Islands,[ANS] >> dbp:archipelago >> dbr:Canary_Islands
translate question to dbpedia path: Question: name the home stadium of FC Spartak Moscow season 2011-12 | Entities possibly involved: dbr:2011–12_FC_Spartak_Moscow_season,dbr:2011–12_FC_Spartak_Moscow_season >> dbo:homeStadium >> [ANS]
translate question to dbpedia path: Question: How many owners are there of lines starting at the South Station? | Entities possibly involved: dbr:South_Station,COUNT >> [VAR1] >> dbo:routeStart >> dbr:South_Station [SEP] [VAR1] >> dbp:owner >> [ANS]
"translate question to dbpedia path: Question: Count all those who've played for the youth club which owns the Rosario, Santa Fe stadium. | Entities possibly involved: dbr:Rosario,_Santa_Fe","COUNT >> [ANS] >> dbp:youthclubs >> [VAR1] [SEP] [VAR1] >> dbp:ground >> dbr:Rosario,_Santa_Fe"
translate question to dbpedia path: Question: What are the television shows whose company is Playtone? | Entities possibly involved: dbr:Playtone,[ANS] >> dbo:company >> dbr:Playtone [SEP] [ANS] >> rdf:type >> dbo:TelevisionShow
translate question to dbpedia path: Question: In which city are the schools whose district is Mumbai Suburban? | Entities possibly involved: dbr:Mumbai_Suburban_district,[VAR1] >> dbo:city >> [ANS] [SEP] [VAR1] >> dbp:district >> dbr:Mumbai_Suburban_district [SEP] [VAR1] >> rdf:type >> dbo:School
translate question to dbpedia path: Question: How many people currently play for Stoke City F.C.? | Entities possibly involved: dbr:Stoke_City_F.C.,COUNT >> [ANS] >> dbp:currentclub >> dbr:Stoke_City_F.C.
translate question to dbpedia path: Question: What are the outflow of the lakes which also has one of the outflow as Congo River ? | Entities possibly involved: dbr:Congo_River,[VAR1] >> dbo:outflow >> [ANS] [SEP] [VAR1] >> dbp:outflow >> dbr:Congo_River
translate question to dbpedia path: Question: How many cars succeeded the cars which were similar to Cadillac Fleetwood? | Entities possibly involved: dbr:Cadillac_Fleetwood,COUNT >> [VAR1] >> dbo:predecessor >> [ANS] [SEP] [VAR1] >> rdf:type >> dbo:Automobile [SEP] dbr:Cadillac_Fleetwood >> dbp:related >> [VAR1]
"translate question to dbpedia path: Question: Was the body of Elsie Paroubek discovered in Chicago? | Entities possibly involved: dbr:Chicago, dbr:Elsie_Paroubek",ASK >> dbr:Elsie_Paroubek >> dbo:bodyDiscovered >> dbr:Chicago
translate question to dbpedia path: Question: In how many languages did Marika Gombitova sing? | Entities possibly involved: dbr:Marika_Gombitová,COUNT >> [VAR1] >> dbp:artist >> dbr:Marika_Gombitová [SEP] [VAR1] >> dbp:language >> [ANS]
translate question to dbpedia path: Question: How many railway lines go through the station maintained by Public transport authority of western australia? | Entities possibly involved: dbr:Public_Transport_Authority_(Western_Australia),COUNT >> [ANS] >> rdf:type >> dbo:RailwayLine [SEP] [VAR1] >> dbo:owningOrganisation >> dbr:Public_Transport_Authority_(Western_Australia) [SEP] [VAR1] >> dbo:servingRailwayLine >> [ANS]
translate question to dbpedia path: Question: Count the different number of academic areas covered by publications of SAGE? | Entities possibly involved: dbr:SAGE_Publications,COUNT >> [VAR1] >> dbo:academicDiscipline >> [ANS] [SEP] [VAR1] >> dbp:publisher >> dbr:SAGE_Publications
translate question to dbpedia path: Question: How many services does the company who made Onedrive provide? | Entities possibly involved: dbr:OneDrive,COUNT >> [VAR1] >> dbo:service >> dbr:OneDrive [SEP] [VAR1] >> dbp:services >> [ANS]
translate question to dbpedia path: Question: Count the different religions practiced by people who are in the Malaysian and Chinese association. | Entities possibly involved: dbr:Malaysian_Chinese_Association,COUNT >> [VAR1] >> dbo:party >> dbr:Malaysian_Chinese_Association [SEP] [VAR1] >> dbo:religion >> [ANS]
translate question to dbpedia path: Question: List all those whose relatives' nationality is United States. | Entities possibly involved: dbr:United_States,[ANS] >> dbo:relative >> [VAR1] [SEP] [VAR1] >> dbp:nationality >> dbr:United_States
translate question to dbpedia path: Question: What is the genre of Battle Chess? | Entities possibly involved: dbr:Battle_Chess,dbr:Battle_Chess >> dbp:genre >> [ANS]
translate question to dbpedia path: Question: President of Ghana is the leader title of which country? | Entities possibly involved: dbr:President_of_Ghana,[ANS] >> dbp:leaderTitle >> dbr:President_of_Ghana [SEP] [ANS] >> rdf:type >> dbo:Country
translate question to dbpedia path: Question: What is the style of architecture of Pontiac Building ? | Entities possibly involved: dbr:Pontiac_Building,dbr:Pontiac_Building >> dbo:architecturalStyle >> [ANS]
translate question to dbpedia path: Question: Which basketball players have played in the league of National Basketball Association? | Entities possibly involved: dbr:National_Basketball_Association,[ANS] >> dbo:league >> dbr:National_Basketball_Association [SEP] [ANS] >> rdf:type >> dbo:BasketballPlayer
"translate question to dbpedia path: Question: Is Michelle D. Johnson the superintendent of United States Air Force Academy? | Entities possibly involved: dbr:Michelle_D._Johnson, dbr:United_States_Air_Force_Academy",ASK >> dbr:United_States_Air_Force_Academy >> dbp:superintendent >> dbr:Michelle_D._Johnson
translate question to dbpedia path: Question: Eric roth wrote how many screenplays? | Entities possibly involved: dbr:Eric_Roth,COUNT >> [ANS] >> dbp:screenplay >> dbr:Eric_Roth
translate question to dbpedia path: Question: Where is the tombstone of the successor of Edward Wolcott? | Entities possibly involved: dbr:Edward_O._Wolcott,[VAR1] >> dbo:restingPlace >> [ANS] [SEP] dbr:Edward_O._Wolcott >> dbp:successor >> [VAR1]
translate question to dbpedia path: Question: In how many places did the Schutzstaffels die? | Entities possibly involved: dbr:Schutzstaffel,COUNT >> [ANS] >> rdf:type >> dbo:Place [SEP] [VAR1] >> dbo:militaryRank >> dbr:Schutzstaffel [SEP] [VAR1] >> dbp:placeOfDeath >> [ANS]
translate question to dbpedia path: Question: How many members are there of the organization headquartered at Amstelveen? | Entities possibly involved: dbr:Amstelveen,COUNT >> [VAR1] >> dbp:headquarters >> dbr:Amstelveen [SEP] [VAR1] >> dbp:membership >> [ANS]
translate question to dbpedia path: Question: What are the nearest city to the historic places whose one of the nearest city is Wisconsin? | Entities possibly involved: dbr:Wisconsin,[VAR1] >> dbo:nearestCity >> dbr:Wisconsin [SEP] [VAR1] >> dbp:nearestCity >> [ANS] [SEP] [VAR1] >> rdf:type >> dbo:HistoricPlace
translate question to dbpedia path: Question: Who is the producer of Captain EO ? | Entities possibly involved: dbr:Captain_EO,dbr:Captain_EO >> dbp:producer >> [ANS]
translate question to dbpedia path: Question: Where did the conflict take place in which Henri Putz fought? | Entities possibly involved: dbr:Henri_Putz,[VAR1] >> dbo:territory >> [ANS] [SEP] dbr:Henri_Putz >> dbo:battle >> [VAR1]
translate question to dbpedia path: Question: Where did the aristocrats die whose mother was Maria Ludwika Krasiska? | Entities possibly involved: dbr:Maria_Ludwika_Krasińska,[VAR1] >> dbp:deathPlace >> [ANS] [SEP] [VAR1] >> dbp:mother >> dbr:Maria_Ludwika_Krasińska [SEP] [VAR1] >> rdf:type >> dbo:Royalty
"translate question to dbpedia path: Question: Is NY Rangers a prospective team for Robin Kovacs? | Entities possibly involved: dbr:New_York_Rangers, dbr:Robin_Kovacs",ASK >> dbr:Robin_Kovacs >> dbo:prospectTeam >> dbr:New_York_Rangers
"translate question to dbpedia path: Question: Is the Columbia University chaired by William Campbell? | Entities possibly involved: dbr:William_Campbell_(business_executive), dbr:Columbia_University",ASK >> dbr:Columbia_University >> dbo:chairman >> dbr:William_Campbell_(business_executive)
translate question to dbpedia path: Question: Who are the major stockholders of the bank which is the company of Bloomberg Markets ? | Entities possibly involved: dbr:Bloomberg_Markets,[VAR1] >> dbp:owner >> [ANS] [SEP] [VAR1] >> rdf:type >> dbo:Bank [SEP] dbr:Bloomberg_Markets >> dbp:company >> [VAR1]
translate question to dbpedia path: Question: List all crafts of the people whose one of the profession is Kingdom of Naples ? | Entities possibly involved: dbr:Kingdom_of_Naples,[VAR1] >> dbo:occupation >> [ANS] [SEP] [VAR1] >> dbo:occupation >> dbr:Kingdom_of_Naples [SEP] [VAR1] >> rdf:type >> dbo:Person
translate question to dbpedia path: Question: What are some developers which use Emacs Lisp in their projects? | Entities possibly involved: dbr:Emacs_Lisp,[VAR1] >> dbo:developer >> [ANS] [SEP] [VAR1] >> dbp:programmingLanguage >> dbr:Emacs_Lisp
translate question to dbpedia path: Question: Current players of Colorado Avalanche have previously played for how many different teams? | Entities possibly involved: dbr:Colorado_Avalanche,COUNT >> [ANS] >> rdf:type >> dbo:SportsTeam [SEP] [VAR1] >> dbo:formerTeam >> [ANS] [SEP] [VAR1] >> dbo:team >> dbr:Colorado_Avalanche
translate question to dbpedia path: Question: List the books whose authors are in Alcal de Henares. | Entities possibly involved: dbr:Alcalá_de_Henares,[ANS] >> dbo:author >> [VAR1] [SEP] [ANS] >> rdf:type >> dbo:Book [SEP] [VAR1] >> dbo:birthPlace >> dbr:Alcalá_de_Henares
translate question to dbpedia path: Question: Who is the stockholder of Paphos International Airport ? | Entities possibly involved: dbr:Paphos_International_Airport,dbr:Paphos_International_Airport >> dbp:owner >> [ANS]
translate question to dbpedia path: Question: Give me the total number of architect of the buildings whose one of the  architect was Louis D. Astorino? | Entities possibly involved: dbr:Louis_D._Astorino,COUNT >> [VAR1] >> dbp:architect >> [ANS] [SEP] [VAR1] >> dbp:architect >> dbr:Louis_D._Astorino
translate question to dbpedia path: Question: In which races does Coneygree compete? | Entities possibly involved: dbr:Coneygree,dbr:Coneygree >> dbp:race >> [ANS]
translate question to dbpedia path: Question: What awards have been given to some screenwriters? | Entities possibly involved: dbr:Screenwriter,[VAR1] >> dbo:award >> [ANS] [SEP] [VAR1] >> dbo:occupation >> dbr:Screenwriter
translate question to dbpedia path: Question: List the total number of executive producer of TV show which have one of the executiive producer as Steven Moffat ? | Entities possibly involved: dbr:Steven_Moffat,COUNT >> [VAR1] >> dbo:executiveProducer >> dbr:Steven_Moffat [SEP] [VAR1] >> dbp:executiveProducer >> [ANS]
translate question to dbpedia path: Question: How many religions have the relatives of waxiangs followed? | Entities possibly involved: dbr:Waxiang_people,COUNT >> [VAR1] >> dbo:religion >> [ANS] [SEP] dbr:Waxiang_people >> dbp:related >> [VAR1]
translate question to dbpedia path: Question: For which team does Ramiro Pea play ? | Entities possibly involved: dbr:Ramiro_Peña,dbr:Ramiro_Peña >> dbo:team >> [ANS]
translate question to dbpedia path: Question: What are the books written by the the person who made the Novelas ejemplares? | Entities possibly involved: dbr:Novelas_ejemplares,[ANS] >> dbo:author >> [VAR1] [SEP] [ANS] >> rdf:type >> dbo:Book [SEP] [VAR1] >> dbo:notableWork >> dbr:Novelas_ejemplares
translate question to dbpedia path: Question: Count the total number of battles fought by the military people which fought in Levant ? | Entities possibly involved: dbr:Levant,COUNT >> [VAR1] >> dbp:battles >> [ANS] [SEP] [VAR1] >> dbp:battles >> dbr:Levant
translate question to dbpedia path: Question: How many subjects have been covered in fantasy novels? | Entities possibly involved: dbr:Fantasy,COUNT >> [VAR1] >> dbo:literaryGenre >> dbr:Fantasy [SEP] [VAR1] >> dbo:nonFictionSubject >> [ANS]
translate question to dbpedia path: Question: What is the television show whose theme music is by Primus? | Entities possibly involved: dbr:Primus_(band),[ANS] >> dbp:themeMusicComposer >> dbr:Primus_(band) [SEP] [ANS] >> rdf:type >> dbo:TelevisionShow
"translate question to dbpedia path: Question: What was created by Larry David and Jerry Seinfeld? | Entities possibly involved: dbr:Jerry_Seinfeld, dbr:Larry_David",[ANS] >> dbo:creator >> dbr:Jerry_Seinfeld [SEP] [ANS] >> dbo:creator >> dbr:Larry_David
"translate question to dbpedia path: Question: Was Let it Be written by Ringo Starr? | Entities possibly involved: dbr:Let_It_Be_(musical), dbr:Ringo_Starr",ASK >> dbr:Let_It_Be_(musical) >> dbo:musicBy >> dbr:Ringo_Starr
translate question to dbpedia path: Question: List the work institute of the medicians who has also worked at University of Miami ? | Entities possibly involved: dbr:University_of_Miami,[VAR1] >> dbp:workInstitutions >> [ANS] [SEP] [VAR1] >> dbp:workInstitutions >> dbr:University_of_Miami [SEP] [VAR1] >> rdf:type >> dbo:Medician
translate question to dbpedia path: Question: How many people have trained the wrestlers who were billed in Wisconsin? | Entities possibly involved: dbr:Wisconsin,COUNT >> [ANS] >> rdf:type >> dbo:Person [SEP] [VAR1] >> dbo:billed >> dbr:Wisconsin [SEP] [VAR1] >> dbo:trainer >> [ANS]
translate question to dbpedia path: Question: Which country did the prime minister belong to who was served by Thanong Bidaya ? | Entities possibly involved: dbr:Thanong_Bidaya,[VAR1] >> dbo:nationality >> [ANS] [SEP] dbr:Thanong_Bidaya >> dbp:primeminister >> [VAR1]
translate question to dbpedia path: Question: tell me the school to which Cyril Hume went? | Entities possibly involved: dbr:Cyril_Hume,dbr:Cyril_Hume >> dbp:education >> [ANS]
translate question to dbpedia path: Question: where did Boga originate? | Entities possibly involved: dbr:Boga_(soft_drink),dbr:Boga_(soft_drink) >> dbp:origin >> [ANS]
translate question to dbpedia path: Question: Who is the singer of the album which has a song Me and My arrow ? | Entities possibly involved: dbr:Me_and_My_Arrow,[VAR1] >> dbp:narrated >> [ANS] [SEP] [VAR1] >> rdf:type >> dbo:Album [SEP] dbr:Me_and_My_Arrow >> dbo:album >> [VAR1]
translate question to dbpedia path: Question: In how many different places can I fnd Modern Architectural buildings? | Entities possibly involved: dbr:Modern_architecture,COUNT >> [VAR1] >> dbp:address >> [ANS] [SEP] [VAR1] >> dbp:architecturalStyle >> dbr:Modern_architecture
translate question to dbpedia path: Question: What are the houses of Parliament Security Services ? | Entities possibly involved: dbr:Parliament_Security_Services,dbr:Parliament_Security_Services >> dbp:houses >> [ANS]
translate question to dbpedia path: Question: Count the  origin of the beverages which have been originated in england / | Entities possibly involved: dbr:England,COUNT >> [VAR1] >> dbp:origin >> [ANS] [SEP] [VAR1] >> dbp:origin >> dbr:England
translate question to dbpedia path: Question: Count the number of people became famous for when Andrew Jackson was a commander ? | Entities possibly involved: dbr:Andrew_Jackson,COUNT >> [ANS] >> dbo:knownFor >> [VAR1] [SEP] [VAR1] >> dbo:commander >> dbr:Andrew_Jackson
translate question to dbpedia path: Question: During the reigns of which monarchs was the name to the  Israelite kingdom as United Monarch? | Entities possibly involved: dbr:Kingdom_of_Israel_(united_monarchy),[ANS] >> dbp:title >> dbr:Kingdom_of_Israel_(united_monarchy)
translate question to dbpedia path: Question: What is the person known for who is the movie director of Sleepy-Time Squirrel ? | Entities possibly involved: dbr:Sleepy-Time_Squirrel,[VAR1] >> dbo:knownFor >> [ANS] [SEP] [VAR1] >> rdf:type >> dbo:Person [SEP] dbr:Sleepy-Time_Squirrel >> dbp:director >> [VAR1]
translate question to dbpedia path: Question: Which nation is the origin of Dornier Aerodyne ? | Entities possibly involved: dbr:Dornier_Aerodyne,dbr:Dornier_Aerodyne >> dbp:nationalOrigin >> [ANS]
translate question to dbpedia path: Question: Which type of  building is Qun Thnh Temple ? | Entities possibly involved: dbr:Quán_Thánh_Temple,dbr:Quán_Thánh_Temple >> dbp:buildingType >> [ANS]
translate question to dbpedia path: Question: Who is the artist of the album which has the song I Can't Change the World ? | Entities possibly involved: dbr:I_Can't_Change_the_World,[VAR1] >> dbp:artist >> [ANS] [SEP] dbr:I_Can't_Change_the_World >> dbp:album >> [VAR1]
"translate question to dbpedia path: Question: List TV shows with producer as Erik Bork and company is DreamWorks Television ? | Entities possibly involved: dbr:Erik_Bork, dbr:DreamWorks_Television",[ANS] >> dbo:company >> dbr:DreamWorks_Television [SEP] [ANS] >> dbo:producer >> dbr:Erik_Bork [SEP] [ANS] >> rdf:type >> dbo:TelevisionShow
"translate question to dbpedia path: Question: Which mountain range is the one with Ponte d'Aveneyre and Le Gibloux? | Entities possibly involved: dbr:Le_Gibloux, dbr:Pointe_d'Aveneyre",dbr:Le_Gibloux >> dbo:mountainRange >> [ANS] [SEP] dbr:Pointe_d'Aveneyre >> dbo:mountainRange >> [ANS]
translate question to dbpedia path: Question: Collaborators of Demis Roussos have composed music for which movies? | Entities possibly involved: dbr:Demis_Roussos,[ANS] >> dbo:musicComposer >> [VAR1] [SEP] [ANS] >> rdf:type >> dbo:Film [SEP] [VAR1] >> dbp:associatedActs >> dbr:Demis_Roussos
translate question to dbpedia path: Question: In how many places are the tombs of everyone who died in England? | Entities possibly involved: dbr:England,COUNT >> [ANS] >> rdf:type >> dbo:Place [SEP] [VAR1] >> dbp:placeOfBurial >> [ANS] [SEP] [VAR1] >> dbp:placeOfDeath >> dbr:England
translate question to dbpedia path: Question: Where did the people beatified by Pope Pius X die? | Entities possibly involved: dbr:Pope_Pius_X,[VAR1] >> dbp:beatifiedBy >> dbr:Pope_Pius_X [SEP] [VAR1] >> dbp:deathPlace >> [ANS] [SEP] [VAR1] >> rdf:type >> dbo:Person
translate question to dbpedia path: Question: Name all the venues of the convention which has also been hosted in San Diego Convention ? | Entities possibly involved: dbr:San_Diego_Convention_Center,[VAR1] >> dbp:venue >> [ANS] [SEP] [VAR1] >> dbp:venue >> dbr:San_Diego_Convention_Center
translate question to dbpedia path: Question: Count the different genres of music made by Argentinian bands? | Entities possibly involved: dbr:Argentina,COUNT >> [ANS] >> rdf:type >> dbo:MusicGenre [SEP] [VAR1] >> dbo:genre >> [ANS] [SEP] [VAR1] >> dbo:hometown >> dbr:Argentina
translate question to dbpedia path: Question: How many famous people are from the Filipinos? | Entities possibly involved: dbr:Filipinos,COUNT >> [ANS] >> dbo:stateOfOrigin >> dbr:Filipinos
translate question to dbpedia path: Question: How many people have managed a club which owns the Riverside Stadium? | Entities possibly involved: dbr:Riverside_Stadium,COUNT >> [ANS] >> dbo:managerClub >> [VAR1] [SEP] [ANS] >> rdf:type >> dbo:Person [SEP] [VAR1] >> dbp:ground >> dbr:Riverside_Stadium
"translate question to dbpedia path: Question: Where are the burial grounds of Willem Cornelis Janse van Rensburg and Thomas Franois Burgers? | Entities possibly involved: dbr:Willem_Cornelis_Janse_van_Rensburg, dbr:Thomas_François_Burgers",dbr:Thomas_François_Burgers >> dbp:restingplace >> [ANS] [SEP] dbr:Willem_Cornelis_Janse_van_Rensburg >> dbp:restingplace >> [ANS]
"translate question to dbpedia path: Question: Was George Cash in the western australian parliament? | Entities possibly involved: dbr:Western_Australia, dbr:George_Cash",ASK >> dbr:George_Cash >> dbp:parliament >> dbr:Western_Australia
translate question to dbpedia path: Question: What are the school mascots in Blytheville school district? | Entities possibly involved: dbr:Blytheville_School_District,[VAR1] >> dbp:district >> dbr:Blytheville_School_District [SEP] [VAR1] >> dbp:mascot >> [ANS] [SEP] [VAR1] >> rdf:type >> dbo:School
"translate question to dbpedia path: Question: Which country has the Carmel Winery and the Teperberg 1870 winery ? | Entities possibly involved: dbr:Teperberg_1870, dbr:Carmel_Winery",dbr:Carmel_Winery >> dbp:locationCountry >> [ANS] [SEP] dbr:Teperberg_1870 >> dbp:locationCountry >> [ANS]
translate question to dbpedia path: Question: Count the religions followed by people living in British Columbia. | Entities possibly involved: dbr:British_Columbia,COUNT >> [VAR1] >> dbp:religion >> [ANS] [SEP] [VAR1] >> dbp:residence >> dbr:British_Columbia
translate question to dbpedia path: Question: List the characters of Lysistrata ? | Entities possibly involved: dbr:Lysistrata,dbr:Lysistrata >> dbp:characters >> [ANS]
"translate question to dbpedia path: Question: Is Joe Schilling the trainer of Nick Diaz? | Entities possibly involved: dbr:Joe_Schilling, dbr:Nick_Diaz",ASK >> dbr:Nick_Diaz >> dbo:trainer >> dbr:Joe_Schilling
translate question to dbpedia path: Question: In how many districts is there a borough called tendring? | Entities possibly involved: dbr:Tendring,COUNT >> [VAR1] >> dbo:district >> [ANS] [SEP] [VAR1] >> dbp:borough >> dbr:Tendring
"translate question to dbpedia path: Question: For everyone who died in paris, count their different fields of work. | Entities possibly involved: dbr:Paris",COUNT >> [VAR1] >> dbp:deathPlace >> dbr:Paris [SEP] [VAR1] >> dbp:fields >> [ANS]
translate question to dbpedia path: Question: What is the meaning of Heydar ? | Entities possibly involved: dbr:Heydar,dbr:Heydar >> dbp:meaning >> [ANS]
translate question to dbpedia path: Question: On how many different grounds were seasons chaired by Ronaldo held? | Entities possibly involved: dbr:Ronaldo,COUNT >> [VAR1] >> dbo:chairman >> dbr:Ronaldo [SEP] [VAR1] >> dbo:ground >> [ANS]
translate question to dbpedia path: Question: Sentinel High School  team is known as ? | Entities possibly involved: dbr:Sentinel_High_School,dbr:Sentinel_High_School >> dbp:teamName >> [ANS]
"translate question to dbpedia path: Question: Sampson Cudjoe plays for the Ghana national team? | Entities possibly involved: dbr:Sampson_Cudjoe, dbr:Ghana",ASK >> dbr:Sampson_Cudjoe >> dbp:nationalteam >> dbr:Ghana
translate question to dbpedia path: Question: Give me a count of all ice hockey players whose teams are headcoached by John Tortorella? | Entities possibly involved: dbr:John_Tortorella,COUNT >> [ANS] >> dbo:team >> [VAR1] [SEP] [ANS] >> rdf:type >> dbo:IceHockeyPlayer [SEP] [VAR1] >> dbp:headCoach >> dbr:John_Tortorella
translate question to dbpedia path: Question: How many leagues have used the O.co Coliseum? | Entities possibly involved: dbr:O.co_Coliseum,COUNT >> dbr:O.co_Coliseum >> dbo:tenant >> [ANS]
"translate question to dbpedia path: Question: What is the common palce of study for jack McGregor and Philip W. Pillsbury ? | Entities possibly involved: dbr:Jack_McGregor, dbr:Philip_W._Pillsbury",dbr:Jack_McGregor >> dbo:education >> [ANS] [SEP] dbr:Philip_W._Pillsbury >> dbp:education >> [ANS]
"translate question to dbpedia path: Question: What team did the players start their careers with, who right now play for Fleisher Yarn? | Entities possibly involved: dbr:Fleisher_Yarn",[VAR1] >> dbo:team >> dbr:Fleisher_Yarn [SEP] [VAR1] >> dbp:debutteam >> [ANS] [SEP] [VAR1] >> rdf:type >> dbo:Athlete
translate question to dbpedia path: Question: Where did the people die who were known for Young Life? | Entities possibly involved: dbr:Young_Life,[VAR1] >> dbo:deathPlace >> [ANS] [SEP] [VAR1] >> dbo:knownFor >> dbr:Young_Life [SEP] [VAR1] >> rdf:type >> dbo:Person
"translate question to dbpedia path: Question: Does Lionel Messi play in the Argentina National Football Team? | Entities possibly involved: dbr:Argentina_national_football_team, dbr:Lionel_Messi",ASK >> dbr:Lionel_Messi >> dbp:nationalteam >> dbr:Argentina_national_football_team
"translate question to dbpedia path: Question: What is the musical whose music is by Jose Luis Narom,  based upon? | Entities possibly involved: dbr:José_Luis_Narom",[VAR1] >> dbo:basedOn >> [ANS] [SEP] [VAR1] >> dbo:musicBy >> dbr:José_Luis_Narom [SEP] [VAR1] >> rdf:type >> dbo:Musical
"translate question to dbpedia path: Question: Is the Providence Chapel, Charlwood made in New English style of architecture? | Entities possibly involved: dbr:New_England, dbr:Providence_Chapel,_Charlwood","ASK >> dbr:Providence_Chapel,_Charlwood >> dbp:style >> dbr:New_England"
translate question to dbpedia path: Question: Who are the people which ITV(TV network) has employed? | Entities possibly involved: dbr:ITV_(TV_network),[ANS] >> dbp:employer >> dbr:ITV_(TV_network)
translate question to dbpedia path: Question: Which kind of buildings are found in England? | Entities possibly involved: dbr:England,[VAR1] >> dbo:type >> [ANS] [SEP] [VAR1] >> dbp:locationCountry >> dbr:England [SEP] [VAR1] >> rdf:type >> dbo:Building
"translate question to dbpedia path: Question: In which state is the team, which has John Roeslein? | Entities possibly involved: dbr:John_Roeslein",[VAR1] >> dbp:state >> [ANS] [SEP] dbr:John_Roeslein >> dbo:team >> [VAR1]
translate question to dbpedia path: Question: Give me the count of all people who ascented a peak in California? | Entities possibly involved: dbr:California,COUNT >> [ANS] >> rdf:type >> dbo:Person [SEP] [VAR1] >> dbo:firstAscentPerson >> [ANS] [SEP] [VAR1] >> dbo:locatedInArea >> dbr:California
translate question to dbpedia path: Question: List the total number of regions of the building whose are located in\Grand Forks Air Force Base? | Entities possibly involved: dbr:Grand_Forks_Air_Force_Base,COUNT >> [VAR1] >> dbo:region >> [ANS] [SEP] [VAR1] >> dbo:region >> dbr:Grand_Forks_Air_Force_Base
"translate question to dbpedia path: Question: Is Halyna Kukhar the former coach of Stanislav Morozov? | Entities possibly involved: dbr:Halyna_Kukhar, dbr:Stanislav_Morozov",ASK >> dbr:Stanislav_Morozov >> dbo:formerCoach >> dbr:Halyna_Kukhar
translate question to dbpedia path: Question: Rickenbacker is a musical instrument played by which artists? | Entities possibly involved: dbr:Rickenbacker,[ANS] >> dbo:instrument >> dbr:Rickenbacker [SEP] [ANS] >> rdf:type >> dbo:MusicalArtist
translate question to dbpedia path: Question: List down all the associcated musical artist of the artist of In a Word or 2 ? | Entities possibly involved: dbr:In_a_Word_or_2,[VAR1] >> dbo:associatedMusicalArtist >> [ANS] [SEP] dbr:In_a_Word_or_2 >> dbp:artist >> [VAR1]
translate question to dbpedia path: Question: Joe Shuster has created how many comics character ? | Entities possibly involved: dbr:Joe_Shuster,COUNT >> [ANS] >> dbp:creators >> dbr:Joe_Shuster [SEP] [ANS] >> rdf:type >> dbo:ComicsCharacter
translate question to dbpedia path: Question: Which currency is primarily used by the company which is the distributing label of VDE-Gallo Records? | Entities possibly involved: dbr:VDE-Gallo_Records,[VAR1] >> dbp:currency >> [ANS] [SEP] [VAR1] >> rdf:type >> dbo:Organisation [SEP] dbr:VDE-Gallo_Records >> dbo:distributingLabel >> [VAR1]
translate question to dbpedia path: Question: Name whose youth club was FC Barcelona ? | Entities possibly involved: dbr:FC_Barcelona,[ANS] >> dbp:youthclubs >> dbr:FC_Barcelona
translate question to dbpedia path: Question: Which awards did the writer of Persona win ? | Entities possibly involved: dbr:Persona_(1966_film),[VAR1] >> dbp:awards >> [ANS] [SEP] dbr:Persona_(1966_film) >> dbo:writer >> [VAR1]
translate question to dbpedia path: Question: What is the highschool of the american football player who joined the Robert Morris Colonials program? | Entities possibly involved: dbr:Robert_Morris_Colonials_football,[VAR1] >> dbo:school >> dbr:Robert_Morris_Colonials_football [SEP] [VAR1] >> dbp:highschool >> [ANS] [SEP] [VAR1] >> rdf:type >> dbo:AmericanFootballPlayer
"translate question to dbpedia path: Question: Was the Army Air Corps honored for the battle of Iraq? | Entities possibly involved: dbr:Army_Air_Corps_(United_Kingdom), dbr:Iraq",ASK >> dbr:Army_Air_Corps_(United_Kingdom) >> dbp:battleHonours >> dbr:Iraq
translate question to dbpedia path: Question: How many awards have graduates from the University of Queensland earned? | Entities possibly involved: dbr:University_of_Queensland,COUNT >> [VAR1] >> dbo:almaMater >> dbr:University_of_Queensland [SEP] [VAR1] >> dbp:awards >> [ANS]
"translate question to dbpedia path: Question: Name the sea located near Europe and has a nearby city as Rostock ? | Entities possibly involved: dbr:Europe, dbr:Rostock",[ANS] >> dbo:location >> dbr:Europe [SEP] [ANS] >> dbp:cities >> dbr:Rostock [SEP] [ANS] >> rdf:type >> dbo:Sea
translate question to dbpedia path: Question: What ingredients are used in preparing the dish of Ragout fin? | Entities possibly involved: dbr:Ragout_fin,dbr:Ragout_fin >> dbo:ingredient >> [ANS]
translate question to dbpedia path: Question: In how many nations does Rhaetian Railways own train stations? | Entities possibly involved: dbr:Rhaetian_Railway,COUNT >> [ANS] >> rdf:type >> dbo:Country [SEP] [VAR1] >> dbo:country >> [ANS] [SEP] [VAR1] >> dbo:owningOrganisation >> dbr:Rhaetian_Railway
"translate question to dbpedia path: Question: Does Saneh Lungkeaw play for the Thailand's national team? | Entities possibly involved: dbr:Saneh_Lungkeaw, dbr:Thailand",ASK >> dbr:Saneh_Lungkeaw >> dbp:nationalteam >> dbr:Thailand
"translate question to dbpedia path: Question: Which country's national motto is ""Truth prevails""? | Entities possibly involved: dbr:Truth_prevails",[ANS] >> dbp:nationalMotto >> dbr:Truth_prevails [SEP] [ANS] >> rdf:type >> dbo:Country
translate question to dbpedia path: Question: Where was William anthony trained ? | Entities possibly involved: dbr:William_Anthony_(artist),dbr:William_Anthony_(artist) >> dbp:training >> [ANS]
translate question to dbpedia path: Question: Name the wine regions of Bogdanua ? | Entities possibly involved: dbr:Bogdanuša,dbr:Bogdanuša >> dbo:wineRegion >> [ANS]
"translate question to dbpedia path: Question: Which board game can be said as a mind based game? | Entities possibly involved: dbr:Mind_sport, dbr:Board_game",[ANS] >> dbo:genre >> dbr:Board_game [SEP] [ANS] >> dbo:genre >> dbr:Mind_sport
"translate question to dbpedia path: Question: Where are the philosophers from, whose main work is on the matter of feminism in Canada? | Entities possibly involved: dbr:Feminism_in_Canada",[VAR1] >> dbo:mainInterest >> dbr:Feminism_in_Canada [SEP] [VAR1] >> dbp:region >> [ANS] [SEP] [VAR1] >> rdf:type >> dbo:Philosopher
translate question to dbpedia path: Question: What are the things built by Eristoff ? | Entities possibly involved: dbr:Eristoff,dbr:Eristoff >> dbp:manufacturer >> [ANS]
"translate question to dbpedia path: Question: Whcih land of Citi Trends is also the constituency of Malik Al-Hassan Yakubu ? | Entities possibly involved: dbr:Malik_Al-Hassan_Yakubu, dbr:CitiTrends_(radio_show)",dbr:CitiTrends_(radio_show) >> dbo:country >> [ANS] [SEP] dbr:Malik_Al-Hassan_Yakubu >> dbp:constituency >> [ANS]
"translate question to dbpedia path: Question: Where did they debut their careers , those who have played for US men's national soccer team? | Entities possibly involved: dbr:United_States_men's_national_soccer_team",[VAR1] >> dbp:debutteam >> [ANS] [SEP] [VAR1] >> dbp:nationalteam >> dbr:United_States_men's_national_soccer_team
translate question to dbpedia path: Question: What is the former team of the american football players whose position is Running back? | Entities possibly involved: dbr:Running_back,[VAR1] >> dbo:formerTeam >> [ANS] [SEP] [VAR1] >> dbo:position >> dbr:Running_back [SEP] [VAR1] >> rdf:type >> dbo:AmericanFootballPlayer
"translate question to dbpedia path: Question: Which creator of Theme Time Radio Hour has also given the  musical score of the The Times They Are a-Changin' (musical)? | Entities possibly involved: dbr:Theme_Time_Radio_Hour, dbr:The_Times_They_Are_a-Changin'_(musical)",dbr:The_Times_They_Are_a-Changin'_(musical) >> dbo:musicBy >> [ANS] [SEP] dbr:Theme_Time_Radio_Hour >> dbp:creator >> [ANS]
translate question to dbpedia path: Question: How many different kinds of games are published by Interplay Entertainment? | Entities possibly involved: dbr:Interplay_Entertainment,COUNT >> [VAR1] >> dbo:publisher >> dbr:Interplay_Entertainment [SEP] [VAR1] >> dbp:genre >> [ANS]
translate question to dbpedia path: Question: What other awards have been given to Goya Award Winners? | Entities possibly involved: dbr:Goya_Awards,[VAR1] >> dbo:award >> dbr:Goya_Awards [SEP] [VAR1] >> dbp:awards >> [ANS]
translate question to dbpedia path: Question: How many other important work has been done by the writers of Sarah Jane Adventures? | Entities possibly involved: dbr:The_Sarah_Jane_Adventures,COUNT >> [VAR1] >> dbo:notableWork >> [ANS] [SEP] [VAR1] >> dbp:notableworks >> dbr:The_Sarah_Jane_Adventures
translate question to dbpedia path: Question: Which are the races in which Martin Molony participated? | Entities possibly involved: dbr:Martin_Molony,dbr:Martin_Molony >> dbo:race >> [ANS]
translate question to dbpedia path: Question: What awards have been given to citizens of the Ottoman Empire? | Entities possibly involved: dbr:Ottoman_Empire,[VAR1] >> dbo:award >> [ANS] [SEP] [VAR1] >> dbo:citizenship >> dbr:Ottoman_Empire
"translate question to dbpedia path: Question: List the science fiction shows broadcasted on BBC HD ? | Entities possibly involved: dbr:BBC_HD, dbr:Science_fiction",[ANS] >> dbo:network >> dbr:BBC_HD [SEP] [ANS] >> dbp:genre >> dbr:Science_fiction [SEP] [ANS] >> rdf:type >> dbo:TelevisionShow
translate question to dbpedia path: Question: Who owns the websites for which Jimmy wales writes? | Entities possibly involved: dbr:Jimmy_Wales,[VAR1] >> dbo:author >> dbr:Jimmy_Wales [SEP] [VAR1] >> dbo:owner >> [ANS]
translate question to dbpedia path: Question: What are the bridges whose located in California? | Entities possibly involved: dbr:California,[ANS] >> dbo:locatedInArea >> dbr:California [SEP] [ANS] >> rdf:type >> dbo:Bridge
translate question to dbpedia path: Question: Who were the head of government agencies working in the German occupied Europe? | Entities possibly involved: dbr:German-occupied_Europe,[VAR1] >> dbo:leader >> [ANS] [SEP] [VAR1] >> dbp:jurisdiction >> dbr:German-occupied_Europe [SEP] [VAR1] >> rdf:type >> dbo:GovernmentAgency
translate question to dbpedia path: Question: Name the companies which are in cities under Denzil Minnan Wong? | Entities possibly involved: dbr:Denzil_Minnan-Wong,[ANS] >> dbo:locationCity >> [VAR1] [SEP] [ANS] >> rdf:type >> dbo:Company [SEP] [VAR1] >> dbp:leaderName >> dbr:Denzil_Minnan-Wong
translate question to dbpedia path: Question: What is the largest city of the birthplace of Pat Kirkwood? | Entities possibly involved: dbr:Pat_Kirkwood_(racing_driver),[VAR1] >> dbo:largestCity >> [ANS] [SEP] dbr:Pat_Kirkwood_(racing_driver) >> dbp:birthplace >> [VAR1]
translate question to dbpedia path: Question: What is the academic journal whose editor is Stephen Law? | Entities possibly involved: dbr:Stephen_Law,[ANS] >> dbp:editor >> dbr:Stephen_Law [SEP] [ANS] >> rdf:type >> dbo:AcademicJournal
"translate question to dbpedia path: Question: Does mumbai manage the railway line going to the daund railway junction? | Entities possibly involved: dbr:Mumbai, dbr:Daund_Junction_railway_station",ASK >> dbr:Daund_Junction_railway_station >> dbo:servingRailwayLine >> dbr:Mumbai
translate question to dbpedia path: Question: Who are some basketball players who played for Phoenix Suns? | Entities possibly involved: dbr:Phoenix_Suns,[ANS] >> dbo:team >> dbr:Phoenix_Suns [SEP] [ANS] >> rdf:type >> dbo:BasketballPlayer
"translate question to dbpedia path: Question: From how many works is the musical derived, whose lyrics are written by Sheldon Harnick? | Entities possibly involved: dbr:Sheldon_Harnick",COUNT >> [VAR1] >> dbo:basedOn >> [ANS] [SEP] [VAR1] >> dbp:lyrics >> dbr:Sheldon_Harnick
"translate question to dbpedia path: Question: Was Derg the anthem of Ethopia? | Entities possibly involved: dbr:Ethiopia, dbr:Derg",ASK >> dbr:Derg >> dbo:anthem >> dbr:Ethiopia
translate question to dbpedia path: Question: How many non-fiction subject are there of the books whose one of the non-fiction subject is Ankh-Morpork City Watch ? | Entities possibly involved: dbr:Ankh-Morpork_City_Watch,COUNT >> [VAR1] >> dbo:nonFictionSubject >> [ANS] [SEP] [VAR1] >> dbo:nonFictionSubject >> dbr:Ankh-Morpork_City_Watch
translate question to dbpedia path: Question: Who are in the board of Jimmy Wales ? | Entities possibly involved: dbr:Jimmy_Wales,dbr:Jimmy_Wales >> dbo:board >> [ANS]
translate question to dbpedia path: Question: Where were some people associated with Steve Winwood employed at? | Entities possibly involved: dbr:Steve_Winwood,[VAR1] >> dbo:associatedMusicalArtist >> dbr:Steve_Winwood [SEP] [VAR1] >> dbo:occupation >> [ANS] [SEP] [VAR1] >> rdf:type >> dbo:Person
translate question to dbpedia path: Question: What is the origin of the musical artist whose associated band is Ziggi Recado ? | Entities possibly involved: dbr:Ziggi_Recado,[VAR1] >> dbo:associatedBand >> dbr:Ziggi_Recado [SEP] [VAR1] >> dbp:origin >> [ANS] [SEP] [VAR1] >> rdf:type >> dbo:MusicalArtist
translate question to dbpedia path: Question: List the major shrines of Jovan Vladimir? | Entities possibly involved: dbr:Jovan_Vladimir,dbr:Jovan_Vladimir >> dbp:majorShrine >> [ANS]
translate question to dbpedia path: Question: How many other family of the mammals exists  whose family is also Hominidae ? | Entities possibly involved: dbr:Hominidae,COUNT >> [VAR1] >> dbo:family >> [ANS] [SEP] [VAR1] >> dbo:family >> dbr:Hominidae
translate question to dbpedia path: Question: What is the former team of the football player who is the coach of 2006 Oakland Raiders season ? | Entities possibly involved: dbr:2006_Oakland_Raiders_season,[VAR1] >> dbo:formerTeam >> [ANS] [SEP] [VAR1] >> rdf:type >> dbo:AmericanFootballPlayer [SEP] dbr:2006_Oakland_Raiders_season >> dbp:coach >> [VAR1]
translate question to dbpedia path: Question: How many  TV shows were made by someone who was associated with Lewis Hamilton? | Entities possibly involved: dbr:Lewis_Hamilton,COUNT >> [ANS] >> dbp:creator >> [VAR1] [SEP] [ANS] >> rdf:type >> dbo:TelevisionShow [SEP] [VAR1] >> dbo:associatedBand >> dbr:Lewis_Hamilton
translate question to dbpedia path: Question: For how many other teams have the former players of Boston Bruins played? | Entities possibly involved: dbr:Boston_Bruins,COUNT >> [ANS] >> rdf:type >> dbo:SportsTeam [SEP] [VAR1] >> dbo:formerTeam >> dbr:Boston_Bruins [SEP] [VAR1] >> dbp:playedFor >> [ANS]
translate question to dbpedia path: Question: Which things have been made by artists who died in Midhurst? | Entities possibly involved: dbr:Midhurst,[ANS] >> dbo:creator >> [VAR1] [SEP] [VAR1] >> dbo:deathPlace >> dbr:Midhurst
translate question to dbpedia path: Question: How many other important things has the painter of Sarah Jane Adventures done? | Entities possibly involved: dbr:The_Sarah_Jane_Adventures,COUNT >> [VAR1] >> dbo:notableWork >> [ANS] [SEP] dbr:The_Sarah_Jane_Adventures >> dbp:creator >> [VAR1]
translate question to dbpedia path: Question: What is the label of I Pray on Christmas ? | Entities possibly involved: dbr:I_Pray_on_Christmas,dbr:I_Pray_on_Christmas >> dbp:label >> [ANS]
translate question to dbpedia path: Question: List the destination of Novair International Airways ? | Entities possibly involved: dbr:Novair_International_Airways,dbr:Novair_International_Airways >> dbo:destination >> [ANS]
translate question to dbpedia path: Question: Count the number of actors in Lucy Sullivan Is Getting Married. | Entities possibly involved: dbr:Lucy_Sullivan_Is_Getting_Married,COUNT >> dbr:Lucy_Sullivan_Is_Getting_Married >> dbp:starring >> [ANS]
translate question to dbpedia path: Question: What mammals are classified into Diprotodontia ? | Entities possibly involved: dbr:Diprotodontia,[ANS] >> dbo:order >> dbr:Diprotodontia [SEP] [ANS] >> rdf:type >> dbo:Mammal
translate question to dbpedia path: Question: The Other Side has hosted how many guests? | Entities possibly involved: dbr:The_Other_Side_(The_Outer_Limits),COUNT >> dbr:The_Other_Side_(The_Outer_Limits) >> dbp:guests >> [ANS]
"translate question to dbpedia path: Question: Is Dave Schulz a band member of Berlin? | Entities possibly involved: dbr:Berlin_(band), dbr:Dave_Schulz_(musician)",ASK >> dbr:Berlin_(band) >> dbo:bandMember >> dbr:Dave_Schulz_(musician)
translate question to dbpedia path: Question: What are the airlines whose hub airport is Los Angeles International Airport? | Entities possibly involved: dbr:Los_Angeles_International_Airport,[ANS] >> dbo:hubAirport >> dbr:Los_Angeles_International_Airport [SEP] [ANS] >> rdf:type >> dbo:Airline
translate question to dbpedia path: Question: what are some famous people out of the Filipinos? | Entities possibly involved: dbr:Filipinos,[ANS] >> dbo:stateOfOrigin >> dbr:Filipinos
translate question to dbpedia path: Question: What awards were presented to the person who produced Paradise place? | Entities possibly involved: dbr:Paradise_Place,[VAR1] >> dbp:awards >> [ANS] [SEP] [VAR1] >> rdf:type >> dbo:Person [SEP] dbr:Paradise_Place >> dbp:producer >> [VAR1]
translate question to dbpedia path: Question: List all the line of Vadodara Junction railway station? | Entities possibly involved: dbr:Vadodara_Junction_railway_station,dbr:Vadodara_Junction_railway_station >> dbp:line >> [ANS]
translate question to dbpedia path: Question: Name the college of Jon Curran ? | Entities possibly involved: dbr:Jon_Curran,dbr:Jon_Curran >> dbp:college >> [ANS]
"translate question to dbpedia path: Question: Which Tim Birton's movie has a screenplay by Daniel Waters ? | Entities possibly involved: dbr:Daniel_Waters_(screenwriter), dbr:Tim_Burton",[ANS] >> dbp:director >> dbr:Tim_Burton [SEP] [ANS] >> dbp:screenplay >> dbr:Daniel_Waters_(screenwriter)
translate question to dbpedia path: Question: What is the place of birth of the jockey who breeded De La Rose ? | Entities possibly involved: dbr:De_La_Rose,[VAR1] >> dbp:birthPlace >> [ANS] [SEP] [VAR1] >> rdf:type >> dbo:Jockey [SEP] dbr:De_La_Rose >> dbo:breeder >> [VAR1]
translate question to dbpedia path: Question: Name the Artist of Madagascar: Operation Penguin ? | Entities possibly involved: dbr:Madagascar:_Operation_Penguin,dbr:Madagascar:_Operation_Penguin >> dbp:artist >> [ANS]
"translate question to dbpedia path: Question: Harry Huston and Dick Spalding played their first match for which team? | Entities possibly involved: dbr:Harry_Huston, dbr:Dick_Spalding",dbr:Dick_Spalding >> dbp:debutteam >> [ANS] [SEP] dbr:Harry_Huston >> dbp:debutteam >> [ANS]
translate question to dbpedia path: Question: What is the layout of Subaru Legacy (second generation) ? | Entities possibly involved: dbr:Subaru_Legacy_(second_generation),dbr:Subaru_Legacy_(second_generation) >> dbo:layout >> [ANS]
translate question to dbpedia path: Question: How many other wine region are there of the grapes whose one of the wine region is Michigan ? | Entities possibly involved: dbr:Michigan,COUNT >> [VAR1] >> dbo:wineRegion >> [ANS] [SEP] [VAR1] >> dbo:wineRegion >> dbr:Michigan
translate question to dbpedia path: Question: Estimate the number of sports divisions at the universities under international association of universities. | Entities possibly involved: dbr:International_Association_of_Universities,COUNT >> [VAR1] >> dbo:affiliation >> dbr:International_Association_of_Universities [SEP] [VAR1] >> dbo:sport >> [ANS]
"translate question to dbpedia path: Question: Is Eddie Bravo the trainer of Shinya Aoki? | Entities possibly involved: dbr:Eddie_Bravo, dbr:Shinya_Aoki",ASK >> dbr:Shinya_Aoki >> dbp:trainer >> dbr:Eddie_Bravo
translate question to dbpedia path: Question: List the battles in which alumni of US Army Command and General Staff College fought? | Entities possibly involved: dbr:United_States_Army_Command_and_General_Staff_College,[VAR1] >> dbo:almaMater >> dbr:United_States_Army_Command_and_General_Staff_College [SEP] [VAR1] >> dbp:battles >> [ANS]
"translate question to dbpedia path: Question: Which writer of Alan Freeman Days is also the writer of Come On over ? | Entities possibly involved: dbr:Alan_Freeman_Days, dbr:Come_On_Over_(Bee_Gees_song)",dbr:Alan_Freeman_Days >> dbo:writer >> [ANS] [SEP] dbr:Come_On_Over_(Bee_Gees_song) >> dbp:writer >> [ANS]
"translate question to dbpedia path: Question: Name the subsidary of Tandem Computers which was founded by Jim Harris ? | Entities possibly involved: dbr:Jim_Harris_(entrepreneur), dbr:Tandem_Computers",[ANS] >> dbo:foundedBy >> dbr:Jim_Harris_(entrepreneur) [SEP] [ANS] >> dbo:subsidiary >> dbr:Tandem_Computers [SEP] [ANS] >> rdf:type >> dbo:Company
translate question to dbpedia path: Question: Count all the books written by an author buried in the Convent of Barefoot Trinitarians? | Entities possibly involved: dbr:Convent_of_the_Barefoot_Trinitarians,COUNT >> [ANS] >> dbo:author >> [VAR1] [SEP] [ANS] >> rdf:type >> dbo:Book [SEP] [VAR1] >> dbo:restingPlace >> dbr:Convent_of_the_Barefoot_Trinitarians
"translate question to dbpedia path: Question: Was Blade Runner cinematographed by JordanCronenweth? | Entities possibly involved: dbr:Blade_Runner, dbr:Jordan_Cronenweth",ASK >> dbr:Blade_Runner >> dbo:cinematography >> dbr:Jordan_Cronenweth
"translate question to dbpedia path: Question: Who were the commanders during the events which took place in Sandusky County, Ohio? | Entities possibly involved: dbr:Sandusky_County,_Ohio","[VAR1] >> dbo:commander >> [ANS] [SEP] [VAR1] >> dbo:place >> dbr:Sandusky_County,_Ohio [SEP] [VAR1] >> rdf:type >> dbo:Event"
"translate question to dbpedia path: Question: Name the river whose mouth place is Old Lyme, Connecticut? | Entities possibly involved: dbr:Old_Lyme,_Connecticut","[ANS] >> dbo:mouthPlace >> dbr:Old_Lyme,_Connecticut [SEP] [ANS] >> rdf:type >> dbo:River"
"translate question to dbpedia path: Question: Which show's network is Prime time Entertainment and has Douglas Netter as executive producer ? | Entities possibly involved: dbr:Prime_Time_Entertainment_Network, dbr:Douglas_Netter",[ANS] >> dbo:executiveProducer >> dbr:Douglas_Netter [SEP] [ANS] >> dbp:network >> dbr:Prime_Time_Entertainment_Network [SEP] [ANS] >> rdf:type >> dbo:TelevisionShow
translate question to dbpedia path: Question: acer nigrum is used in making what? | Entities possibly involved: dbr:Acer_nigrum,[ANS] >> dbo:ingredient >> dbr:Acer_nigrum
translate question to dbpedia path: Question: What is the predecessor of BMW M40 ? | Entities possibly involved: dbr:BMW_M40,dbr:BMW_M40 >> dbp:predecessor >> [ANS]
translate question to dbpedia path: Question: Which cities are located around the sea into which the ionian flows? | Entities possibly involved: dbr:Ionian_Sea,[VAR1] >> dbp:cities >> [ANS] [SEP] dbr:Ionian_Sea >> dbo:outflow >> [VAR1]
"translate question to dbpedia path: Question: Did Joe Namath did his highschool in Beaver Falls High School? | Entities possibly involved: dbr:Joe_Namath, dbr:Beaver_Falls_High_School",ASK >> dbr:Joe_Namath >> dbp:highSchool >> dbr:Beaver_Falls_High_School
translate question to dbpedia path: Question: Give me a count of mammals which have their order as Primate? | Entities possibly involved: dbr:Primate,COUNT >> [ANS] >> dbo:order >> dbr:Primate [SEP] [ANS] >> rdf:type >> dbo:Mammal
"translate question to dbpedia path: Question: Which TV show's producer is Stephen E. Ambrose and company is DreamWorks Television? | Entities possibly involved: dbr:Stephen_E._Ambrose, dbr:DreamWorks_Television",[ANS] >> dbo:company >> dbr:DreamWorks_Television [SEP] [ANS] >> dbo:producer >> dbr:Stephen_E._Ambrose [SEP] [ANS] >> rdf:type >> dbo:TelevisionShow
translate question to dbpedia path: Question: Which river originate from limerick? | Entities possibly involved: dbr:Limerick,[ANS] >> dbp:mouthLocation >> dbr:Limerick [SEP] [ANS] >> rdf:type >> dbo:River
translate question to dbpedia path: Question: Laozi authored which book? | Entities possibly involved: dbr:Laozi,[ANS] >> dbo:author >> dbr:Laozi
translate question to dbpedia path: Question: What are some other children of the father of Marvin Bush? | Entities possibly involved: dbr:Marvin_Bush,[VAR1] >> dbo:child >> dbr:Marvin_Bush [SEP] [VAR1] >> dbp:children >> [ANS]
translate question to dbpedia path: Question: Which is the nearest city to Elliott Bay ? | Entities possibly involved: dbr:Elliott_Bay,dbr:Elliott_Bay >> dbo:nearestCity >> [ANS]
translate question to dbpedia path: Question: who was the australian flagbearer of 2008 Summer Olympics? | Entities possibly involved: dbr:Australia_at_the_2008_Summer_Olympics,dbr:Australia_at_the_2008_Summer_Olympics >> dbp:flagbearer >> [ANS]
translate question to dbpedia path: Question: Who is the manager of the club whose homeground is the riverside stadium? | Entities possibly involved: dbr:Riverside_Stadium,[ANS] >> dbo:managerClub >> [VAR1] [SEP] [ANS] >> rdf:type >> dbo:SportsManager [SEP] [VAR1] >> dbp:ground >> dbr:Riverside_Stadium
"translate question to dbpedia path: Question: Does the Utah State Route 162 end at Colorado? | Entities possibly involved: dbr:Utah_State_Route_162, dbr:Colorado",ASK >> dbr:Utah_State_Route_162 >> dbo:routeEnd >> dbr:Colorado
translate question to dbpedia path: Question: How many home stadiums are there of the seasons whose chairman in Merritt Paulson? | Entities possibly involved: dbr:Merritt_Paulson,COUNT >> [VAR1] >> dbo:chairman >> dbr:Merritt_Paulson [SEP] [VAR1] >> dbo:homeStadium >> [ANS]
translate question to dbpedia path: Question: What is the rank of Julius C. Burrows politically? | Entities possibly involved: dbr:Julius_C._Burrows,dbr:Julius_C._Burrows >> dbp:order >> [ANS]
translate question to dbpedia path: Question: Name a few whose live in a place where Indian English is an official language | Entities possibly involved: dbr:Indian_English,[ANS] >> dbo:residence >> [VAR1] [SEP] [VAR1] >> dbo:officialLanguage >> dbr:Indian_English
translate question to dbpedia path: Question: Count the number of first drivers in all the GPs where Mika Hakkinen was a first driver? | Entities possibly involved: dbr:Mika_Häkkinen,COUNT >> [ANS] >> rdf:type >> dbo:RacingDriver [SEP] [VAR1] >> dbo:firstDriver >> [ANS] [SEP] [VAR1] >> dbo:poleDriver >> dbr:Mika_Häkkinen
translate question to dbpedia path: Question: What sports are played at Vishwajyot High School? | Entities possibly involved: dbr:Vishwajyot_High_School,dbr:Vishwajyot_High_School >> dbo:sport >> [ANS]
translate question to dbpedia path: Question: Who owns a bridge in Boston? | Entities possibly involved: dbr:Boston,[VAR1] >> dbo:locatedInArea >> dbr:Boston [SEP] [VAR1] >> dbp:owner >> [ANS] [SEP] [VAR1] >> rdf:type >> dbo:Bridge
"translate question to dbpedia path: Question: In which fields are both Paul Demiville and Sylvain levi experts? | Entities possibly involved: dbr:Sylvain_Lévi, dbr:Paul_Demiéville",dbr:Paul_Demiéville >> dbp:fields >> [ANS] [SEP] dbr:Sylvain_Lévi >> dbp:fields >> [ANS]
"translate question to dbpedia path: Question: How many tenats have been there, of the constructions of PCL constructures? | Entities possibly involved: dbr:PCL_Construction",COUNT >> [VAR1] >> dbo:builder >> dbr:PCL_Construction [SEP] [VAR1] >> dbo:tenant >> [ANS]
"translate question to dbpedia path: Question: Who was the prime minister of Victor Hope, 2nd Marquess of Linlithgow and also the editor of British Gazette ? | Entities possibly involved: dbr:British_Gazette, dbr:Victor_Hope,_2nd_Marquess_of_Linlithgow","dbr:British_Gazette >> dbp:editor >> [ANS] [SEP] dbr:Victor_Hope,_2nd_Marquess_of_Linlithgow >> dbp:primeminister >> [ANS]"
"translate question to dbpedia path: Question: Give me a count of everything under the archipelago, where Papeete is the biggest town. | Entities possibly involved: dbr:Papeete",COUNT >> [ANS] >> dbp:archipelago >> [VAR1] [SEP] [VAR1] >> dbo:largestCity >> dbr:Papeete
translate question to dbpedia path: Question: where did soccer bowl take place in 76? | Entities possibly involved: dbr:Soccer_Bowl_'76,dbr:Soccer_Bowl_'76 >> dbo:city >> [ANS]
"translate question to dbpedia path: Question: What is common between genre of battle chess and purpose of New Zealand Chess ? | Entities possibly involved: dbr:New_Zealand_Chess_Federation, dbr:Battle_Chess",dbr:Battle_Chess >> dbp:genre >> [ANS] [SEP] dbr:New_Zealand_Chess_Federation >> dbp:purpose >> [ANS]
"translate question to dbpedia path: Question: Is GIMP written in C? | Entities possibly involved: dbr:GIMP, dbr:C_(programming_language)",ASK >> dbr:GIMP >> dbo:programmingLanguage >> dbr:C_(programming_language)
translate question to dbpedia path: Question: Who is relative of the people died in Bergen-Belsen concentration camp ? | Entities possibly involved: dbr:Bergen-Belsen_concentration_camp,[VAR1] >> dbo:relative >> [ANS] [SEP] [VAR1] >> dbp:deathPlace >> dbr:Bergen-Belsen_concentration_camp
translate question to dbpedia path: Question: How many titles have been won by the beauty queens which had brown hair? | Entities possibly involved: dbr:Brown_hair,COUNT >> [VAR1] >> dbp:hairColor >> dbr:Brown_hair [SEP] [VAR1] >> dbp:title >> [ANS]
translate question to dbpedia path: Question: Which country's people work in the Birdman enterprises? | Entities possibly involved: dbr:Birdman_Enterprises,[VAR1] >> dbo:institution >> dbr:Birdman_Enterprises [SEP] [VAR1] >> dbp:nationality >> [ANS] [SEP] [VAR1] >> rdf:type >> dbo:Engineer
translate question to dbpedia path: Question: Where is Oskar Blues located ? | Entities possibly involved: dbr:Oskar_Blues_Brewery,dbr:Oskar_Blues_Brewery >> dbp:location >> [ANS]
translate question to dbpedia path: Question: Paul Leonard's work can be divided into how many series? | Entities possibly involved: dbr:Paul_Leonard_(writer),COUNT >> [VAR1] >> dbo:series >> [ANS] [SEP] [VAR1] >> dbp:author >> dbr:Paul_Leonard_(writer)
translate question to dbpedia path: Question: In which province was Dick Redding born? | Entities possibly involved: dbr:Dick_Redding,dbr:Dick_Redding >> dbp:birthDate >> [ANS]
translate question to dbpedia path: Question: Count the number of characters of the play whose one of the character is Catwoman ? | Entities possibly involved: dbr:Catwoman,COUNT >> [VAR1] >> dbp:characters >> [ANS] [SEP] [VAR1] >> dbp:characters >> dbr:Catwoman
translate question to dbpedia path: Question: Where else did the graduates of the university of west indies study? | Entities possibly involved: dbr:University_of_the_West_Indies,[VAR1] >> dbo:institution >> dbr:University_of_the_West_Indies [SEP] [VAR1] >> dbp:almaMater >> [ANS]
"translate question to dbpedia path: Question: Does NOAAS Davidson (S 331) have a homeport in Seattle? | Entities possibly involved: dbr:Seattle, dbr:NOAAS_Davidson_(S_331)",ASK >> dbr:NOAAS_Davidson_(S_331) >> dbo:homeport >> dbr:Seattle
translate question to dbpedia path: Question: Count the number of cities on the Mediterranean Sea? | Entities possibly involved: dbr:Mediterranean_Sea,COUNT >> dbr:Mediterranean_Sea >> dbp:cities >> [ANS]
translate question to dbpedia path: Question: What non fiction subjects are covered in books by Doubleday publishers? | Entities possibly involved: dbr:Doubleday_(publisher),[VAR1] >> dbo:nonFictionSubject >> [ANS] [SEP] [VAR1] >> dbo:publisher >> dbr:Doubleday_(publisher) [SEP] [VAR1] >> rdf:type >> dbo:Book
translate question to dbpedia path: Question: Name the death location of Judson Huss ? | Entities possibly involved: dbr:Judson_Huss,dbr:Judson_Huss >> dbp:deathPlace >> [ANS]
translate question to dbpedia path: Question: What are the movies whose musicians's home town is Volos? | Entities possibly involved: dbr:Volos,[ANS] >> dbp:music >> [VAR1] [SEP] [ANS] >> rdf:type >> dbo:Film [SEP] [VAR1] >> dbo:hometown >> dbr:Volos
translate question to dbpedia path: Question: What is the affiliation of tani University ? | Entities possibly involved: dbr:Ōtani_University,dbr:Ōtani_University >> dbp:affiliation >> [ANS]
translate question to dbpedia path: Question: What is the base currency of Benelux ? | Entities possibly involved: dbr:Benelux,dbr:Benelux >> dbp:currency >> [ANS]
translate question to dbpedia path: Question: Give me a count of the services by the company which provides Data center as the services ? | Entities possibly involved: dbr:Data_center_services,COUNT >> [VAR1] >> dbp:services >> [ANS] [SEP] [VAR1] >> dbp:services >> dbr:Data_center_services
translate question to dbpedia path: Question: Scientists at the University of Queensland have won which awards? | Entities possibly involved: dbr:University_of_Queensland,[VAR1] >> dbo:almaMater >> dbr:University_of_Queensland [SEP] [VAR1] >> dbp:awards >> [ANS] [SEP] [VAR1] >> rdf:type >> dbo:Scientist
translate question to dbpedia path: Question: What is the religion of the ethnic group to which the relatives of Waxiang people belong? | Entities possibly involved: dbr:Waxiang_people,[VAR1] >> dbo:religion >> [ANS] [SEP] [VAR1] >> rdf:type >> dbo:EthnicGroup [SEP] dbr:Waxiang_people >> dbp:related >> [VAR1]
"translate question to dbpedia path: Question: Did Alexander Magleby study at the Dartmouth College? | Entities possibly involved: dbr:Dartmouth_College, dbr:Alexander_Magleby",ASK >> dbr:Alexander_Magleby >> dbo:university >> dbr:Dartmouth_College
translate question to dbpedia path: Question: Waddy wachtel did the music for what movies? | Entities possibly involved: dbr:Waddy_Wachtel,[ANS] >> dbp:music >> dbr:Waddy_Wachtel [SEP] [ANS] >> rdf:type >> dbo:Film
"translate question to dbpedia path: Question: Was the  2d Command and Control Squadron barracked in Colorado? | Entities possibly involved: dbr:Colorado, dbr:2d_Command_and_Control_Squadron",ASK >> dbr:2d_Command_and_Control_Squadron >> dbo:garrison >> dbr:Colorado
translate question to dbpedia path: Question: Whose military unit is 39th infantry regiment in 1812? | Entities possibly involved: dbr:39th_Infantry_Regiment_(War_of_1812),[ANS] >> dbo:militaryUnit >> dbr:39th_Infantry_Regiment_(War_of_1812)
translate question to dbpedia path: Question: How many people were drafted in the LA Clippers? | Entities possibly involved: dbr:Los_Angeles_Clippers,COUNT >> [ANS] >> dbp:draftTeam >> dbr:Los_Angeles_Clippers [SEP] [ANS] >> rdf:type >> dbo:Person
translate question to dbpedia path: Question: Which famous physicist was academically advised by Benjamin Pulleyn? | Entities possibly involved: dbr:Benjamin_Pulleyn,[ANS] >> dbo:academicAdvisor >> dbr:Benjamin_Pulleyn [SEP] [ANS] >> rdf:type >> dbo:Scientist
translate question to dbpedia path: Question: Terry Pratchett has written about how many topics? | Entities possibly involved: dbr:Terry_Pratchett,COUNT >> [VAR1] >> dbo:nonFictionSubject >> [ANS] [SEP] [VAR1] >> dbp:author >> dbr:Terry_Pratchett
translate question to dbpedia path: Question: Which shows theme music is composed by a band which has Larry Lalonde in it? | Entities possibly involved: dbr:Larry_LaLonde,[ANS] >> dbp:themeMusicComposer >> [VAR1] [SEP] [ANS] >> rdf:type >> dbo:TelevisionShow [SEP] [VAR1] >> dbo:bandMember >> dbr:Larry_LaLonde
translate question to dbpedia path: Question: Who are the former partners of the figure skaters whose performance have been choreographed by Catarina Lindgren in the past? | Entities possibly involved: dbr:Catarina_Lindgren,[VAR1] >> dbo:formerChoreographer >> dbr:Catarina_Lindgren [SEP] [VAR1] >> dbo:formerPartner >> [ANS] [SEP] [VAR1] >> rdf:type >> dbo:FigureSkater
translate question to dbpedia path: Question: In how many regions is English American spoken? | Entities possibly involved: dbr:English_Americans,COUNT >> dbr:English_Americans >> dbp:region >> [ANS]
translate question to dbpedia path: Question: Which baseball team is owned by Robert Nutting? | Entities possibly involved: dbr:Robert_Nutting,[ANS] >> dbp:owner >> dbr:Robert_Nutting [SEP] [ANS] >> rdf:type >> dbo:BaseballTeam
translate question to dbpedia path: Question: who are all the people who have managed the England's under 20 soccer team? | Entities possibly involved: dbr:England_national_under-20_football_team,[ANS] >> dbo:managerClub >> dbr:England_national_under-20_football_team
translate question to dbpedia path: Question: Which peak was first scaled by Krzysztof Wielicki? | Entities possibly involved: dbr:Krzysztof_Wielicki,[ANS] >> dbo:firstAscentPerson >> dbr:Krzysztof_Wielicki
translate question to dbpedia path: Question: Give me the total number of Guests of the television episodes whose one of the  Guests is Michael Cristofer? | Entities possibly involved: dbr:Michael_Cristofer,COUNT >> [VAR1] >> dbp:guests >> [ANS] [SEP] [VAR1] >> dbp:guests >> dbr:Michael_Cristofer
translate question to dbpedia path: Question: How many factions were fighting in the wars where Blue Jacket was a commander? | Entities possibly involved: dbr:Blue_Jacket,COUNT >> [VAR1] >> dbp:combatant >> [ANS] [SEP] [VAR1] >> dbp:commander >> dbr:Blue_Jacket
translate question to dbpedia path: Question: who was the president under which Joe Purcell is a lieutenant? | Entities possibly involved: dbr:Joe_Purcell,[ANS] >> dbo:lieutenant >> dbr:Joe_Purcell
translate question to dbpedia path: Question: List the state of the universities whose nation is United States ? | Entities possibly involved: dbr:United_States,[VAR1] >> dbo:country >> dbr:United_States [SEP] [VAR1] >> dbo:state >> [ANS] [SEP] [VAR1] >> rdf:type >> dbo:University
"translate question to dbpedia path: Question: What city is the place of birth of Alexander Morozevich which is also the official residence of Dmitri Nossov ? | Entities possibly involved: dbr:Dmitri_Nossov, dbr:Alexander_Morozevich",dbr:Alexander_Morozevich >> dbo:birthPlace >> [ANS] [SEP] dbr:Dmitri_Nossov >> dbp:residence >> [ANS]
translate question to dbpedia path: Question: What is the television show whose executive producer is Steven Peterman? | Entities possibly involved: dbr:Steven_Peterman,[ANS] >> dbp:executiveProducer >> dbr:Steven_Peterman [SEP] [ANS] >> rdf:type >> dbo:TelevisionShow
translate question to dbpedia path: Question: Which military battles are associated with Israel? | Entities possibly involved: dbr:Israel,[ANS] >> dbo:place >> dbr:Israel [SEP] [ANS] >> rdf:type >> dbo:MilitaryConflict
translate question to dbpedia path: Question: What is the home town of the band which is the artist of Your Ice Cream's Dirty ? | Entities possibly involved: dbr:Your_Ice_Cream's_Dirty,[VAR1] >> dbo:hometown >> [ANS] [SEP] [VAR1] >> rdf:type >> dbo:Band [SEP] dbr:Your_Ice_Cream's_Dirty >> dbp:artist >> [VAR1]
translate question to dbpedia path: Question: Who is the chancellor of the university which affiliates the Dartington College of Arts? | Entities possibly involved: dbr:Dartington_College_of_Arts,[VAR1] >> dbp:affiliations >> dbr:Dartington_College_of_Arts [SEP] [VAR1] >> dbp:chancellor >> [ANS] [SEP] [VAR1] >> rdf:type >> dbo:University
translate question to dbpedia path: Question: Namt the fields of Paul Demiville ? | Entities possibly involved: dbr:Paul_Demiéville,dbr:Paul_Demiéville >> dbp:fields >> [ANS]
translate question to dbpedia path: Question: Who all have been canonized by Pope Paul VI | Entities possibly involved: dbr:Pope_Paul_VI,[ANS] >> dbp:canonizedBy >> dbr:Pope_Paul_VI
"translate question to dbpedia path: Question: Which race is the  Best Mate is also the race of the Martin Molony? | Entities possibly involved: dbr:Best_Mate, dbr:Martin_Molony",dbr:Best_Mate >> dbp:race >> [ANS] [SEP] dbr:Martin_Molony >> dbo:race >> [ANS]
translate question to dbpedia path: Question: Where is the building located whose architect was Francis Palmer Smith? | Entities possibly involved: dbr:Francis_Palmer_Smith,[VAR1] >> dbo:architect >> dbr:Francis_Palmer_Smith [SEP] [VAR1] >> dbp:address >> [ANS] [SEP] [VAR1] >> rdf:type >> dbo:Building
translate question to dbpedia path: Question: Who operates the bridges designed by Malaysian PWD? | Entities possibly involved: dbr:Malaysian_Public_Works_Department,[VAR1] >> dbo:maintainedBy >> [ANS] [SEP] [VAR1] >> dbp:designer >> dbr:Malaysian_Public_Works_Department [SEP] [VAR1] >> rdf:type >> dbo:Bridge
translate question to dbpedia path: Question: Where was the person born whose successor was Le Hong Phong? | Entities possibly involved: dbr:Lê_Hồng_Phong,[VAR1] >> dbp:birthPlace >> [ANS] [SEP] [VAR1] >> dbp:successor >> dbr:Lê_Hồng_Phong
"translate question to dbpedia path: Question: In which race did Coneygree the racehorse and Fergie Sutherland the horse trainer participate? | Entities possibly involved: dbr:Coneygree, dbr:Fergie_Sutherland",dbr:Coneygree >> dbp:race >> [ANS] [SEP] dbr:Fergie_Sutherland >> dbp:race >> [ANS]
translate question to dbpedia path: Question: List all important people of the non profit organization which has Hilary Clinton as a key person ? | Entities possibly involved: dbr:Hillary_Clinton,[VAR1] >> dbp:keyPeople >> [ANS] [SEP] [VAR1] >> dbp:keyPeople >> dbr:Hillary_Clinton [SEP] [VAR1] >> rdf:type >> dbo:Non-ProfitOrganisation
translate question to dbpedia path: Question: List the school of Bobby Skinstad? | Entities possibly involved: dbr:Bobby_Skinstad,dbr:Bobby_Skinstad >> dbp:school >> [ANS]
"translate question to dbpedia path: Question: Was Lionel Messi a member  of the 2009 FIFA World Cup squads? | Entities possibly involved: dbr:Lionel_Messi, dbr:2009_FIFA_Club_World_Cup_squads",ASK >> dbr:2009_FIFA_Club_World_Cup_squads >> dbo:currentMember >> dbr:Lionel_Messi
"translate question to dbpedia path: Question: Was Writings and Drawings illustrated by Bob Dylan? | Entities possibly involved: dbr:Bob_Dylan, dbr:Writings_and_Drawings",ASK >> dbr:Writings_and_Drawings >> dbp:illustrator >> dbr:Bob_Dylan
translate question to dbpedia path: Question: Count all the universities who participated in the tournament won by Alabama Crimson Tides in 2015 ? | Entities possibly involved: dbr:2015_Alabama_Crimson_Tide_football_team,COUNT >> [ANS] >> dbp:athletics >> [VAR1] [SEP] [ANS] >> rdf:type >> dbo:University [SEP] [VAR1] >> dbp:champion >> dbr:2015_Alabama_Crimson_Tide_football_team
"translate question to dbpedia path: Question: Was the Lotuspool Records distributed by Napster? | Entities possibly involved: dbr:Napster, dbr:Lotuspool_Records",ASK >> dbr:Lotuspool_Records >> dbo:distributingLabel >> dbr:Napster
"translate question to dbpedia path: Question: List the base currency of the country whose anthem is Oj, svijetla majska zoro. | Entities possibly involved: dbr:Oj,_svijetla_majska_zoro","[VAR1] >> dbo:anthem >> dbr:Oj,_svijetla_majska_zoro [SEP] [VAR1] >> dbp:currency >> [ANS]"
translate question to dbpedia path: Question: How many players are in the San Francisco Giants? | Entities possibly involved: dbr:San_Francisco_Giants,COUNT >> [ANS] >> dbo:team >> dbr:San_Francisco_Giants [SEP] [ANS] >> rdf:type >> dbo:Athlete
translate question to dbpedia path: Question: How many races has Best Mate won? | Entities possibly involved: dbr:Best_Mate,COUNT >> dbr:Best_Mate >> dbp:race >> [ANS]
"translate question to dbpedia path: Question: Do the west coast airlines fly to seattle? | Entities possibly involved: dbr:Seattle, dbr:West_Coast_Airlines",ASK >> dbr:West_Coast_Airlines >> dbo:targetAirport >> dbr:Seattle
"translate question to dbpedia path: Question: Which units are garrisoned at Arlington County, Virginia? | Entities possibly involved: dbr:Arlington_County,_Virginia","[ANS] >> dbo:garrison >> dbr:Arlington_County,_Virginia"
translate question to dbpedia path: Question: In how many different places have ehtics philosophers died? | Entities possibly involved: dbr:Ethics,COUNT >> [ANS] >> rdf:type >> dbo:Place [SEP] [VAR1] >> dbp:mainInterests >> dbr:Ethics [SEP] [VAR1] >> dbp:placeOfDeath >> [ANS]
translate question to dbpedia path: Question: Who is the developer of Dart (programming language) ? | Entities possibly involved: dbr:Dart_(programming_language),dbr:Dart_(programming_language) >> dbp:developer >> [ANS]
translate question to dbpedia path: Question: Which house has published books about Jazz? | Entities possibly involved: dbr:Jazz,[VAR1] >> dbo:nonFictionSubject >> dbr:Jazz [SEP] [VAR1] >> dbo:publisher >> [ANS] [SEP] [VAR1] >> rdf:type >> dbo:Book
"translate question to dbpedia path: Question: Which person naratted The Incredible Hulk and also the writer of Tales of Suspense ? | Entities possibly involved: dbr:Tales_of_Suspense, dbr:The_Incredible_Hulk_(1982_TV_series)",dbr:Tales_of_Suspense >> dbp:writers >> [ANS] [SEP] dbr:The_Incredible_Hulk_(1982_TV_series) >> dbp:narrated >> [ANS]
translate question to dbpedia path: Question: How many companies have built concrete bridges? | Entities possibly involved: dbr:Concrete,COUNT >> [VAR1] >> dbo:builder >> [ANS] [SEP] [VAR1] >> dbp:material >> dbr:Concrete
translate question to dbpedia path: Question: How many movies have been directed by almunies of Parsons School of Design? | Entities possibly involved: dbr:Parsons_School_of_Design,COUNT >> [ANS] >> dbo:director >> [VAR1] [SEP] [ANS] >> rdf:type >> dbo:Film [SEP] [VAR1] >> dbp:education >> dbr:Parsons_School_of_Design
translate question to dbpedia path: Question: Count the number of  sport played by the school which also plays Association football ? | Entities possibly involved: dbr:Association_football,COUNT >> [VAR1] >> dbo:sport >> [ANS] [SEP] [VAR1] >> dbo:sport >> dbr:Association_football
translate question to dbpedia path: Question: List the people died in Hyderabad and are a member of political party ? | Entities possibly involved: dbr:Hyderabad,[VAR1] >> dbo:deathPlace >> dbr:Hyderabad [SEP] [VAR1] >> dbo:party >> [ANS]
translate question to dbpedia path: Question: How many thesis were supervised by Ernest Rutherford? | Entities possibly involved: dbr:Ernest_Rutherford,COUNT >> [ANS] >> dbo:doctoralAdvisor >> dbr:Ernest_Rutherford
"translate question to dbpedia path: Question: Who is the publisher of the comic, one of whose authors is Kentaro Takekuma ? | Entities possibly involved: dbr:Kentaro_Takekuma",[VAR1] >> dbp:publisher >> [ANS] [SEP] [VAR1] >> dbp:writers >> dbr:Kentaro_Takekuma [SEP] [VAR1] >> rdf:type >> dbo:Comic
"translate question to dbpedia path: Question: List the scientists whose doctoral advisor is Ernest Rutherford and are known for Manhattan Project? | Entities possibly involved: dbr:Manhattan_Project, dbr:Ernest_Rutherford",[ANS] >> dbo:doctoralAdvisor >> dbr:Ernest_Rutherford [SEP] [ANS] >> dbp:knownFor >> dbr:Manhattan_Project [SEP] [ANS] >> rdf:type >> dbo:Scientist
translate question to dbpedia path: Question: Where is the garrison of Western Naval Command ? | Entities possibly involved: dbr:Western_Naval_Command,dbr:Western_Naval_Command >> dbp:garrison >> [ANS]
"translate question to dbpedia path: Question: Was John of Damascus canonized by Anglican Communion? | Entities possibly involved: dbr:Anglican_Communion, dbr:John_of_Damascus",ASK >> dbr:John_of_Damascus >> dbp:canonizedBy >> dbr:Anglican_Communion
translate question to dbpedia path: Question: Which person's successor is Samsu-iluna? | Entities possibly involved: dbr:Samsu-iluna,[ANS] >> dbo:successor >> dbr:Samsu-iluna [SEP] [ANS] >> rdf:type >> dbo:Person
"translate question to dbpedia path: Question: Was X the Unknown edited by James needs? | Entities possibly involved: dbr:James_Needs, dbr:X_the_Unknown",ASK >> dbr:X_the_Unknown >> dbo:editing >> dbr:James_Needs
translate question to dbpedia path: Question: From how many different places did the weapons used in the American Indian wars originate? | Entities possibly involved: dbr:American_Indian_Wars,COUNT >> [ANS] >> rdf:type >> dbo:Place [SEP] [VAR1] >> dbo:usedInWar >> dbr:American_Indian_Wars [SEP] [VAR1] >> dbp:origin >> [ANS]
translate question to dbpedia path: Question: How many sports are played in maharashtran schools? | Entities possibly involved: dbr:Maharashtra,COUNT >> [ANS] >> rdf:type >> dbo:Sport [SEP] [VAR1] >> dbo:sport >> [ANS] [SEP] [VAR1] >> dbp:state >> dbr:Maharashtra
translate question to dbpedia path: Question: Where did chancellor served by Rudolf Kirchschlger die? | Entities possibly involved: dbr:Rudolf_Kirchschläger,[VAR1] >> dbo:deathPlace >> [ANS] [SEP] dbr:Rudolf_Kirchschläger >> dbp:chancellor >> [VAR1]
translate question to dbpedia path: Question: How many owners owned the clubs participating in the Premier leagues of '14? | Entities possibly involved: dbr:2014–15_Premier_League,COUNT >> [VAR1] >> dbo:season >> dbr:2014–15_Premier_League [SEP] [VAR1] >> dbp:owner >> [ANS]
"translate question to dbpedia path: Question: How many people live in the Beverly Hills, California? | Entities possibly involved: dbr:Beverly_Hills,_California","COUNT >> [ANS] >> dbo:residence >> dbr:Beverly_Hills,_California [SEP] [ANS] >> rdf:type >> dbo:Person"
translate question to dbpedia path: Question: Name some islands in a pacific archipelago? | Entities possibly involved: dbr:Pacific_Ocean,[ANS] >> dbp:archipelago >> [VAR1] [SEP] [ANS] >> rdf:type >> dbo:Island [SEP] [VAR1] >> dbp:location >> dbr:Pacific_Ocean
"translate question to dbpedia path: Question: For how many movies have the music composer composed music, who have collaborated with Yes ? | Entities possibly involved: dbr:Yes_(band)",COUNT >> [ANS] >> dbo:musicComposer >> [VAR1] [SEP] [ANS] >> rdf:type >> dbo:Film [SEP] [VAR1] >> dbo:associatedMusicalArtist >> dbr:Yes_(band)
translate question to dbpedia path: Question: Name the driver who had a pole finish in 1989 Portuguese Grand Prix ? | Entities possibly involved: dbr:1989_Portuguese_Grand_Prix,dbr:1989_Portuguese_Grand_Prix >> dbo:poleDriver >> [ANS]
"translate question to dbpedia path: Question: In how many areas do the networks broadcast, which also broadcasts in North Carolina? | Entities possibly involved: dbr:North_Carolina",COUNT >> [ANS] >> rdf:type >> dbo:Place [SEP] [VAR1] >> dbo:broadcastArea >> dbr:North_Carolina [SEP] [VAR1] >> dbp:area >> [ANS]
translate question to dbpedia path: Question: Name the sovereign state of Wallington railway station ? | Entities possibly involved: dbr:Wallington_railway_station,dbr:Wallington_railway_station >> dbo:country >> [ANS]
translate question to dbpedia path: Question: what region is governed by Mario Olivero? | Entities possibly involved: dbr:Mario_Oliverio,[ANS] >> dbp:leader >> dbr:Mario_Oliverio
translate question to dbpedia path: Question: What is the total number of regions served by the companies which also serves Australia? | Entities possibly involved: dbr:Australia,COUNT >> [VAR1] >> dbo:regionServed >> [ANS] [SEP] [VAR1] >> dbo:regionServed >> dbr:Australia
translate question to dbpedia path: Question: What is the birth city of the Salford City F.C players ? | Entities possibly involved: dbr:Salford_City_F.C.,[VAR1] >> dbo:birthPlace >> [ANS] [SEP] [VAR1] >> dbo:team >> dbr:Salford_City_F.C. [SEP] [VAR1] >> rdf:type >> dbo:SoccerPlayer
translate question to dbpedia path: Question: Who are the maintainers of the bridges which cross the pandaruan river? | Entities possibly involved: dbr:Pandaruan_River,[VAR1] >> dbo:crosses >> dbr:Pandaruan_River [SEP] [VAR1] >> dbo:maintainedBy >> [ANS] [SEP] [VAR1] >> rdf:type >> dbo:Bridge
translate question to dbpedia path: Question: List the area of radio stations whose sister station is WBCQ-FM? | Entities possibly involved: dbr:WBCQ-FM,[VAR1] >> dbp:area >> [ANS] [SEP] dbr:WBCQ-FM >> dbp:sisterStations >> [VAR1]
translate question to dbpedia path: Question: Which school did Robbie Diack attend? | Entities possibly involved: dbr:Robbie_Diack,dbr:Robbie_Diack >> dbp:school >> [ANS]
translate question to dbpedia path: Question: What are the american football players whose former team's coach is Jason Maas? | Entities possibly involved: dbr:Jason_Maas,[ANS] >> dbo:formerTeam >> [VAR1] [SEP] [ANS] >> rdf:type >> dbo:AmericanFootballPlayer [SEP] [VAR1] >> dbp:coach >> dbr:Jason_Maas
translate question to dbpedia path: Question: How many companies have manufactured the rockets launched from the Cape Canaveral Air Force Station? | Entities possibly involved: dbr:Cape_Canaveral_Air_Force_Station,COUNT >> [VAR1] >> dbo:launchSite >> dbr:Cape_Canaveral_Air_Force_Station [SEP] [VAR1] >> dbo:manufacturer >> [ANS]
"translate question to dbpedia path: Question: What is the sea connected to Kaliningrad and Gdask? | Entities possibly involved: dbr:Gdańsk, dbr:Kaliningrad",[ANS] >> dbp:cities >> dbr:Gdańsk [SEP] [ANS] >> dbp:cities >> dbr:Kaliningrad [SEP] [ANS] >> rdf:type >> dbo:Sea
translate question to dbpedia path: Question: Name the agency of Election Commission of Thailand ? | Entities possibly involved: dbr:Election_Commission_of_Thailand,dbr:Election_Commission_of_Thailand >> dbp:agencyName >> [ANS]
translate question to dbpedia path: Question: In which country did the planes designed by Ursula Hanle originate? | Entities possibly involved: dbr:Ursula_Hänle,[VAR1] >> dbp:designer >> dbr:Ursula_Hänle [SEP] [VAR1] >> dbp:nationalOrigin >> [ANS] [SEP] [VAR1] >> rdf:type >> dbo:Aircraft
translate question to dbpedia path: Question: what are some units udner the US department of navy? | Entities possibly involved: dbr:United_States_Department_of_the_Navy,[ANS] >> dbo:commandStructure >> dbr:United_States_Department_of_the_Navy
translate question to dbpedia path: Question: What did other artists associated with the Shirelles make? | Entities possibly involved: dbr:The_Shirelles,[VAR1] >> dbo:associatedBand >> dbr:The_Shirelles [SEP] [VAR1] >> dbo:occupation >> [ANS] [SEP] [VAR1] >> rdf:type >> dbo:Artist
translate question to dbpedia path: Question: Which sitcoms are made by a company headquartered in NYC? | Entities possibly involved: dbr:New_York_City,[ANS] >> dbo:company >> [VAR1] [SEP] [ANS] >> rdf:type >> dbo:TelevisionShow [SEP] [VAR1] >> dbo:headquarter >> dbr:New_York_City
translate question to dbpedia path: Question: List the children of the parent of Marvin Bush. | Entities possibly involved: dbr:Marvin_Bush,[VAR1] >> dbp:children >> [ANS] [SEP] dbr:Marvin_Bush >> dbo:parent >> [VAR1]
translate question to dbpedia path: Question: List down all the cast members of Tony n' Tina's Wedding ? | Entities possibly involved: dbr:Tony_n'_Tina's_Wedding,dbr:Tony_n'_Tina's_Wedding >> dbp:starring >> [ANS]
translate question to dbpedia path: Question: Where was the Temptation Waits recorded? | Entities possibly involved: dbr:Temptation_Waits,dbr:Temptation_Waits >> dbo:recordedIn >> [ANS]
translate question to dbpedia path: Question: Some movies whose screenplay is done by american born people? | Entities possibly involved: dbr:United_States,[ANS] >> dbp:screenplay >> [VAR1] [SEP] [VAR1] >> dbo:birthPlace >> dbr:United_States
translate question to dbpedia path: Question: List the relatives of the children of Jon Voight ? | Entities possibly involved: dbr:Jon_Voight,[VAR1] >> dbo:relative >> [ANS] [SEP] dbr:Jon_Voight >> dbp:children >> [VAR1]
translate question to dbpedia path: Question: List all areas served by the radio station serving South carolina ? | Entities possibly involved: dbr:South_Carolina,[VAR1] >> dbp:area >> [ANS] [SEP] [VAR1] >> dbp:area >> dbr:South_Carolina [SEP] [VAR1] >> rdf:type >> dbo:RadioStation
translate question to dbpedia path: Question: Which TV show's theme was composed by a band in which Todd Huth used to perform? | Entities possibly involved: dbr:Todd_Huth,[ANS] >> dbp:themeMusicComposer >> [VAR1] [SEP] [ANS] >> rdf:type >> dbo:TelevisionShow [SEP] [VAR1] >> dbo:formerBandMember >> dbr:Todd_Huth
"translate question to dbpedia path: Question: Which work is both Neil Cross and Lars Pearson both known for ? | Entities possibly involved: dbr:Neil_Cross, dbr:Lars_Pearson",dbr:Lars_Pearson >> dbo:notableWork >> [ANS] [SEP] dbr:Neil_Cross >> dbo:notableWork >> [ANS]
translate question to dbpedia path: Question: which award has been won by Claudia Moro? | Entities possibly involved: dbr:Claudia_Moro,dbr:Claudia_Moro >> dbp:title >> [ANS]
translate question to dbpedia path: Question: What is the country whose leader was once Valentina Matviyenko? | Entities possibly involved: dbr:Valentina_Matviyenko,[ANS] >> dbo:leader >> dbr:Valentina_Matviyenko
"translate question to dbpedia path: Question: Is Ingo Steuer the formercoach of Stanislav Morozov? | Entities possibly involved: dbr:Ingo_Steuer, dbr:Stanislav_Morozov",ASK >> dbr:Stanislav_Morozov >> dbp:formercoach >> dbr:Ingo_Steuer
translate question to dbpedia path: Question: Whose units are responsible for close air support? | Entities possibly involved: dbr:Close_air_support,[ANS] >> dbo:militaryUnit >> [VAR1] [SEP] [VAR1] >> dbp:role >> dbr:Close_air_support
"translate question to dbpedia path: Question: Is Liang Chow the headcoach of Shawn Johnson? | Entities possibly involved: dbr:Shawn_Johnson, dbr:Liang_Chow",ASK >> dbr:Shawn_Johnson >> dbp:headcoach >> dbr:Liang_Chow
translate question to dbpedia path: Question: What is the address of Federal Reserve Bank Building? | Entities possibly involved: dbr:Federal_Reserve_Bank_Building_(Seattle),dbr:Federal_Reserve_Bank_Building_(Seattle) >> dbp:address >> [ANS]
translate question to dbpedia path: Question: What are the kind of games one can play on windows? | Entities possibly involved: dbr:Microsoft_Windows,[VAR1] >> dbo:computingPlatform >> dbr:Microsoft_Windows [SEP] [VAR1] >> dbo:genre >> [ANS] [SEP] [VAR1] >> rdf:type >> dbo:VideoGame
translate question to dbpedia path: Question: Which artists have co-starred with Kris Kristofferson? | Entities possibly involved: dbr:Kris_Kristofferson,[ANS] >> dbp:associatedActs >> dbr:Kris_Kristofferson [SEP] [ANS] >> rdf:type >> dbo:Artist
"translate question to dbpedia path: Question: List the software using C++ as programming language and licence is Software as a service? | Entities possibly involved: dbr:C++, dbr:Software_as_a_service",[ANS] >> dbo:license >> dbr:Software_as_a_service [SEP] [ANS] >> dbp:programmingLanguage >> dbr:C++ [SEP] [ANS] >> rdf:type >> dbo:Software
translate question to dbpedia path: Question: Which are the major hubs of airline which operates the Menora Tunnel? | Entities possibly involved: dbr:Menora_Tunnel,[VAR1] >> dbp:hubs >> [ANS] [SEP] [VAR1] >> rdf:type >> dbo:Airline [SEP] dbr:Menora_Tunnel >> dbp:operator >> [VAR1]
"translate question to dbpedia path: Question: List the countries through which European rout E39 and E8 passes ? | Entities possibly involved: dbr:European_route_E8, dbr:European_route_E39",dbr:European_route_E39 >> dbo:county >> [ANS] [SEP] dbr:European_route_E8 >> dbo:county >> [ANS]
translate question to dbpedia path: Question: Who are the writer of the singles whose music genre is Rhythm and blues ? | Entities possibly involved: dbr:Rhythm_and_blues,[VAR1] >> dbo:genre >> dbr:Rhythm_and_blues [SEP] [VAR1] >> dbo:writer >> [ANS] [SEP] [VAR1] >> rdf:type >> dbo:Single
translate question to dbpedia path: Question: What are the awards won by the film editor of The Search? | Entities possibly involved: dbr:The_Search_(2014_film),[VAR1] >> dbp:awards >> [ANS] [SEP] dbr:The_Search_(2014_film) >> dbo:editing >> [VAR1]
translate question to dbpedia path: Question: Give me some series related to the one which had Yasmin Paige in them. | Entities possibly involved: dbr:Yasmin_Paige,[ANS] >> dbo:related >> [VAR1] [SEP] [ANS] >> rdf:type >> dbo:TelevisionShow [SEP] [VAR1] >> dbp:starring >> dbr:Yasmin_Paige
"translate question to dbpedia path: Question: Is James Wong Howe the cinematographer of Behave Yourself? | Entities possibly involved: dbr:Behave_Yourself!, dbr:James_Wong_Howe",ASK >> dbr:Behave_Yourself! >> dbp:cinematography >> dbr:James_Wong_Howe
"translate question to dbpedia path: Question: Does Heydar mean the same as a lion? | Entities possibly involved: dbr:Lion, dbr:Heydar",ASK >> dbr:Heydar >> dbp:meaning >> dbr:Lion
"translate question to dbpedia path: Question: Count the number of shows whose creators are Jerry Seinfeld and Larry David? | Entities possibly involved: dbr:Larry_David, dbr:Jerry_Seinfeld",COUNT >> [ANS] >> dbo:creator >> dbr:Jerry_Seinfeld [SEP] [ANS] >> dbo:creator >> dbr:Larry_David
translate question to dbpedia path: Question: How many TV shows have executive producer as Steven Moffat ? | Entities possibly involved: dbr:Steven_Moffat,COUNT >> [ANS] >> dbo:executiveProducer >> dbr:Steven_Moffat [SEP] [ANS] >> rdf:type >> dbo:TelevisionShow
translate question to dbpedia path: Question: How many relatives are there of veterans of operation Barbarossa? | Entities possibly involved: dbr:Operation_Barbarossa,COUNT >> [VAR1] >> dbo:battle >> dbr:Operation_Barbarossa [SEP] [VAR1] >> dbo:relation >> [ANS]
translate question to dbpedia path: Question: Which famous political figures are relatives to George Madison? | Entities possibly involved: dbr:George_Madison,dbr:George_Madison >> dbo:relation >> [ANS]
translate question to dbpedia path: Question: Which organisation has superintendent as Lieutenant general (United States)? | Entities possibly involved: dbr:Lieutenant_general_(United_States),[ANS] >> dbo:superintendent >> dbr:Lieutenant_general_(United_States) [SEP] [ANS] >> rdf:type >> dbo:Organisation
"translate question to dbpedia path: Question: Was Kevin Jonas a part of Jonas brothers? | Entities possibly involved: dbr:Kevin_Jonas, dbr:Jonas_Brothers",ASK >> dbr:Jonas_Brothers >> dbo:formerBandMember >> dbr:Kevin_Jonas
translate question to dbpedia path: Question: List the shows whose company's successor is Amblin Television. | Entities possibly involved: dbr:Amblin_Television,[ANS] >> dbo:company >> [VAR1] [SEP] [ANS] >> rdf:type >> dbo:TelevisionShow [SEP] [VAR1] >> dbo:successor >> dbr:Amblin_Television
translate question to dbpedia path: Question: How many shows are made by the channel whose predecessor was the Comedy Channel? | Entities possibly involved: dbr:The_Comedy_Channel_(United_States),COUNT >> [ANS] >> dbp:network >> [VAR1] [SEP] [ANS] >> rdf:type >> dbo:TelevisionShow [SEP] [VAR1] >> dbo:predecessor >> dbr:The_Comedy_Channel_(United_States)
translate question to dbpedia path: Question: List of people who were the first one to ascend a mountain in the Cathedral range? | Entities possibly involved: dbr:Cathedral_Range,[VAR1] >> dbo:firstAscentPerson >> [ANS] [SEP] [VAR1] >> dbo:mountainRange >> dbr:Cathedral_Range [SEP] [VAR1] >> rdf:type >> dbo:Mountain
translate question to dbpedia path: Question: Who has written the mary poppins musical? | Entities possibly involved: dbr:Mary_Poppins_(musical),dbr:Mary_Poppins_(musical) >> dbo:author >> [ANS]
translate question to dbpedia path: Question: Which newspaper is owned by people living in Oslo? | Entities possibly involved: dbr:Oslo,[ANS] >> dbp:owners >> [VAR1] [SEP] [VAR1] >> dbo:location >> dbr:Oslo
translate question to dbpedia path: Question: Who made the engine whose predecessor is the SHO V6? | Entities possibly involved: dbr:Ford_SHO_V6_engine,[VAR1] >> dbo:manufacturer >> [ANS] [SEP] [VAR1] >> dbp:predecessor >> dbr:Ford_SHO_V6_engine [SEP] [VAR1] >> rdf:type >> dbo:Engine
translate question to dbpedia path: Question: For how many different teams have Ontarians been drafted ? | Entities possibly involved: dbr:Ontario,COUNT >> [VAR1] >> dbo:draftTeam >> [ANS] [SEP] [VAR1] >> dbp:placeOfBirth >> dbr:Ontario
translate question to dbpedia path: Question: Name the university of Alexandre Tichonov ? | Entities possibly involved: dbr:Alexandre_Tichonov,dbr:Alexandre_Tichonov >> dbp:university >> [ANS]
"translate question to dbpedia path: Question: Over how many cities did the Bellaton MMA, Season 11 take place? | Entities possibly involved: dbr:Bellator_MMA:_Season_Eleven",COUNT >> dbr:Bellator_MMA:_Season_Eleven >> dbp:city >> [ANS]
translate question to dbpedia path: Question: Whose academic advisor works at the St George's Hospital? | Entities possibly involved: dbr:St_George's_Hospital,[ANS] >> dbo:academicAdvisor >> [VAR1] [SEP] [VAR1] >> dbp:workInstitutions >> dbr:St_George's_Hospital
translate question to dbpedia path: Question: Count the number of people who graduated from universities affiliated with the NCAA. | Entities possibly involved: dbr:National_Collegiate_Athletic_Association,COUNT >> [ANS] >> dbp:education >> [VAR1] [SEP] [ANS] >> rdf:type >> dbo:Person [SEP] [VAR1] >> dbo:athletics >> dbr:National_Collegiate_Athletic_Association
translate question to dbpedia path: Question: How many characters were made by Paul Dini? | Entities possibly involved: dbr:Paul_Dini,COUNT >> [ANS] >> dbp:creators >> dbr:Paul_Dini
"translate question to dbpedia path: Question: How many molluscas are there whose families are Buccinidae and Buccinoidea? | Entities possibly involved: dbr:Buccinidae, dbr:Buccinoidea",COUNT >> [ANS] >> dbo:family >> dbr:Buccinidae [SEP] [ANS] >> dbo:family >> dbr:Buccinoidea
translate question to dbpedia path: Question: List the newspapers which has headquarters in Stockholm? | Entities possibly involved: dbr:Stockholm,[ANS] >> dbp:headquarters >> dbr:Stockholm [SEP] [ANS] >> rdf:type >> dbo:Newspaper
"translate question to dbpedia path: Question: Was David Gilmour a former member of Pink Floyd? | Entities possibly involved: dbr:Pink_Floyd, dbr:David_Gilmour",ASK >> dbr:Pink_Floyd >> dbo:formerBandMember >> dbr:David_Gilmour
translate question to dbpedia path: Question: what are some players of England national football team? | Entities possibly involved: dbr:England_national_football_team,[ANS] >> dbp:nationalteam >> dbr:England_national_football_team
translate question to dbpedia path: Question: Which genre of books does the writer of The Many Hands write? | Entities possibly involved: dbr:The_Many_Hands,[VAR1] >> dbo:genre >> [ANS] [SEP] dbr:The_Many_Hands >> dbp:author >> [VAR1]
translate question to dbpedia path: Question: Where did Aghasalim Childagh die? | Entities possibly involved: dbr:Aghasalim_Childagh,dbr:Aghasalim_Childagh >> dbp:deathDate >> [ANS]
translate question to dbpedia path: Question: Give me a count of airlines whose hub airport is Los Angeles International Airport? | Entities possibly involved: dbr:Los_Angeles_International_Airport,COUNT >> [ANS] >> dbo:hubAirport >> dbr:Los_Angeles_International_Airport [SEP] [ANS] >> rdf:type >> dbo:Airline
translate question to dbpedia path: Question: Where is the successor of john waldo from? | Entities possibly involved: dbr:John_B._Waldo,[VAR1] >> dbp:state >> [ANS] [SEP] [VAR1] >> dbp:successor >> dbr:John_B._Waldo
translate question to dbpedia path: Question: How many awards have screenwriters won? | Entities possibly involved: dbr:Screenwriter,COUNT >> [VAR1] >> dbo:award >> [ANS] [SEP] [VAR1] >> dbo:occupation >> dbr:Screenwriter
"translate question to dbpedia path: Question: What are the houses of the Parliament Security Services and Parliament of India ? | Entities possibly involved: dbr:Parliament_Security_Services, dbr:Parliament_of_India",dbr:Parliament_Security_Services >> dbp:houses >> [ANS] [SEP] dbr:Parliament_of_India >> dbp:houses >> [ANS]
translate question to dbpedia path: Question: How many owners are there of things located in Alabama? | Entities possibly involved: dbr:Alabama,COUNT >> [VAR1] >> dbo:city >> dbr:Alabama [SEP] [VAR1] >> dbo:owner >> [ANS]
"translate question to dbpedia path: Question: Which writer of A literary Nightmare also extended the work of The Apple tree ? | Entities possibly involved: dbr:The_Apple_Tree, dbr:A_Literary_Nightmare",dbr:A_Literary_Nightmare >> dbo:author >> [ANS] [SEP] dbr:The_Apple_Tree >> dbo:basedOn >> [ANS]
"translate question to dbpedia path: Question: Who collaborated with Johnny Cash and Kris Kristofferson ? | Entities possibly involved: dbr:Kris_Kristofferson, dbr:Johnny_Cash",[ANS] >> dbp:associatedActs >> dbr:Johnny_Cash [SEP] [ANS] >> dbp:associatedActs >> dbr:Kris_Kristofferson
translate question to dbpedia path: Question: What is the television show whose opening theme is Where Everybody Knows Your Name? | Entities possibly involved: dbr:Where_Everybody_Knows_Your_Name,[ANS] >> dbo:openingTheme >> dbr:Where_Everybody_Knows_Your_Name [SEP] [ANS] >> rdf:type >> dbo:TelevisionShow
"translate question to dbpedia path: Question: How many companies were founded in Denton, texas? | Entities possibly involved: dbr:Denton_County,_Texas","COUNT >> [ANS] >> dbo:foundationPlace >> [VAR1] [SEP] [ANS] >> rdf:type >> dbo:Company [SEP] [VAR1] >> dbo:part >> dbr:Denton_County,_Texas"
translate question to dbpedia path: Question: Where are the shrines of the saints who were beatified by Pope Pius XI? | Entities possibly involved: dbr:Pope_Pius_XI,[VAR1] >> dbo:majorShrine >> [ANS] [SEP] [VAR1] >> dbp:beatifiedBy >> dbr:Pope_Pius_XI [SEP] [VAR1] >> rdf:type >> dbo:Saint
translate question to dbpedia path: Question: Foxy Brown was associated with which band? | Entities possibly involved: dbr:Foxy_Brown_(rapper),[ANS] >> dbo:associatedBand >> dbr:Foxy_Brown_(rapper)
translate question to dbpedia path: Question: Of how many battles is Chickasaw Campaign of 1736 consisted? | Entities possibly involved: dbr:Chickasaw_Campaign_of_1736,dbr:Chickasaw_Campaign_of_1736 >> dbp:combatant >> [ANS]
translate question to dbpedia path: Question: What kind of things are on the radio stations affiliated with the Baltimore Ravens? | Entities possibly involved: dbr:Baltimore_Ravens,[VAR1] >> dbo:programmeFormat >> [ANS] [SEP] [VAR1] >> dbp:affiliations >> dbr:Baltimore_Ravens [SEP] [VAR1] >> rdf:type >> dbo:RadioStation
translate question to dbpedia path: Question: Of what all has David Ian Salter been an editor of? | Entities possibly involved: dbr:David_Ian_Salter,[ANS] >> dbp:editing >> dbr:David_Ian_Salter
translate question to dbpedia path: Question: How many | Entities possibly involved: dbr:Chicago_Bulls,COUNT >> [ANS] >> dbp:team >> dbr:Chicago_Bulls
"translate question to dbpedia path: Question: Name the river whose mouth mountain is Essex and river mouth is North Sea? | Entities possibly involved: dbr:North_Sea, dbr:Essex",[ANS] >> dbo:mouthMountain >> dbr:Essex [SEP] [ANS] >> dbo:riverMouth >> dbr:North_Sea [SEP] [ANS] >> rdf:type >> dbo:River
translate question to dbpedia path: Question: In how many countries do the rivers start which end at the Caspian Sea? | Entities possibly involved: dbr:Caspian_Sea,COUNT >> [ANS] >> rdf:type >> dbo:Country [SEP] [VAR1] >> dbo:riverMouth >> dbr:Caspian_Sea [SEP] [VAR1] >> dbo:sourceCountry >> [ANS]
"translate question to dbpedia path: Question: What award has been given to Roy Walker as well as Walt Disney? | Entities possibly involved: dbr:Roy_Walker_(production_designer), dbr:Walt_Disney",dbr:Roy_Walker_(production_designer) >> dbo:award >> [ANS] [SEP] dbr:Walt_Disney >> dbo:award >> [ANS]
"translate question to dbpedia path: Question: Give the total number of places to which airlines go, who also go to Glasgow? | Entities possibly involved: dbr:Glasgow_Airport",COUNT >> [ANS] >> rdf:type >> dbo:Place [SEP] [VAR1] >> dbo:targetAirport >> dbr:Glasgow_Airport [SEP] [VAR1] >> dbp:destinations >> [ANS]
translate question to dbpedia path: Question: Who was the PM under which William Deane served? | Entities possibly involved: dbr:William_Deane,dbr:William_Deane >> dbo:primeMinister >> [ANS]
translate question to dbpedia path: Question: What products are made by Tehran based companies? | Entities possibly involved: dbr:Tehran,[VAR1] >> dbo:product >> [ANS] [SEP] [VAR1] >> dbp:location >> dbr:Tehran [SEP] [VAR1] >> rdf:type >> dbo:Company
translate question to dbpedia path: Question: Count number of people who follow a religion which has an important office in Gold Base ? | Entities possibly involved: dbr:Gold_Base,COUNT >> [ANS] >> dbo:religion >> [VAR1] [SEP] [ANS] >> rdf:type >> dbo:Person [SEP] [VAR1] >> dbp:headquarters >> dbr:Gold_Base
translate question to dbpedia path: Question: In which areas can we find the networks owned by the govt of Mauritius? | Entities possibly involved: dbr:Government_of_Mauritius,[VAR1] >> dbo:owningCompany >> dbr:Government_of_Mauritius [SEP] [VAR1] >> dbp:broadcastArea >> [ANS] [SEP] [VAR1] >> rdf:type >> dbo:BroadcastNetwork
"translate question to dbpedia path: Question: What is the profession of the William Luther Hill and also the office of the Richard Coke ? | Entities possibly involved: dbr:Richard_Coke, dbr:William_Luther_Hill",dbr:Richard_Coke >> dbp:office >> [ANS] [SEP] dbr:William_Luther_Hill >> dbo:profession >> [ANS]
translate question to dbpedia path: Question: What is the city nearest to the historic place whose architect is Joseph Dion? | Entities possibly involved: dbr:Joseph_Dion,[VAR1] >> dbo:nearestCity >> [ANS] [SEP] [VAR1] >> dbp:architect >> dbr:Joseph_Dion [SEP] [VAR1] >> rdf:type >> dbo:HistoricPlace
"translate question to dbpedia path: Question: was Charlemagne canonized by antipope pachal 3? | Entities possibly involved: dbr:Charlemagne, dbr:Antipope_Paschal_III",ASK >> dbr:Charlemagne >> dbp:canonizedBy >> dbr:Antipope_Paschal_III
translate question to dbpedia path: Question: How many basketball players studied in the Midland College? | Entities possibly involved: dbr:Midland_College,COUNT >> [ANS] >> dbo:college >> dbr:Midland_College [SEP] [ANS] >> rdf:type >> dbo:BasketballPlayer
translate question to dbpedia path: Question: List all the collaborators of the artist which has collaborated with sanremo Music Festival ? | Entities possibly involved: dbr:Sanremo_Music_Festival,[VAR1] >> dbo:associatedMusicalArtist >> [ANS] [SEP] [VAR1] >> dbo:associatedMusicalArtist >> dbr:Sanremo_Music_Festival [SEP] [VAR1] >> rdf:type >> dbo:Artist
translate question to dbpedia path: Question: Which actors have performed in plays performed in New York? | Entities possibly involved: dbr:New_York_City,[VAR1] >> dbp:place >> dbr:New_York_City [SEP] [VAR1] >> dbp:starring >> [ANS] [SEP] [VAR1] >> rdf:type >> dbo:Play
translate question to dbpedia path: Question: Who is the editor of Hearth and Home ? | Entities possibly involved: dbr:Hearth_and_Home,dbr:Hearth_and_Home >> dbo:editor >> [ANS]
translate question to dbpedia path: Question: List the books by the authors buried in the Convent of the Barefoot Trinitarians? | Entities possibly involved: dbr:Convent_of_the_Barefoot_Trinitarians,[ANS] >> dbo:author >> [VAR1] [SEP] [ANS] >> rdf:type >> dbo:Book [SEP] [VAR1] >> dbo:restingPlace >> dbr:Convent_of_the_Barefoot_Trinitarians
translate question to dbpedia path: Question: How many game series exist for iOS? | Entities possibly involved: dbr:IOS,COUNT >> [VAR1] >> dbo:computingPlatform >> dbr:IOS [SEP] [VAR1] >> dbo:series >> [ANS]
translate question to dbpedia path: Question: Where does Manu cornet work? | Entities possibly involved: dbr:Manu_Cornet,dbr:Manu_Cornet >> dbp:employer >> [ANS]
translate question to dbpedia path: Question: In how many different places were the people born who are members of National Museum of Racing and Hall of Fame? | Entities possibly involved: dbr:National_Museum_of_Racing_and_Hall_of_Fame,COUNT >> [ANS] >> rdf:type >> dbo:Place [SEP] [VAR1] >> dbo:honours >> dbr:National_Museum_of_Racing_and_Hall_of_Fame [SEP] [VAR1] >> dbp:birthPlace >> [ANS]
"translate question to dbpedia path: Question: Was einstein a doctoral student of Alfred Kleiner? | Entities possibly involved: dbr:Albert_Einstein, dbr:Alfred_Kleiner",ASK >> dbr:Alfred_Kleiner >> dbo:doctoralStudent >> dbr:Albert_Einstein
translate question to dbpedia path: Question: Which hockey teams have had people playing as Defenceman? | Entities possibly involved: dbr:Defenceman,[VAR1] >> dbp:playedFor >> [ANS] [SEP] [VAR1] >> dbp:position >> dbr:Defenceman [SEP] [VAR1] >> rdf:type >> dbo:IceHockeyPlayer
translate question to dbpedia path: Question: which president was served by Joseph Stiglitz? | Entities possibly involved: dbr:Joseph_Stiglitz,dbr:Joseph_Stiglitz >> dbp:president >> [ANS]
"translate question to dbpedia path: Question: Name the  people whose residence is Beverly Hills, California? | Entities possibly involved: dbr:Beverly_Hills,_California","[ANS] >> dbo:residence >> dbr:Beverly_Hills,_California [SEP] [ANS] >> rdf:type >> dbo:Person"
"translate question to dbpedia path: Question: Did Stan Lee create Jean Grey? | Entities possibly involved: dbr:Stan_Lee, dbr:Jean_Grey",ASK >> dbr:Jean_Grey >> dbp:creators >> dbr:Stan_Lee
"translate question to dbpedia path: Question: What product is made by Sony and Foxconn togather? | Entities possibly involved: dbr:Sony, dbr:Foxconn",[ANS] >> dbo:manufacturer >> dbr:Foxconn [SEP] [ANS] >> dbo:manufacturer >> dbr:Sony
translate question to dbpedia path: Question: Which city has radio stations which are Religious ? | Entities possibly involved: dbr:Religion,[VAR1] >> dbp:city >> [ANS] [SEP] [VAR1] >> dbp:format >> dbr:Religion [SEP] [VAR1] >> rdf:type >> dbo:RadioStation
translate question to dbpedia path: Question: Who operates the Ganz UV? | Entities possibly involved: dbr:Ganz_UV,dbr:Ganz_UV >> dbo:operator >> [ANS]
"translate question to dbpedia path: Question: What is the state of Umatilla language which is also the state of James K. Kelly ? | Entities possibly involved: dbr:James_K._Kelly, dbr:Umatilla_language",dbr:James_K._Kelly >> dbp:state >> [ANS] [SEP] dbr:Umatilla_language >> dbp:region >> [ANS]
translate question to dbpedia path: Question: Where has GARAGE recorded its singles? | Entities possibly involved: dbr:Garbage_(band),[VAR1] >> dbo:producer >> dbr:Garbage_(band) [SEP] [VAR1] >> dbo:recordedIn >> [ANS] [SEP] [VAR1] >> rdf:type >> dbo:Single
translate question to dbpedia path: Question: How many players participated in the 2004-05 FC Barcelona season? | Entities possibly involved: dbr:2004–05_FC_Barcelona_season,COUNT >> [ANS] >> rdf:type >> dbo:SoccerPlayer [SEP] dbr:2004–05_FC_Barcelona_season >> dbp:name >> [ANS]
translate question to dbpedia path: Question: Whose mam is Bertrada of Laon? | Entities possibly involved: dbr:Bertrada_of_Laon,[ANS] >> dbp:mother >> dbr:Bertrada_of_Laon
translate question to dbpedia path: Question: Give me a list of all the people driving at pole positions in the Grand Prixes where Renault was a first team? | Entities possibly involved: dbr:Renault_in_Formula_One,[VAR1] >> dbo:poleDriver >> [ANS] [SEP] [VAR1] >> dbp:firstTeam >> dbr:Renault_in_Formula_One [SEP] [VAR1] >> rdf:type >> dbo:GrandPrix
translate question to dbpedia path: Question: What are the non-fiction topics in the books whose authors is Terry Pratchett? | Entities possibly involved: dbr:Terry_Pratchett,[VAR1] >> dbo:nonFictionSubject >> [ANS] [SEP] [VAR1] >> dbp:author >> dbr:Terry_Pratchett [SEP] [VAR1] >> rdf:type >> dbo:Book
"translate question to dbpedia path: Question: Is WP 8.1 the OS on Lumia 830? | Entities possibly involved: dbr:Nokia_Lumia_830, dbr:Windows_Phone_8.1",ASK >> dbr:Nokia_Lumia_830 >> dbp:os >> dbr:Windows_Phone_8.1
translate question to dbpedia path: Question: Which railway line goes through the stations which are a part of the North Caucasus railway? | Entities possibly involved: dbr:North_Caucasus_Railway,[VAR1] >> dbo:servingRailwayLine >> [ANS] [SEP] [VAR1] >> dbo:type >> dbr:North_Caucasus_Railway [SEP] [VAR1] >> rdf:type >> dbo:Station
"translate question to dbpedia path: Question: Who was in missions of Gemini 8 and Apollo 11? | Entities possibly involved: dbr:Apollo_11, dbr:Gemini_8",[ANS] >> dbp:mission >> dbr:Apollo_11 [SEP] [ANS] >> dbp:mission >> dbr:Gemini_8
"translate question to dbpedia path: Question: What location country of AH141 is also the nation of malaysia Junior hockey league ? | Entities possibly involved: dbr:Malaysia_Junior_Hockey_League, dbr:AH141",dbr:AH141 >> dbo:county >> [ANS] [SEP] dbr:Malaysia_Junior_Hockey_League >> dbo:country >> [ANS]
translate question to dbpedia path: Question: How many artists are signed up with Celluloid Records? | Entities possibly involved: dbr:Celluloid_Records,COUNT >> [ANS] >> dbp:label >> dbr:Celluloid_Records
translate question to dbpedia path: Question: Henry McDaniel's trained horses have won which awards? | Entities possibly involved: dbr:Henry_McDaniel_(racehorse_trainer),[VAR1] >> dbo:honours >> [ANS] [SEP] [VAR1] >> dbp:trainer >> dbr:Henry_McDaniel_(racehorse_trainer) [SEP] [VAR1] >> rdf:type >> dbo:Horse
translate question to dbpedia path: Question: With whom is the institution of David Charles affiliated? | Entities possibly involved: dbr:David_Charles_(physician),[VAR1] >> dbp:affiliation >> [ANS] [SEP] dbr:David_Charles_(physician) >> dbp:workInstitutions >> [VAR1]
"translate question to dbpedia path: Question: From how many coutries do companies come, which are headquartered in the Klang Valley? | Entities possibly involved: dbr:Klang_Valley",COUNT >> [ANS] >> rdf:type >> dbo:Country [SEP] [VAR1] >> dbp:country >> [ANS] [SEP] [VAR1] >> dbp:headquarters >> dbr:Klang_Valley
translate question to dbpedia path: Question: Who is the builder of the bridge owned by Tabriz ? | Entities possibly involved: dbr:Tabriz,[VAR1] >> dbo:builder >> [ANS] [SEP] [VAR1] >> dbp:owner >> dbr:Tabriz [SEP] [VAR1] >> rdf:type >> dbo:Bridge
"translate question to dbpedia path: Question: Is the song Only the Good Die Young from The Stranger? | Entities possibly involved: dbr:The_Stranger_(album), dbr:Only_the_Good_Die_Young",ASK >> dbr:Only_the_Good_Die_Young >> dbp:fromAlbum >> dbr:The_Stranger_(album)
translate question to dbpedia path: Question: Who are the golf players whose college is Arizona State Sun Devils? | Entities possibly involved: dbr:Arizona_State_Sun_Devils,[ANS] >> dbo:college >> dbr:Arizona_State_Sun_Devils [SEP] [ANS] >> rdf:type >> dbo:GolfPlayer
"translate question to dbpedia path: Question: Did taylor swift do the theme song of The Farmer Wants a Wife? | Entities possibly involved: dbr:The_Farmer_Wants_a_Wife_(Australian_TV_series), dbr:Taylor_Swift",ASK >> dbr:The_Farmer_Wants_a_Wife_(Australian_TV_series) >> dbp:opentheme >> dbr:Taylor_Swift
translate question to dbpedia path: Question: How many local authorities manage mixed gender schools? | Entities possibly involved: dbr:Mixed-sex_education,COUNT >> [VAR1] >> dbo:gender >> dbr:Mixed-sex_education [SEP] [VAR1] >> dbo:localAuthority >> [ANS]
translate question to dbpedia path: Question: List everything in which saxophone players have been casted. | Entities possibly involved: dbr:Saxophone,[ANS] >> dbp:starring >> [VAR1] [SEP] [VAR1] >> dbo:instrument >> dbr:Saxophone
translate question to dbpedia path: Question: In which city is Corringham railway station located? | Entities possibly involved: dbr:Corringham_railway_station,dbr:Corringham_railway_station >> dbp:borough >> [ANS]
"translate question to dbpedia path: Question: Which school teams are there in schools of Arlington Heights, Illinois? | Entities possibly involved: dbr:Arlington_Heights,_Illinois","[VAR1] >> dbp:city >> dbr:Arlington_Heights,_Illinois [SEP] [VAR1] >> dbp:teamName >> [ANS] [SEP] [VAR1] >> rdf:type >> dbo:School"
translate question to dbpedia path: Question: What games are played in Protestant schools? | Entities possibly involved: dbr:Protestantism,[VAR1] >> dbo:sport >> [ANS] [SEP] [VAR1] >> dbp:schooltype >> dbr:Protestantism [SEP] [VAR1] >> rdf:type >> dbo:School
translate question to dbpedia path: Question: What company is the distributor of Bombay Sapphire? | Entities possibly involved: dbr:Bombay_Sapphire,dbr:Bombay_Sapphire >> dbp:distributor >> [ANS]
"translate question to dbpedia path: Question: Did Trish Stratus train Christina Crawford? | Entities possibly involved: dbr:Christina_Crawford_(wrestler), dbr:Trish_Stratus",ASK >> dbr:Christina_Crawford_(wrestler) >> dbp:trainer >> dbr:Trish_Stratus
"translate question to dbpedia path: Question: Which stockholder of yale Repertory Theatre was training center of William Anthony ? | Entities possibly involved: dbr:William_Anthony_(artist), dbr:Yale_Repertory_Theatre",dbr:William_Anthony_(artist) >> dbo:training >> [ANS] [SEP] dbr:Yale_Repertory_Theatre >> dbp:owner >> [ANS]
translate question to dbpedia path: Question: List the ingredients of Kaszanka? | Entities possibly involved: dbr:Kaszanka,dbr:Kaszanka >> dbo:ingredient >> [ANS]
"translate question to dbpedia path: Question: Is wizard rock inspired from Harry potter? | Entities possibly involved: dbr:Wizard_rock, dbr:Harry_Potter",ASK >> dbr:Wizard_rock >> dbo:stylisticOrigin >> dbr:Harry_Potter
"translate question to dbpedia path: Question: Who directed the haunted house and alice in wonderland? | Entities possibly involved: dbr:Alice's_Wonderland, dbr:The_Haunted_House_(1929_film)",dbr:Alice's_Wonderland >> dbo:director >> [ANS] [SEP] dbr:The_Haunted_House_(1929_film) >> dbo:director >> [ANS]
translate question to dbpedia path: Question: To which persons is Ron Cyrus a relative? | Entities possibly involved: dbr:Ron_Cyrus,[ANS] >> dbp:relatives >> dbr:Ron_Cyrus [SEP] [ANS] >> rdf:type >> dbo:Person
translate question to dbpedia path: Question: How many services are there of the companies whose services is Web hosting service ? | Entities possibly involved: dbr:Web_hosting_service,COUNT >> [VAR1] >> dbp:services >> [ANS] [SEP] [VAR1] >> dbp:services >> dbr:Web_hosting_service
"translate question to dbpedia path: Question: Is Neungin High school a buddhist school? | Entities possibly involved: dbr:Neungin_High_School, dbr:Buddhism",ASK >> dbr:Neungin_High_School >> dbp:religiousAffiliation >> dbr:Buddhism
"translate question to dbpedia path: Question: Which location country of Ennejma Ezzahra is also the origin of Boga ? | Entities possibly involved: dbr:Ennejma_Ezzahra, dbr:Boga_(soft_drink)",dbr:Boga_(soft_drink) >> dbp:origin >> [ANS] [SEP] dbr:Ennejma_Ezzahra >> dbp:locationCountry >> [ANS]
translate question to dbpedia path: Question: Who have been the manager of national team of Spain? | Entities possibly involved: dbr:Spain_national_football_team,[ANS] >> dbp:nationalteam >> dbr:Spain_national_football_team [SEP] [ANS] >> rdf:type >> dbo:SoccerManager
translate question to dbpedia path: Question: Who is a successor of Kingship whose parents were Julius Caesar? | Entities possibly involved: dbr:Julius_Caesar,[VAR1] >> dbo:parent >> dbr:Julius_Caesar [SEP] [VAR1] >> dbo:successor >> [ANS] [SEP] [VAR1] >> rdf:type >> dbo:Royalty
translate question to dbpedia path: Question: How many organizations work for Environmentalism? | Entities possibly involved: dbr:Environmentalism,COUNT >> [ANS] >> dbp:purpose >> dbr:Environmentalism
"translate question to dbpedia path: Question: Was Zambezi originate in the north western province of zambia? | Entities possibly involved: dbr:Zambezi, dbr:North-Western_Province,_Zambia","ASK >> dbr:Zambezi >> dbp:sourceRegion >> dbr:North-Western_Province,_Zambia"
translate question to dbpedia path: Question: Who is the predecessor of Voere ? | Entities possibly involved: dbr:Voere,dbr:Voere >> dbo:predecessor >> [ANS]
translate question to dbpedia path: Question: Which movies did Mark Steven edit? | Entities possibly involved: dbr:Mark_Stevens_(film_editor),[ANS] >> dbp:editing >> dbr:Mark_Stevens_(film_editor) [SEP] [ANS] >> rdf:type >> dbo:Film
"translate question to dbpedia path: Question: NAme the emplyer for whihc Manu cornet has worked and also written in Google Web Toolkit ? | Entities possibly involved: dbr:Google_Web_Toolkit, dbr:Manu_Cornet",dbr:Google_Web_Toolkit >> dbo:author >> [ANS] [SEP] dbr:Manu_Cornet >> dbp:employer >> [ANS]
"translate question to dbpedia path: Question: is ANYway in the Quack album? | Entities possibly involved: dbr:Quack_(album), dbr:ANYway",ASK >> dbr:ANYway >> dbo:album >> dbr:Quack_(album)
translate question to dbpedia path: Question: How many more teams have rented the stadium used by Raptors 905? | Entities possibly involved: dbr:Raptors_905,COUNT >> [VAR1] >> dbo:tenant >> [ANS] [SEP] [VAR1] >> rdf:type >> dbo:Stadium [SEP] dbr:Raptors_905 >> dbp:arena >> [VAR1]
translate question to dbpedia path: Question: Count the wars in which people awarded with the Croix de guerre fought. | Entities possibly involved: dbr:Croix_de_guerre_1939–1945_(France),COUNT >> [ANS] >> rdf:type >> dbo:MilitaryConflict [SEP] [VAR1] >> dbp:awards >> dbr:Croix_de_guerre_1939–1945_(France) [SEP] [VAR1] >> dbp:battles >> [ANS]
"translate question to dbpedia path: Question: Which first driver of  European Grand Prix 1993 is also finished first in 1985 Portuguese Grand Prix ? | Entities possibly involved: dbr:1993_European_Grand_Prix, dbr:1985_Portuguese_Grand_Prix",dbr:1985_Portuguese_Grand_Prix >> dbp:firstDriver >> [ANS] [SEP] dbr:1993_European_Grand_Prix >> dbp:firstDriver >> [ANS]
translate question to dbpedia path: Question: How many have been awarded by the Royal Society? | Entities possibly involved: dbr:Royal_Society,COUNT >> [ANS] >> dbp:awards >> dbr:Royal_Society
translate question to dbpedia path: Question: From how many different cities have people gone to the Illinois Fighting Illini men's basketball? | Entities possibly involved: dbr:Illinois_Fighting_Illini_men's_basketball,COUNT >> [ANS] >> rdf:type >> dbo:Place [SEP] [VAR1] >> dbo:college >> dbr:Illinois_Fighting_Illini_men's_basketball [SEP] [VAR1] >> dbp:placeOfBirth >> [ANS]
translate question to dbpedia path: Question: who manufactures the SHO V8? | Entities possibly involved: dbr:Ford_SHO_V8_engine,dbr:Ford_SHO_V8_engine >> dbo:manufacturer >> [ANS]
translate question to dbpedia path: Question: What is the television show whose opening theme's album is Cheers? | Entities possibly involved: dbr:Cheers,[ANS] >> dbo:openingTheme >> [VAR1] [SEP] [ANS] >> rdf:type >> dbo:TelevisionShow [SEP] [VAR1] >> dbo:album >> dbr:Cheers
"translate question to dbpedia path: Question: Where are the agencies headquartered at, which are under the Colorado Dept of Natural Resources? | Entities possibly involved: dbr:Colorado_Department_of_Natural_Resources",[VAR1] >> dbo:parentOrganisation >> dbr:Colorado_Department_of_Natural_Resources [SEP] [VAR1] >> dbp:headquarters >> [ANS] [SEP] [VAR1] >> rdf:type >> dbo:GovernmentAgency
translate question to dbpedia path: Question: What is the genre for the developer of Interplay Entertainment? | Entities possibly involved: dbr:Interplay_Entertainment,[VAR1] >> dbo:genre >> [ANS] [SEP] [VAR1] >> dbp:developer >> dbr:Interplay_Entertainment
translate question to dbpedia path: Question: What is the TV Show whose theme is composed by someone signed up with Prawn Song Records? | Entities possibly involved: dbr:Prawn_Song_Records,[ANS] >> dbp:themeMusicComposer >> [VAR1] [SEP] [ANS] >> rdf:type >> dbo:TelevisionShow [SEP] [VAR1] >> dbo:recordLabel >> dbr:Prawn_Song_Records
translate question to dbpedia path: Question: Name the team of Michael springer ? | Entities possibly involved: dbr:Michael_Springer,dbr:Michael_Springer >> dbp:team >> [ANS]
translate question to dbpedia path: Question: In which television shows have Steven Moffat served as an executive producer? | Entities possibly involved: dbr:Steven_Moffat,[ANS] >> dbo:executiveProducer >> dbr:Steven_Moffat [SEP] [ANS] >> rdf:type >> dbo:TelevisionShow
"translate question to dbpedia path: Question: Was Robert Burns from the Romanticist School of thought? | Entities possibly involved: dbr:Robert_Burns, dbr:Romanticism",ASK >> dbr:Robert_Burns >> dbp:movement >> dbr:Romanticism
"translate question to dbpedia path: Question: What belongs to the families of Buccinidae and Buccinoidea? | Entities possibly involved: dbr:Buccinidae, dbr:Buccinoidea",[ANS] >> dbo:family >> dbr:Buccinidae [SEP] [ANS] >> dbo:family >> dbr:Buccinoidea
translate question to dbpedia path: Question: What are the broadcast areas of Mauritius Broadcasting Corporation? | Entities possibly involved: dbr:Mauritius_Broadcasting_Corporation,dbr:Mauritius_Broadcasting_Corporation >> dbp:broadcastArea >> [ANS]
"translate question to dbpedia path: Question: Where was Henri, Duke of Rohan laid to rest? | Entities possibly involved: dbr:Henri,_Duke_of_Rohan","dbr:Henri,_Duke_of_Rohan >> dbo:placeOfBurial >> [ANS]"
translate question to dbpedia path: Question: What are the movies whose cinematographer is Gregg Toland? | Entities possibly involved: dbr:Gregg_Toland,[ANS] >> dbo:cinematography >> dbr:Gregg_Toland [SEP] [ANS] >> rdf:type >> dbo:Film
translate question to dbpedia path: Question: In how many different highschools have people schooled in Penn State Nittany Lions football studied? | Entities possibly involved: dbr:Penn_State_Nittany_Lions_football,COUNT >> [ANS] >> rdf:type >> dbo:EducationalInstitution [SEP] [VAR1] >> dbo:school >> dbr:Penn_State_Nittany_Lions_football [SEP] [VAR1] >> dbp:highschool >> [ANS]
translate question to dbpedia path: Question: How many different people hold authority over the members of Balanidae family? | Entities possibly involved: dbr:Balanidae,COUNT >> [VAR1] >> dbo:binomialAuthority >> [ANS] [SEP] [VAR1] >> dbo:family >> dbr:Balanidae
translate question to dbpedia path: Question: Who is the american football player whose highschool is Ringgold High School (Pennsylvania)? | Entities possibly involved: dbr:Ringgold_High_School_(Pennsylvania),[ANS] >> dbo:highschool >> dbr:Ringgold_High_School_(Pennsylvania)
translate question to dbpedia path: Question: Count the total number of conflicts people who were part of conflict in afghanisthan ? | Entities possibly involved: dbr:Afghanistan,COUNT >> [VAR1] >> dbo:battle >> [ANS] [SEP] [VAR1] >> dbo:battle >> dbr:Afghanistan
translate question to dbpedia path: Question: Kendall Jenner has how many relatives? | Entities possibly involved: dbr:Kendall_Jenner,COUNT >> dbr:Kendall_Jenner >> dbp:relatives >> [ANS]
translate question to dbpedia path: Question: Where do the CNN employees typically graduate from? | Entities possibly involved: dbr:CNN,[VAR1] >> dbo:almaMater >> [ANS] [SEP] [VAR1] >> dbp:employer >> dbr:CNN
"translate question to dbpedia path: Question: What other destinations do airlines go to, whose flights also come to Glasgow? | Entities possibly involved: dbr:Glasgow_Airport",[VAR1] >> dbo:targetAirport >> dbr:Glasgow_Airport [SEP] [VAR1] >> dbp:destinations >> [ANS] [SEP] [VAR1] >> rdf:type >> dbo:Airline
"translate question to dbpedia path: Question: Does the platte river originate in Colorado? | Entities possibly involved: dbr:Platte_River, dbr:Colorado",ASK >> dbr:Platte_River >> dbo:sourceRegion >> dbr:Colorado
translate question to dbpedia path: Question: Bridges over what can carry vehicles? | Entities possibly involved: dbr:Motor_vehicle,[VAR1] >> dbp:carries >> dbr:Motor_vehicle [SEP] [VAR1] >> dbp:crosses >> [ANS] [SEP] [VAR1] >> rdf:type >> dbo:Bridge
translate question to dbpedia path: Question: What shows are on the networks which are from the United States? | Entities possibly involved: dbr:United_States,[ANS] >> dbp:network >> [VAR1] [SEP] [ANS] >> rdf:type >> dbo:TelevisionShow [SEP] [VAR1] >> dbo:locationCountry >> dbr:United_States
"translate question to dbpedia path: Question: Name the movies distributed by Cinema International Corporation and edited by Hulian Doyle ? | Entities possibly involved: dbr:Julian_Doyle_(filmmaker), dbr:Cinema_International_Corporation",[ANS] >> dbp:distributor >> dbr:Cinema_International_Corporation [SEP] [ANS] >> dbp:editing >> dbr:Julian_Doyle_(filmmaker) [SEP] [ANS] >> rdf:type >> dbo:Film
translate question to dbpedia path: Question: What is the province of Rouen Business School ? | Entities possibly involved: dbr:Rouen_Business_School,dbr:Rouen_Business_School >> dbp:province >> [ANS]
translate question to dbpedia path: Question: List some songwriters whose work has been recorded in Miami? | Entities possibly involved: dbr:Miami,[VAR1] >> dbo:recordedIn >> dbr:Miami [SEP] [VAR1] >> dbp:writer >> [ANS] [SEP] [VAR1] >> rdf:type >> dbo:Work
"translate question to dbpedia path: Question: Is KOMC-FM the sister station of KOMC (AM)? | Entities possibly involved: dbr:KOMC-FM, dbr:KOMC_(AM)",ASK >> dbr:KOMC_(AM) >> dbo:sisterStation >> dbr:KOMC-FM
translate question to dbpedia path: Question: who are the managers of england national under 20 football team? | Entities possibly involved: dbr:England_national_under-20_football_team,[ANS] >> dbp:managerclubs >> dbr:England_national_under-20_football_team
translate question to dbpedia path: Question: What is the total number of relgions followed by people born in Bangkok? | Entities possibly involved: dbr:Bangkok,COUNT >> [VAR1] >> dbo:religion >> [ANS] [SEP] [VAR1] >> dbp:birthPlace >> dbr:Bangkok
translate question to dbpedia path: Question: What is the city whose mayor is Anne Hidalgo? | Entities possibly involved: dbr:Anne_Hidalgo,[ANS] >> dbp:mayor >> dbr:Anne_Hidalgo [SEP] [ANS] >> rdf:type >> dbo:Settlement
translate question to dbpedia path: Question: In how many different places have US people died? | Entities possibly involved: dbr:United_States,COUNT >> [ANS] >> rdf:type >> dbo:Location [SEP] [VAR1] >> dbo:deathPlace >> [ANS] [SEP] [VAR1] >> dbp:placeOfBirth >> dbr:United_States
"translate question to dbpedia path: Question: Count the number of software which runs on Microsoft Windows and mac OS ? | Entities possibly involved: dbr:Microsoft_Windows, dbr:Mac_OS",COUNT >> [ANS] >> dbo:operatingSystem >> dbr:Mac_OS [SEP] [ANS] >> dbo:operatingSystem >> dbr:Microsoft_Windows
"translate question to dbpedia path: Question: What is the common race of the Martin Molony and race of the Coneygree ? | Entities possibly involved: dbr:Martin_Molony, dbr:Coneygree",dbr:Coneygree >> dbp:race >> [ANS] [SEP] dbr:Martin_Molony >> dbo:race >> [ANS]
translate question to dbpedia path: Question: Which countries led by Elizabeth II? | Entities possibly involved: dbr:Elizabeth_II,[ANS] >> dbp:leaderName >> dbr:Elizabeth_II [SEP] [ANS] >> rdf:type >> dbo:Country
translate question to dbpedia path: Question: What is the purpose of Maharashtra Chess Association ? | Entities possibly involved: dbr:Maharashtra_Chess_Association,dbr:Maharashtra_Chess_Association >> dbp:purpose >> [ANS]
translate question to dbpedia path: Question: What is the draft team of the ice hockey players whose position is Centre ? | Entities possibly involved: dbr:Centre_(ice_hockey),[VAR1] >> dbo:draftTeam >> [ANS] [SEP] [VAR1] >> dbp:position >> dbr:Centre_(ice_hockey) [SEP] [VAR1] >> rdf:type >> dbo:IceHockeyPlayer
translate question to dbpedia path: Question: What is the total number of religions that politicians have followed? | Entities possibly involved: dbr:Politician,COUNT >> [VAR1] >> dbo:profession >> dbr:Politician [SEP] [VAR1] >> dbo:religion >> [ANS]
translate question to dbpedia path: Question: What sports team's arena is The Palace of Auburn Hills | Entities possibly involved: dbr:The_Palace_of_Auburn_Hills,[ANS] >> dbp:arena >> dbr:The_Palace_of_Auburn_Hills [SEP] [ANS] >> rdf:type >> dbo:SportsTeam
"translate question to dbpedia path: Question: Name the TV show whose company is Playtone and written by Graham Yost? | Entities possibly involved: dbr:Playtone, dbr:Graham_Yost",[ANS] >> dbo:company >> dbr:Playtone [SEP] [ANS] >> dbp:writer >> dbr:Graham_Yost [SEP] [ANS] >> rdf:type >> dbo:TelevisionShow
translate question to dbpedia path: Question: Count the number of other services of the companies which provides the Microsoft Azure as service ? | Entities possibly involved: dbr:Microsoft_Azure,COUNT >> [VAR1] >> dbp:services >> [ANS] [SEP] [VAR1] >> dbp:services >> dbr:Microsoft_Azure
translate question to dbpedia path: Question: How many first drivers have participated when Scuderia Ferrari was a first team? | Entities possibly involved: dbr:Scuderia_Ferrari,COUNT >> [VAR1] >> dbo:firstDriver >> [ANS] [SEP] [VAR1] >> dbp:firstTeam >> dbr:Scuderia_Ferrari
translate question to dbpedia path: Question: In how many countries are people born who play cricket? | Entities possibly involved: dbr:Cricket,COUNT >> [ANS] >> rdf:type >> dbo:Country [SEP] [VAR1] >> dbo:occupation >> dbr:Cricket [SEP] [VAR1] >> dbo:stateOfOrigin >> [ANS]
translate question to dbpedia path: Question: What are the towns who have Thesaban system? | Entities possibly involved: dbr:Thesaban,[ANS] >> dbp:settlementType >> dbr:Thesaban [SEP] [ANS] >> rdf:type >> dbo:Town
translate question to dbpedia path: Question: In how many different wars have people graduated from the Army Command and General staff college fought? | Entities possibly involved: dbr:United_States_Army_Command_and_General_Staff_College,COUNT >> [VAR1] >> dbo:almaMater >> dbr:United_States_Army_Command_and_General_Staff_College [SEP] [VAR1] >> dbp:battles >> [ANS]
"translate question to dbpedia path: Question: Was Beth Tweddle primarily coached by Amanda Reddin? | Entities possibly involved: dbr:Beth_Tweddle, dbr:Amanda_Reddin",ASK >> dbr:Beth_Tweddle >> dbp:headcoach >> dbr:Amanda_Reddin
"translate question to dbpedia path: Question: Was robert sarvis a nominee of the US Senate? | Entities possibly involved: dbr:United_States_Senate, dbr:Robert_Sarvis",ASK >> dbr:Robert_Sarvis >> dbo:nominee >> dbr:United_States_Senate
"translate question to dbpedia path: Question: Name a basketball player with teams as Chicago Bulls and Phoenix Suns? | Entities possibly involved: dbr:Phoenix_Suns, dbr:Chicago_Bulls",[ANS] >> dbo:team >> dbr:Phoenix_Suns [SEP] [ANS] >> dbp:team >> dbr:Chicago_Bulls [SEP] [ANS] >> rdf:type >> dbo:BasketballPlayer
translate question to dbpedia path: Question: What is the home stadium of Kenya's women national football team ? | Entities possibly involved: dbr:Kenya_women's_national_football_team,dbr:Kenya_women's_national_football_team >> dbp:homeStadium >> [ANS]
translate question to dbpedia path: Question: What is the award which is presented by Swedish Academy? | Entities possibly involved: dbr:Swedish_Academy,[ANS] >> dbp:presenter >> dbr:Swedish_Academy [SEP] [ANS] >> rdf:type >> dbo:Award
translate question to dbpedia path: Question: What are some important people in NGOs headed by Donna Shalala? | Entities possibly involved: dbr:Donna_Shalala,[VAR1] >> dbo:keyPerson >> dbr:Donna_Shalala [SEP] [VAR1] >> dbp:keyPeople >> [ANS] [SEP] [VAR1] >> rdf:type >> dbo:Non-ProfitOrganisation
translate question to dbpedia path: Question: Who are the people whose phD advisor was Harry Harlow? | Entities possibly involved: dbr:Harry_Harlow,[ANS] >> dbp:doctoralAdvisor >> dbr:Harry_Harlow [SEP] [ANS] >> rdf:type >> dbo:Person
translate question to dbpedia path: Question: What are some books whose cover illustration is designed by Marshall Arisman? | Entities possibly involved: dbr:Marshall_Arisman,[ANS] >> dbp:coverArtist >> dbr:Marshall_Arisman [SEP] [ANS] >> rdf:type >> dbo:Book
translate question to dbpedia path: Question: Momoko Kchi has acted in which movie ? | Entities possibly involved: dbr:Momoko_Kōchi,[ANS] >> dbo:starring >> dbr:Momoko_Kōchi [SEP] [ANS] >> rdf:type >> dbo:Film
translate question to dbpedia path: Question: What are some cars similar to the ones assembled at Toluca? | Entities possibly involved: dbr:Toluca,[VAR1] >> dbp:assembly >> dbr:Toluca [SEP] [VAR1] >> dbp:related >> [ANS] [SEP] [VAR1] >> rdf:type >> dbo:Automobile
translate question to dbpedia path: Question: Michael Deeley produce how many movies? | Entities possibly involved: dbr:Michael_Deeley,COUNT >> [ANS] >> dbo:producer >> dbr:Michael_Deeley
translate question to dbpedia path: Question: How many food items have an ingredient from the Sapindales family? | Entities possibly involved: dbr:Sapindales,COUNT >> [ANS] >> dbo:ingredient >> [VAR1] [SEP] [ANS] >> rdf:type >> dbo:Food [SEP] [VAR1] >> dbo:order >> dbr:Sapindales
translate question to dbpedia path: Question: Who designed the bridge over the Valaichchenai lagoon? | Entities possibly involved: dbr:Valaichchenai_Lagoon,[VAR1] >> dbp:crosses >> dbr:Valaichchenai_Lagoon [SEP] [VAR1] >> dbp:designer >> [ANS] [SEP] [VAR1] >> rdf:type >> dbo:Bridge
translate question to dbpedia path: Question: Where did anton ausserer die? | Entities possibly involved: dbr:Anton_Ausserer,dbr:Anton_Ausserer >> dbp:deathPlace >> [ANS]
translate question to dbpedia path: Question: How many teams have used the stadium which hosted the WCW mayhem? | Entities possibly involved: dbr:WCW_Mayhem,COUNT >> [VAR1] >> dbo:tenant >> [ANS] [SEP] [VAR1] >> rdf:type >> dbo:Stadium [SEP] dbr:WCW_Mayhem >> dbp:venue >> [VAR1]
translate question to dbpedia path: Question: Who are in the liang chow club? | Entities possibly involved: dbr:Liang_Chow,[ANS] >> dbp:club >> dbr:Liang_Chow
translate question to dbpedia path: Question: In how many countries does the Zurich Affoltern am Albis Zug line go? | Entities possibly involved: dbr:Zürich–Affoltern_am_Albis–Zug_railway_line,COUNT >> [ANS] >> rdf:type >> dbo:Country [SEP] [VAR1] >> dbo:country >> [ANS] [SEP] [VAR1] >> dbp:line >> dbr:Zürich–Affoltern_am_Albis–Zug_railway_line
translate question to dbpedia path: Question: How many movies did Joel Schumacher direct? | Entities possibly involved: dbr:Joel_Schumacher,COUNT >> [ANS] >> dbo:director >> dbr:Joel_Schumacher [SEP] [ANS] >> rdf:type >> dbo:Film
translate question to dbpedia path: Question: In how many places did Julian Leow Beng Kim study? | Entities possibly involved: dbr:Julian_Leow_Beng_Kim,COUNT >> [ANS] >> rdf:type >> dbo:University [SEP] dbr:Julian_Leow_Beng_Kim >> dbp:almaMater >> [ANS]
"translate question to dbpedia path: Question: Is lion an animal? | Entities possibly involved: dbr:Animal, dbr:Lion",ASK >> dbr:Lion >> dbo:kingdom >> dbr:Animal
"translate question to dbpedia path: Question: Which Stanley Kubrick's movie has music by Laurie Johnson? | Entities possibly involved: dbr:Stanley_Kubrick, dbr:Laurie_Johnson",[ANS] >> dbp:director >> dbr:Stanley_Kubrick [SEP] [ANS] >> dbp:music >> dbr:Laurie_Johnson [SEP] [ANS] >> rdf:type >> dbo:Film
"translate question to dbpedia path: Question: How many movies were directed by the graduate of Burbank High School ? | Entities possibly involved: dbr:Burbank_High_School_(Burbank,_California)","COUNT >> [ANS] >> dbp:director >> [VAR1] [SEP] [ANS] >> rdf:type >> dbo:Film [SEP] [VAR1] >> dbp:education >> dbr:Burbank_High_School_(Burbank,_California)"
translate question to dbpedia path: Question: Count all the scientologists. | Entities possibly involved: dbr:Scientology,COUNT >> [ANS] >> dbo:religion >> dbr:Scientology
translate question to dbpedia path: Question: Laozi has authored which books ? | Entities possibly involved: dbr:Laozi,[ANS] >> dbp:author >> dbr:Laozi [SEP] [ANS] >> rdf:type >> dbo:Book
translate question to dbpedia path: Question: List the awards won by the fashion designer which have been recognized by Tennessee State Museum ? | Entities possibly involved: dbr:Tennessee_State_Museum,[VAR1] >> dbo:award >> [ANS] [SEP] [VAR1] >> dbo:award >> dbr:Tennessee_State_Museum [SEP] [VAR1] >> rdf:type >> dbo:FashionDesigner
translate question to dbpedia path: Question: What is the nationality of Newin Chidchob ? | Entities possibly involved: dbr:Newin_Chidchob,dbr:Newin_Chidchob >> dbp:nationality >> [ANS]
translate question to dbpedia path: Question: Which awards did the parents of Anna Bergman win ? | Entities possibly involved: dbr:Anna_Bergman,[VAR1] >> dbp:awards >> [ANS] [SEP] dbr:Anna_Bergman >> dbo:parent >> [VAR1]
translate question to dbpedia path: Question: How many schools have a bison as their mascot? | Entities possibly involved: dbr:Bison,COUNT >> [ANS] >> dbp:mascot >> dbr:Bison [SEP] [ANS] >> rdf:type >> dbo:School
translate question to dbpedia path: Question: Who is the head coach of 2009-10 Middlesbrough F.C. season ? | Entities possibly involved: dbr:2009–10_Middlesbrough_F.C._season,dbr:2009–10_Middlesbrough_F.C._season >> dbo:manager >> [ANS]
translate question to dbpedia path: Question: How many factions have fought in wars where Francois Marie Le Marchand de Lignery was involved? | Entities possibly involved: dbr:François-Marie_Le_Marchand_de_Lignery,COUNT >> [VAR1] >> dbp:combatant >> [ANS] [SEP] [VAR1] >> rdf:type >> dbo:MilitaryConflict [SEP] dbr:François-Marie_Le_Marchand_de_Lignery >> dbo:battle >> [VAR1]
translate question to dbpedia path: Question: What are some people who are on the board of companies founded in NY? | Entities possibly involved: dbr:New_York_City,[ANS] >> dbo:board >> [VAR1] [SEP] [ANS] >> rdf:type >> dbo:Person [SEP] [VAR1] >> dbp:foundation >> dbr:New_York_City
translate question to dbpedia path: Question: Give me a count of musicians who play an instrument developed by George Beauchamp ? | Entities possibly involved: dbr:George_Beauchamp,COUNT >> [ANS] >> dbo:instrument >> [VAR1] [SEP] [ANS] >> rdf:type >> dbo:MusicalArtist [SEP] [VAR1] >> dbp:keyPeople >> dbr:George_Beauchamp
translate question to dbpedia path: Question: In how many places have the companies started in Newcastle worked? | Entities possibly involved: dbr:City_of_Newcastle,COUNT >> [ANS] >> rdf:type >> dbo:Place [SEP] [VAR1] >> dbo:foundationPlace >> dbr:City_of_Newcastle [SEP] [VAR1] >> dbo:regionServed >> [ANS]
translate question to dbpedia path: Question: What are the musicals of the people died in California? | Entities possibly involved: dbr:California,[ANS] >> dbp:music >> [VAR1] [SEP] [ANS] >> rdf:type >> dbo:Musical [SEP] [VAR1] >> dbo:deathPlace >> dbr:California
"translate question to dbpedia path: Question: What sport has made Eric Schiller famous, and has employed Craig Van Tibury? | Entities possibly involved: dbr:Craig_Van_Tilbury, dbr:Eric_Schiller",dbr:Craig_Van_Tilbury >> dbo:occupation >> [ANS] [SEP] dbr:Eric_Schiller >> dbo:knownFor >> [ANS]
"translate question to dbpedia path: Question: Which pole driver of 1989 Portuguese Grand Prix was also the first driver of 1993 European Grand Prix ? | Entities possibly involved: dbr:1989_Portuguese_Grand_Prix, dbr:1993_European_Grand_Prix",dbr:1989_Portuguese_Grand_Prix >> dbo:poleDriver >> [ANS] [SEP] dbr:1993_European_Grand_Prix >> dbp:firstDriver >> [ANS]
translate question to dbpedia path: Question: Name the alma mater of the scientist famous for Email filtering ? | Entities possibly involved: dbr:Email_filtering,[VAR1] >> dbp:almaMater >> [ANS] [SEP] [VAR1] >> dbp:knownFor >> dbr:Email_filtering [SEP] [VAR1] >> rdf:type >> dbo:Scientist
"translate question to dbpedia path: Question: Where is the T.I. Ahmadiyya Girls Senior High School? | Entities possibly involved: dbr:T.I._Ahmadiyya_Girls_Senior_High_School,_Asokore","dbr:T.I._Ahmadiyya_Girls_Senior_High_School,_Asokore >> dbo:denomination >> [ANS]"
translate question to dbpedia path: Question: What are the birth place of the people who are the star of Dhoondte Reh Jaaoge? | Entities possibly involved: dbr:Dhoondte_Reh_Jaaoge!_(1998_film),[VAR1] >> dbo:birthPlace >> [ANS] [SEP] [VAR1] >> rdf:type >> dbo:Person [SEP] dbr:Dhoondte_Reh_Jaaoge!_(1998_film) >> dbo:starring >> [VAR1]
"translate question to dbpedia path: Question: Which software uses windows as it's operating system and is written in C++ ? | Entities possibly involved: dbr:Microsoft_Windows, dbr:C++",[ANS] >> dbo:operatingSystem >> dbr:Microsoft_Windows [SEP] [ANS] >> dbo:programmingLanguage >> dbr:C++ [SEP] [ANS] >> rdf:type >> dbo:Software
translate question to dbpedia path: Question: Which domain's journals did Willard Fiske edit? | Entities possibly involved: dbr:Willard_Fiske,[VAR1] >> dbp:discipline >> [ANS] [SEP] [VAR1] >> dbp:editor >> dbr:Willard_Fiske [SEP] [VAR1] >> rdf:type >> dbo:AcademicJournal
translate question to dbpedia path: Question: How many maintainers are there of the bridges that can carry motor vehicles over them? | Entities possibly involved: dbr:Motor_vehicle,COUNT >> [VAR1] >> dbo:maintainedBy >> [ANS] [SEP] [VAR1] >> dbp:carries >> dbr:Motor_vehicle
translate question to dbpedia path: Question: What currencies are circulated in the countries where people speak French? | Entities possibly involved: dbr:French_language,[VAR1] >> dbo:currency >> [ANS] [SEP] [VAR1] >> dbo:officialLanguage >> dbr:French_language [SEP] [VAR1] >> rdf:type >> dbo:Location
"translate question to dbpedia path: Question: Did Oliver Sacks study at the Columbia University? | Entities possibly involved: dbr:Oliver_Sacks, dbr:Columbia_University",ASK >> dbr:Oliver_Sacks >> dbo:institution >> dbr:Columbia_University
translate question to dbpedia path: Question: Give the distinct number of other party of the people which have one of the party as Janata Party ? | Entities possibly involved: dbr:Janata_Party,COUNT >> [VAR1] >> dbo:otherParty >> [ANS] [SEP] [VAR1] >> dbo:otherParty >> dbr:Janata_Party
translate question to dbpedia path: Question: How many organizations own the website to which Jimmy Wales contributes? | Entities possibly involved: dbr:Jimmy_Wales,COUNT >> [ANS] >> rdf:type >> dbo:Organisation [SEP] [VAR1] >> dbo:author >> dbr:Jimmy_Wales [SEP] [VAR1] >> dbo:owner >> [ANS]
"translate question to dbpedia path: Question: Was His New Job edited by Charlie Chaplin? | Entities possibly involved: dbr:Charlie_Chaplin, dbr:His_New_Job",ASK >> dbr:His_New_Job >> dbo:editing >> dbr:Charlie_Chaplin
"translate question to dbpedia path: Question: Does vance johnson play as a wide receiver? | Entities possibly involved: dbr:Wide_receiver, dbr:Vance_Johnson",ASK >> dbr:Vance_Johnson >> dbo:position >> dbr:Wide_receiver
translate question to dbpedia path: Question: Name the place of Qaqun ? | Entities possibly involved: dbr:Qaqun,dbr:Qaqun >> dbp:place >> [ANS]
"translate question to dbpedia path: Question: Is Luigi Brugnaro the mayor of Venice? | Entities possibly involved: dbr:Luigi_Brugnaro, dbr:Venice",ASK >> dbr:Venice >> dbp:mayor >> dbr:Luigi_Brugnaro
translate question to dbpedia path: Question: Which mountains are contained in Inyo National Forest? | Entities possibly involved: dbr:Inyo_National_Forest,[ANS] >> dbo:locatedInArea >> dbr:Inyo_National_Forest [SEP] [ANS] >> rdf:type >> dbo:Mountain
translate question to dbpedia path: Question: Whose children are married to Fredric Joliot-Curie? | Entities possibly involved: dbr:Frédéric_Joliot-Curie,[ANS] >> dbp:children >> [VAR1] [SEP] [VAR1] >> dbp:spouse >> dbr:Frédéric_Joliot-Curie
translate question to dbpedia path: Question: Where are the homestadiums of the seasons chaired by Merritt Paulson? | Entities possibly involved: dbr:Merritt_Paulson,[VAR1] >> dbo:chairman >> dbr:Merritt_Paulson [SEP] [VAR1] >> dbo:homeStadium >> [ANS] [SEP] [VAR1] >> rdf:type >> dbo:SoccerClubSeason
"translate question to dbpedia path: Question: Was elizabeth ann seton beatified by Pope John XXIII? | Entities possibly involved: dbr:Pope_John_XXIII, dbr:Elizabeth_Ann_Seton",ASK >> dbr:Elizabeth_Ann_Seton >> dbp:beatifiedBy >> dbr:Pope_John_XXIII
"translate question to dbpedia path: Question: What is the architecture of First National Bank and Trust Building (Lima, Ohio) ? | Entities possibly involved: dbr:First_National_Bank_and_Trust_Building_(Lima,_Ohio)","dbr:First_National_Bank_and_Trust_Building_(Lima,_Ohio) >> dbo:architecturalStyle >> [ANS]"
translate question to dbpedia path: Question: What are some languages in the italic family of languages? | Entities possibly involved: dbr:Italic_languages,[ANS] >> dbo:languageFamily >> dbr:Italic_languages
translate question to dbpedia path: Question: Count all the awards which were presented by something located in California. | Entities possibly involved: dbr:California,COUNT >> [ANS] >> dbo:presenter >> [VAR1] [SEP] [ANS] >> rdf:type >> dbo:Award [SEP] [VAR1] >> dbo:headquarter >> dbr:California
translate question to dbpedia path: Question: Who all held a position when Gough Whitlam was the prime minister? | Entities possibly involved: dbr:Gough_Whitlam,[ANS] >> dbo:primeMinister >> dbr:Gough_Whitlam
"translate question to dbpedia path: Question: In which part of the world will I find Kim Sawchuk and Vuelta Mexico Telmex? | Entities possibly involved: dbr:Kim_Sawchuk, dbr:Vuelta_Mexico_Telmex",dbr:Kim_Sawchuk >> dbp:region >> [ANS] [SEP] dbr:Vuelta_Mexico_Telmex >> dbp:region >> [ANS]
"translate question to dbpedia path: Question: Which university was attended by both Richard H Immerman and Franklin W Olin? | Entities possibly involved: dbr:Richard_H._Immerman, dbr:Franklin_W._Olin",dbr:Franklin_W._Olin >> dbp:education >> [ANS] [SEP] dbr:Richard_H._Immerman >> dbp:education >> [ANS]
translate question to dbpedia path: Question: How many other race are there of the adult (pornographic) actors whose ethnicity is Cherokee ? | Entities possibly involved: dbr:Cherokee,COUNT >> [VAR1] >> dbo:ethnicity >> dbr:Cherokee [SEP] [VAR1] >> dbp:ethnicity >> [ANS]
translate question to dbpedia path: Question: Stockholm is the HQ of how many things? | Entities possibly involved: dbr:Stockholm,COUNT >> [ANS] >> dbp:headquarters >> dbr:Stockholm
translate question to dbpedia path: Question: What is a salthill? | Entities possibly involved: dbr:Salthill,dbr:Salthill >> dbo:type >> [ANS]
"translate question to dbpedia path: Question: What is the sea connected to Oulu and Turku? | Entities possibly involved: dbr:Turku, dbr:Oulu",[ANS] >> dbp:cities >> dbr:Oulu [SEP] [ANS] >> dbp:cities >> dbr:Turku [SEP] [ANS] >> rdf:type >> dbo:Sea
translate question to dbpedia path: Question: In how many regions is the Baco Noir made? | Entities possibly involved: dbr:Baco_noir,COUNT >> dbr:Baco_noir >> dbo:wineRegion >> [ANS]
translate question to dbpedia path: Question: Where does the Jerusalem Institute of Justice render their services? | Entities possibly involved: dbr:Jerusalem_Institute_of_Justice,dbr:Jerusalem_Institute_of_Justice >> dbo:service >> [ANS]
translate question to dbpedia path: Question: List down the commanders of Battle of Fort stephenson ? | Entities possibly involved: dbr:Battle_of_Fort_Stephenson,dbr:Battle_of_Fort_Stephenson >> dbo:commander >> [ANS]
translate question to dbpedia path: Question: ARM Architecture acts as a game platform for how many things? | Entities possibly involved: dbr:ARM_architecture,COUNT >> [ANS] >> dbo:computingPlatform >> dbr:ARM_architecture
translate question to dbpedia path: Question: Name the work institutions of Andrew Schally? | Entities possibly involved: dbr:Andrew_Schally,dbr:Andrew_Schally >> dbp:workInstitutions >> [ANS]
"translate question to dbpedia path: Question: What is the fictional character which has Clan McDuck and Ludwig Von Draken as relatives? | Entities possibly involved: dbr:Ludwig_Von_Drake, dbr:Clan_McDuck",[ANS] >> dbp:relatives >> dbr:Clan_McDuck [SEP] [ANS] >> dbp:relatives >> dbr:Ludwig_Von_Drake [SEP] [ANS] >> rdf:type >> dbo:FictionalCharacter
translate question to dbpedia path: Question: How many games have a composer who worked for the Creatures? | Entities possibly involved: dbr:Creatures_(company),COUNT >> [ANS] >> dbp:composer >> [VAR1] [SEP] [ANS] >> rdf:type >> dbo:VideoGame [SEP] [VAR1] >> dbo:occupation >> dbr:Creatures_(company)
translate question to dbpedia path: Question: How many people have voiced characters sculpted by Clamp? | Entities possibly involved: dbr:Clamp_(manga_artists),COUNT >> [VAR1] >> dbo:voice >> [ANS] [SEP] [VAR1] >> dbp:creator >> dbr:Clamp_(manga_artists)
"translate question to dbpedia path: Question: Were the bodies involved in the Westroads mall shootings discovered in Nebraska? | Entities possibly involved: dbr:Nebraska, dbr:Westroads_Mall_shooting",ASK >> dbr:Westroads_Mall_shooting >> dbp:bodyDiscovered >> dbr:Nebraska
translate question to dbpedia path: Question: Who is the scientist whose academic advisor is Franz Brentano? | Entities possibly involved: dbr:Franz_Brentano,[ANS] >> dbo:academicAdvisor >> dbr:Franz_Brentano [SEP] [ANS] >> rdf:type >> dbo:Scientist
"translate question to dbpedia path: Question: In how many different people are alumini of the University of Oxford working? | Entities possibly involved: dbr:Worcester_College,_Oxford","COUNT >> [VAR1] >> dbo:field >> [ANS] [SEP] [VAR1] >> dbp:almaMater >> dbr:Worcester_College,_Oxford"
translate question to dbpedia path: Question: Who is the developer of Montecito Inn ? | Entities possibly involved: dbr:Montecito_Inn,dbr:Montecito_Inn >> dbp:developer >> [ANS]
translate question to dbpedia path: Question: Where did Paul Jones do his highschool? | Entities possibly involved: dbr:Paul_Jones_(American_football),dbr:Paul_Jones_(American_football) >> dbp:highschool >> [ANS]
"translate question to dbpedia path: Question: Is stephanie a female? | Entities possibly involved: dbr:Stephanie, dbr:Female",ASK >> dbr:Stephanie >> dbp:gender >> dbr:Female
"translate question to dbpedia path: Question: For which team did Cam Plante and Doug Acomb both play atleast once? | Entities possibly involved: dbr:Cam_Plante, dbr:Doug_Acomb",dbr:Cam_Plante >> dbp:playedFor >> [ANS] [SEP] dbr:Doug_Acomb >> dbp:playedFor >> [ANS]
translate question to dbpedia path: Question: What are the shows whose creator has worked as a screenwriter? | Entities possibly involved: dbr:Screenwriting,[ANS] >> dbo:creator >> [VAR1] [SEP] [ANS] >> rdf:type >> dbo:TelevisionShow [SEP] [VAR1] >> dbo:occupation >> dbr:Screenwriting
translate question to dbpedia path: Question: To which students did Ernest Rutherford advised to? | Entities possibly involved: dbr:Ernest_Rutherford,[ANS] >> dbp:doctoralAdvisor >> dbr:Ernest_Rutherford
"translate question to dbpedia path: Question: Did Bob Suci play for the New England Patriots? | Entities possibly involved: dbr:New_England_Patriots, dbr:Bob_Suci",ASK >> dbr:Bob_Suci >> dbp:pastteams >> dbr:New_England_Patriots
translate question to dbpedia path: Question: In how many places was the album of King Crimson recorded? | Entities possibly involved: dbr:King_Crimson,COUNT >> [VAR1] >> dbo:artist >> dbr:King_Crimson [SEP] [VAR1] >> dbo:recordedIn >> [ANS]
translate question to dbpedia path: Question: Who is the starring of the movies such that music is by Raamlaxman? | Entities possibly involved: dbr:Raamlaxman,[VAR1] >> dbo:starring >> [ANS] [SEP] [VAR1] >> dbp:music >> dbr:Raamlaxman [SEP] [VAR1] >> rdf:type >> dbo:Film
translate question to dbpedia path: Question: What are the movies whose cast members are signed up with Point Blank Records? | Entities possibly involved: dbr:Point_Blank_Records,[ANS] >> dbp:starring >> [VAR1] [SEP] [ANS] >> rdf:type >> dbo:Film [SEP] [VAR1] >> dbp:label >> dbr:Point_Blank_Records
"translate question to dbpedia path: Question: What is the Team Name  of the Cristo Rey Jesuit High School (Chicago) and is also the nickname of the Lyons Township High School ? | Entities possibly involved: dbr:Cristo_Rey_Jesuit_High_School_(Chicago), dbr:Lyons_Township_High_School",dbr:Cristo_Rey_Jesuit_High_School_(Chicago) >> dbp:teamName >> [ANS] [SEP] dbr:Lyons_Township_High_School >> dbp:nickname >> [ANS]
translate question to dbpedia path: Question: What is the city nearest to the islands in the Northwestern Hawaiian Islands? | Entities possibly involved: dbr:Northwestern_Hawaiian_Islands,[VAR1] >> dbp:archipelago >> dbr:Northwestern_Hawaiian_Islands [SEP] [VAR1] >> dbp:nearestCity >> [ANS] [SEP] [VAR1] >> rdf:type >> dbo:Island
translate question to dbpedia path: Question: Name the televesion show which has artist named Christopher Franke ? | Entities possibly involved: dbr:Christopher_Franke,[ANS] >> dbp:artist >> dbr:Christopher_Franke [SEP] [ANS] >> rdf:type >> dbo:TelevisionShow
translate question to dbpedia path: Question: name the races where bobby beasley took part ? | Entities possibly involved: dbr:Bobby_Beasley,dbr:Bobby_Beasley >> dbo:race >> [ANS]
translate question to dbpedia path: Question: Who acted in the movies whose music is composed by Walter Scharf? | Entities possibly involved: dbr:Walter_Scharf,[VAR1] >> dbo:musicComposer >> dbr:Walter_Scharf [SEP] [VAR1] >> dbp:artist >> [ANS] [SEP] [VAR1] >> rdf:type >> dbo:Film
translate question to dbpedia path: Question: What softwares were created by Apple Productivity Experience Group ? | Entities possibly involved: dbr:Apple_Productivity_Experience_Group,dbr:Apple_Productivity_Experience_Group >> dbo:product >> [ANS]
translate question to dbpedia path: Question: List all that flows into the north sea? | Entities possibly involved: dbr:North_Sea,dbr:North_Sea >> dbp:inflow >> [ANS]
"translate question to dbpedia path: Question: Is the magnolia place of the greek revival architectural style? | Entities possibly involved: dbr:Magnolia_Place, dbr:Greek_Revival_architecture",ASK >> dbr:Magnolia_Place >> dbo:architecturalStyle >> dbr:Greek_Revival_architecture
translate question to dbpedia path: Question: How many head of agencies were there in Nazi Germany? | Entities possibly involved: dbr:Nazi_Germany,COUNT >> [VAR1] >> dbo:jurisdiction >> dbr:Nazi_Germany [SEP] [VAR1] >> dbo:leader >> [ANS]
translate question to dbpedia path: Question: List all the notable work of the screen writer who produced Frasier ? | Entities possibly involved: dbr:Frasier,[VAR1] >> dbo:notableWork >> [ANS] [SEP] [VAR1] >> dbo:notableWork >> dbr:Frasier [SEP] [VAR1] >> rdf:type >> dbo:ScreenWriter
"translate question to dbpedia path: Question: Does Caroline Augusta Foley Rhys Davids study Buddhism? | Entities possibly involved: dbr:Caroline_Augusta_Foley_Rhys_Davids, dbr:Buddhism",ASK >> dbr:Caroline_Augusta_Foley_Rhys_Davids >> dbo:field >> dbr:Buddhism
translate question to dbpedia path: Question: Who employed the person famous for the Boeing fa18ef Super Hornet? | Entities possibly involved: dbr:Boeing_F/A-18E/F_Super_Hornet,[VAR1] >> dbo:knownFor >> dbr:Boeing_F/A-18E/F_Super_Hornet [SEP] [VAR1] >> dbp:employer >> [ANS] [SEP] [VAR1] >> rdf:type >> dbo:Person
translate question to dbpedia path: Question: List the awards given to the relatives of Gregorios Bernardakis. | Entities possibly involved: dbr:Gregorios_Bernardakis,[VAR1] >> dbo:award >> [ANS] [SEP] dbr:Gregorios_Bernardakis >> dbo:relative >> [VAR1]
translate question to dbpedia path: Question: What politician's partner is Diana Taylor ? | Entities possibly involved: dbr:Diana_Taylor_(superintendent),[ANS] >> dbo:partner >> dbr:Diana_Taylor_(superintendent) [SEP] [ANS] >> rdf:type >> dbo:Politician
translate question to dbpedia path: Question: Which fields are covered by academic journals in the US? | Entities possibly involved: dbr:United_States,[VAR1] >> dbp:country >> dbr:United_States [SEP] [VAR1] >> dbp:discipline >> [ANS] [SEP] [VAR1] >> rdf:type >> dbo:AcademicJournal
translate question to dbpedia path: Question: Which football players have Newell's Old Boys as youthclub? | Entities possibly involved: dbr:Newell's_Old_Boys,[ANS] >> dbp:youthclubs >> dbr:Newell's_Old_Boys
translate question to dbpedia path: Question: What are the teams for which Wilfred McDonald played for? | Entities possibly involved: dbr:Wilfred_McDonald,dbr:Wilfred_McDonald >> dbp:playedFor >> [ANS]
translate question to dbpedia path: Question: Who is the Artist of the singles whose film genre is Country music ? | Entities possibly involved: dbr:Country_music,[VAR1] >> dbp:artist >> [ANS] [SEP] [VAR1] >> dbp:genre >> dbr:Country_music [SEP] [VAR1] >> rdf:type >> dbo:Single
"translate question to dbpedia path: Question: Is Denver the largest city of Colorado? | Entities possibly involved: dbr:Colorado, dbr:Denver",ASK >> dbr:Colorado >> dbo:largestCity >> dbr:Denver
translate question to dbpedia path: Question: Count all those whose youthclub performed at the 14-15 La Liga? | Entities possibly involved: dbr:2014–15_La_Liga,COUNT >> [ANS] >> dbp:youthclubs >> [VAR1] [SEP] [ANS] >> rdf:type >> dbo:Athlete [SEP] [VAR1] >> dbo:season >> dbr:2014–15_La_Liga
translate question to dbpedia path: Question: How many cities are around the sea which flows into the Atlantic? | Entities possibly involved: dbr:Atlantic_Ocean,COUNT >> [ANS] >> rdf:type >> dbo:City [SEP] [VAR1] >> dbo:inflow >> dbr:Atlantic_Ocean [SEP] [VAR1] >> dbp:cities >> [ANS]
translate question to dbpedia path: Question: Who all are starring in the  movies where director of photography is John Derek ? | Entities possibly involved: dbr:John_Derek,[VAR1] >> dbo:cinematography >> dbr:John_Derek [SEP] [VAR1] >> dbp:starring >> [ANS] [SEP] [VAR1] >> rdf:type >> dbo:Film
translate question to dbpedia path: Question: List the import people of Maryland Jockey Club ? | Entities possibly involved: dbr:Maryland_Jockey_Club,dbr:Maryland_Jockey_Club >> dbp:keyPeople >> [ANS]
translate question to dbpedia path: Question: What is the total number of companies who use a language designed by Bjarne Stroustrup? | Entities possibly involved: dbr:Bjarne_Stroustrup,COUNT >> [ANS] >> dbp:programmingLanguage >> [VAR1] [SEP] [ANS] >> rdf:type >> dbo:Company [SEP] [VAR1] >> dbp:designer >> dbr:Bjarne_Stroustrup
translate question to dbpedia path: Question: Who does Cam PLante plays for ? | Entities possibly involved: dbr:Cam_Plante,dbr:Cam_Plante >> dbp:playedFor >> [ANS]
translate question to dbpedia path: Question: What famous work is derived from the one whose lyrics are written by Inma Gonzales? | Entities possibly involved: dbr:Inma_González,[VAR1] >> dbo:basedOn >> [ANS] [SEP] [VAR1] >> dbo:lyrics >> dbr:Inma_González
translate question to dbpedia path: Question: How many awards have been given to the ones who died of lung cancer? | Entities possibly involved: dbr:Lung_cancer,COUNT >> [ANS] >> rdf:type >> dbo:Award [SEP] [VAR1] >> dbo:award >> [ANS] [SEP] [VAR1] >> dbo:deathCause >> dbr:Lung_cancer
translate question to dbpedia path: Question: Who holds shares in something famous for the Seven Spring Mountain Resort? | Entities possibly involved: dbr:Seven_Springs_Mountain_Resort,[ANS] >> dbp:owner >> [VAR1] [SEP] [VAR1] >> dbo:knownFor >> dbr:Seven_Springs_Mountain_Resort
translate question to dbpedia path: Question: How many honorary title are there of the scientists who has  Australian of the Year award  ? | Entities possibly involved: dbr:Australian_of_the_Year,COUNT >> [VAR1] >> dbo:award >> [ANS] [SEP] [VAR1] >> dbo:award >> dbr:Australian_of_the_Year
translate question to dbpedia path: Question: What is the alma mater of K. Terry Dornbush ? | Entities possibly involved: dbr:K._Terry_Dornbush,dbr:K._Terry_Dornbush >> dbp:almaMater >> [ANS]
translate question to dbpedia path: Question: What is the river which comes from Southend-on-Sea mountain? | Entities possibly involved: dbr:Southend-on-Sea,[ANS] >> dbo:mouthMountain >> dbr:Southend-on-Sea [SEP] [ANS] >> rdf:type >> dbo:River
translate question to dbpedia path: Question: What is the birth location of the advisor of Richard Hofstadter ? | Entities possibly involved: dbr:Richard_Hofstadter,[VAR1] >> dbo:birthPlace >> [ANS] [SEP] dbr:Richard_Hofstadter >> dbp:doctoralAdvisor >> [VAR1]
"translate question to dbpedia path: Question: Does Abdelhameed Amarri currently play for Khartoum? | Entities possibly involved: dbr:Khartoum, dbr:Abdelhameed_Amarri",ASK >> dbr:Abdelhameed_Amarri >> dbp:currentclub >> dbr:Khartoum
translate question to dbpedia path: Question: Who is the prime minister that Michael Jeffery served? | Entities possibly involved: dbr:Michael_Jeffery,dbr:Michael_Jeffery >> dbp:primeminister >> [ANS]
translate question to dbpedia path: Question: How many people are known for Dragons' Den? | Entities possibly involved: dbr:Dragons'_Den_(UK_TV_series),COUNT >> [ANS] >> dbo:knownFor >> dbr:Dragons'_Den_(UK_TV_series)
translate question to dbpedia path: Question: How many different writers have written for Jump Square? | Entities possibly involved: dbr:Jump_Square,COUNT >> [VAR1] >> dbp:author >> [ANS] [SEP] [VAR1] >> dbp:magazine >> dbr:Jump_Square
translate question to dbpedia path: Question: Who is the employer of Ralph flanders ? | Entities possibly involved: dbr:Ralph_Flanders,dbr:Ralph_Flanders >> dbp:occupation >> [ANS]
"translate question to dbpedia path: Question: Is Giorgos Kaminis the mayor of Athens? | Entities possibly involved: dbr:Athens, dbr:Giorgos_Kaminis",ASK >> dbr:Athens >> dbo:mayor >> dbr:Giorgos_Kaminis
translate question to dbpedia path: Question: Name the members of European Go Federation? | Entities possibly involved: dbr:European_Go_Federation,dbr:European_Go_Federation >> dbp:membership >> [ANS]
"translate question to dbpedia path: Question: Grey gppse and eristoff is produced by which company? | Entities possibly involved: dbr:Grey_Goose_(vodka), dbr:Eristoff",dbr:Eristoff >> dbp:manufacturer >> [ANS] [SEP] dbr:Grey_Goose_(vodka) >> dbp:manufacturer >> [ANS]
translate question to dbpedia path: Question: Count the participants of the NBA. | Entities possibly involved: dbr:National_Basketball_Association,COUNT >> [ANS] >> dbo:league >> dbr:National_Basketball_Association
translate question to dbpedia path: Question: Who has stock in the railway lines managed by Norfolk Southern Railway? | Entities possibly involved: dbr:Norfolk_Southern_Railway,[VAR1] >> dbp:owner >> [ANS] [SEP] [VAR1] >> dbp:system >> dbr:Norfolk_Southern_Railway [SEP] [VAR1] >> rdf:type >> dbo:RailwayLine
translate question to dbpedia path: Question: How many writers speak a language belonging to the Germanic kind of languages? | Entities possibly involved: dbr:Germanic_languages,COUNT >> [ANS] >> dbp:language >> [VAR1] [SEP] [ANS] >> rdf:type >> dbo:Writer [SEP] [VAR1] >> dbo:languageFamily >> dbr:Germanic_languages
translate question to dbpedia path: Question: Enumerate the cars related to the ones assembled in Toluca? | Entities possibly involved: dbr:Toluca,COUNT >> [VAR1] >> dbp:assembly >> dbr:Toluca [SEP] [VAR1] >> dbp:related >> [ANS]
translate question to dbpedia path: Question: Name the basketball players drafted by Los Angeles Clippers ? | Entities possibly involved: dbr:Los_Angeles_Clippers,[ANS] >> dbp:draftTeam >> dbr:Los_Angeles_Clippers [SEP] [ANS] >> rdf:type >> dbo:BasketballPlayer
"translate question to dbpedia path: Question: Is Tenzing Norgay  the first person to scale Mt. Everest? | Entities possibly involved: dbr:Mount_Everest, dbr:Tenzing_Norgay",ASK >> dbr:Mount_Everest >> dbo:firstAscentPerson >> dbr:Tenzing_Norgay
translate question to dbpedia path: Question: Count the number of other product of the banks whose one of the product is Wealth management ? | Entities possibly involved: dbr:Wealth_management,COUNT >> [VAR1] >> dbo:product >> [ANS] [SEP] [VAR1] >> dbo:product >> dbr:Wealth_management
"translate question to dbpedia path: Question: Is Pulau Ubin the largest city of Singapore? | Entities possibly involved: dbr:Pulau_Ubin, dbr:Singapore",ASK >> dbr:Pulau_Ubin >> dbo:largestCity >> dbr:Singapore
translate question to dbpedia path: Question: Under which president was timothy l. woodruff a lieutenant? | Entities possibly involved: dbr:Timothy_L._Woodruff,[ANS] >> dbp:lieutenant >> dbr:Timothy_L._Woodruff
"translate question to dbpedia path: Question: How many have been venerateds in Islam and Judaism? | Entities possibly involved: dbr:Judaism, dbr:Islam",COUNT >> [ANS] >> dbo:veneratedIn >> dbr:Islam [SEP] [ANS] >> dbo:veneratedIn >> dbr:Judaism
"translate question to dbpedia path: Question: Which training center of William Anthony has also alumni named Philip W Pillsbury ? | Entities possibly involved: dbr:William_Anthony_(artist), dbr:Philip_W._Pillsbury",dbr:Philip_W._Pillsbury >> dbp:education >> [ANS] [SEP] dbr:William_Anthony_(artist) >> dbp:training >> [ANS]
translate question to dbpedia path: Question: List the authors of the musicals whose songwriter is Richard M. Sherman. | Entities possibly involved: dbr:Richard_M._Sherman,[VAR1] >> dbo:author >> [ANS] [SEP] [VAR1] >> dbo:musicBy >> dbr:Richard_M._Sherman [SEP] [VAR1] >> rdf:type >> dbo:Musical
translate question to dbpedia path: Question: Give me some organizations working for Environmentalism | Entities possibly involved: dbr:Environmentalism,[ANS] >> dbp:purpose >> dbr:Environmentalism [SEP] [ANS] >> rdf:type >> dbo:Organisation
"translate question to dbpedia path: Question: What faith of Buddhist Tai Hung College is also the acadmeic interest of Paul Demiville ? | Entities possibly involved: dbr:Paul_Demiéville, dbr:Buddhist_Tai_Hung_College",dbr:Buddhist_Tai_Hung_College >> dbp:religion >> [ANS] [SEP] dbr:Paul_Demiéville >> dbp:fields >> [ANS]
translate question to dbpedia path: Question: Count the number of offices held by people who have their allegiances with the american civil war union? | Entities possibly involved: dbr:Union_(American_Civil_War),COUNT >> [VAR1] >> dbp:allegiance >> dbr:Union_(American_Civil_War) [SEP] [VAR1] >> dbp:office >> [ANS]
translate question to dbpedia path: Question: What are all the TV shows which are related to the ones produced by Julie Gardner? | Entities possibly involved: dbr:Julie_Gardner,COUNT >> [ANS] >> dbo:related >> [VAR1] [SEP] [ANS] >> rdf:type >> dbo:TelevisionShow [SEP] [VAR1] >> dbo:executiveProducer >> dbr:Julie_Gardner
translate question to dbpedia path: Question: For how many different presidents have people in the Continental Army served? | Entities possibly involved: dbr:Continental_Army,COUNT >> [VAR1] >> dbp:branch >> dbr:Continental_Army [SEP] [VAR1] >> dbp:president >> [ANS]
"translate question to dbpedia path: Question: Is Pixar Canada a subsidiary of Pixar? | Entities possibly involved: dbr:Pixar, dbr:Pixar_Canada",ASK >> dbr:Pixar >> dbo:subsidiary >> dbr:Pixar_Canada
translate question to dbpedia path: Question: How many movies have been cinematographed by Jordan Cronenweth? | Entities possibly involved: dbr:Jordan_Cronenweth,COUNT >> [ANS] >> dbp:cinematography >> dbr:Jordan_Cronenweth [SEP] [ANS] >> rdf:type >> dbo:Film
translate question to dbpedia path: Question: What are all the prizes won by the writer of A Grand Day Out? | Entities possibly involved: dbr:A_Grand_Day_Out,[VAR1] >> dbo:award >> [ANS] [SEP] dbr:A_Grand_Day_Out >> dbo:writer >> [VAR1]
"translate question to dbpedia path: Question: Is Lyndon bridge a kind of Truss bridge? | Entities possibly involved: dbr:Lyndon_Bridge, dbr:Truss_bridge",ASK >> dbr:Lyndon_Bridge >> dbp:design >> dbr:Truss_bridge
translate question to dbpedia path: Question: What tv show is created by Brian Graden? | Entities possibly involved: dbr:Brian_Graden,[ANS] >> dbp:developer >> dbr:Brian_Graden [SEP] [ANS] >> rdf:type >> dbo:TelevisionShow
translate question to dbpedia path: Question: In which country is there a dam on the Awash river? | Entities possibly involved: dbr:Awash_River,[VAR1] >> dbo:river >> dbr:Awash_River [SEP] [VAR1] >> dbp:country >> [ANS] [SEP] [VAR1] >> rdf:type >> dbo:Dam
translate question to dbpedia path: Question: Count the total religions followed by the ones living in England. | Entities possibly involved: dbr:England,COUNT >> [VAR1] >> dbp:religion >> [ANS] [SEP] [VAR1] >> dbp:residence >> dbr:England
translate question to dbpedia path: Question: Who wrote the play in which a character called Stella Kowalski exists? | Entities possibly involved: dbr:Stella_Kowalski,[VAR1] >> dbp:characters >> dbr:Stella_Kowalski [SEP] [VAR1] >> dbp:writer >> [ANS] [SEP] [VAR1] >> rdf:type >> dbo:Play
"translate question to dbpedia path: Question: Was Liliya Lobanova born in Ukraine? | Entities possibly involved: dbr:Liliya_Lobanova, dbr:Ukraine",ASK >> dbr:Liliya_Lobanova >> dbp:birthplace >> dbr:Ukraine
"translate question to dbpedia path: Question: Is the hyundai elantra related to hyundai lavita? | Entities possibly involved: dbr:Hyundai_Lavita, dbr:Hyundai_Elantra",ASK >> dbr:Hyundai_Lavita >> dbo:relatedMeanOfTransportation >> dbr:Hyundai_Elantra
"translate question to dbpedia path: Question: Is Serbian Titieca a doctoral student of Werner Heisenberghttp://dbpedia.org/resource/Werner_Heisenberg | Entities possibly involved: dbr:Șerban_Țițeica, dbr:Werner_Heisenberg",ASK >> dbr:Werner_Heisenberg >> dbo:doctoralStudent >> dbr:Șerban_Țițeica
translate question to dbpedia path: Question: What is the region of Kim Sawchuk ? | Entities possibly involved: dbr:Kim_Sawchuk,dbr:Kim_Sawchuk >> dbp:region >> [ANS]
translate question to dbpedia path: Question: What are some cars related to the ones with a V8? | Entities possibly involved: dbr:V8_engine,[VAR1] >> dbp:engine >> dbr:V8_engine [SEP] [VAR1] >> dbp:related >> [ANS] [SEP] [VAR1] >> rdf:type >> dbo:Automobile
translate question to dbpedia path: Question: What are the important buildings of the architect whose one of the significant building is Krasnye Vorota? | Entities possibly involved: dbr:Krasnye_Vorota_(Moscow_Metro),[VAR1] >> dbo:significantBuilding >> [ANS] [SEP] [VAR1] >> dbo:significantBuilding >> dbr:Krasnye_Vorota_(Moscow_Metro) [SEP] [VAR1] >> rdf:type >> dbo:Architect
"translate question to dbpedia path: Question: Name the common institute of Robert hall and Erica Frank ? | Entities possibly involved: dbr:Robert_Hall_(economist), dbr:Erica_Frank",dbr:Erica_Frank >> dbo:institution >> [ANS] [SEP] dbr:Robert_Hall_(economist) >> dbo:institution >> [ANS]
translate question to dbpedia path: Question: In how many places have Irishmen died? | Entities possibly involved: dbr:Ireland,COUNT >> [ANS] >> rdf:type >> dbo:Location [SEP] [VAR1] >> dbo:deathPlace >> [ANS] [SEP] [VAR1] >> dbp:birthPlace >> dbr:Ireland
translate question to dbpedia path: Question: Count the number of  fields of the scientists whose one of the fields is Sanskrit? | Entities possibly involved: dbr:Sanskrit,COUNT >> [VAR1] >> dbp:fields >> [ANS] [SEP] [VAR1] >> dbp:fields >> dbr:Sanskrit
"translate question to dbpedia path: Question: Does the white river flow into the connecticut river{u'_id': u'97e02dcf44aa43c1b7cc7a7c155b118f', | Entities possibly involved: dbr:White_River_(Vermont), dbr:Connecticut_River",ASK >> dbr:Connecticut_River >> dbo:rightTributary >> dbr:White_River_(Vermont)
"translate question to dbpedia path: Question: Was andy worhol the director of the san diego surf? | Entities possibly involved: dbr:San_Diego_Surf_(film), dbr:Andy_Warhol",ASK >> dbr:San_Diego_Surf_(film) >> dbo:cinematography >> dbr:Andy_Warhol
translate question to dbpedia path: Question: What is the debut team of ngel Escobar ? | Entities possibly involved: dbr:Ángel_Escobar,dbr:Ángel_Escobar >> dbp:debutteam >> [ANS]
translate question to dbpedia path: Question: Give me a list of everyone who married the musicians signed up with Pablo Records? | Entities possibly involved: dbr:Pablo_Records,[ANS] >> dbo:spouse >> [VAR1] [SEP] [VAR1] >> dbp:label >> dbr:Pablo_Records
translate question to dbpedia path: Question: What is the predecessor of the car engine which was succeeded by  BMW M43 ? | Entities possibly involved: dbr:BMW_M43,[VAR1] >> dbo:successor >> dbr:BMW_M43 [SEP] [VAR1] >> dbp:predecessor >> [ANS] [SEP] [VAR1] >> rdf:type >> dbo:Engine
translate question to dbpedia path: Question: Give me a count of musical artists collaborating with Waylon Jennings? | Entities possibly involved: dbr:Waylon_Jennings,COUNT >> [ANS] >> dbo:associatedMusicalArtist >> dbr:Waylon_Jennings [SEP] [ANS] >> rdf:type >> dbo:MusicalArtist
translate question to dbpedia path: Question: Count everyone who was in the military unit which is structured like the Marine Aircraft Group 13 ? | Entities possibly involved: dbr:Marine_Aircraft_Group_13,COUNT >> [ANS] >> dbo:militaryUnit >> [VAR1] [SEP] [VAR1] >> dbp:commandStructure >> dbr:Marine_Aircraft_Group_13
translate question to dbpedia path: Question: List the houses of Parliament of India ? | Entities possibly involved: dbr:Parliament_of_India,dbr:Parliament_of_India >> dbp:houses >> [ANS]
"translate question to dbpedia path: Question: Count the number of movies whose distributor is RKO Pictures and director of photography is Gregg Toland? | Entities possibly involved: dbr:Gregg_Toland, dbr:RKO_Pictures",COUNT >> [ANS] >> dbo:cinematography >> dbr:Gregg_Toland [SEP] [ANS] >> dbp:distributor >> dbr:RKO_Pictures
translate question to dbpedia path: Question: In how many places can I find wine made of Vitis vinifera grapes? | Entities possibly involved: dbr:Vitis_vinifera,COUNT >> [VAR1] >> dbo:species >> dbr:Vitis_vinifera [SEP] [VAR1] >> dbo:wineRegion >> [ANS]
translate question to dbpedia path: Question: Which gadgets are made by companies of New Taipei City? | Entities possibly involved: dbr:New_Taipei_City,[ANS] >> dbo:manufacturer >> [VAR1] [SEP] [VAR1] >> dbp:locationCity >> dbr:New_Taipei_City
translate question to dbpedia path: Question: What is the hub of Wan Air ? | Entities possibly involved: dbr:Wan_Air,dbr:Wan_Air >> dbp:hubs >> [ANS]
translate question to dbpedia path: Question: Who are the members of organizations headquartered at Amstelveen? | Entities possibly involved: dbr:Amstelveen,[VAR1] >> dbp:headquarters >> dbr:Amstelveen [SEP] [VAR1] >> dbp:membership >> [ANS] [SEP] [VAR1] >> rdf:type >> dbo:Organisation
"translate question to dbpedia path: Question: Was the skeleton dance animated by Walt Disney? | Entities possibly involved: dbr:The_Skeleton_Dance, dbr:Walt_Disney",ASK >> dbr:The_Skeleton_Dance >> dbo:animator >> dbr:Walt_Disney
translate question to dbpedia path: Question: Which comic characters are painted by Bill Finger? | Entities possibly involved: dbr:Bill_Finger,[ANS] >> dbo:creator >> dbr:Bill_Finger [SEP] [ANS] >> rdf:type >> dbo:ComicsCharacter
translate question to dbpedia path: Question: Name few television shows's anchored by Ryan Seacrest? | Entities possibly involved: dbr:Ryan_Seacrest,[ANS] >> dbo:presenter >> dbr:Ryan_Seacrest [SEP] [ANS] >> rdf:type >> dbo:TelevisionShow
translate question to dbpedia path: Question: List education institute of the engineers whose alma mater is ChristChurch ? | Entities possibly involved: dbr:Christchurch,[VAR1] >> dbo:education >> [ANS] [SEP] [VAR1] >> dbo:education >> dbr:Christchurch [SEP] [VAR1] >> rdf:type >> dbo:Engineer
translate question to dbpedia path: Question: What do the banks owned by Norwegian ministry of finance produce? | Entities possibly involved: dbr:Ministry_of_Finance_(Norway),[VAR1] >> dbo:parentCompany >> dbr:Ministry_of_Finance_(Norway) [SEP] [VAR1] >> dbp:products >> [ANS] [SEP] [VAR1] >> rdf:type >> dbo:Bank
"translate question to dbpedia path: Question: Is coffee a main ingredient of Hopje? | Entities possibly involved: dbr:Coffee, dbr:Hopje",ASK >> dbr:Hopje >> dbp:mainIngredient >> dbr:Coffee
"translate question to dbpedia path: Question: Does KOMC play Gospel Music? | Entities possibly involved: dbr:Gospel_music, dbr:KOMC_(AM)",ASK >> dbr:KOMC_(AM) >> dbo:programmeFormat >> dbr:Gospel_music
translate question to dbpedia path: Question: Which televison shows have location as Massachusetts ? | Entities possibly involved: dbr:Massachusetts,[ANS] >> dbo:location >> dbr:Massachusetts [SEP] [ANS] >> rdf:type >> dbo:TelevisionShow
translate question to dbpedia path: Question: What medals have been given to people who died of lung cancer? | Entities possibly involved: dbr:Lung_cancer,[VAR1] >> dbo:award >> [ANS] [SEP] [VAR1] >> dbo:deathCause >> dbr:Lung_cancer [SEP] [VAR1] >> rdf:type >> dbo:Person
translate question to dbpedia path: Question: How many people have coached the players of Middlesbrough FC? | Entities possibly involved: dbr:Middlesbrough_F.C.,COUNT >> [ANS] >> rdf:type >> dbo:Person [SEP] [VAR1] >> dbo:manager >> [ANS] [SEP] [VAR1] >> dbo:team >> dbr:Middlesbrough_F.C.
translate question to dbpedia path: Question: What are the Languages of Zabbaleen ? | Entities possibly involved: dbr:Zabbaleen,dbr:Zabbaleen >> dbp:languages >> [ANS]
"translate question to dbpedia path: Question: Was Krzystof Wielicki the first person that ascended the mt everest? | Entities possibly involved: dbr:Krzysztof_Wielicki, dbr:Mount_Everest",ASK >> dbr:Mount_Everest >> dbo:firstAscentPerson >> dbr:Krzysztof_Wielicki
translate question to dbpedia path: Question: What is the mascot of alma mater of John O Moseley? | Entities possibly involved: dbr:John_O._Moseley,[VAR1] >> dbp:mascot >> [ANS] [SEP] dbr:John_O._Moseley >> dbp:almaMater >> [VAR1]
"translate question to dbpedia path: Question: Does the river shannon originate from Dowra? | Entities possibly involved: dbr:Dowra, dbr:River_Shannon",ASK >> dbr:River_Shannon >> dbo:sourceMountain >> dbr:Dowra
translate question to dbpedia path: Question: Which newspapers are owned by Oslo citizens? | Entities possibly involved: dbr:Oslo,[ANS] >> dbp:owners >> [VAR1] [SEP] [ANS] >> rdf:type >> dbo:Newspaper [SEP] [VAR1] >> dbp:location >> dbr:Oslo
translate question to dbpedia path: Question: King crimson has been recorded in which places? | Entities possibly involved: dbr:King_Crimson,[VAR1] >> dbo:artist >> dbr:King_Crimson [SEP] [VAR1] >> dbo:recordedIn >> [ANS]
"translate question to dbpedia path: Question: Does chicago own the washington station on the CTA Blue Line? | Entities possibly involved: dbr:Chicago, dbr:Washington_station_(CTA_Blue_Line)",ASK >> dbr:Washington_station_(CTA_Blue_Line) >> dbp:owned >> dbr:Chicago
translate question to dbpedia path: Question: How many mountain ranges are located in the Canton of Fribourg? | Entities possibly involved: dbr:Canton_of_Fribourg,COUNT >> [VAR1] >> dbo:locatedInArea >> dbr:Canton_of_Fribourg [SEP] [VAR1] >> dbo:mountainRange >> [ANS]
"translate question to dbpedia path: Question: Is GIMP written in GTK+? | Entities possibly involved: dbr:GIMP, dbr:GTK+",ASK >> dbr:GIMP >> dbp:programmingLanguage >> dbr:GTK+
translate question to dbpedia path: Question: Give me a count on associates of Johnny Cash? | Entities possibly involved: dbr:Johnny_Cash,COUNT >> [ANS] >> dbp:associatedActs >> dbr:Johnny_Cash
translate question to dbpedia path: Question: what are some neighboring cities of Pregny Chambsy? | Entities possibly involved: dbr:Pregny-Chambésy,[ANS] >> dbo:neighboringMunicipality >> dbr:Pregny-Chambésy
translate question to dbpedia path: Question: Through which counties does the road go which starts at the Port Klang? | Entities possibly involved: dbr:Port_Klang,[VAR1] >> dbo:county >> [ANS] [SEP] [VAR1] >> dbo:routeStart >> dbr:Port_Klang [SEP] [VAR1] >> rdf:type >> dbo:Road
translate question to dbpedia path: Question: How many developers make softwares for Unix like operating systems? | Entities possibly involved: dbr:Unix-like,COUNT >> [VAR1] >> dbo:developer >> [ANS] [SEP] [VAR1] >> dbp:operatingSystem >> dbr:Unix-like
translate question to dbpedia path: Question: What is the second track list of Dschinghis Khan (song) ? | Entities possibly involved: dbr:Dschinghis_Khan_(song),dbr:Dschinghis_Khan_(song) >> dbo:subsequentWork >> [ANS]
translate question to dbpedia path: Question: List the graves of the royalities which have been buried at Beeleigh Abbey ? | Entities possibly involved: dbr:Beeleigh_Abbey,[VAR1] >> dbp:placeOfBurial >> [ANS] [SEP] [VAR1] >> dbp:placeOfBurial >> dbr:Beeleigh_Abbey [SEP] [VAR1] >> rdf:type >> dbo:Royalty
translate question to dbpedia path: Question: For which party's PM did Chidambaram Subramaniam serve? | Entities possibly involved: dbr:Chidambaram_Subramaniam,[VAR1] >> dbo:party >> [ANS] [SEP] dbr:Chidambaram_Subramaniam >> dbp:primeminister >> [VAR1]
translate question to dbpedia path: Question: What is the capital of the region which maintains the South Park Bridge ? | Entities possibly involved: dbr:South_Park_Bridge,[VAR1] >> dbo:countySeat >> [ANS] [SEP] [VAR1] >> rdf:type >> dbo:Region [SEP] dbr:South_Park_Bridge >> dbo:maintainedBy >> [VAR1]
translate question to dbpedia path: Question: AH141 highway is a part of which country? | Entities possibly involved: dbr:AH141,dbr:AH141 >> dbo:county >> [ANS]
"translate question to dbpedia path: Question: Which school of jack mcGregor attend which was also the training center of William Anthony ? | Entities possibly involved: dbr:William_Anthony_(artist), dbr:Jack_McGregor",dbr:Jack_McGregor >> dbo:education >> [ANS] [SEP] dbr:William_Anthony_(artist) >> dbo:training >> [ANS]
"translate question to dbpedia path: Question: Is Julia Gillard a part of monarch of elizabeth 2? | Entities possibly involved: dbr:Elizabeth_II, dbr:Julia_Gillard",ASK >> dbr:Julia_Gillard >> dbp:monarch >> dbr:Elizabeth_II
translate question to dbpedia path: Question: Count the number of schools which are in a city governed by the West Berkshire Council? | Entities possibly involved: dbr:West_Berkshire_Council,COUNT >> [ANS] >> dbp:city >> [VAR1] [SEP] [ANS] >> rdf:type >> dbo:School [SEP] [VAR1] >> dbo:leaderName >> dbr:West_Berkshire_Council
translate question to dbpedia path: Question: How many wars took place in Israel? | Entities possibly involved: dbr:Israel,COUNT >> [ANS] >> dbo:place >> dbr:Israel [SEP] [ANS] >> rdf:type >> dbo:MilitaryConflict
translate question to dbpedia path: Question: What is the total number of guests on the show whose theme music is Let me be your star? | Entities possibly involved: dbr:Let_Me_Be_Your_Star,COUNT >> [VAR1] >> dbp:guests >> [ANS] [SEP] [VAR1] >> dbp:music >> dbr:Let_Me_Be_Your_Star
translate question to dbpedia path: Question: How many people have written for Gangan Comics? | Entities possibly involved: dbr:Gangan_Comics,COUNT >> [VAR1] >> dbp:author >> [ANS] [SEP] [VAR1] >> dbp:magazine >> dbr:Gangan_Comics
translate question to dbpedia path: Question: Who wrote The Times They Are a-Changin? | Entities possibly involved: dbr:The_Times_They_Are_a-Changin'_(musical),dbr:The_Times_They_Are_a-Changin'_(musical) >> dbo:musicBy >> [ANS]
"translate question to dbpedia path: Question: Which education institute of Duncan U. Fletcher is also the university of Vanderbilt Commodores ? | Entities possibly involved: dbr:Duncan_U._Fletcher, dbr:Vanderbilt_Commodores",dbr:Duncan_U._Fletcher >> dbo:almaMater >> [ANS] [SEP] dbr:Vanderbilt_Commodores >> dbo:university >> [ANS]
translate question to dbpedia path: Question: How many total religions are followed by people whose hometown is somewhere in India? | Entities possibly involved: dbr:India,COUNT >> [VAR1] >> dbo:hometown >> dbr:India [SEP] [VAR1] >> dbp:religion >> [ANS]
translate question to dbpedia path: Question: England is the origin of how many things? | Entities possibly involved: dbr:England,COUNT >> [ANS] >> dbp:origin >> dbr:England
translate question to dbpedia path: Question: Where did ed podolak go to high school | Entities possibly involved: dbr:Ed_Podolak,dbr:Ed_Podolak >> dbo:highschool >> [ANS]
"translate question to dbpedia path: Question: Where is the county seat of King County, Washington? | Entities possibly involved: dbr:King_County,_Washington","dbr:King_County,_Washington >> dbo:countySeat >> [ANS]"
"translate question to dbpedia path: Question: Is Maldives a member ofof South Asia Subregional Economic Cooperation? | Entities possibly involved: dbr:South_Asia_Subregional_Economic_Cooperation, dbr:Maldives",ASK >> dbr:South_Asia_Subregional_Economic_Cooperation >> dbp:membership >> dbr:Maldives
"translate question to dbpedia path: Question: Is Rain Over me in the planet pit album? | Entities possibly involved: dbr:Planet_Pit, dbr:Rain_Over_Me",ASK >> dbr:Rain_Over_Me >> dbo:album >> dbr:Planet_Pit
"translate question to dbpedia path: Question: Was Ne Daj Se, Nina first aired in Croatia? | Entities possibly involved: dbr:Ne_daj_se,_Nina, dbr:Croatia","ASK >> dbr:Ne_daj_se,_Nina >> dbp:firstAired >> dbr:Croatia"
translate question to dbpedia path: Question: How many people work at the FBI? | Entities possibly involved: dbr:Federal_Bureau_of_Investigation,COUNT >> [ANS] >> dbo:occupation >> dbr:Federal_Bureau_of_Investigation
translate question to dbpedia path: Question: How many people have been trained in an institute located in California? | Entities possibly involved: dbr:California,COUNT >> [ANS] >> dbp:training >> [VAR1] [SEP] [ANS] >> rdf:type >> dbo:Person [SEP] [VAR1] >> dbp:city >> dbr:California
translate question to dbpedia path: Question: What are some famous companies founded in the US? | Entities possibly involved: dbr:United_States,[ANS] >> dbo:foundationPlace >> dbr:United_States [SEP] [ANS] >> rdf:type >> dbo:Company
translate question to dbpedia path: Question: Who were fighting the war where the QF Hotchkiss was used? | Entities possibly involved: dbr:QF_6-pounder_Hotchkiss,COUNT >> [VAR1] >> dbo:territory >> [ANS] [SEP] [VAR1] >> rdf:type >> dbo:MilitaryConflict [SEP] dbr:QF_6-pounder_Hotchkiss >> dbo:usedInWar >> [VAR1]
translate question to dbpedia path: Question: Give me a count of movies whose film editor is Anthony Harvey? | Entities possibly involved: dbr:Anthony_Harvey,COUNT >> [ANS] >> dbp:editing >> dbr:Anthony_Harvey [SEP] [ANS] >> rdf:type >> dbo:Film
translate question to dbpedia path: Question: How many people are buried in Arlington National Cemetery? | Entities possibly involved: dbr:Arlington_National_Cemetery,COUNT >> [ANS] >> dbp:placeofburial >> dbr:Arlington_National_Cemetery
translate question to dbpedia path: Question: What are some people working for the New York Post? | Entities possibly involved: dbr:New_York_Post,[ANS] >> dbo:employer >> dbr:New_York_Post [SEP] [ANS] >> rdf:type >> dbo:Person
translate question to dbpedia path: Question: What are some devices whose manufacturers are in taiwan? | Entities possibly involved: dbr:Taiwan,[ANS] >> dbo:manufacturer >> [VAR1] [SEP] [ANS] >> rdf:type >> dbo:Device [SEP] [VAR1] >> dbp:locationCountry >> dbr:Taiwan
translate question to dbpedia path: Question: Which spanish novel was published by Francisco de Robles? | Entities possibly involved: dbr:Francisco_de_Robles,[ANS] >> dbp:publisher >> dbr:Francisco_de_Robles
translate question to dbpedia path: Question: What are some bands originating in London? | Entities possibly involved: dbr:London,[ANS] >> dbo:hometown >> dbr:London [SEP] [ANS] >> rdf:type >> dbo:Band
"translate question to dbpedia path: Question: Is Ian Thorpe the bronze medalist of Swimming at the 2004 Summer Olympics  Men's 100 metre freestyle? | Entities possibly involved: dbr:Swimming_at_the_2004_Summer_Olympics_–_Men's_100_metre_freestyle, dbr:Ian_Thorpe",ASK >> dbr:Swimming_at_the_2004_Summer_Olympics_–_Men's_100_metre_freestyle >> dbo:bronzeMedalist >> dbr:Ian_Thorpe
translate question to dbpedia path: Question: List the producers who produced movies starring Michael Jackson. | Entities possibly involved: dbr:Michael_Jackson,[VAR1] >> dbp:producer >> [ANS] [SEP] [VAR1] >> dbp:starring >> dbr:Michael_Jackson [SEP] [VAR1] >> rdf:type >> dbo:Film
translate question to dbpedia path: Question: List the name of the soccer clubs whose chairman is Joan Laporta. | Entities possibly involved: dbr:Joan_Laporta,[VAR1] >> dbo:chairman >> dbr:Joan_Laporta [SEP] [VAR1] >> dbp:name >> [ANS] [SEP] [VAR1] >> rdf:type >> dbo:SoccerClub
"translate question to dbpedia path: Question: Name the TV shows related to Babylon 5: The Lost Tales and is aired on Prime TIme Entertainment Networks ? | Entities possibly involved: dbr:Prime_Time_Entertainment_Network, dbr:Babylon_5:_The_Lost_Tales",[ANS] >> dbo:network >> dbr:Prime_Time_Entertainment_Network [SEP] [ANS] >> dbo:related >> dbr:Babylon_5:_The_Lost_Tales [SEP] [ANS] >> rdf:type >> dbo:TelevisionShow
translate question to dbpedia path: Question: Who is the person whose alma mater is Harvard-Westlake School? | Entities possibly involved: dbr:Harvard-Westlake_School,[ANS] >> dbo:almaMater >> dbr:Harvard-Westlake_School [SEP] [ANS] >> rdf:type >> dbo:Person
translate question to dbpedia path: Question: How many different religions have economists followed? | Entities possibly involved: dbr:Economist,COUNT >> [VAR1] >> dbo:profession >> dbr:Economist [SEP] [VAR1] >> dbo:religion >> [ANS]
translate question to dbpedia path: Question: In which city are buildings by Solon Spencer Beman found? | Entities possibly involved: dbr:Solon_Spencer_Beman,[VAR1] >> dbo:architect >> dbr:Solon_Spencer_Beman [SEP] [VAR1] >> dbp:locationTown >> [ANS] [SEP] [VAR1] >> rdf:type >> dbo:Building
translate question to dbpedia path: Question: Count the total awards won by the writer who has won Goethe Prize ? | Entities possibly involved: dbr:Goethe_Prize,COUNT >> [VAR1] >> dbp:awards >> [ANS] [SEP] [VAR1] >> dbp:awards >> dbr:Goethe_Prize
translate question to dbpedia path: Question: In how many nations can I find people related to the feminist movement? | Entities possibly involved: dbr:Feminism,COUNT >> [VAR1] >> dbo:movement >> dbr:Feminism [SEP] [VAR1] >> dbo:nationality >> [ANS]
translate question to dbpedia path: Question: With whom is Heinz Kokott a relative to who also served Nazi Army? | Entities possibly involved: dbr:Heinz_Kokott,dbr:Heinz_Kokott >> dbo:relation >> [ANS]
translate question to dbpedia path: Question: Paul Morphy compiled journals of which field? | Entities possibly involved: dbr:Paul_Morphy,[VAR1] >> dbp:discipline >> [ANS] [SEP] [VAR1] >> dbp:editor >> dbr:Paul_Morphy
translate question to dbpedia path: Question: How many ships belong to states which has Unitary as government type ? | Entities possibly involved: dbr:Unitary_state,COUNT >> [ANS] >> dbo:country >> [VAR1] [SEP] [ANS] >> rdf:type >> dbo:Ship [SEP] [VAR1] >> dbo:governmentType >> dbr:Unitary_state
translate question to dbpedia path: Question: Who designed Oddamavadi Bridge? | Entities possibly involved: dbr:Oddamavadi_Bridge,dbr:Oddamavadi_Bridge >> dbp:designer >> [ANS]
translate question to dbpedia path: Question: Count all the band members who are in Bands which have signed up with Entertainment One Music? | Entities possibly involved: dbr:Entertainment_One_Music,COUNT >> [VAR1] >> dbo:bandMember >> [ANS] [SEP] [VAR1] >> dbp:label >> dbr:Entertainment_One_Music
translate question to dbpedia path: Question: What are the television shows whose company is European Broadcasting Union? | Entities possibly involved: dbr:European_Broadcasting_Union,[ANS] >> dbp:company >> dbr:European_Broadcasting_Union [SEP] [ANS] >> rdf:type >> dbo:TelevisionShow
translate question to dbpedia path: Question: Who are the founders of Iskra ? | Entities possibly involved: dbr:Iskra,dbr:Iskra >> dbo:foundedBy >> [ANS]
"translate question to dbpedia path: Question: Graduates of Somerville College have been in how many political parties? | Entities possibly involved: dbr:Somerville_College,_Oxford","COUNT >> [VAR1] >> dbo:almaMater >> dbr:Somerville_College,_Oxford [SEP] [VAR1] >> dbo:party >> [ANS]"
"translate question to dbpedia path: Question: Was George Washington on the rank of general? | Entities possibly involved: dbr:George_Washington, dbr:General_(United_States)",ASK >> dbr:George_Washington >> dbo:militaryRank >> dbr:General_(United_States)
translate question to dbpedia path: Question: List all the developers of the Oddworld series? | Entities possibly involved: dbr:Oddworld,[VAR1] >> dbo:developer >> [ANS] [SEP] [VAR1] >> dbo:series >> dbr:Oddworld
"translate question to dbpedia path: Question: Was the Incredibles released before Finding Nemo? | Entities possibly involved: dbr:The_Incredibles_(film_score), dbr:Finding_Nemo",ASK >> dbr:The_Incredibles_(film_score) >> dbo:previousWork >> dbr:Finding_Nemo
translate question to dbpedia path: Question: Give me a count of all the producers of all the movies whose music was done by James Horner? | Entities possibly involved: dbr:James_Horner,COUNT >> [VAR1] >> dbp:music >> dbr:James_Horner [SEP] [VAR1] >> dbp:producer >> [ANS]
"translate question to dbpedia path: Question: Where did isabelle caro and judson huss both die? | Entities possibly involved: dbr:Judson_Huss, dbr:Isabelle_Caro",dbr:Isabelle_Caro >> dbp:deathPlace >> [ANS] [SEP] dbr:Judson_Huss >> dbp:deathPlace >> [ANS]
translate question to dbpedia path: Question: List the notable work of David Isaacs (writer)? | Entities possibly involved: dbr:David_Isaacs_(writer),dbr:David_Isaacs_(writer) >> dbo:notableWork >> [ANS]
translate question to dbpedia path: Question: What is the province of Egypt Nanotechnology Center ? | Entities possibly involved: dbr:Egypt_Nanotechnology_Center,dbr:Egypt_Nanotechnology_Center >> dbp:province >> [ANS]
translate question to dbpedia path: Question: Give me the number of home stadiums of teams managed by John Spencer. | Entities possibly involved: dbr:John_Spencer_(Scottish_footballer),COUNT >> [VAR1] >> dbo:homeStadium >> [ANS] [SEP] [VAR1] >> dbp:manager >> dbr:John_Spencer_(Scottish_footballer)
translate question to dbpedia path: Question: How many people are buried in the Winchester Cathedral? | Entities possibly involved: dbr:Winchester_Cathedral,COUNT >> [ANS] >> dbo:restingPlace >> dbr:Winchester_Cathedral
translate question to dbpedia path: Question: Which motion picture stories were edited by Ishir Honda? | Entities possibly involved: dbr:Ishirō_Honda,[ANS] >> dbo:writer >> dbr:Ishirō_Honda [SEP] [ANS] >> rdf:type >> dbo:Film
"translate question to dbpedia path: Question: Name the tv series produced by Stephen Ambrose and Erik Bork? | Entities possibly involved: dbr:Stephen_E._Ambrose, dbr:Erik_Bork",[ANS] >> dbo:producer >> dbr:Erik_Bork [SEP] [ANS] >> dbo:producer >> dbr:Stephen_E._Ambrose [SEP] [ANS] >> rdf:type >> dbo:TelevisionShow
translate question to dbpedia path: Question: For which other teams have the past Boston Bruins members played? | Entities possibly involved: dbr:Boston_Bruins,[VAR1] >> dbo:formerTeam >> dbr:Boston_Bruins [SEP] [VAR1] >> dbp:playedFor >> [ANS]
"translate question to dbpedia path: Question: List the Swedish newspaper headquarted in Stockholm ? | Entities possibly involved: dbr:Swedish_language, dbr:Stockholm",[ANS] >> dbp:headquarters >> dbr:Stockholm [SEP] [ANS] >> dbp:language >> dbr:Swedish_language [SEP] [ANS] >> rdf:type >> dbo:Newspaper
"translate question to dbpedia path: Question: Those seasons which have been played in Fort Lauderdale Florida now host their games where? | Entities possibly involved: dbr:Fort_Lauderdale,_Florida","[VAR1] >> dbo:ground >> [ANS] [SEP] [VAR1] >> dbp:stadium >> dbr:Fort_Lauderdale,_Florida [SEP] [VAR1] >> rdf:type >> dbo:SoccerClubSeason"
"translate question to dbpedia path: Question: Were the 1995 south pacific games hosted in tahiti? | Entities possibly involved: dbr:1995_South_Pacific_Games, dbr:Tahiti",ASK >> dbr:1995_South_Pacific_Games >> dbp:hostCity >> dbr:Tahiti
translate question to dbpedia path: Question: Give me all the alma mater of the relatives of Samuek Moreno Rojas ? | Entities possibly involved: dbr:Samuel_Moreno_Rojas,[VAR1] >> dbp:almaMater >> [ANS] [SEP] dbr:Samuel_Moreno_Rojas >> dbo:relation >> [VAR1]
translate question to dbpedia path: Question: What is the political party to which Purnima Banerjee is a member of? | Entities possibly involved: dbr:Robert_Nutting,dbr:Robert_Nutting >> dbo:knownFor >> [ANS]
translate question to dbpedia path: Question: To which political party does the successor of Radhabinod Koijam belong? | Entities possibly involved: dbr:Radhabinod_Koijam,[VAR1] >> dbp:party >> [ANS] [SEP] dbr:Radhabinod_Koijam >> dbp:successor >> [VAR1]
translate question to dbpedia path: Question: Who owns the bridge which crosses the Orange Line of MBTA? | Entities possibly involved: dbr:Orange_Line_(MBTA),[VAR1] >> dbp:crosses >> dbr:Orange_Line_(MBTA) [SEP] [VAR1] >> dbp:owner >> [ANS] [SEP] [VAR1] >> rdf:type >> dbo:Bridge
"translate question to dbpedia path: Question: Is joel quenneville the main coach of Chicago Blackhawks? | Entities possibly involved: dbr:Joel_Quenneville, dbr:Chicago_Blackhawks",ASK >> dbr:Chicago_Blackhawks >> dbp:headCoach >> dbr:Joel_Quenneville
translate question to dbpedia path: Question: Count the number of judges who've come on CTV network shows. | Entities possibly involved: dbr:CTV_Television_Network,COUNT >> [VAR1] >> dbo:network >> dbr:CTV_Television_Network [SEP] [VAR1] >> dbp:judges >> [ANS]
translate question to dbpedia path: Question: Name the musical artists whose label is given by Kobalt Label Services? | Entities possibly involved: dbr:Kobalt_Label_Services,[ANS] >> dbp:label >> dbr:Kobalt_Label_Services [SEP] [ANS] >> rdf:type >> dbo:MusicalArtist
"translate question to dbpedia path: Question: Enumerate all the first teams of the GPs which were held in Watkins Glen, NY? | Entities possibly involved: dbr:Watkins_Glen,_New_York","COUNT >> [VAR1] >> dbp:firstTeam >> [ANS] [SEP] [VAR1] >> dbp:location >> dbr:Watkins_Glen,_New_York"
"translate question to dbpedia path: Question: Which operator of ganz UV is also the nationality of the Gza Horvth ? | Entities possibly involved: dbr:Ganz_UV, dbr:Géza_Horváth",dbr:Ganz_UV >> dbo:operator >> [ANS] [SEP] dbr:Géza_Horváth >> dbo:nationality >> [ANS]
"translate question to dbpedia path: Question: Does the AMC Gremlin use an Audi engine? | Entities possibly involved: dbr:Audi, dbr:AMC_Gremlin",ASK >> dbr:AMC_Gremlin >> dbp:engine >> dbr:Audi
translate question to dbpedia path: Question: Give me a count of movies whose producer is Larry J. Franco? | Entities possibly involved: dbr:Larry_J._Franco,COUNT >> [ANS] >> dbo:producer >> dbr:Larry_J._Franco [SEP] [ANS] >> rdf:type >> dbo:Film
"translate question to dbpedia path: Question: Which city near Nihoa is the place of death of jim Brady ? | Entities possibly involved: dbr:Nihoa, dbr:Jim_Brady_(quarterback)",dbr:Jim_Brady_(quarterback) >> dbo:deathPlace >> [ANS] [SEP] dbr:Nihoa >> dbp:nearestCity >> [ANS]
translate question to dbpedia path: Question: Journals of how many fields can be found in US? | Entities possibly involved: dbr:United_States,COUNT >> [VAR1] >> dbp:country >> dbr:United_States [SEP] [VAR1] >> dbp:discipline >> [ANS]
translate question to dbpedia path: Question: How many different genres of games can I find which are compatible with the Commodore 64? | Entities possibly involved: dbr:Commodore_64,COUNT >> [VAR1] >> dbo:computingPlatform >> dbr:Commodore_64 [SEP] [VAR1] >> dbp:genre >> [ANS]
translate question to dbpedia path: Question: In which wars has Steven Palazzo fought? | Entities possibly involved: dbr:Steven_Palazzo,dbr:Steven_Palazzo >> dbp:battles >> [ANS]
translate question to dbpedia path: Question: Which fields' academic journals are found in the US? | Entities possibly involved: dbr:United_States,[VAR1] >> dbo:country >> dbr:United_States [SEP] [VAR1] >> dbp:discipline >> [ANS]
translate question to dbpedia path: Question: Mike Shinoda is in which band? | Entities possibly involved: dbr:Mike_Shinoda,[ANS] >> dbo:bandMember >> dbr:Mike_Shinoda
translate question to dbpedia path: Question: What are the television shows whose voices is given by  Mona Marshall? | Entities possibly involved: dbr:Mona_Marshall,[ANS] >> dbp:voices >> dbr:Mona_Marshall [SEP] [ANS] >> rdf:type >> dbo:TelevisionShow
"translate question to dbpedia path: Question: Name the movie whose director of photography is Gregg Toland and Bernard Herrmann was the music composer? | Entities possibly involved: dbr:Gregg_Toland, dbr:Bernard_Herrmann",[ANS] >> dbo:cinematography >> dbr:Gregg_Toland [SEP] [ANS] >> dbo:musicComposer >> dbr:Bernard_Herrmann [SEP] [ANS] >> rdf:type >> dbo:Film
translate question to dbpedia path: Question: How many contries surround the seas on the banks of which is the city of Cancun? | Entities possibly involved: dbr:Cancún,COUNT >> [VAR1] >> dbo:country >> [ANS] [SEP] [VAR1] >> dbp:cities >> dbr:Cancún
translate question to dbpedia path: Question: Name the other wine region of the grapes whose one of the wine region is Michigan? | Entities possibly involved: dbr:Michigan,[VAR1] >> dbo:wineRegion >> [ANS] [SEP] [VAR1] >> dbo:wineRegion >> dbr:Michigan [SEP] [VAR1] >> rdf:type >> dbo:Grape
translate question to dbpedia path: Question: Los Angeles Lakers is the team of which basketball players? | Entities possibly involved: dbr:Los_Angeles_Lakers,[ANS] >> dbp:team >> dbr:Los_Angeles_Lakers [SEP] [ANS] >> rdf:type >> dbo:BasketballPlayer
translate question to dbpedia path: Question: What are the movies produced by Michael Deeley? | Entities possibly involved: dbr:Michael_Deeley,[ANS] >> dbp:producer >> dbr:Michael_Deeley [SEP] [ANS] >> rdf:type >> dbo:Film
translate question to dbpedia path: Question: Where is the headquarter of Regional Transit Authority of Southeast Michigan ? | Entities possibly involved: dbr:Regional_Transit_Authority_of_Southeast_Michigan,dbr:Regional_Transit_Authority_of_Southeast_Michigan >> dbp:headquarters >> [ANS]
translate question to dbpedia path: Question: What are the awards won by the parent of Daniel Bergmans? | Entities possibly involved: dbr:Daniel_Bergman,[VAR1] >> dbp:awards >> [ANS] [SEP] dbr:Daniel_Bergman >> dbo:parent >> [VAR1]
"translate question to dbpedia path: Question: What is the common debut team of the Butch Metzger and Dan Otero? | Entities possibly involved: dbr:Butch_Metzger, dbr:Dan_Otero",dbr:Butch_Metzger >> dbo:debutTeam >> [ANS] [SEP] dbr:Dan_Otero >> dbo:debutTeam >> [ANS]
translate question to dbpedia path: Question: Collect and return a list of things in the area where Spanish language is used? | Entities possibly involved: dbr:Spanish_language,[ANS] >> dbo:location >> [VAR1] [SEP] [VAR1] >> dbo:language >> dbr:Spanish_language
translate question to dbpedia path: Question: What writers have nationality as Statelessness? | Entities possibly involved: dbr:Statelessness,[ANS] >> dbp:nationality >> dbr:Statelessness [SEP] [ANS] >> rdf:type >> dbo:Writer
"translate question to dbpedia path: Question: Among which city where Geography Club played also had the Kenticky Cycle ? | Entities possibly involved: dbr:Geography_Club_(play), dbr:The_Kentucky_Cycle",dbr:Geography_Club_(play) >> dbp:place >> [ANS] [SEP] dbr:The_Kentucky_Cycle >> dbp:place >> [ANS]
"translate question to dbpedia path: Question: Does Lousana lie at the end of Alberta Highway 42? | Entities possibly involved: dbr:Lousana, dbr:Alberta_Highway_42",ASK >> dbr:Alberta_Highway_42 >> dbo:routeEnd >> dbr:Lousana
translate question to dbpedia path: Question: Count the number of sports played by the universities whose one of the sports is baketball ? | Entities possibly involved: dbr:Basketball,COUNT >> [VAR1] >> dbo:athletics >> dbr:Basketball [SEP] [VAR1] >> dbp:athletics >> [ANS]
"translate question to dbpedia path: Question: What things have founded place as United States and New Mexico? | Entities possibly involved: dbr:United_States, dbr:New_Mexico",[ANS] >> dbp:foundation >> dbr:New_Mexico [SEP] [ANS] >> dbp:foundation >> dbr:United_States
translate question to dbpedia path: Question: Who is the producer of the single which was the subsequent work of He's a Liar? | Entities possibly involved: dbr:He's_a_Liar,[VAR1] >> dbo:producer >> [ANS] [SEP] dbr:He's_a_Liar >> dbo:subsequentWork >> [VAR1]
"translate question to dbpedia path: Question: To what other locations does the airlines have flights, who also fly to Birmingham? | Entities possibly involved: dbr:Birmingham_Airport",[VAR1] >> dbo:targetAirport >> dbr:Birmingham_Airport [SEP] [VAR1] >> dbp:destinations >> [ANS] [SEP] [VAR1] >> rdf:type >> dbo:Airline
"translate question to dbpedia path: Question: Name the television show whose creator is Simon Fuller and presented by Ryan Seacrest? | Entities possibly involved: dbr:Simon_Fuller, dbr:Ryan_Seacrest",[ANS] >> dbo:presenter >> dbr:Ryan_Seacrest [SEP] [ANS] >> dbp:creator >> dbr:Simon_Fuller [SEP] [ANS] >> rdf:type >> dbo:TelevisionShow
"translate question to dbpedia path: Question: Does the Westchester Avenue fall under the Bronx? | Entities possibly involved: dbr:The_Bronx, dbr:Westchester_Avenue",ASK >> dbr:Westchester_Avenue >> dbp:counties >> dbr:The_Bronx
translate question to dbpedia path: Question: In how many places has Garbage recorded their songs? | Entities possibly involved: dbr:Garbage_(band),COUNT >> [VAR1] >> dbo:producer >> dbr:Garbage_(band) [SEP] [VAR1] >> dbo:recordedIn >> [ANS]
translate question to dbpedia path: Question: How many cars can I find related to the cars which have a V8 engine? | Entities possibly involved: dbr:V8_engine,COUNT >> [VAR1] >> dbp:engine >> dbr:V8_engine [SEP] [VAR1] >> dbp:related >> [ANS]
translate question to dbpedia path: Question: What products do US companies make? | Entities possibly involved: dbr:United_States,[VAR1] >> dbo:location >> dbr:United_States [SEP] [VAR1] >> dbo:product >> [ANS] [SEP] [VAR1] >> rdf:type >> dbo:Company
translate question to dbpedia path: Question: How many characters are there in The Office? | Entities possibly involved: dbr:The_Office_(U.S._TV_series),COUNT >> [ANS] >> dbo:series >> dbr:The_Office_(U.S._TV_series) [SEP] [ANS] >> rdf:type >> dbo:FictionalCharacter
translate question to dbpedia path: Question: Who all play for the teams performing in the united center? | Entities possibly involved: dbr:United_Center,[ANS] >> dbp:team >> [VAR1] [SEP] [VAR1] >> dbp:arena >> dbr:United_Center
translate question to dbpedia path: Question: How many parties have come in power in elections where Y. S. Rajasekhara Reddy won? | Entities possibly involved: dbr:Y._S._Rajasekhara_Reddy,COUNT >> [VAR1] >> dbo:affiliation >> [ANS] [SEP] [VAR1] >> dbp:leader >> dbr:Y._S._Rajasekhara_Reddy
translate question to dbpedia path: Question: Where did Wallace Dollase die? | Entities possibly involved: dbr:Wallace_Dollase,dbr:Wallace_Dollase >> dbo:deathPlace >> [ANS]
translate question to dbpedia path: Question: Who is the founder of the trade union with whom Amalgamated Clothing Workers of America is affiliated? | Entities possibly involved: dbr:Amalgamated_Clothing_Workers_of_America,[VAR1] >> dbp:founded >> [ANS] [SEP] dbr:Amalgamated_Clothing_Workers_of_America >> dbo:affiliation >> [VAR1]
translate question to dbpedia path: Question: How many non fiction topics does Thud! deals with? | Entities possibly involved: dbr:Thud!,COUNT >> dbr:Thud! >> dbo:nonFictionSubject >> [ANS]
translate question to dbpedia path: Question: How many people were in a youthclub which played in the Argentine Primera Division? | Entities possibly involved: dbr:Argentine_Primera_División,COUNT >> [ANS] >> dbp:youthclubs >> [VAR1] [SEP] [VAR1] >> dbp:league >> dbr:Argentine_Primera_División
translate question to dbpedia path: Question: What is the occupation of the band members of The Shirelles? | Entities possibly involved: dbr:The_Shirelles,[VAR1] >> dbo:associatedMusicalArtist >> dbr:The_Shirelles [SEP] [VAR1] >> dbo:occupation >> [ANS]
"translate question to dbpedia path: Question: In which university did Harlan Mathews study, where Richard Meriil Atkinson went too? | Entities possibly involved: dbr:Richard_Merrill_Atkinson, dbr:Harlan_Mathews",dbr:Harlan_Mathews >> dbo:almaMater >> [ANS] [SEP] dbr:Richard_Merrill_Atkinson >> dbo:almaMater >> [ANS]
translate question to dbpedia path: Question: What kind of buildings were designed by Pyusawhti? | Entities possibly involved: dbr:Pyusawhti,[VAR1] >> dbo:architect >> dbr:Pyusawhti [SEP] [VAR1] >> dbo:type >> [ANS] [SEP] [VAR1] >> rdf:type >> dbo:Building
translate question to dbpedia path: Question: What are some gymnasts coached by Amanda Reddin? | Entities possibly involved: dbr:Amanda_Reddin,[ANS] >> dbp:headcoach >> dbr:Amanda_Reddin [SEP] [ANS] >> rdf:type >> dbo:Gymnast
translate question to dbpedia path: Question: Katharevousa writers have been given which awards? | Entities possibly involved: dbr:Katharevousa,[VAR1] >> dbo:award >> [ANS] [SEP] [VAR1] >> dbp:movement >> dbr:Katharevousa [SEP] [VAR1] >> rdf:type >> dbo:Writer
translate question to dbpedia path: Question: What are some mammals whose phylum is Chordate? | Entities possibly involved: dbr:Chordate,[ANS] >> dbp:phylum >> dbr:Chordate [SEP] [ANS] >> rdf:type >> dbo:Mammal
translate question to dbpedia path: Question: How many developers have worked on games of the Oddworld series? | Entities possibly involved: dbr:Oddworld,COUNT >> [VAR1] >> dbo:developer >> [ANS] [SEP] [VAR1] >> dbo:series >> dbr:Oddworld
translate question to dbpedia path: Question: Name the home ground of  2015 Fort Lauderdale Strikers season ? | Entities possibly involved: dbr:2015_Fort_Lauderdale_Strikers_season,dbr:2015_Fort_Lauderdale_Strikers_season >> dbo:ground >> [ANS]
translate question to dbpedia path: Question: What is the resting place of the engineer who was the architect of Plaza on DeWitt? | Entities possibly involved: dbr:Plaza_on_DeWitt,[VAR1] >> dbo:restingPlace >> [ANS] [SEP] dbr:Plaza_on_DeWitt >> dbo:architect >> [VAR1]
translate question to dbpedia path: Question: How many tenants are there in the Mercedes Benz Superdome? | Entities possibly involved: dbr:Mercedes-Benz_Superdome,COUNT >> dbr:Mercedes-Benz_Superdome >> dbo:tenant >> [ANS]
translate question to dbpedia path: Question: What is the affiliation of the hospital where Alfred Blalock works? | Entities possibly involved: dbr:Alfred_Blalock,[VAR1] >> dbp:affiliation >> [ANS] [SEP] dbr:Alfred_Blalock >> dbp:workInstitutions >> [VAR1]
translate question to dbpedia path: Question: How many genres gave birth to other genres which emphasize Bass Guitars? | Entities possibly involved: dbr:Bass_guitar,COUNT >> [ANS] >> rdf:type >> dbo:MusicGenre [SEP] [VAR1] >> dbo:stylisticOrigin >> [ANS] [SEP] [VAR1] >> dbp:instruments >> dbr:Bass_guitar
translate question to dbpedia path: Question: How many bands began in Birmingham? | Entities possibly involved: dbr:Birmingham,COUNT >> [ANS] >> dbp:origin >> dbr:Birmingham [SEP] [ANS] >> rdf:type >> dbo:Band
translate question to dbpedia path: Question: How many causes of death have been associated with American citizens? | Entities possibly involved: dbr:United_States,COUNT >> [VAR1] >> dbo:deathCause >> [ANS] [SEP] [VAR1] >> dbp:citizenship >> dbr:United_States
"translate question to dbpedia path: Question: Was Noko a band member of Luxuria? | Entities possibly involved: dbr:Noko, dbr:Luxuria_(band)",ASK >> dbr:Luxuria_(band) >> dbo:formerBandMember >> dbr:Noko
"translate question to dbpedia path: Question: Do the asiana airlines fly  to Jeju airport? | Entities possibly involved: dbr:Asiana_Airlines, dbr:Jeju_International_Airport",ASK >> dbr:Asiana_Airlines >> dbo:targetAirport >> dbr:Jeju_International_Airport
"translate question to dbpedia path: Question: For how many teams have the league players of Czech Extraliga, previously played? | Entities possibly involved: dbr:Czech_Extraliga",COUNT >> [VAR1] >> dbo:formerTeam >> [ANS] [SEP] [VAR1] >> dbp:league >> dbr:Czech_Extraliga
translate question to dbpedia path: Question: Count the number of sports played by university which also plays Taekwondo ? | Entities possibly involved: dbr:Taekwondo,COUNT >> [VAR1] >> dbp:athletics >> [ANS] [SEP] [VAR1] >> dbp:athletics >> dbr:Taekwondo
"translate question to dbpedia path: Question: What is the service of the Laemmle Theatres and is also the award of the Jos Rivera (playwright)? | Entities possibly involved: dbr:Laemmle_Theatres, dbr:José_Rivera_(playwright)",dbr:José_Rivera_(playwright) >> dbp:awards >> [ANS] [SEP] dbr:Laemmle_Theatres >> dbo:service >> [ANS]
translate question to dbpedia path: Question: Which football players currently have their contracts with Stoke City F.C.? | Entities possibly involved: dbr:Stoke_City_F.C.,[ANS] >> dbp:currentclub >> dbr:Stoke_City_F.C.
translate question to dbpedia path: Question: Artists trained at art students league NY are buried where? | Entities possibly involved: dbr:Art_Students_League_of_New_York,[VAR1] >> dbo:restingPlace >> [ANS] [SEP] [VAR1] >> dbo:training >> dbr:Art_Students_League_of_New_York [SEP] [VAR1] >> rdf:type >> dbo:Artist
translate question to dbpedia path: Question: Who is the owner of Bloomberg L.P. ? | Entities possibly involved: dbr:Bloomberg_L.P.,dbr:Bloomberg_L.P. >> dbp:owner >> [ANS]
translate question to dbpedia path: Question: What is the location of death of the skier who was the bronze medalist of Alpine skiing at the 1964 Winter Olympics  Men's slalom ? | Entities possibly involved: dbr:Alpine_skiing_at_the_1964_Winter_Olympics_–_Men's_slalom,[VAR1] >> dbp:deathPlace >> [ANS] [SEP] [VAR1] >> rdf:type >> dbo:Skier [SEP] dbr:Alpine_skiing_at_the_1964_Winter_Olympics_–_Men's_slalom >> dbo:bronzeMedalist >> [VAR1]
translate question to dbpedia path: Question: What is the debut team of the american football player who studied in North Fort Myers High School? | Entities possibly involved: dbr:North_Fort_Myers_High_School,[VAR1] >> dbo:highschool >> dbr:North_Fort_Myers_High_School [SEP] [VAR1] >> dbp:debutteam >> [ANS] [SEP] [VAR1] >> rdf:type >> dbo:AmericanFootballPlayer
translate question to dbpedia path: Question: In which races did Mouse Morris take part? | Entities possibly involved: dbr:Mouse_Morris,dbr:Mouse_Morris >> dbp:race >> [ANS]
translate question to dbpedia path: Question: Who are the writers of South Park: The Stick of Truth? | Entities possibly involved: dbr:South_Park:_The_Stick_of_Truth,dbr:South_Park:_The_Stick_of_Truth >> dbp:writer >> [ANS]
"translate question to dbpedia path: Question: Whose commanders are Colin Powell and Jaber Al-Ahmad Al-Sabah? | Entities possibly involved: dbr:Colin_Powell, dbr:Jaber_Al-Ahmad_Al-Sabah",[ANS] >> dbo:commander >> dbr:Colin_Powell [SEP] [ANS] >> dbo:commander >> dbr:Jaber_Al-Ahmad_Al-Sabah
translate question to dbpedia path: Question: List the trainers of Shinya Aoki ? | Entities possibly involved: dbr:Shinya_Aoki,dbr:Shinya_Aoki >> dbo:trainer >> [ANS]
translate question to dbpedia path: Question: What do typically NGOs work for? | Entities possibly involved: dbr:Non-governmental_organization,[VAR1] >> dbp:purpose >> [ANS] [SEP] [VAR1] >> dbp:type >> dbr:Non-governmental_organization
"translate question to dbpedia path: Question: List few schools situated in Reading, Berkshire ? | Entities possibly involved: dbr:Reading,_Berkshire","[ANS] >> dbp:city >> dbr:Reading,_Berkshire [SEP] [ANS] >> rdf:type >> dbo:School"
translate question to dbpedia path: Question: How many universities participate in the NCAA Division I Football Bowl Subdivision? | Entities possibly involved: dbr:NCAA_Division_I_Football_Bowl_Subdivision,COUNT >> [ANS] >> dbp:athletics >> dbr:NCAA_Division_I_Football_Bowl_Subdivision [SEP] [ANS] >> rdf:type >> dbo:University
translate question to dbpedia path: Question: What is the state of origin of Thomas Pfyl ? | Entities possibly involved: dbr:Thomas_Pfyl,dbr:Thomas_Pfyl >> dbo:stateOfOrigin >> [ANS]
"translate question to dbpedia path: Question: Is Plymouth High School for Girls in Devon county? | Entities possibly involved: dbr:Plymouth_High_School_for_Girls, dbr:Devon",ASK >> dbr:Plymouth_High_School_for_Girls >> dbo:county >> dbr:Devon
translate question to dbpedia path: Question: Give me a count of companies located in Texas ? | Entities possibly involved: dbr:Texas,COUNT >> [ANS] >> dbo:locationCity >> dbr:Texas [SEP] [ANS] >> rdf:type >> dbo:Company
translate question to dbpedia path: Question: Who is the cover artist of Doctor Mirabilis (novel) ? | Entities possibly involved: dbr:Doctor_Mirabilis_(novel),dbr:Doctor_Mirabilis_(novel) >> dbp:coverArtist >> [ANS]
translate question to dbpedia path: Question: list some shawnee people? | Entities possibly involved: dbr:Shawnee,[ANS] >> dbp:nationality >> dbr:Shawnee
"translate question to dbpedia path: Question: Who is the common prime minster of William Deaner and mark Latham ? | Entities possibly involved: dbr:William_Deane, dbr:Mark_Latham",dbr:Mark_Latham >> dbp:primeminister >> [ANS] [SEP] dbr:William_Deane >> dbo:primeMinister >> [ANS]
translate question to dbpedia path: Question: What is the parent company of company which owns Sony Bank? | Entities possibly involved: dbr:Sony_Bank,[VAR1] >> dbo:parentCompany >> [ANS] [SEP] [VAR1] >> rdf:type >> dbo:Company [SEP] dbr:Sony_Bank >> dbp:parent >> [VAR1]
translate question to dbpedia path: Question: How many games are played at universities in Metro Manilla? | Entities possibly involved: dbr:Metro_Manila,COUNT >> [VAR1] >> dbp:athletics >> [ANS] [SEP] [VAR1] >> dbp:state >> dbr:Metro_Manila
translate question to dbpedia path: Question: Who is the former partner of the pupil of Dalilah Sappenfield? | Entities possibly involved: dbr:Dalilah_Sappenfield,[VAR1] >> dbo:formerPartner >> [ANS] [SEP] [VAR1] >> dbp:coach >> dbr:Dalilah_Sappenfield
translate question to dbpedia path: Question: Who is the Pole driver of 1992 Canadian Grand Prix ? | Entities possibly involved: dbr:1992_Canadian_Grand_Prix,dbr:1992_Canadian_Grand_Prix >> dbp:poleDriver >> [ANS]
"translate question to dbpedia path: Question: Which home town of PAvel Moroz is the death location of the Yakov Estrin ? | Entities possibly involved: dbr:Yakov_Estrin, dbr:Pavel_Moroz",dbr:Pavel_Moroz >> dbp:hometown >> [ANS] [SEP] dbr:Yakov_Estrin >> dbo:deathPlace >> [ANS]
"translate question to dbpedia path: Question: Which mainter of  Cheasty Boulevard South is also the county seat of the King County, Washingtonsu ? | Entities possibly involved: dbr:Cheasty_Boulevard_South, dbr:King_County,_Washington","dbr:Cheasty_Boulevard_South >> dbo:maintainedBy >> [ANS] [SEP] dbr:King_County,_Washington >> dbo:countySeat >> [ANS]"
translate question to dbpedia path: Question: From what countries have people participated in the Excelsior Stakes? | Entities possibly involved: dbr:Excelsior_Stakes,COUNT >> [VAR1] >> dbo:birthPlace >> [ANS] [SEP] [VAR1] >> dbp:race >> dbr:Excelsior_Stakes
translate question to dbpedia path: Question: Which writer is famous for works written by Neil Gaiman? | Entities possibly involved: dbr:Neil_Gaiman,[ANS] >> dbo:notableWork >> [VAR1] [SEP] [VAR1] >> dbp:writers >> dbr:Neil_Gaiman
translate question to dbpedia path: Question: Who is the developer of the software which serves the platform for King's Quest VI? | Entities possibly involved: dbr:King's_Quest_VI,[VAR1] >> dbp:developer >> [ANS] [SEP] [VAR1] >> rdf:type >> dbo:Software [SEP] dbr:King's_Quest_VI >> dbo:computingPlatform >> [VAR1]
"translate question to dbpedia path: Question: Who was in youth clubs of FC Barcelona and Newell's Old Boys? | Entities possibly involved: dbr:FC_Barcelona, dbr:Newell's_Old_Boys",[ANS] >> dbp:youthclubs >> dbr:FC_Barcelona [SEP] [ANS] >> dbp:youthclubs >> dbr:Newell's_Old_Boys
translate question to dbpedia path: Question: For which country did Alexander Lippisch design airplanes? | Entities possibly involved: dbr:Alexander_Lippisch,[VAR1] >> dbp:designer >> dbr:Alexander_Lippisch [SEP] [VAR1] >> dbp:nationalOrigin >> [ANS] [SEP] [VAR1] >> rdf:type >> dbo:Aircraft
translate question to dbpedia path: Question: What do the relatives of James Hartness do? | Entities possibly involved: dbr:James_Hartness,[VAR1] >> dbo:relation >> dbr:James_Hartness [SEP] [VAR1] >> dbp:occupation >> [ANS]
translate question to dbpedia path: Question: How many different kinds of softwares have been released under the GPL license? | Entities possibly involved: dbr:GNU_General_Public_License,COUNT >> [VAR1] >> dbo:genre >> [ANS] [SEP] [VAR1] >> dbp:license >> dbr:GNU_General_Public_License
translate question to dbpedia path: Question: What is the religion of the relatives of Carmela Soprano ? | Entities possibly involved: dbr:Carmela_Soprano,[VAR1] >> dbo:religion >> [ANS] [SEP] dbr:Carmela_Soprano >> dbo:relative >> [VAR1]
"translate question to dbpedia path: Question: In all the grand prixes where the first team was Scuderia Ferrari, who all were the pole drivers? | Entities possibly involved: dbr:Scuderia_Ferrari",[VAR1] >> dbp:firstTeam >> dbr:Scuderia_Ferrari [SEP] [VAR1] >> dbp:poleDriver >> [ANS] [SEP] [VAR1] >> rdf:type >> dbo:GrandPrix
translate question to dbpedia path: Question: What is the citizenship of Erastus Wiman ? | Entities possibly involved: dbr:Erastus_Wiman,dbr:Erastus_Wiman >> dbo:citizenship >> [ANS]
translate question to dbpedia path: Question: What are some awards given to the french people? | Entities possibly involved: dbr:French_people,[VAR1] >> dbo:stateOfOrigin >> dbr:French_people [SEP] [VAR1] >> dbp:awards >> [ANS]
translate question to dbpedia path: Question: where are the sister stations of CFRB broadcasted? | Entities possibly involved: dbr:CFRB,[VAR1] >> dbo:broadcastArea >> [ANS] [SEP] [VAR1] >> dbp:sisterStations >> dbr:CFRB
"translate question to dbpedia path: Question: Is the Kia Sportage similar to the Hyundai Lavita? | Entities possibly involved: dbr:Hyundai_Lavita, dbr:Kia_Sportage",ASK >> dbr:Hyundai_Lavita >> dbo:relatedMeanOfTransportation >> dbr:Kia_Sportage
translate question to dbpedia path: Question: Name the district of Robert William Wilcox ? | Entities possibly involved: dbr:Robert_William_Wilcox,dbr:Robert_William_Wilcox >> dbp:district >> [ANS]
translate question to dbpedia path: Question: What are the video games composed by Hirokazu Tanaka? | Entities possibly involved: dbr:Hirokazu_Tanaka,[ANS] >> dbp:composer >> dbr:Hirokazu_Tanaka [SEP] [ANS] >> rdf:type >> dbo:VideoGame
translate question to dbpedia path: Question: What are the academic interest of Philip Novak? | Entities possibly involved: dbr:Philip_Novak,dbr:Philip_Novak >> dbp:mainInterests >> [ANS]
translate question to dbpedia path: Question: Tandem Computers is the subsidiary of which company? | Entities possibly involved: dbr:Tandem_Computers,[ANS] >> dbo:subsidiary >> dbr:Tandem_Computers
translate question to dbpedia path: Question: What is the division of the companies who make Runes of Magic? | Entities possibly involved: dbr:Runes_of_Magic,[VAR1] >> dbo:division >> [ANS] [SEP] [VAR1] >> dbp:products >> dbr:Runes_of_Magic [SEP] [VAR1] >> rdf:type >> dbo:Company
translate question to dbpedia path: Question: List the birthplace of the medicians who studied in Harvard. | Entities possibly involved: dbr:Harvard_Medical_School,[VAR1] >> dbo:birthPlace >> [ANS] [SEP] [VAR1] >> dbo:institution >> dbr:Harvard_Medical_School [SEP] [VAR1] >> rdf:type >> dbo:Medician
translate question to dbpedia path: Question: What are the movies whose director of photography is Jordan Cronenweth? | Entities possibly involved: dbr:Jordan_Cronenweth,[ANS] >> dbp:cinematography >> dbr:Jordan_Cronenweth [SEP] [ANS] >> rdf:type >> dbo:Film
"translate question to dbpedia path: Question: Which river ends at  Thames Estuary and North Sea? | Entities possibly involved: dbr:Thames_Estuary, dbr:North_Sea",[ANS] >> dbo:riverMouth >> dbr:North_Sea [SEP] [ANS] >> dbo:riverMouth >> dbr:Thames_Estuary [SEP] [ANS] >> rdf:type >> dbo:River
translate question to dbpedia path: Question: How many companies are located in Toronto ? | Entities possibly involved: dbr:Toronto,COUNT >> [ANS] >> dbo:locationCity >> dbr:Toronto [SEP] [ANS] >> rdf:type >> dbo:Company
"translate question to dbpedia path: Question: What are the movies whose editor died in Westwood, Los Angeles? | Entities possibly involved: dbr:Westwood,_Los_Angeles","[ANS] >> dbo:editing >> [VAR1] [SEP] [VAR1] >> dbo:deathPlace >> dbr:Westwood,_Los_Angeles"
"translate question to dbpedia path: Question: Which are the comics characters painted by Bruce Timm and created by  Paul Dini? | Entities possibly involved: dbr:Paul_Dini, dbr:Bruce_Timm",[ANS] >> dbo:creator >> dbr:Bruce_Timm [SEP] [ANS] >> dbp:creators >> dbr:Paul_Dini [SEP] [ANS] >> rdf:type >> dbo:ComicsCharacter
translate question to dbpedia path: Question: Where did Jerry Tagge do his elementary schooling? | Entities possibly involved: dbr:Jerry_Tagge,dbr:Jerry_Tagge >> dbp:highSchool >> [ANS]
"translate question to dbpedia path: Question: In which movies directed by Orson Welles has Bernard Herrmann as music composer ? | Entities possibly involved: dbr:Orson_Welles, dbr:Bernard_Herrmann",[ANS] >> dbo:musicComposer >> dbr:Bernard_Herrmann [SEP] [ANS] >> dbp:director >> dbr:Orson_Welles [SEP] [ANS] >> rdf:type >> dbo:Film
translate question to dbpedia path: Question: Who is the builder of Presidio Santa Cruz de Terrenate ? | Entities possibly involved: dbr:Presidio_Santa_Cruz_de_Terrenate,dbr:Presidio_Santa_Cruz_de_Terrenate >> dbo:builder >> [ANS]
"translate question to dbpedia path: Question: Is David Cameron the prime minister of Nick Clegg? | Entities possibly involved: dbr:David_Cameron, dbr:Nick_Clegg",ASK >> dbr:Nick_Clegg >> dbo:primeMinister >> dbr:David_Cameron
translate question to dbpedia path: Question: In which areas is the radio station broadcasted which is a sister station of WXME ? | Entities possibly involved: dbr:WXME,[VAR1] >> dbp:area >> [ANS] [SEP] [VAR1] >> rdf:type >> dbo:RadioStation [SEP] dbr:WXME >> dbp:sisterStations >> [VAR1]
translate question to dbpedia path: Question: How many shows are aired on Comedy Central? | Entities possibly involved: dbr:Comedy_Central,COUNT >> [ANS] >> dbp:network >> dbr:Comedy_Central [SEP] [ANS] >> rdf:type >> dbo:TelevisionShow
translate question to dbpedia path: Question: Which awards have Ingmar Bergman won? | Entities possibly involved: dbr:Ingmar_Bergman,dbr:Ingmar_Bergman >> dbp:awards >> [ANS]
translate question to dbpedia path: Question: What are the products of the company who published Robot Wars: Metal Mayhem ? | Entities possibly involved: dbr:Robot_Wars:_Metal_Mayhem,[VAR1] >> dbo:product >> [ANS] [SEP] [VAR1] >> rdf:type >> dbo:Company [SEP] dbr:Robot_Wars:_Metal_Mayhem >> dbo:publisher >> [VAR1]
translate question to dbpedia path: Question: What is the company of Ford Theatre ? | Entities possibly involved: dbr:Ford_Theatre,dbr:Ford_Theatre >> dbp:company >> [ANS]
"translate question to dbpedia path: Question: Did Jim Kiick do his highschool in New Jersey? | Entities possibly involved: dbr:Jim_Kiick, dbr:New_Jersey",ASK >> dbr:Jim_Kiick >> dbp:highSchool >> dbr:New_Jersey
"translate question to dbpedia path: Question: What are Monrow Carell Jr Children Hospital and Vanderbilt University Medical Center both affiliated with? | Entities possibly involved: dbr:Vanderbilt_University_Medical_Center, dbr:Monroe_Carell_Jr._Children's_Hospital_at_Vanderbilt",dbr:Monroe_Carell_Jr._Children's_Hospital_at_Vanderbilt >> dbp:affiliation >> [ANS] [SEP] dbr:Vanderbilt_University_Medical_Center >> dbp:affiliation >> [ANS]
translate question to dbpedia path: Question: How many politicians are in the US Senate? | Entities possibly involved: dbr:United_States_Senate,COUNT >> [ANS] >> dbp:order >> dbr:United_States_Senate [SEP] [ANS] >> rdf:type >> dbo:OfficeHolder
translate question to dbpedia path: Question: List all the major shrines of the saints which has one of the shrines as Debre Libanos ? | Entities possibly involved: dbr:Debre_Libanos,[VAR1] >> dbo:majorShrine >> [ANS] [SEP] [VAR1] >> dbo:majorShrine >> dbr:Debre_Libanos [SEP] [VAR1] >> rdf:type >> dbo:Saint
"translate question to dbpedia path: Question: Name the fictional character whose relatives are Huey, Dewey, and Louie and belongs to Duck family ? | Entities possibly involved: dbr:Huey,_Dewey,_and_Louie, dbr:Duck_family_(Disney)","[ANS] >> dbo:relative >> dbr:Duck_family_(Disney) [SEP] [ANS] >> dbp:relatives >> dbr:Huey,_Dewey,_and_Louie [SEP] [ANS] >> rdf:type >> dbo:FictionalCharacter"
translate question to dbpedia path: Question: How many bands are signed up with labels which were founded in Japan? | Entities possibly involved: dbr:Japan,COUNT >> [ANS] >> dbp:label >> [VAR1] [SEP] [ANS] >> rdf:type >> dbo:Band [SEP] [VAR1] >> dbp:foundation >> dbr:Japan
translate question to dbpedia path: Question: How many kings and queens have died in the Arabian Peninsula? | Entities possibly involved: dbr:Arabian_Peninsula,COUNT >> [ANS] >> dbo:deathPlace >> dbr:Arabian_Peninsula
translate question to dbpedia path: Question: What is the bloomington viaduct built to cross? | Entities possibly involved: dbr:Bloomington_Viaduct,dbr:Bloomington_Viaduct >> dbp:crosses >> [ANS]
translate question to dbpedia path: Question: How many politicians reside in Cape Town? | Entities possibly involved: dbr:Cape_Town,COUNT >> [ANS] >> dbp:residence >> dbr:Cape_Town [SEP] [ANS] >> rdf:type >> dbo:OfficeHolder
translate question to dbpedia path: Question: How many games are released for virtual consoles? | Entities possibly involved: dbr:Virtual_Console,COUNT >> [ANS] >> dbo:computingPlatform >> dbr:Virtual_Console [SEP] [ANS] >> rdf:type >> dbo:VideoGame
"translate question to dbpedia path: Question: Is Lieutenant general (United States) the superintendent of United States Air Force Academy? | Entities possibly involved: dbr:Lieutenant_general_(United_States), dbr:United_States_Air_Force_Academy",ASK >> dbr:United_States_Air_Force_Academy >> dbp:superintendent >> dbr:Lieutenant_general_(United_States)
translate question to dbpedia path: Question: In what movies did Akira Ifukube compose the music? | Entities possibly involved: dbr:Akira_Ifukube,[ANS] >> dbp:music >> dbr:Akira_Ifukube [SEP] [ANS] >> rdf:type >> dbo:Film
"translate question to dbpedia path: Question: Is the national endowment of arts under the jurisdiction of federal government of US? | Entities possibly involved: dbr:National_Endowment_for_the_Arts, dbr:Federal_government_of_the_United_States",ASK >> dbr:National_Endowment_for_the_Arts >> dbp:jurisdiction >> dbr:Federal_government_of_the_United_States
translate question to dbpedia path: Question: Who is the operator of Rainbow Warrior (1955) ? | Entities possibly involved: dbr:Rainbow_Warrior_(1955),dbr:Rainbow_Warrior_(1955) >> dbo:operator >> [ANS]
translate question to dbpedia path: Question: To which state eorge M. Chilcott  belong ? | Entities possibly involved: dbr:George_M._Chilcott,dbr:George_M._Chilcott >> dbp:state >> [ANS]
translate question to dbpedia path: Question: What are some products of the company whose parent is BBC? | Entities possibly involved: dbr:BBC,[VAR1] >> dbp:parent >> dbr:BBC [SEP] [VAR1] >> dbp:products >> [ANS] [SEP] [VAR1] >> rdf:type >> dbo:Company
"translate question to dbpedia path: Question: Which producer of  the Eristoff is also the  distributor of  Bombay Sapphire? | Entities possibly involved: dbr:Eristoff, dbr:Bombay_Sapphire",dbr:Bombay_Sapphire >> dbp:distributor >> [ANS] [SEP] dbr:Eristoff >> dbp:manufacturer >> [ANS]
translate question to dbpedia path: Question: How many islands belong to archipelagos located in the pacific? | Entities possibly involved: dbr:Pacific_Ocean,COUNT >> [ANS] >> dbp:archipelago >> [VAR1] [SEP] [ANS] >> rdf:type >> dbo:Island [SEP] [VAR1] >> dbp:location >> dbr:Pacific_Ocean
translate question to dbpedia path: Question: How many units follow the US Navy Department's command structure? | Entities possibly involved: dbr:United_States_Department_of_the_Navy,COUNT >> [ANS] >> dbo:commandStructure >> dbr:United_States_Department_of_the_Navy [SEP] [ANS] >> rdf:type >> dbo:MilitaryUnit
translate question to dbpedia path: Question: Name the home Stadium of Kenya national under-20 football team ? | Entities possibly involved: dbr:Kenya_national_under-20_football_team,dbr:Kenya_national_under-20_football_team >> dbp:homeStadium >> [ANS]
translate question to dbpedia path: Question: How many people played for Newell's Old Boys? | Entities possibly involved: dbr:Newell's_Old_Boys,COUNT >> [ANS] >> dbp:youthclubs >> dbr:Newell's_Old_Boys
translate question to dbpedia path: Question: Give me the count of artist in the company whose Artist is Jean- François Coté ? | Entities possibly involved: dbr:Jean-François_Coté,COUNT >> [VAR1] >> dbp:artist >> [ANS] [SEP] [VAR1] >> dbp:artist >> dbr:Jean-François_Coté
translate question to dbpedia path: Question: How many bands have members currently playing the Fender Stratocaster? | Entities possibly involved: dbr:Fender_Stratocaster,COUNT >> [ANS] >> dbp:currentMembers >> [VAR1] [SEP] [ANS] >> rdf:type >> dbo:Band [SEP] [VAR1] >> dbp:notableInstruments >> dbr:Fender_Stratocaster
translate question to dbpedia path: Question: Which military people served their allegiance to Union (American Civil War)? | Entities possibly involved: dbr:Union_(American_Civil_War),[ANS] >> dbp:allegiance >> dbr:Union_(American_Civil_War) [SEP] [ANS] >> rdf:type >> dbo:MilitaryPerson
translate question to dbpedia path: Question: Mac OS is the operating system of how many things? | Entities possibly involved: dbr:Mac_OS,COUNT >> [ANS] >> dbo:operatingSystem >> dbr:Mac_OS
"translate question to dbpedia path: Question: What is the draft team of the Antoine Bibeau and also has player named Nathan Dempsey ? | Entities possibly involved: dbr:Antoine_Bibeau, dbr:Nathan_Dempsey",dbr:Antoine_Bibeau >> dbp:draftTeam >> [ANS] [SEP] dbr:Nathan_Dempsey >> dbp:playedFor >> [ANS]
translate question to dbpedia path: Question: List the broadcast area of the TV stations which also serves in Agalga ? | Entities possibly involved: dbr:Agaléga,[VAR1] >> dbo:broadcastArea >> dbr:Agaléga [SEP] [VAR1] >> dbp:broadcastArea >> [ANS]
translate question to dbpedia path: Question: Into what military organizations is the United States Department of Defense divided? | Entities possibly involved: dbr:United_States_Department_of_Defense,[ANS] >> dbo:commandStructure >> dbr:United_States_Department_of_Defense
translate question to dbpedia path: Question: Whose deputy is Neil Brown? | Entities possibly involved: dbr:Neil_Brown_(Australian_politician),[ANS] >> dbp:deputy >> dbr:Neil_Brown_(Australian_politician)
"translate question to dbpedia path: Question: Was Neil Armstrong on the Gemini 8 mission? | Entities possibly involved: dbr:Neil_Armstrong, dbr:Gemini_8",ASK >> dbr:Neil_Armstrong >> dbp:mission >> dbr:Gemini_8
translate question to dbpedia path: Question: which astronaut's mission was Apollo 11? | Entities possibly involved: dbr:Apollo_11,[ANS] >> dbp:mission >> dbr:Apollo_11
translate question to dbpedia path: Question: What is debut team of the baseball players who died in Los Angeles? | Entities possibly involved: dbr:Los_Angeles,[VAR1] >> dbo:deathPlace >> dbr:Los_Angeles [SEP] [VAR1] >> dbp:debutteam >> [ANS] [SEP] [VAR1] >> rdf:type >> dbo:BaseballPlayer
translate question to dbpedia path: Question: List all the operators of the train who operates in Budapest ? | Entities possibly involved: dbr:Budapest,[VAR1] >> dbo:operator >> [ANS] [SEP] [VAR1] >> dbo:operator >> dbr:Budapest [SEP] [VAR1] >> rdf:type >> dbo:Train
translate question to dbpedia path: Question: What are the awards won by the producer of Puss in Boots (film)? | Entities possibly involved: dbr:Puss_in_Boots_(1922_film),[VAR1] >> dbo:award >> [ANS] [SEP] dbr:Puss_in_Boots_(1922_film) >> dbo:producer >> [VAR1]
translate question to dbpedia path: Question: In which state is the alma matter of Jan Paulsen located ? | Entities possibly involved: dbr:Jan_Paulsen,[VAR1] >> dbp:state >> [ANS] [SEP] dbr:Jan_Paulsen >> dbo:almaMater >> [VAR1]
translate question to dbpedia path: Question: How many politicians are in the militia? | Entities possibly involved: dbr:Militia,COUNT >> [ANS] >> dbp:branch >> dbr:Militia
translate question to dbpedia path: Question: Who were the first drivers in Grand Prixes where the first team was Scuderia Ferrari? | Entities possibly involved: dbr:Scuderia_Ferrari,[VAR1] >> dbo:firstDriver >> [ANS] [SEP] [VAR1] >> dbp:firstTeam >> dbr:Scuderia_Ferrari [SEP] [VAR1] >> rdf:type >> dbo:GrandPrix
translate question to dbpedia path: Question: How many things do bridges designed by the UEM group go over? | Entities possibly involved: dbr:UEM_Group,COUNT >> [VAR1] >> dbp:crosses >> [ANS] [SEP] [VAR1] >> dbp:designer >> dbr:UEM_Group
translate question to dbpedia path: Question: Whose theme music is composed by the band one of whose member is Les Claypool? | Entities possibly involved: dbr:Les_Claypool,[ANS] >> dbp:themeMusicComposer >> [VAR1] [SEP] [VAR1] >> dbo:bandMember >> dbr:Les_Claypool
translate question to dbpedia path: Question: Who has recorded their singles in London? | Entities possibly involved: dbr:London,[VAR1] >> dbo:recordedIn >> dbr:London [SEP] [VAR1] >> dbo:writer >> [ANS] [SEP] [VAR1] >> rdf:type >> dbo:Single
translate question to dbpedia path: Question: Who are the associated musical artist of the  artists of band Shorty Rogers? | Entities possibly involved: dbr:Shorty_Rogers,[VAR1] >> dbo:associatedBand >> dbr:Shorty_Rogers [SEP] [VAR1] >> dbo:associatedMusicalArtist >> [ANS]
translate question to dbpedia path: Question: Who were the american football players who played for Dallas Cowboys? | Entities possibly involved: dbr:Dallas_Cowboys,[ANS] >> dbo:team >> dbr:Dallas_Cowboys [SEP] [ANS] >> rdf:type >> dbo:AmericanFootballPlayer
"translate question to dbpedia path: Question: Is James Hetfield a band member of Metallica? | Entities possibly involved: dbr:Metallica, dbr:James_Hetfield",ASK >> dbr:Metallica >> dbo:bandMember >> dbr:James_Hetfield
"translate question to dbpedia path: Question: Does the Vadodara Railway station lie at the end of the Mathura Vadodara route? | Entities possibly involved: dbr:Vadodara_Junction_railway_station, dbr:Mathura–Vadodara_Section",ASK >> dbr:Mathura–Vadodara_Section >> dbo:routeEnd >> dbr:Vadodara_Junction_railway_station
translate question to dbpedia path: Question: People who debuted from Houston Astros have played in which clubs? | Entities possibly involved: dbr:Houston_Astros,[VAR1] >> dbo:debutTeam >> dbr:Houston_Astros [SEP] [VAR1] >> dbo:team >> [ANS] [SEP] [VAR1] >> rdf:type >> dbo:Person
"translate question to dbpedia path: Question: Radios on what topics can be tuned in to in Washington DC? | Entities possibly involved: dbr:Washington,_D.C.","[VAR1] >> dbo:broadcastArea >> dbr:Washington,_D.C. [SEP] [VAR1] >> dbo:programmeFormat >> [ANS] [SEP] [VAR1] >> rdf:type >> dbo:RadioStation"
translate question to dbpedia path: Question: Give me some shows related to the ones created by Russell Davies | Entities possibly involved: dbr:Russell_T_Davies,[ANS] >> dbo:related >> [VAR1] [SEP] [ANS] >> rdf:type >> dbo:TelevisionShow [SEP] [VAR1] >> dbp:creator >> dbr:Russell_T_Davies
"translate question to dbpedia path: Question: Which company created BASIC and Language Integrated Query ? | Entities possibly involved: dbr:Language_Integrated_Query, dbr:Microsoft_BASIC",dbr:Language_Integrated_Query >> dbo:designer >> [ANS] [SEP] dbr:Microsoft_BASIC >> dbo:designer >> [ANS]
translate question to dbpedia path: Question: What people are known to work for Johnny Cash? | Entities possibly involved: dbr:Johnny_Cash,[ANS] >> dbp:associatedActs >> dbr:Johnny_Cash [SEP] [ANS] >> rdf:type >> dbo:Person
translate question to dbpedia path: Question: How many awards have been given to Italians? | Entities possibly involved: dbr:Italy,COUNT >> [VAR1] >> dbp:awards >> [ANS] [SEP] [VAR1] >> dbp:birthPlace >> dbr:Italy
translate question to dbpedia path: Question: Count the number of cities around the American Mediterranean Sea? | Entities possibly involved: dbr:American_Mediterranean_Sea,COUNT >> [ANS] >> rdf:type >> dbo:City [SEP] dbr:American_Mediterranean_Sea >> dbp:cities >> [ANS]
translate question to dbpedia path: Question: List the first drivers of Grand Prixes where Mika Hakkinen was a pole driver. | Entities possibly involved: dbr:Mika_Häkkinen,[VAR1] >> dbo:firstDriver >> [ANS] [SEP] [VAR1] >> dbo:poleDriver >> dbr:Mika_Häkkinen [SEP] [VAR1] >> rdf:type >> dbo:GrandPrix
translate question to dbpedia path: Question: How many movies have their music signed up with Sony Music Entertainment. | Entities possibly involved: dbr:Sony_Music_Entertainment,COUNT >> [ANS] >> dbo:musicComposer >> [VAR1] [SEP] [ANS] >> rdf:type >> dbo:Film [SEP] [VAR1] >> dbo:recordLabel >> dbr:Sony_Music_Entertainment
translate question to dbpedia path: Question: What are the television shows whose network is BBC HD? | Entities possibly involved: dbr:BBC_HD,[ANS] >> dbo:network >> dbr:BBC_HD [SEP] [ANS] >> rdf:type >> dbo:TelevisionShow
translate question to dbpedia path: Question: What is the destinations of the airline whose headquarters is in Manchester? | Entities possibly involved: dbr:Manchester,[VAR1] >> dbp:destinations >> [ANS] [SEP] [VAR1] >> dbp:headquarters >> dbr:Manchester [SEP] [VAR1] >> rdf:type >> dbo:Airline
translate question to dbpedia path: Question: Who gave the voice to the characters sculpted by Clamp? | Entities possibly involved: dbr:Clamp_(manga_artists),[VAR1] >> dbo:voice >> [ANS] [SEP] [VAR1] >> dbp:creator >> dbr:Clamp_(manga_artists) [SEP] [VAR1] >> rdf:type >> dbo:FictionalCharacter
"translate question to dbpedia path: Question: Is Lloyd  Nosler the editor of The Temptress? | Entities possibly involved: dbr:Lloyd_Nosler, dbr:The_Temptress",ASK >> dbr:The_Temptress >> dbo:editing >> dbr:Lloyd_Nosler
translate question to dbpedia path: Question: On what subject does WTJC-LP air? | Entities possibly involved: dbr:WTJC-LP,dbr:WTJC-LP >> dbp:format >> [ANS]
translate question to dbpedia path: Question: Who developed the software which is used as operating system of Magic Trackpad ? | Entities possibly involved: dbr:Magic_Trackpad,[VAR1] >> dbp:developer >> [ANS] [SEP] [VAR1] >> rdf:type >> dbo:Software [SEP] dbr:Magic_Trackpad >> dbo:operatingSystem >> [VAR1]
"translate question to dbpedia path: Question: Was the USS Tillamook built in Seattle? | Entities possibly involved: dbr:USS_Tillamook_(AT-16), dbr:Seattle",ASK >> dbr:USS_Tillamook_(AT-16) >> dbp:shipBuilder >> dbr:Seattle
translate question to dbpedia path: Question: What is the home stadium of the soccer club seasons whose chairman is Merritt Paulson? | Entities possibly involved: dbr:Merritt_Paulson,[VAR1] >> dbo:homeStadium >> [ANS] [SEP] [VAR1] >> dbp:chairman >> dbr:Merritt_Paulson [SEP] [VAR1] >> rdf:type >> dbo:SoccerClubSeason
translate question to dbpedia path: Question: How many movies did Michael Deeley produce? | Entities possibly involved: dbr:Michael_Deeley,COUNT >> [ANS] >> dbp:producer >> dbr:Michael_Deeley [SEP] [ANS] >> rdf:type >> dbo:Film
"translate question to dbpedia path: Question: Is Steve Nash the chairman of Vancouver Whitecaps FC? | Entities possibly involved: dbr:Vancouver_Whitecaps_FC, dbr:Steve_Nash",ASK >> dbr:Vancouver_Whitecaps_FC >> dbp:chairman >> dbr:Steve_Nash
translate question to dbpedia path: Question: Who is a famous relative of Aaround Van Heemstra? | Entities possibly involved: dbr:Aarnoud_van_Heemstra,[ANS] >> dbo:relative >> dbr:Aarnoud_van_Heemstra [SEP] [ANS] >> rdf:type >> dbo:Person
translate question to dbpedia path: Question: What awards have been given to the anyone who raced in the Lawrence Realization Stakes? | Entities possibly involved: dbr:Lawrence_Realization_Stakes,[VAR1] >> dbo:honours >> [ANS] [SEP] [VAR1] >> dbp:race >> dbr:Lawrence_Realization_Stakes
translate question to dbpedia path: Question: How many battles have involved commanders of 1st Free French Division? | Entities possibly involved: dbr:1st_Free_French_Division,COUNT >> [VAR1] >> dbp:battles >> [ANS] [SEP] dbr:1st_Free_French_Division >> dbp:notableCommanders >> [VAR1]
translate question to dbpedia path: Question: How many areas are led by Willem Alexander? | Entities possibly involved: dbr:Willem-Alexander_of_the_Netherlands,COUNT >> [ANS] >> dbo:leader >> dbr:Willem-Alexander_of_the_Netherlands
"translate question to dbpedia path: Question: Name the movie in which Vangelis gave the music and Jordan was the cinematographer ? | Entities possibly involved: dbr:Vangelis, dbr:Jordan_Cronenweth",[ANS] >> dbo:cinematography >> dbr:Jordan_Cronenweth [SEP] [ANS] >> dbp:music >> dbr:Vangelis [SEP] [ANS] >> rdf:type >> dbo:Film
translate question to dbpedia path: Question: In how many places are the companies founded in Canada operating? | Entities possibly involved: dbr:Canada,COUNT >> [VAR1] >> dbo:foundationPlace >> dbr:Canada [SEP] [VAR1] >> dbp:locations >> [ANS]
translate question to dbpedia path: Question: Count the number of movies whose editors were born in UK? | Entities possibly involved: dbr:United_Kingdom,COUNT >> [ANS] >> dbp:editing >> [VAR1] [SEP] [ANS] >> rdf:type >> dbo:Film [SEP] [VAR1] >> dbo:birthPlace >> dbr:United_Kingdom
"translate question to dbpedia path: Question: What is the television show whose cast members are Jeff Conaway and Jason Carter? | Entities possibly involved: dbr:Jeff_Conaway, dbr:Jason_Carter_(actor)",[ANS] >> dbo:starring >> dbr:Jason_Carter_(actor) [SEP] [ANS] >> dbo:starring >> dbr:Jeff_Conaway [SEP] [ANS] >> rdf:type >> dbo:TelevisionShow
"translate question to dbpedia path: Question: What state has a Brideun School for Exception Children and is the birthplace  of B J Crombeen? | Entities possibly involved: dbr:Brideun_School_for_Exceptional_Children, dbr:B._J._Crombeen",dbr:B._J._Crombeen >> dbo:birthPlace >> [ANS] [SEP] dbr:Brideun_School_for_Exceptional_Children >> dbp:state >> [ANS]
translate question to dbpedia path: Question: How many companies were founded in places where Dallas is the governing body ? | Entities possibly involved: dbr:Dallas,COUNT >> [ANS] >> dbo:foundationPlace >> [VAR1] [SEP] [ANS] >> rdf:type >> dbo:Company [SEP] [VAR1] >> dbp:governingBody >> dbr:Dallas
"translate question to dbpedia path: Question: What Orson Welles directed movie has  photography director as Gregg Toland ? | Entities possibly involved: dbr:Gregg_Toland, dbr:Orson_Welles",[ANS] >> dbo:cinematography >> dbr:Gregg_Toland [SEP] [ANS] >> dbp:director >> dbr:Orson_Welles [SEP] [ANS] >> rdf:type >> dbo:Film
translate question to dbpedia path: Question: Who founded the city at the end of the Pittsburgh Line route? | Entities possibly involved: dbr:Pittsburgh_Line,[VAR1] >> dbo:founder >> [ANS] [SEP] dbr:Pittsburgh_Line >> dbo:routeEnd >> [VAR1]
translate question to dbpedia path: Question: List the honorary title given to the spouse of Lillian Disney ? | Entities possibly involved: dbr:Lillian_Disney,[VAR1] >> dbo:award >> [ANS] [SEP] dbr:Lillian_Disney >> dbp:spouse >> [VAR1]
translate question to dbpedia path: Question: How many games have a publisher based in US? | Entities possibly involved: dbr:United_States,COUNT >> [ANS] >> dbo:publisher >> [VAR1] [SEP] [ANS] >> rdf:type >> dbo:VideoGame [SEP] [VAR1] >> dbo:location >> dbr:United_States
"translate question to dbpedia path: Question: Where does the rail route, which ends at the Moskovsky station, begins? | Entities possibly involved: dbr:Moskovsky_railway_station_(Saint_Petersburg)",[VAR1] >> dbo:routeEnd >> dbr:Moskovsky_railway_station_(Saint_Petersburg) [SEP] [VAR1] >> dbo:routeStart >> [ANS]
translate question to dbpedia path: Question: How many people have played for the NBA? | Entities possibly involved: dbr:National_Basketball_Association,COUNT >> [ANS] >> dbp:league >> dbr:National_Basketball_Association
"translate question to dbpedia path: Question: Name the musician who gave the music in Tonight's the night and is also wedded to Alana Stewart ? | Entities possibly involved: dbr:Alana_Stewart, dbr:Tonight's_the_Night_(2003_musical)",dbr:Alana_Stewart >> dbo:spouse >> [ANS] [SEP] dbr:Tonight's_the_Night_(2003_musical) >> dbp:music >> [ANS]
translate question to dbpedia path: Question: What is the nationality of the golf player who won the  2002 Players Championship ? | Entities possibly involved: dbr:2002_Players_Championship,[VAR1] >> dbo:nationality >> [ANS] [SEP] [VAR1] >> rdf:type >> dbo:GolfPlayer [SEP] dbr:2002_Players_Championship >> dbo:champion >> [VAR1]
translate question to dbpedia path: Question: How many labels sign up progressive rock artists? | Entities possibly involved: dbr:Progressive_rock,COUNT >> [VAR1] >> dbo:recordLabel >> [ANS] [SEP] [VAR1] >> dbp:genre >> dbr:Progressive_rock
translate question to dbpedia path: Question: Which continents can be reached by flight companies available on Gatwick Airport? | Entities possibly involved: dbr:Gatwick_Airport,[VAR1] >> dbo:targetAirport >> dbr:Gatwick_Airport [SEP] [VAR1] >> dbp:destinations >> [ANS] [SEP] [VAR1] >> rdf:type >> dbo:Airline
"translate question to dbpedia path: Question: Do Ctenochaetus Binotatus lie in the cActinopterygii class? | Entities possibly involved: dbr:Ctenochaetus_binotatus, dbr:Actinopterygii",ASK >> dbr:Ctenochaetus_binotatus >> dbo:class >> dbr:Actinopterygii
translate question to dbpedia path: Question: Where the club of Kiki Cutter located? | Entities possibly involved: dbr:Kiki_Cutter,[VAR1] >> dbo:location >> [ANS] [SEP] dbr:Kiki_Cutter >> dbp:club >> [VAR1]
"translate question to dbpedia path: Question: List the movie whose music was given by Geoffrey Burgon and distributed by Cinema International Corporation? | Entities possibly involved: dbr:Geoffrey_Burgon, dbr:Cinema_International_Corporation",[ANS] >> dbo:distributor >> dbr:Cinema_International_Corporation [SEP] [ANS] >> dbo:musicComposer >> dbr:Geoffrey_Burgon [SEP] [ANS] >> rdf:type >> dbo:Film
translate question to dbpedia path: Question: Which musical artists have collaborated with Waylon Jennings? | Entities possibly involved: dbr:Waylon_Jennings,[ANS] >> dbo:associatedMusicalArtist >> dbr:Waylon_Jennings [SEP] [ANS] >> rdf:type >> dbo:MusicalArtist
translate question to dbpedia path: Question: Where did the people canonized by John Paul II die? | Entities possibly involved: dbr:Pope_John_Paul_II,[VAR1] >> dbp:canonizedBy >> dbr:Pope_John_Paul_II [SEP] [VAR1] >> dbp:deathPlace >> [ANS]
translate question to dbpedia path: Question: Count the different genres of games published by Titus Software | Entities possibly involved: dbr:Titus_Software,COUNT >> [VAR1] >> dbo:genre >> [ANS] [SEP] [VAR1] >> dbp:publisher >> dbr:Titus_Software
translate question to dbpedia path: Question: Who has produced movies that have a James Horner score? | Entities possibly involved: dbr:James_Horner,[VAR1] >> dbp:music >> dbr:James_Horner [SEP] [VAR1] >> dbp:producer >> [ANS] [SEP] [VAR1] >> rdf:type >> dbo:Film
"translate question to dbpedia path: Question: Name the person whose daughter is Rohan Marley and also another children named Sharon Marley ? | Entities possibly involved: dbr:Rohan_Marley, dbr:Sharon_Marley",[ANS] >> dbo:child >> dbr:Rohan_Marley [SEP] [ANS] >> dbp:children >> dbr:Sharon_Marley [SEP] [ANS] >> rdf:type >> dbo:Person
translate question to dbpedia path: Question: Which shows are voiced be US citizens? | Entities possibly involved: dbr:United_States,[ANS] >> dbp:voices >> [VAR1] [SEP] [ANS] >> rdf:type >> dbo:TelevisionShow [SEP] [VAR1] >> dbo:stateOfOrigin >> dbr:United_States
"translate question to dbpedia path: Question: Count the different places where the people died, who were born in England? | Entities possibly involved: dbr:England",COUNT >> [VAR1] >> dbp:placeOfBirth >> dbr:England [SEP] [VAR1] >> dbp:placeOfDeath >> [ANS]
translate question to dbpedia path: Question: What are some relatives of Battle of the Bulge veterans? | Entities possibly involved: dbr:Battle_of_the_Bulge,[VAR1] >> dbo:relation >> [ANS] [SEP] [VAR1] >> dbp:battles >> dbr:Battle_of_the_Bulge [SEP] [VAR1] >> rdf:type >> dbo:MilitaryPerson
"translate question to dbpedia path: Question: Who made the Y block engine and the SHO V8 engine? | Entities possibly involved: dbr:Ford_Y-block_engine, dbr:Ford_SHO_V8_engine",dbr:Ford_SHO_V8_engine >> dbo:manufacturer >> [ANS] [SEP] dbr:Ford_Y-block_engine >> dbo:manufacturer >> [ANS]
translate question to dbpedia path: Question: How many different genres of games are produced by Blizzard? | Entities possibly involved: dbr:Blizzard_Entertainment,COUNT >> [VAR1] >> dbo:developer >> dbr:Blizzard_Entertainment [SEP] [VAR1] >> dbp:genre >> [ANS]
"translate question to dbpedia path: Question: How many things are located in Ridgewood, New Jersey? | Entities possibly involved: dbr:Ridgewood,_New_Jersey","COUNT >> [ANS] >> dbp:birthPlace >> dbr:Ridgewood,_New_Jersey"
"translate question to dbpedia path: Question: Name the sea whose inflow is Kemijoki and outflow is Danish straits? | Entities possibly involved: dbr:Danish_straits, dbr:Kemijoki",[ANS] >> dbo:inflow >> dbr:Kemijoki [SEP] [ANS] >> dbp:outflow >> dbr:Danish_straits [SEP] [ANS] >> rdf:type >> dbo:Sea
translate question to dbpedia path: Question: What award was won by executive producer of Shaun the Sheep? | Entities possibly involved: dbr:Shaun_the_Sheep,[VAR1] >> dbo:award >> [ANS] [SEP] dbr:Shaun_the_Sheep >> dbo:executiveProducer >> [VAR1]
"translate question to dbpedia path: Question: Was the altazor drawn by Picasso? | Entities possibly involved: dbr:Altazor, dbr:Pablo_Picasso",ASK >> dbr:Altazor >> dbp:illustrator >> dbr:Pablo_Picasso
translate question to dbpedia path: Question: What is the operator of SR class 3Sub ? | Entities possibly involved: dbr:SR_class_3Sub,dbr:SR_class_3Sub >> dbo:operator >> [ANS]
translate question to dbpedia path: Question: How many times has Jeff Conaway been casted? | Entities possibly involved: dbr:Jeff_Conaway,COUNT >> [ANS] >> dbo:starring >> dbr:Jeff_Conaway
translate question to dbpedia path: Question: who are some miss michigan usa? | Entities possibly involved: dbr:Miss_Michigan_USA,[ANS] >> dbp:title >> dbr:Miss_Michigan_USA
translate question to dbpedia path: Question: What is the regional radio sports network associated with? | Entities possibly involved: dbr:Regional_Radio_Sports_Network,dbr:Regional_Radio_Sports_Network >> dbp:affiliations >> [ANS]
translate question to dbpedia path: Question: List the destinations of the airlines which also serves Mediterranean  Sea ? | Entities possibly involved: dbr:Mediterranean_Sea,[VAR1] >> dbp:destinations >> [ANS] [SEP] [VAR1] >> dbp:destinations >> dbr:Mediterranean_Sea [SEP] [VAR1] >> rdf:type >> dbo:Airline
translate question to dbpedia path: Question: Which fictional character's portrayer was edited by Roger Barton? | Entities possibly involved: dbr:Roger_Barton_(film_editor),[ANS] >> dbo:portrayer >> [VAR1] [SEP] [ANS] >> rdf:type >> dbo:FictionalCharacter [SEP] [VAR1] >> dbp:editing >> dbr:Roger_Barton_(film_editor)
translate question to dbpedia path: Question: What is the birth place of the children of Miguel Garca Granados ? | Entities possibly involved: dbr:Miguel_García_Granados,[VAR1] >> dbo:birthPlace >> [ANS] [SEP] dbr:Miguel_García_Granados >> dbp:children >> [VAR1]
translate question to dbpedia path: Question: List the fields of Sylvain Lvi ? | Entities possibly involved: dbr:Sylvain_Lévi,dbr:Sylvain_Lévi >> dbp:fields >> [ANS]
"translate question to dbpedia path: Question: List the  primeministers of Victor Hope, 2nd Marquess of Linlithgow ? | Entities possibly involved: dbr:Victor_Hope,_2nd_Marquess_of_Linlithgow","dbr:Victor_Hope,_2nd_Marquess_of_Linlithgow >> dbp:primeminister >> [ANS]"
translate question to dbpedia path: Question: Name the language of I Love How You Love Me ? | Entities possibly involved: dbr:I_Love_How_You_Love_Me,dbr:I_Love_How_You_Love_Me >> dbp:language >> [ANS]
translate question to dbpedia path: Question: Count the number of places where alumini of Edinburgh university have died? | Entities possibly involved: dbr:University_of_Edinburgh,COUNT >> [VAR1] >> dbo:deathPlace >> [ANS] [SEP] [VAR1] >> dbp:education >> dbr:University_of_Edinburgh
translate question to dbpedia path: Question: Who are the associate musical artists of Dalma Kovcs ? | Entities possibly involved: dbr:Dalma_Kovács,dbr:Dalma_Kovács >> dbo:associatedMusicalArtist >> [ANS]
translate question to dbpedia path: Question: How many movies have had a cinematographer who died in US? | Entities possibly involved: dbr:United_States,COUNT >> [ANS] >> dbp:cinematography >> [VAR1] [SEP] [ANS] >> rdf:type >> dbo:Film [SEP] [VAR1] >> dbp:deathPlace >> dbr:United_States
"translate question to dbpedia path: Question: Does Stanley Cavell study Shakespeare? | Entities possibly involved: dbr:William_Shakespeare, dbr:Stanley_Cavell",ASK >> dbr:Stanley_Cavell >> dbp:mainInterests >> dbr:William_Shakespeare
translate question to dbpedia path: Question: Who is the label of The Producers (2005 film) ? | Entities possibly involved: dbr:The_Producers_(2005_film),dbr:The_Producers_(2005_film) >> dbp:label >> [ANS]
translate question to dbpedia path: Question: Count the number of different religions that field marshals have followed? | Entities possibly involved: dbr:Field_marshal,COUNT >> [VAR1] >> dbo:militaryRank >> dbr:Field_marshal [SEP] [VAR1] >> dbo:religion >> [ANS]
"translate question to dbpedia path: Question: Does Beth Tweddle play for the City of Liverpool gymnast club? | Entities possibly involved: dbr:Beth_Tweddle, dbr:City_of_Liverpool_Gymnastics_Club",ASK >> dbr:Beth_Tweddle >> dbp:club >> dbr:City_of_Liverpool_Gymnastics_Club
translate question to dbpedia path: Question: Count the awards given to the recepients of the Becket fund for religious liberty. | Entities possibly involved: dbr:Becket_Fund_for_Religious_Liberty,COUNT >> [VAR1] >> dbo:award >> dbr:Becket_Fund_for_Religious_Liberty [SEP] [VAR1] >> dbp:awards >> [ANS]
translate question to dbpedia path: Question: What cars were built upon the cars which were assembled in Canada? | Entities possibly involved: dbr:Canada,[VAR1] >> dbo:predecessor >> [ANS] [SEP] [VAR1] >> dbp:assembly >> dbr:Canada [SEP] [VAR1] >> rdf:type >> dbo:Automobile
translate question to dbpedia path: Question: How many religions are followed by the people in the Royal Thai Army? | Entities possibly involved: dbr:Royal_Thai_Army,COUNT >> [VAR1] >> dbo:militaryBranch >> dbr:Royal_Thai_Army [SEP] [VAR1] >> dbo:religion >> [ANS]
translate question to dbpedia path: Question: How many guests have been there on broadway? | Entities possibly involved: dbr:On_Broadway_(Smash),COUNT >> dbr:On_Broadway_(Smash) >> dbp:guests >> [ANS]
translate question to dbpedia path: Question: Count everything garrisoned at the pentagon? | Entities possibly involved: dbr:The_Pentagon,COUNT >> [ANS] >> dbp:garrison >> dbr:The_Pentagon
"translate question to dbpedia path: Question: What is the city  of the 2015 MLS All-Star Game and birthplace of the The Okee Dokee Brothers | Entities possibly involved: dbr:2015_MLS_All-Star_Game, dbr:The_Okee_Dokee_Brothers",dbr:2015_MLS_All-Star_Game >> dbp:city >> [ANS] [SEP] dbr:The_Okee_Dokee_Brothers >> dbo:birthPlace >> [ANS]
translate question to dbpedia path: Question: How many people were opponents of the ones buried in the tower of London? | Entities possibly involved: dbr:Tower_of_London,COUNT >> [ANS] >> rdf:type >> dbo:Person [SEP] [VAR1] >> dbo:opponent >> [ANS] [SEP] [VAR1] >> dbp:restingPlace >> dbr:Tower_of_London
translate question to dbpedia path: Question: Count all the places where companies located in Ontario operate. | Entities possibly involved: dbr:Ontario,COUNT >> [VAR1] >> dbo:locationCity >> dbr:Ontario [SEP] [VAR1] >> dbp:locations >> [ANS]
translate question to dbpedia path: Question: How many factions have fought when Egushawa was a commander? | Entities possibly involved: dbr:Egushawa,COUNT >> [VAR1] >> dbo:commander >> dbr:Egushawa [SEP] [VAR1] >> dbp:combatant >> [ANS]
translate question to dbpedia path: Question: What is the layout of the automobiles designed by Olivier Boulay? | Entities possibly involved: dbr:Olivier_Boulay,[VAR1] >> dbo:layout >> [ANS] [SEP] [VAR1] >> dbp:designer >> dbr:Olivier_Boulay [SEP] [VAR1] >> rdf:type >> dbo:Automobile
"translate question to dbpedia path: Question: What people were born in Ridgewood, New Jersey? | Entities possibly involved: dbr:Ridgewood,_New_Jersey","[ANS] >> dbp:birthPlace >> dbr:Ridgewood,_New_Jersey [SEP] [ANS] >> rdf:type >> dbo:Person"
"translate question to dbpedia path: Question: Which predecessor of the PlayStation 4 is also the developer of Oddworld: Munch's Oddysee? | Entities possibly involved: dbr:Oddworld:_Munch's_Oddysee, dbr:PlayStation_4",dbr:Oddworld:_Munch's_Oddysee >> dbo:developer >> [ANS] [SEP] dbr:PlayStation_4 >> dbp:predecessor >> [ANS]
"translate question to dbpedia path: Question: Does the hudson river flow into the lower manhatten? | Entities possibly involved: dbr:Hudson_River, dbr:Lower_Manhattan",ASK >> dbr:Hudson_River >> dbo:mouthMountain >> dbr:Lower_Manhattan
"translate question to dbpedia path: Question: Name the person whose mother name is Cedella Booker and has a son named Sharon Marley? | Entities possibly involved: dbr:Cedella_Booker, dbr:Sharon_Marley",[ANS] >> dbo:parent >> dbr:Cedella_Booker [SEP] [ANS] >> dbp:children >> dbr:Sharon_Marley [SEP] [ANS] >> rdf:type >> dbo:Person
translate question to dbpedia path: Question: List the websites which the authors of Tornado own ? | Entities possibly involved: dbr:Tornado_(web_server),[VAR1] >> dbo:owner >> [ANS] [SEP] dbr:Tornado_(web_server) >> dbp:author >> [VAR1]
translate question to dbpedia path: Question: What are the movies whose music composer is Akira Ifukube? | Entities possibly involved: dbr:Akira_Ifukube,[ANS] >> dbo:musicComposer >> dbr:Akira_Ifukube [SEP] [ANS] >> rdf:type >> dbo:Film
translate question to dbpedia path: Question: Which military personnel belong to the branch of Continental Army? | Entities possibly involved: dbr:Continental_Army,[ANS] >> dbo:militaryBranch >> dbr:Continental_Army
translate question to dbpedia path: Question: Solon Spencer Beman has architected in how many cities? | Entities possibly involved: dbr:Solon_Spencer_Beman,COUNT >> [ANS] >> rdf:type >> dbo:City [SEP] [VAR1] >> dbo:architect >> dbr:Solon_Spencer_Beman [SEP] [VAR1] >> dbp:locationTown >> [ANS]
translate question to dbpedia path: Question: What are the main interests of Timothy Morton? | Entities possibly involved: dbr:Timothy_Morton,dbr:Timothy_Morton >> dbp:mainInterests >> [ANS]
translate question to dbpedia path: Question: Count all those who previously played for a team which ownes Varsity Stadium ? | Entities possibly involved: dbr:Varsity_Stadium,COUNT >> [ANS] >> dbo:formerTeam >> [VAR1] [SEP] [VAR1] >> dbp:field >> dbr:Varsity_Stadium
"translate question to dbpedia path: Question: Name the sea with Helsinki as one of the shore city and is also an outflow for Danish straits? | Entities possibly involved: dbr:Helsinki, dbr:Danish_straits",[ANS] >> dbp:cities >> dbr:Helsinki [SEP] [ANS] >> dbp:outflow >> dbr:Danish_straits [SEP] [ANS] >> rdf:type >> dbo:Sea
translate question to dbpedia path: Question: Count the awards won by the people who graduated from the National and Kapodistrian University of Athens. | Entities possibly involved: dbr:National_and_Kapodistrian_University_of_Athens,COUNT >> [VAR1] >> dbo:almaMater >> dbr:National_and_Kapodistrian_University_of_Athens [SEP] [VAR1] >> dbo:award >> [ANS]
translate question to dbpedia path: Question: What are the movies with Daniel Waters as screenwriter? | Entities possibly involved: dbr:Daniel_Waters_(screenwriter),[ANS] >> dbp:screenplay >> dbr:Daniel_Waters_(screenwriter) [SEP] [ANS] >> rdf:type >> dbo:Film
translate question to dbpedia path: Question: Which awards are presented by the committee located in Stockholm? | Entities possibly involved: dbr:Stockholm,[ANS] >> dbo:presenter >> [VAR1] [SEP] [VAR1] >> dbp:headquarters >> dbr:Stockholm
translate question to dbpedia path: Question: Count the  area of the radio stations whose serves in South Carolina ? | Entities possibly involved: dbr:South_Carolina,COUNT >> [VAR1] >> dbp:area >> [ANS] [SEP] [VAR1] >> dbp:area >> dbr:South_Carolina
translate question to dbpedia path: Question: How many games are played at universities affiliated with the Association of Southeast Asian Institutions of Higher Learning? | Entities possibly involved: dbr:Association_of_Southeast_Asian_Institutions_of_Higher_Learning,COUNT >> [VAR1] >> dbo:affiliation >> dbr:Association_of_Southeast_Asian_Institutions_of_Higher_Learning [SEP] [VAR1] >> dbo:sport >> [ANS]
translate question to dbpedia path: Question: Who studied in universities located in suburbs? | Entities possibly involved: dbr:Suburb,[ANS] >> dbp:education >> [VAR1] [SEP] [VAR1] >> dbo:campus >> dbr:Suburb
translate question to dbpedia path: Question: List down the cinematographers of Mickey's Mellerdrammer? | Entities possibly involved: dbr:Mickey's_Mellerdrammer,dbr:Mickey's_Mellerdrammer >> dbp:cinematography >> [ANS]
translate question to dbpedia path: Question: Who are the  judges of the television show whose anchor is Josh Groban? | Entities possibly involved: dbr:Josh_Groban,[VAR1] >> dbp:judges >> [ANS] [SEP] [VAR1] >> dbp:presenter >> dbr:Josh_Groban [SEP] [VAR1] >> rdf:type >> dbo:TelevisionShow
translate question to dbpedia path: Question: What all are written in the C programming language? | Entities possibly involved: dbr:C_(programming_language),[ANS] >> dbp:programmingLanguage >> dbr:C_(programming_language)
translate question to dbpedia path: Question: Count the number of artists in the Cirque du Soleil discography? | Entities possibly involved: dbr:Cirque_du_Soleil_discography,COUNT >> dbr:Cirque_du_Soleil_discography >> dbp:artist >> [ANS]
translate question to dbpedia path: Question: What are the movies whose director is Orson Welles? | Entities possibly involved: dbr:Orson_Welles,[ANS] >> dbp:director >> dbr:Orson_Welles [SEP] [ANS] >> rdf:type >> dbo:Film
translate question to dbpedia path: Question: What is the religion of character of Janice Soprano from The Soprano television show? | Entities possibly involved: dbr:Janice_Soprano,dbr:Janice_Soprano >> dbo:religion >> [ANS]
translate question to dbpedia path: Question: which planet was discovered by Urbain Le Verrier? | Entities possibly involved: dbr:Urbain_Le_Verrier,[ANS] >> dbo:discoverer >> dbr:Urbain_Le_Verrier
translate question to dbpedia path: Question: ?What are the airline hubs of Cascade Airways | Entities possibly involved: dbr:Cascade_Airways,dbr:Cascade_Airways >> dbp:hubs >> [ANS]
"translate question to dbpedia path: Question: What sport is Eric Schiller known for, and employes Craig Van Tibury? | Entities possibly involved: dbr:Craig_Van_Tilbury, dbr:Eric_Schiller",dbr:Craig_Van_Tilbury >> dbo:occupation >> [ANS] [SEP] dbr:Eric_Schiller >> dbo:knownFor >> [ANS]
translate question to dbpedia path: Question: How many rivers are crossed by different Box Girder bridges? | Entities possibly involved: dbr:Box_girder_bridge,COUNT >> [ANS] >> rdf:type >> dbo:River [SEP] [VAR1] >> dbp:crosses >> [ANS] [SEP] [VAR1] >> dbp:design >> dbr:Box_girder_bridge
"translate question to dbpedia path: Question: Was tupac a member of Outlawz? | Entities possibly involved: dbr:Outlawz, dbr:Tupac_Shakur",ASK >> dbr:Outlawz >> dbp:pastMembers >> dbr:Tupac_Shakur
translate question to dbpedia path: Question: Count the number of members of the organization which have Austria as one of the member ? | Entities possibly involved: dbr:Austria,COUNT >> [VAR1] >> dbp:membership >> [ANS] [SEP] [VAR1] >> dbp:membership >> dbr:Austria
translate question to dbpedia path: Question: List the other members of the team where Jason Hayne currently plays? | Entities possibly involved: dbr:Jason_Hayne,[VAR1] >> dbo:currentMember >> dbr:Jason_Hayne [SEP] [VAR1] >> dbp:name >> [ANS] [SEP] [VAR1] >> rdf:type >> dbo:OrganisationMember
translate question to dbpedia path: Question: list  the producer of the movies in which Rosemarie DeWitt in the star cast? | Entities possibly involved: dbr:Rosemarie_DeWitt,[VAR1] >> dbp:producer >> [ANS] [SEP] [VAR1] >> dbp:starring >> dbr:Rosemarie_DeWitt [SEP] [VAR1] >> rdf:type >> dbo:Film
translate question to dbpedia path: Question: How many groups have fought in wars where Richard Taylor fought too? | Entities possibly involved: dbr:Richard_Taylor_(colonel),COUNT >> [VAR1] >> dbp:combatant >> [ANS] [SEP] [VAR1] >> rdf:type >> dbo:MilitaryConflict [SEP] dbr:Richard_Taylor_(colonel) >> dbp:battles >> [VAR1]
"translate question to dbpedia path: Question: Is Another Lonely Night in New York by the musical band Robin Gibb? | Entities possibly involved: dbr:Another_Lonely_Night_in_New_York, dbr:Robin_Gibb",ASK >> dbr:Another_Lonely_Night_in_New_York >> dbo:musicalBand >> dbr:Robin_Gibb
translate question to dbpedia path: Question: To which settlement does Elliot Bay belong to? | Entities possibly involved: dbr:Elliott_Bay,dbr:Elliott_Bay >> dbp:cities >> [ANS]
translate question to dbpedia path: Question: What are the albums whose artists have performed with the Tangerine Dream? | Entities possibly involved: dbr:Tangerine_Dream,[ANS] >> dbp:artist >> [VAR1] [SEP] [ANS] >> rdf:type >> dbo:Album [SEP] [VAR1] >> dbo:associatedBand >> dbr:Tangerine_Dream
translate question to dbpedia path: Question: Name the river on Batoka Gorge Hydroelectric Power Station ? | Entities possibly involved: dbr:Batoka_Gorge_Hydroelectric_Power_Station,dbr:Batoka_Gorge_Hydroelectric_Power_Station >> dbo:river >> [ANS]
"translate question to dbpedia path: Question: Did chris lebenzon edit Batman returns? | Entities possibly involved: dbr:Chris_Lebenzon, dbr:Batman_Returns",ASK >> dbr:Batman_Returns >> dbp:editing >> dbr:Chris_Lebenzon
translate question to dbpedia path: Question: What university campuses are situated in Indiana? | Entities possibly involved: dbr:Indiana,[ANS] >> dbo:campus >> dbr:Indiana [SEP] [ANS] >> rdf:type >> dbo:University
translate question to dbpedia path: Question: Who is the authority of Maine School of Science and Mathematics ? | Entities possibly involved: dbr:Maine_School_of_Science_and_Mathematics,dbr:Maine_School_of_Science_and_Mathematics >> dbo:authority >> [ANS]
translate question to dbpedia path: Question: List some writers which speak one of the Germanic languages. | Entities possibly involved: dbr:Germanic_languages,[ANS] >> dbp:language >> [VAR1] [SEP] [ANS] >> rdf:type >> dbo:Writer [SEP] [VAR1] >> dbo:languageFamily >> dbr:Germanic_languages
translate question to dbpedia path: Question: What are some awards given to people who were born in sweden? | Entities possibly involved: dbr:Sweden,[VAR1] >> dbo:birthPlace >> dbr:Sweden [SEP] [VAR1] >> dbp:awards >> [ANS] [SEP] [VAR1] >> rdf:type >> dbo:Person
translate question to dbpedia path: Question: ITV employes how many people? | Entities possibly involved: dbr:ITV_(TV_network),COUNT >> [ANS] >> dbp:employer >> dbr:ITV_(TV_network)
"translate question to dbpedia path: Question: Is the assembly of tofa ahin ethopia? | Entities possibly involved: dbr:Ethiopia, dbr:Tofaş_Şahin",ASK >> dbr:Tofaş_Şahin >> dbo:assembly >> dbr:Ethiopia
"translate question to dbpedia path: Question: Was the street dogs of south central narrated by Queen Latifah? | Entities possibly involved: dbr:Street_Dogs_of_South_Central, dbr:Queen_Latifah",ASK >> dbr:Street_Dogs_of_South_Central >> dbp:narrator >> dbr:Queen_Latifah
translate question to dbpedia path: Question: Name some schools with a bison as their mascot? | Entities possibly involved: dbr:Bison,[ANS] >> dbp:mascot >> dbr:Bison [SEP] [ANS] >> rdf:type >> dbo:School
translate question to dbpedia path: Question: What has Carl Sagan written his books about? | Entities possibly involved: dbr:Carl_Sagan,[VAR1] >> dbo:author >> dbr:Carl_Sagan [SEP] [VAR1] >> dbp:subject >> [ANS] [SEP] [VAR1] >> rdf:type >> dbo:Book
"translate question to dbpedia path: Question: Who voiced in Peanuts Motion Comics and The Peanuts Movie? | Entities possibly involved: dbr:The_Peanuts_Movie, dbr:Peanuts_Motion_Comics",[ANS] >> dbo:voice >> dbr:Peanuts_Motion_Comics [SEP] [ANS] >> dbo:voice >> dbr:The_Peanuts_Movie
translate question to dbpedia path: Question: Who is the owner of the bank where Thomas Secunda works ? | Entities possibly involved: dbr:Thomas_Secunda,[VAR1] >> dbp:owner >> [ANS] [SEP] [VAR1] >> rdf:type >> dbo:Bank [SEP] dbr:Thomas_Secunda >> dbo:occupation >> [VAR1]
translate question to dbpedia path: Question: What are some US citizens famous for? | Entities possibly involved: dbr:United_States,[VAR1] >> dbo:knownFor >> [ANS] [SEP] [VAR1] >> dbo:nationality >> dbr:United_States
translate question to dbpedia path: Question: Who founded a company which served Mid Wales ? | Entities possibly involved: dbr:Mid_Wales,[VAR1] >> dbo:foundedBy >> [ANS] [SEP] [VAR1] >> dbo:regionServed >> dbr:Mid_Wales
translate question to dbpedia path: Question: British people have edited which movies? | Entities possibly involved: dbr:United_Kingdom,[ANS] >> dbp:editing >> [VAR1] [SEP] [ANS] >> rdf:type >> dbo:Film [SEP] [VAR1] >> dbo:birthPlace >> dbr:United_Kingdom
translate question to dbpedia path: Question: List the home town of the bands whose label is Alive Naturalsound Records ? | Entities possibly involved: dbr:Alive_Naturalsound_Records,[VAR1] >> dbo:hometown >> [ANS] [SEP] [VAR1] >> dbp:label >> dbr:Alive_Naturalsound_Records [SEP] [VAR1] >> rdf:type >> dbo:Band
translate question to dbpedia path: Question: Give me some administrators of bridges over which cars can go? | Entities possibly involved: dbr:Motor_vehicle,[VAR1] >> dbo:maintainedBy >> [ANS] [SEP] [VAR1] >> dbp:carries >> dbr:Motor_vehicle [SEP] [VAR1] >> rdf:type >> dbo:Bridge
translate question to dbpedia path: Question: Who are some US colonels? | Entities possibly involved: dbr:Colonel_(United_States),[ANS] >> dbp:rank >> dbr:Colonel_(United_States)
"translate question to dbpedia path: Question: Was Citizen Kane cinematographed by Gregg Toland? | Entities possibly involved: dbr:Gregg_Toland, dbr:Citizen_Kane",ASK >> dbr:Citizen_Kane >> dbp:cinematography >> dbr:Gregg_Toland
translate question to dbpedia path: Question: Count the different alma maters of people employed by the CNN | Entities possibly involved: dbr:CNN,COUNT >> [VAR1] >> dbo:almaMater >> [ANS] [SEP] [VAR1] >> dbp:employer >> dbr:CNN
translate question to dbpedia path: Question: How many universities are in the National Collegiate Athletic Association? | Entities possibly involved: dbr:National_Collegiate_Athletic_Association,COUNT >> [ANS] >> dbo:athletics >> dbr:National_Collegiate_Athletic_Association
translate question to dbpedia path: Question: Which company developed the language designed by Lars Bak? | Entities possibly involved: dbr:Lars_Bak_(computer_programmer),[VAR1] >> dbo:designer >> dbr:Lars_Bak_(computer_programmer) [SEP] [VAR1] >> dbp:developer >> [ANS] [SEP] [VAR1] >> rdf:type >> dbo:Language
"translate question to dbpedia path: Question: Which country gave birth to the Lemberger LD20b and Start+Flug H101 aircrafts? | Entities possibly involved: dbr:Start_+_Flug_H-101, dbr:Lemberger_LD20b",dbr:Lemberger_LD20b >> dbp:nationalOrigin >> [ANS] [SEP] dbr:Start_+_Flug_H-101 >> dbp:nationalOrigin >> [ANS]
translate question to dbpedia path: Question: What is the workplace of Christopher S. Stewart ? | Entities possibly involved: dbr:Christopher_S._Stewart,dbr:Christopher_S._Stewart >> dbp:employer >> [ANS]
translate question to dbpedia path: Question: What are some things people born in Louisiana are famous for? | Entities possibly involved: dbr:Louisiana,COUNT >> [VAR1] >> dbp:knownFor >> [ANS] [SEP] [VAR1] >> dbp:placeOfBirth >> dbr:Louisiana
translate question to dbpedia path: Question: Where did Fort Lauderdale Strikers season of 16 take place? | Entities possibly involved: dbr:2016_Fort_Lauderdale_Strikers_season,dbr:2016_Fort_Lauderdale_Strikers_season >> dbo:ground >> [ANS]
"translate question to dbpedia path: Question: Who is the founder of Hohenau, Paraguay? | Entities possibly involved: dbr:Hohenau,_Paraguay","dbr:Hohenau,_Paraguay >> dbo:founder >> [ANS]"
translate question to dbpedia path: Question: Who gave the musical score  of 9 to 5 (musical) ? | Entities possibly involved: dbr:9_to_5_(musical),dbr:9_to_5_(musical) >> dbo:musicBy >> [ANS]
translate question to dbpedia path: Question: Who are the spouse of the actors of Wrongfully Accused? | Entities possibly involved: dbr:Wrongfully_Accused,[VAR1] >> dbo:spouse >> [ANS] [SEP] dbr:Wrongfully_Accused >> dbo:starring >> [VAR1]
translate question to dbpedia path: Question: Count all that was built by a company whose leader is Kazuo Hirai? | Entities possibly involved: dbr:Kazuo_Hirai,COUNT >> [ANS] >> dbo:manufacturer >> [VAR1] [SEP] [VAR1] >> dbp:keyPeople >> dbr:Kazuo_Hirai
"translate question to dbpedia path: Question: Which show developed by Brain Graden has theme music composed by Primus ? | Entities possibly involved: dbr:Primus_(band), dbr:Brian_Graden",[ANS] >> dbp:developer >> dbr:Brian_Graden [SEP] [ANS] >> dbp:themeMusicComposer >> dbr:Primus_(band) [SEP] [ANS] >> rdf:type >> dbo:TelevisionShow
translate question to dbpedia path: Question: Which builder has made concrete bridges? | Entities possibly involved: dbr:Concrete,[VAR1] >> dbo:builder >> [ANS] [SEP] [VAR1] >> dbp:material >> dbr:Concrete [SEP] [VAR1] >> rdf:type >> dbo:Bridge
translate question to dbpedia path: Question: What is the serving railway line of Rostov-Glavny ? | Entities possibly involved: dbr:Rostov-Glavny,dbr:Rostov-Glavny >> dbo:servingRailwayLine >> [ANS]
translate question to dbpedia path: Question: How many different products are there of the companies located in the US? | Entities possibly involved: dbr:United_States,COUNT >> [VAR1] >> dbo:location >> dbr:United_States [SEP] [VAR1] >> dbo:product >> [ANS]
"translate question to dbpedia path: Question: How many licensee are there, of the radio stations whose area is Nashville, Tennessee ? | Entities possibly involved: dbr:Nashville,_Tennessee","COUNT >> [VAR1] >> dbp:area >> dbr:Nashville,_Tennessee [SEP] [VAR1] >> dbp:licensee >> [ANS]"
"translate question to dbpedia path: Question: What actor starred in Splash and is married to Rita Wilson? | Entities possibly involved: dbr:Rita_Wilson, dbr:Splash_(film)",dbr:Rita_Wilson >> dbp:spouse >> [ANS] [SEP] dbr:Splash_(film) >> dbp:starring >> [ANS]
"translate question to dbpedia path: Question: What is the river on which the Kariba Dam and Batoka Gorge Hydroelectirc power station exist? | Entities possibly involved: dbr:Kariba_Dam, dbr:Batoka_Gorge_Hydroelectric_Power_Station",dbr:Batoka_Gorge_Hydroelectric_Power_Station >> dbo:river >> [ANS] [SEP] dbr:Kariba_Dam >> dbo:river >> [ANS]
translate question to dbpedia path: Question: Players from how many teams have participated in the National Hockey League? | Entities possibly involved: dbr:National_Hockey_League,COUNT >> [ANS] >> rdf:type >> dbo:SportsTeam [SEP] [VAR1] >> dbo:team >> [ANS] [SEP] [VAR1] >> dbp:league >> dbr:National_Hockey_League
"translate question to dbpedia path: Question: Did Stan Lee create the Iceman comics? | Entities possibly involved: dbr:Stan_Lee, dbr:Iceman_(comics)",ASK >> dbr:Iceman_(comics) >> dbp:creators >> dbr:Stan_Lee
translate question to dbpedia path: Question: What are the movies whose editor is Robert Wise? | Entities possibly involved: dbr:Robert_Wise,[ANS] >> dbo:editing >> dbr:Robert_Wise [SEP] [ANS] >> rdf:type >> dbo:Film
translate question to dbpedia path: Question: List the music of Open House (American Horror Story)? | Entities possibly involved: dbr:Open_House_(American_Horror_Story),dbr:Open_House_(American_Horror_Story) >> dbp:music >> [ANS]
translate question to dbpedia path: Question: Where did the narrators of the Championship snooker die? | Entities possibly involved: dbr:Championship_Snooker,[VAR1] >> dbo:deathPlace >> [ANS] [SEP] dbr:Championship_Snooker >> dbp:narrated >> [VAR1]
translate question to dbpedia path: Question: What are some families of mammals in the animal kingdom? | Entities possibly involved: dbr:Animal,[VAR1] >> dbo:family >> [ANS] [SEP] [VAR1] >> dbo:kingdom >> dbr:Animal [SEP] [VAR1] >> rdf:type >> dbo:Mammal
translate question to dbpedia path: Question: How many things are people who died in St. Petersburg known for? | Entities possibly involved: dbr:Saint_Petersburg,COUNT >> [VAR1] >> dbo:knownFor >> [ANS] [SEP] [VAR1] >> dbp:deathPlace >> dbr:Saint_Petersburg
translate question to dbpedia path: Question: List down the important people of The Elders ? | Entities possibly involved: dbr:The_Elders_(organization),dbr:The_Elders_(organization) >> dbp:keyPeople >> [ANS]
"translate question to dbpedia path: Question: Does nintendo have a division called Nintendo Entertainment Planning & Development? | Entities possibly involved: dbr:Nintendo, dbr:Nintendo_Entertainment_Planning_&_Development",ASK >> dbr:Nintendo >> dbp:divisions >> dbr:Nintendo_Entertainment_Planning_&_Development
translate question to dbpedia path: Question: In how many nations is Coconut a common food ingredient? | Entities possibly involved: dbr:Coconut,COUNT >> [ANS] >> rdf:type >> dbo:Country [SEP] [VAR1] >> dbo:ingredient >> dbr:Coconut [SEP] [VAR1] >> dbp:country >> [ANS]
translate question to dbpedia path: Question: Who all have created new kinds of cookies? | Entities possibly involved: dbr:Cookie,[VAR1] >> dbp:creator >> [ANS] [SEP] [VAR1] >> dbp:type >> dbr:Cookie
"translate question to dbpedia path: Question: What country is Jeffrey Werleman from, which also has the American Mediterranean Sea? | Entities possibly involved: dbr:Jeffrey_Werleman, dbr:American_Mediterranean_Sea",dbr:American_Mediterranean_Sea >> dbo:country >> [ANS] [SEP] dbr:Jeffrey_Werleman >> dbo:birthPlace >> [ANS]
translate question to dbpedia path: Question: List the television shows whose network's owning company is Turner Broadcasting System? | Entities possibly involved: dbr:Turner_Broadcasting_System,[ANS] >> dbp:network >> [VAR1] [SEP] [ANS] >> rdf:type >> dbo:TelevisionShow [SEP] [VAR1] >> dbo:owningCompany >> dbr:Turner_Broadcasting_System
"translate question to dbpedia path: Question: For how many things are people famous, who were born in Nebraska? | Entities possibly involved: dbr:Nebraska",COUNT >> [VAR1] >> dbo:knownFor >> [ANS] [SEP] [VAR1] >> dbp:birthPlace >> dbr:Nebraska
translate question to dbpedia path: Question: List the maintainers of Pandaruan Bridge? | Entities possibly involved: dbr:Pandaruan_Bridge,dbr:Pandaruan_Bridge >> dbo:maintainedBy >> [ANS]
translate question to dbpedia path: Question: What is the home town of the musical artist who is the current members of Slapstick? | Entities possibly involved: dbr:Slapstick_(band),[VAR1] >> dbo:hometown >> [ANS] [SEP] [VAR1] >> rdf:type >> dbo:MusicalArtist [SEP] dbr:Slapstick_(band) >> dbp:currentMembers >> [VAR1]
translate question to dbpedia path: Question: What are some rivers in Zambia which have a dam on them? | Entities possibly involved: dbr:Zambia,[VAR1] >> dbo:river >> [ANS] [SEP] [VAR1] >> dbp:country >> dbr:Zambia [SEP] [VAR1] >> rdf:type >> dbo:Dam
translate question to dbpedia path: Question: what does the cahora bassa flow into? | Entities possibly involved: dbr:Cahora_Bassa,dbr:Cahora_Bassa >> dbp:inflow >> [ANS]
"translate question to dbpedia path: Question: Does Walson Augustin play for the Brothers Union? | Entities possibly involved: dbr:Brothers_Union, dbr:Walson_Augustin",ASK >> dbr:Walson_Augustin >> dbp:currentclub >> dbr:Brothers_Union
translate question to dbpedia path: Question: In which city is  Arsenal Cider House ? located ? | Entities possibly involved: dbr:Arsenal_Cider_House,dbr:Arsenal_Cider_House >> dbp:locationCity >> [ANS]
"translate question to dbpedia path: Question: List down the TV shows whose producer is Stephen E. Ambros and writer is John Orloff ? | Entities possibly involved: dbr:Stephen_E._Ambrose, dbr:John_Orloff",[ANS] >> dbo:producer >> dbr:Stephen_E._Ambrose [SEP] [ANS] >> dbp:writer >> dbr:John_Orloff [SEP] [ANS] >> rdf:type >> dbo:TelevisionShow
translate question to dbpedia path: Question: What is the alma mater of Fikret Orman? | Entities possibly involved: dbr:Fikret_Orman,dbr:Fikret_Orman >> dbp:almaMater >> [ANS]
translate question to dbpedia path: Question: Which soccer players are currently playing for NYC FC? | Entities possibly involved: dbr:New_York_City_FC,[ANS] >> dbp:currentclub >> dbr:New_York_City_FC [SEP] [ANS] >> rdf:type >> dbo:SoccerPlayer
translate question to dbpedia path: Question: Which company owns Evraz ? | Entities possibly involved: dbr:Evraz,dbr:Evraz >> dbo:owningCompany >> [ANS]
translate question to dbpedia path: Question: How many party leaders are there whose parties are headquartered in Berlin? | Entities possibly involved: dbr:Berlin,COUNT >> [ANS] >> rdf:type >> dbo:Politician [SEP] [VAR1] >> dbo:headquarter >> dbr:Berlin [SEP] [VAR1] >> dbo:leader >> [ANS]
translate question to dbpedia path: Question: Where was the trainer of Java Gold born? | Entities possibly involved: dbr:Java_Gold,[VAR1] >> dbp:birthPlace >> [ANS] [SEP] dbr:Java_Gold >> dbp:trainer >> [VAR1]
translate question to dbpedia path: Question: Where can I find some buildings of modern architecture? | Entities possibly involved: dbr:Modern_architecture,[VAR1] >> dbp:address >> [ANS] [SEP] [VAR1] >> dbp:architecturalStyle >> dbr:Modern_architecture [SEP] [VAR1] >> rdf:type >> dbo:Building
translate question to dbpedia path: Question: Who are the people who played for San Francisco 49ers? | Entities possibly involved: dbr:San_Francisco_49ers,[ANS] >> dbo:team >> dbr:San_Francisco_49ers
"translate question to dbpedia path: Question: Was Zachary Taylor a commander of the sixth infantry regiment of US? | Entities possibly involved: dbr:6th_Infantry_Regiment_(United_States), dbr:Zachary_Taylor",ASK >> dbr:6th_Infantry_Regiment_(United_States) >> dbo:notableCommander >> dbr:Zachary_Taylor
translate question to dbpedia path: Question: Name a famous relative of barry voight | Entities possibly involved: dbr:Barry_Voight,[ANS] >> dbo:relative >> dbr:Barry_Voight
"translate question to dbpedia path: Question: Does Walson Augustin play as a midfielder? | Entities possibly involved: dbr:Midfielder, dbr:Walson_Augustin",ASK >> dbr:Walson_Augustin >> dbo:position >> dbr:Midfielder
translate question to dbpedia path: Question: List places that are associated to cities in the state of Mecklenburg-Vorpommern. | Entities possibly involved: dbr:Mecklenburg-Vorpommern,[ANS] >> dbp:cities >> [VAR1] [SEP] [VAR1] >> dbo:federalState >> dbr:Mecklenburg-Vorpommern
"translate question to dbpedia path: Question: Which awards did the writer, who is  the creator of Creature Comforts, won ? | Entities possibly involved: dbr:Creature_Comforts",[VAR1] >> dbp:awards >> [ANS] [SEP] [VAR1] >> rdf:type >> dbo:Writer [SEP] dbr:Creature_Comforts >> dbp:creator >> [VAR1]
translate question to dbpedia path: Question: Who all have written songs that were then recorded in the Criteria Studios? | Entities possibly involved: dbr:Criteria_Studios,[VAR1] >> dbo:recordedIn >> dbr:Criteria_Studios [SEP] [VAR1] >> dbp:writer >> [ANS] [SEP] [VAR1] >> rdf:type >> dbo:MusicalWork
translate question to dbpedia path: Question: Count the number of sports played by the universities whihc also plays Volleyball ? | Entities possibly involved: dbr:Volleyball,COUNT >> [VAR1] >> dbo:athletics >> dbr:Volleyball [SEP] [VAR1] >> dbp:athletics >> [ANS]
"translate question to dbpedia path: Question: Is Sao Paulo the largest city of Brazil? | Entities possibly involved: dbr:São_Paulo, dbr:Brazil",ASK >> dbr:Brazil >> dbp:largestCity >> dbr:São_Paulo
"translate question to dbpedia path: Question: In which areas are the radio stations of Monticello, Maine available too? | Entities possibly involved: dbr:Monticello,_Maine","[VAR1] >> dbp:area >> [ANS] [SEP] [VAR1] >> dbp:city >> dbr:Monticello,_Maine [SEP] [VAR1] >> rdf:type >> dbo:RadioStation"
translate question to dbpedia path: Question: Through how many labels has Katy B released her singles? | Entities possibly involved: dbr:Katy_B,COUNT >> [VAR1] >> dbo:recordLabel >> [ANS] [SEP] [VAR1] >> dbo:writer >> dbr:Katy_B
"translate question to dbpedia path: Question: Is PIAS Recordings the distributing label of Wichita Recordings? | Entities possibly involved: dbr:PIAS_Recordings, dbr:Wichita_Recordings",ASK >> dbr:Wichita_Recordings >> dbo:distributingLabel >> dbr:PIAS_Recordings
"translate question to dbpedia path: Question: Was Gerald Gibbs the cinematographer of X the unknown? | Entities possibly involved: dbr:Gerald_Gibbs_(cinematographer), dbr:X_the_Unknown",ASK >> dbr:X_the_Unknown >> dbo:cinematography >> dbr:Gerald_Gibbs_(cinematographer)
translate question to dbpedia path: Question: Name the sstadium of 2015 Pro Duta FC season ? | Entities possibly involved: dbr:2015_Pro_Duta_FC_season,dbr:2015_Pro_Duta_FC_season >> dbp:stadium >> [ANS]
translate question to dbpedia path: Question: Pointe d'Aveneyre belongs to which mountain range? | Entities possibly involved: dbr:Pointe_d'Aveneyre,dbr:Pointe_d'Aveneyre >> dbo:mountainRange >> [ANS]
translate question to dbpedia path: Question: Jerry Bock's musicals has been adapted from how many things? | Entities possibly involved: dbr:Jerry_Bock,COUNT >> [VAR1] >> dbo:basedOn >> [ANS] [SEP] [VAR1] >> dbp:music >> dbr:Jerry_Bock
"translate question to dbpedia path: Question: Count the movies edited by  Mark Stevens (film editor) and were directed by Joel Schumacher? | Entities possibly involved: dbr:Joel_Schumacher, dbr:Mark_Stevens_(film_editor)",COUNT >> [ANS] >> dbo:director >> dbr:Joel_Schumacher [SEP] [ANS] >> dbp:editing >> dbr:Mark_Stevens_(film_editor)
translate question to dbpedia path: Question: List the judge of the TV show whose one of the judge is Ludacris ? | Entities possibly involved: dbr:Ludacris,[VAR1] >> dbp:judges >> [ANS] [SEP] [VAR1] >> dbp:judges >> dbr:Ludacris [SEP] [VAR1] >> rdf:type >> dbo:TelevisionShow
translate question to dbpedia path: Question: Whose youth clubs used to participate in Argentine Primera Division? | Entities possibly involved: dbr:Argentine_Primera_División,[ANS] >> dbp:youthclubs >> [VAR1] [SEP] [VAR1] >> dbp:league >> dbr:Argentine_Primera_División
translate question to dbpedia path: Question: Who owns the railway line which goes through the Newark Station? | Entities possibly involved: dbr:Newark_station_(Delaware),[VAR1] >> dbp:owner >> [ANS] [SEP] dbr:Newark_station_(Delaware) >> dbp:line >> [VAR1]
"translate question to dbpedia path: Question: Is Compaq a software company? | Entities possibly involved: dbr:Compaq, dbr:Software",ASK >> dbr:Compaq >> dbo:industry >> dbr:Software
translate question to dbpedia path: Question: What is the parent company of Edsel? | Entities possibly involved: dbr:Edsel,dbr:Edsel >> dbp:parent >> [ANS]
translate question to dbpedia path: Question: How many shows are made by Playtone? | Entities possibly involved: dbr:Playtone,COUNT >> [ANS] >> dbp:company >> dbr:Playtone [SEP] [ANS] >> rdf:type >> dbo:TelevisionShow
"translate question to dbpedia path: Question: Does the owyhee river flow into oregon? | Entities possibly involved: dbr:Oregon, dbr:Owyhee_River",ASK >> dbr:Owyhee_River >> dbo:mouthMountain >> dbr:Oregon
translate question to dbpedia path: Question: From which country is Lawrence Okoye's nationality ? | Entities possibly involved: dbr:Lawrence_Okoye,dbr:Lawrence_Okoye >> dbp:nationality >> [ANS]
translate question to dbpedia path: Question: Who authored the work illustrated by Hiroyuki Takei? | Entities possibly involved: dbr:Hiroyuki_Takei,[VAR1] >> dbo:illustrator >> dbr:Hiroyuki_Takei [SEP] [VAR1] >> dbp:author >> [ANS]
"translate question to dbpedia path: Question: Who was the president at the time when both Carl Stokes and Joseph Stiglitz held a position in US political framework? | Entities possibly involved: dbr:Carl_Stokes, dbr:Joseph_Stiglitz",dbr:Carl_Stokes >> dbp:president >> [ANS] [SEP] dbr:Joseph_Stiglitz >> dbp:president >> [ANS]
translate question to dbpedia path: Question: List all the presidents of the school which had atleast one of the president as Queen Noor of Jordan ? | Entities possibly involved: dbr:Queen_Noor_of_Jordan,[VAR1] >> dbo:president >> [ANS] [SEP] [VAR1] >> dbo:president >> dbr:Queen_Noor_of_Jordan [SEP] [VAR1] >> rdf:type >> dbo:School
translate question to dbpedia path: Question: What is the birth city of trainer of Leallah? | Entities possibly involved: dbr:Leallah,[VAR1] >> dbp:birthPlace >> [ANS] [SEP] dbr:Leallah >> dbp:trainer >> [VAR1]
translate question to dbpedia path: Question: What are some TV shows similar to the one produced by Susie Liggat? | Entities possibly involved: dbr:Susie_Liggat,[ANS] >> dbo:related >> [VAR1] [SEP] [ANS] >> rdf:type >> dbo:TelevisionShow [SEP] [VAR1] >> dbp:producer >> dbr:Susie_Liggat
translate question to dbpedia path: Question: Who has canonized someone who's a doctor of the church? | Entities possibly involved: dbr:Doctor_of_the_Church,[VAR1] >> dbo:canonizedBy >> [ANS] [SEP] [VAR1] >> dbp:titles >> dbr:Doctor_of_the_Church
"translate question to dbpedia path: Question: was the first national bank and trust building architectured by Chicago? | Entities possibly involved: dbr:Chicago, dbr:First_National_Bank_and_Trust_Building_(Lima,_Ohio)","ASK >> dbr:First_National_Bank_and_Trust_Building_(Lima,_Ohio) >> dbo:architecturalStyle >> dbr:Chicago"
"translate question to dbpedia path: Question: Did Tupac write the lyrics of Holler If Ya Hear Me? | Entities possibly involved: dbr:Tupac_Shakur, dbr:Holler_If_Ya_Hear_Me_(musical)",ASK >> dbr:Holler_If_Ya_Hear_Me_(musical) >> dbp:lyrics >> dbr:Tupac_Shakur
translate question to dbpedia path: Question: What currencies are prevalent in the countries governed by the President of France? | Entities possibly involved: dbr:President_of_France,[VAR1] >> dbo:currency >> [ANS] [SEP] [VAR1] >> dbp:leaderTitle >> dbr:President_of_France [SEP] [VAR1] >> rdf:type >> dbo:Country
translate question to dbpedia path: Question: In which fields are pupils of Edouard Chavannes working? | Entities possibly involved: dbr:Édouard_Chavannes,[VAR1] >> dbo:academicAdvisor >> dbr:Édouard_Chavannes [SEP] [VAR1] >> dbp:fields >> [ANS]
translate question to dbpedia path: Question: Who is the artist of Time Radio hour ? | Entities possibly involved: dbr:Theme_Time_Radio_Hour,dbr:Theme_Time_Radio_Hour >> dbp:creator >> [ANS]
"translate question to dbpedia path: Question: Where did the genres originate, which were in the Harry and the Potters album? | Entities possibly involved: dbr:Harry_and_the_Potters_(album)",COUNT >> [VAR1] >> dbo:stylisticOrigin >> [ANS] [SEP] dbr:Harry_and_the_Potters_(album) >> dbo:genre >> [VAR1]
translate question to dbpedia path: Question: How many sitcoms are there whose theme music is composed by a New Yorker? | Entities possibly involved: dbr:New_York,COUNT >> [ANS] >> dbp:themeMusicComposer >> [VAR1] [SEP] [ANS] >> rdf:type >> dbo:TelevisionShow [SEP] [VAR1] >> dbo:hometown >> dbr:New_York
translate question to dbpedia path: Question: Who was succeeded by Arthur Gegei as the office ho0lder ? | Entities possibly involved: dbr:Artúr_Görgei,[ANS] >> dbo:successor >> dbr:Artúr_Görgei
translate question to dbpedia path: Question: Give me a count of movies whose editor is Mark Stevens? | Entities possibly involved: dbr:Mark_Stevens_(film_editor),COUNT >> [ANS] >> dbp:editing >> dbr:Mark_Stevens_(film_editor) [SEP] [ANS] >> rdf:type >> dbo:Film
translate question to dbpedia path: Question: How many other awards have been given to people who have won the Golden Globe? | Entities possibly involved: dbr:Golden_Globe_Award,COUNT >> [ANS] >> rdf:type >> dbo:Award [SEP] [VAR1] >> dbo:award >> dbr:Golden_Globe_Award [SEP] [VAR1] >> dbp:awards >> [ANS]
"translate question to dbpedia path: Question: The people who did their high school in Palm City, Florida did their college where? | Entities possibly involved: dbr:Palm_City,_Florida","[VAR1] >> dbo:college >> [ANS] [SEP] [VAR1] >> dbp:highschool >> dbr:Palm_City,_Florida [SEP] [VAR1] >> rdf:type >> dbo:Person"
"translate question to dbpedia path: Question: Where is the radio broadcasted in, whose sister station is CKFM-FM? | Entities possibly involved: dbr:CKFM-FM",[VAR1] >> dbo:broadcastArea >> [ANS] [SEP] [VAR1] >> dbo:sisterStation >> dbr:CKFM-FM [SEP] [VAR1] >> rdf:type >> dbo:RadioStation
"translate question to dbpedia path: Question: Does the San Macros River start in Texas? | Entities possibly involved: dbr:San_Marcos_River, dbr:Texas",ASK >> dbr:San_Marcos_River >> dbo:sourceMountain >> dbr:Texas
"translate question to dbpedia path: Question: What is the academic discipline of the Journal of Cerebral Blood Flow & Metabolism and also an ingredient of the Ragout fin ? | Entities possibly involved: dbr:Ragout_fin, dbr:Journal_of_Cerebral_Blood_Flow_&_Metabolism",dbr:Journal_of_Cerebral_Blood_Flow_&_Metabolism >> dbo:academicDiscipline >> [ANS] [SEP] dbr:Ragout_fin >> dbo:ingredient >> [ANS]
"translate question to dbpedia path: Question: Is the national anthem of Mauritius motherland? | Entities possibly involved: dbr:Mauritius, dbr:Motherland_(anthem)",ASK >> dbr:Mauritius >> dbo:anthem >> dbr:Motherland_(anthem)
translate question to dbpedia path: Question: In what tv shows did Jason Carter act? | Entities possibly involved: dbr:Jason_Carter_(actor),[ANS] >> dbo:starring >> dbr:Jason_Carter_(actor) [SEP] [ANS] >> rdf:type >> dbo:TelevisionShow
"translate question to dbpedia path: Question: Did Jerry Siegel create Lois Lane? | Entities possibly involved: dbr:Jerry_Siegel, dbr:Lois_Lane",ASK >> dbr:Lois_Lane >> dbp:creators >> dbr:Jerry_Siegel
translate question to dbpedia path: Question: Pennsylvania has how many american football teams? | Entities possibly involved: dbr:Pennsylvania,COUNT >> [ANS] >> dbp:city >> dbr:Pennsylvania [SEP] [ANS] >> rdf:type >> dbo:AmericanFootballTeam
translate question to dbpedia path: Question: To which sports team is Aubie the mascot? | Entities possibly involved: dbr:Aubie,[ANS] >> dbp:mascot >> dbr:Aubie [SEP] [ANS] >> rdf:type >> dbo:SportsTeam
translate question to dbpedia path: Question: What is the religious affiliation of Hong Kong Taoist Association Tang Hin Memorial Secondary School ? | Entities possibly involved: dbr:Hong_Kong_Taoist_Association_Tang_Hin_Memorial_Secondary_School,dbr:Hong_Kong_Taoist_Association_Tang_Hin_Memorial_Secondary_School >> dbp:religiousAffiliation >> [ANS]
"translate question to dbpedia path: Question: Is Gaza Strip the result of Operation Autumn Clouds? | Entities possibly involved: dbr:Gaza_Strip, dbr:Operation_Autumn_Clouds",ASK >> dbr:Operation_Autumn_Clouds >> dbp:result >> dbr:Gaza_Strip
"translate question to dbpedia path: Question: What artist was associated closely with the bare necessities and rock a doodle? | Entities possibly involved: dbr:The_Bare_Necessities, dbr:Rock-a-Doodle",dbr:Rock-a-Doodle >> dbo:starring >> [ANS] [SEP] dbr:The_Bare_Necessities >> dbo:artist >> [ANS]
"translate question to dbpedia path: Question: Which parent company of the Cornell University Press is also the alma mater of the Mario Garca Menocal? | Entities possibly involved: dbr:Mario_García_Menocal, dbr:Cornell_University_Press",dbr:Cornell_University_Press >> dbo:parentCompany >> [ANS] [SEP] dbr:Mario_García_Menocal >> dbo:almaMater >> [ANS]
translate question to dbpedia path: Question: Which religions are followed by people in England? | Entities possibly involved: dbr:England,[VAR1] >> dbp:religion >> [ANS] [SEP] [VAR1] >> dbp:residence >> dbr:England [SEP] [VAR1] >> rdf:type >> dbo:Person
translate question to dbpedia path: Question: Where was MacKenzie Miller born? | Entities possibly involved: dbr:MacKenzie_Miller,dbr:MacKenzie_Miller >> dbp:birthPlace >> [ANS]
"translate question to dbpedia path: Question: Is US Navy garrisoned at Arlington County, Virginia? | Entities possibly involved: dbr:Arlington_County,_Virginia, dbr:United_States_Navy","ASK >> dbr:United_States_Navy >> dbp:garrison >> dbr:Arlington_County,_Virginia"
translate question to dbpedia path: Question: What is the birthplace of the netball player who is the relative of Rachel Rasmussen ? | Entities possibly involved: dbr:Rachel_Rasmussen,[VAR1] >> dbo:birthPlace >> [ANS] [SEP] [VAR1] >> rdf:type >> dbo:NetballPlayer [SEP] dbr:Rachel_Rasmussen >> dbp:relatives >> [VAR1]
translate question to dbpedia path: Question: What is the birth location of the pope who was canonized by Agatha of Sicily? | Entities possibly involved: dbr:Agatha_of_Sicily,[VAR1] >> dbp:birthPlace >> [ANS] [SEP] [VAR1] >> rdf:type >> dbo:Pope [SEP] dbr:Agatha_of_Sicily >> dbo:canonizedBy >> [VAR1]
translate question to dbpedia path: Question: Which set of researchers won the Gold Medal of the Royal Astronomical Society award? | Entities possibly involved: dbr:Gold_Medal_of_the_Royal_Astronomical_Society,[ANS] >> dbp:prizes >> dbr:Gold_Medal_of_the_Royal_Astronomical_Society [SEP] [ANS] >> rdf:type >> dbo:Scientist
"translate question to dbpedia path: Question: Which animator of Tommy Tucker's Tooth is also the film director of Alice's Wonderland ? | Entities possibly involved: dbr:Alice's_Wonderland, dbr:Tommy_Tucker's_Tooth",dbr:Alice's_Wonderland >> dbo:director >> [ANS] [SEP] dbr:Tommy_Tucker's_Tooth >> dbp:animator >> [ANS]
"translate question to dbpedia path: Question: What show has writing of Erik Jendresen and Graham Yost? | Entities possibly involved: dbr:Erik_Jendresen, dbr:Graham_Yost",[ANS] >> dbp:writer >> dbr:Erik_Jendresen [SEP] [ANS] >> dbp:writer >> dbr:Graham_Yost [SEP] [ANS] >> rdf:type >> dbo:TelevisionShow
"translate question to dbpedia path: Question: Name the movies in which music is give by  Laurie Johnson and edited by Anthony Harvey ? | Entities possibly involved: dbr:Laurie_Johnson, dbr:Anthony_Harvey",[ANS] >> dbo:editing >> dbr:Anthony_Harvey [SEP] [ANS] >> dbp:music >> dbr:Laurie_Johnson [SEP] [ANS] >> rdf:type >> dbo:Film
translate question to dbpedia path: Question: Give me the places where people who worked in Church of England died in ? | Entities possibly involved: dbr:Church_of_England,[VAR1] >> dbo:deathPlace >> [ANS] [SEP] [VAR1] >> dbo:occupation >> dbr:Church_of_England
translate question to dbpedia path: Question: Who is the producer of the song which is the previous work of He's a Liar ? | Entities possibly involved: dbr:He's_a_Liar,[VAR1] >> dbo:producer >> [ANS] [SEP] [VAR1] >> rdf:type >> dbo:Song [SEP] dbr:He's_a_Liar >> dbo:previousWork >> [VAR1]
translate question to dbpedia path: Question: How many universities are located in a country led by Olemic Thommessen? | Entities possibly involved: dbr:Olemic_Thommessen,COUNT >> [ANS] >> dbo:country >> [VAR1] [SEP] [ANS] >> rdf:type >> dbo:University [SEP] [VAR1] >> dbp:leaderName >> dbr:Olemic_Thommessen
translate question to dbpedia path: Question: where are renaissance centers located? | Entities possibly involved: dbr:Renaissance_Center,dbr:Renaissance_Center >> dbp:address >> [ANS]
translate question to dbpedia path: Question: Which television shows have been produced by Erik Bork? | Entities possibly involved: dbr:Erik_Bork,[ANS] >> dbo:producer >> dbr:Erik_Bork [SEP] [ANS] >> rdf:type >> dbo:TelevisionShow
translate question to dbpedia path: Question: What are the gadgets whose manufacturing company is founded by Terry Gou? | Entities possibly involved: dbr:Terry_Gou,[ANS] >> dbo:manufacturer >> [VAR1] [SEP] [ANS] >> rdf:type >> dbo:Device [SEP] [VAR1] >> dbp:founder >> dbr:Terry_Gou
translate question to dbpedia path: Question: How many books are there whose author's tomb is in Madrid? | Entities possibly involved: dbr:Madrid,COUNT >> [ANS] >> dbo:author >> [VAR1] [SEP] [ANS] >> rdf:type >> dbo:Book [SEP] [VAR1] >> dbo:restingPlace >> dbr:Madrid
translate question to dbpedia path: Question: What are the television shows whose writers did notable work for Band of Brothers ? | Entities possibly involved: dbr:Band_of_Brothers_(miniseries),[ANS] >> dbp:writer >> [VAR1] [SEP] [ANS] >> rdf:type >> dbo:TelevisionShow [SEP] [VAR1] >> dbo:notableWork >> dbr:Band_of_Brothers_(miniseries)
translate question to dbpedia path: Question: To how many different species does the members of the Animal Kingdom belong? | Entities possibly involved: dbr:Animal,COUNT >> [ANS] >> rdf:type >> dbo:Species [SEP] [VAR1] >> dbo:kingdom >> dbr:Animal [SEP] [VAR1] >> dbo:species >> [ANS]
translate question to dbpedia path: Question: What water bodies are nearest to Helsinki city? | Entities possibly involved: dbr:Helsinki,[ANS] >> dbo:nearestCity >> dbr:Helsinki [SEP] [ANS] >> rdf:type >> dbo:BodyOfWater
translate question to dbpedia path: Question: What country did the successor of William Ofori Atta swear his oath to? | Entities possibly involved: dbr:William_Ofori_Atta,[VAR1] >> dbp:allegiance >> [ANS] [SEP] [VAR1] >> dbp:predecessor >> dbr:William_Ofori_Atta
"translate question to dbpedia path: Question: Is tahiti in the Society Islands achipelago? | Entities possibly involved: dbr:Society_Islands, dbr:Tahiti",ASK >> dbr:Tahiti >> dbp:archipelago >> dbr:Society_Islands
translate question to dbpedia path: Question: What is the prize awarded to Bruce Beutler ? | Entities possibly involved: dbr:Bruce_Beutler,dbr:Bruce_Beutler >> dbo:award >> [ANS]
"translate question to dbpedia path: Question: To which books Thomas Egerton, an editor? | Entities possibly involved: dbr:Thomas_Egerton_(publisher)",[ANS] >> dbo:publisher >> dbr:Thomas_Egerton_(publisher) [SEP] [ANS] >> rdf:type >> dbo:Book
translate question to dbpedia path: Question: Where did Marvo originate? | Entities possibly involved: dbr:Mavro,dbr:Mavro >> dbo:origin >> [ANS]
translate question to dbpedia path: Question: Who all have been a commander during the battles of Ohio? | Entities possibly involved: dbr:Ohio,[VAR1] >> dbo:commander >> [ANS] [SEP] [VAR1] >> dbp:place >> dbr:Ohio [SEP] [VAR1] >> rdf:type >> dbo:MilitaryConflict
"translate question to dbpedia path: Question: What is the appliance build jointly by Sony and Asus? | Entities possibly involved: dbr:Asus, dbr:Sony",[ANS] >> dbo:manufacturer >> dbr:Asus [SEP] [ANS] >> dbo:manufacturer >> dbr:Sony [SEP] [ANS] >> rdf:type >> dbo:InformationAppliance
translate question to dbpedia path: Question: How many groups speak the English Language? | Entities possibly involved: dbr:English_language,COUNT >> [ANS] >> dbp:languages >> dbr:English_language [SEP] [ANS] >> rdf:type >> dbo:EthnicGroup
translate question to dbpedia path: Question: What was founded by Congress of Industrial Organizations ? | Entities possibly involved: dbr:Congress_of_Industrial_Organizations,dbr:Congress_of_Industrial_Organizations >> dbp:founded >> [ANS]
translate question to dbpedia path: Question: Which current players once played for Toronto argonauts? | Entities possibly involved: dbr:Toronto_Argonauts,[ANS] >> dbo:formerTeam >> dbr:Toronto_Argonauts [SEP] [ANS] >> rdf:type >> dbo:AmericanFootballPlayer
"translate question to dbpedia path: Question: What is the religious affiliation of the Neungin High School which is also the academic interest of Sylvain Lvi ? | Entities possibly involved: dbr:Neungin_High_School, dbr:Sylvain_Lévi",dbr:Neungin_High_School >> dbp:religiousAffiliation >> [ANS] [SEP] dbr:Sylvain_Lévi >> dbp:fields >> [ANS]
translate question to dbpedia path: Question: Give me a count of movies distributed by Warner Bros? | Entities possibly involved: dbr:Warner_Bros.,COUNT >> [ANS] >> dbp:distributor >> dbr:Warner_Bros.
translate question to dbpedia path: Question: Which magazines were founded by ann Wenner ? | Entities possibly involved: dbr:Jann_Wenner,[ANS] >> dbo:founder >> dbr:Jann_Wenner [SEP] [ANS] >> rdf:type >> dbo:Magazine
translate question to dbpedia path: Question: List the shrines of the saint whose one of the shrine is Ponza ? | Entities possibly involved: dbr:Poznań,[VAR1] >> dbo:majorShrine >> [ANS] [SEP] [VAR1] >> dbo:majorShrine >> dbr:Poznań [SEP] [VAR1] >> rdf:type >> dbo:Saint
translate question to dbpedia path: Question: Where is the headquarters of the company which runs the Metro Blue Line in minnesota? | Entities possibly involved: dbr:Metro_Blue_Line_(Minnesota),[VAR1] >> dbp:headquarters >> [ANS] [SEP] [VAR1] >> rdf:type >> dbo:Organisation [SEP] dbr:Metro_Blue_Line_(Minnesota) >> dbp:operator >> [VAR1]
translate question to dbpedia path: Question: How many people are in the continental army? | Entities possibly involved: dbr:Continental_Army,COUNT >> [ANS] >> dbo:militaryBranch >> dbr:Continental_Army
translate question to dbpedia path: Question: What are the movies whose music is composed by Vangelis? | Entities possibly involved: dbr:Vangelis,[ANS] >> dbo:musicComposer >> dbr:Vangelis [SEP] [ANS] >> rdf:type >> dbo:Film
translate question to dbpedia path: Question: In which areas can I find wine made of Vitis vinifera grapes? | Entities possibly involved: dbr:Vitis_vinifera,[VAR1] >> dbo:species >> dbr:Vitis_vinifera [SEP] [VAR1] >> dbo:wineRegion >> [ANS] [SEP] [VAR1] >> rdf:type >> dbo:Grape
translate question to dbpedia path: Question: Who is the publisher of The Rolling Stone Album Guide ? | Entities possibly involved: dbr:The_Rolling_Stone_Album_Guide,dbr:The_Rolling_Stone_Album_Guide >> dbo:publisher >> [ANS]
translate question to dbpedia path: Question: How many services does 21Vianet provide? | Entities possibly involved: dbr:21Vianet,COUNT >> dbr:21Vianet >> dbp:services >> [ANS]
translate question to dbpedia path: Question: What are the former team of the american football players who played at gridiron football position ? | Entities possibly involved: dbr:Tackle_(gridiron_football_position),[VAR1] >> dbo:formerTeam >> [ANS] [SEP] [VAR1] >> dbp:position >> dbr:Tackle_(gridiron_football_position) [SEP] [VAR1] >> rdf:type >> dbo:AmericanFootballPlayer
translate question to dbpedia path: Question: What are some rivers over which there is a box girder bridge? | Entities possibly involved: dbr:Box_girder_bridge,[VAR1] >> dbp:crosses >> [ANS] [SEP] [VAR1] >> dbp:design >> dbr:Box_girder_bridge
translate question to dbpedia path: Question: Where is the lake located into which the Winnipeg River flows? | Entities possibly involved: dbr:Winnipeg_River,[VAR1] >> dbp:location >> [ANS] [SEP] [VAR1] >> dbp:outflow >> dbr:Winnipeg_River
"translate question to dbpedia path: Question: Which  municipality is neighbored by Cologny and Chne-Bougeries? | Entities possibly involved: dbr:Cologny, dbr:Chêne-Bougeries",[ANS] >> dbp:neighboringMunicipalities >> dbr:Chêne-Bougeries [SEP] [ANS] >> dbp:neighboringMunicipalities >> dbr:Cologny
translate question to dbpedia path: Question: Who is the designer of Saleen S5S Raptor ? | Entities possibly involved: dbr:Saleen_S5S_Raptor,dbr:Saleen_S5S_Raptor >> dbp:designer >> [ANS]
translate question to dbpedia path: Question: How many party are there of the office holders whose one of the party is Janata Dal ? | Entities possibly involved: dbr:Janata_Dal,COUNT >> [VAR1] >> dbo:otherParty >> [ANS] [SEP] [VAR1] >> dbo:otherParty >> dbr:Janata_Dal
translate question to dbpedia path: Question: Name the first driver of 1999 San Marino Grand Prix ? | Entities possibly involved: dbr:1999_San_Marino_Grand_Prix,dbr:1999_San_Marino_Grand_Prix >> dbo:firstDriver >> [ANS]
translate question to dbpedia path: Question: Who battled under commander Egushawa in a conflict? | Entities possibly involved: dbr:Egushawa,[VAR1] >> dbo:commander >> dbr:Egushawa [SEP] [VAR1] >> dbp:combatant >> [ANS] [SEP] [VAR1] >> rdf:type >> dbo:MilitaryConflict
translate question to dbpedia path: Question: How many things have made different people living in Canada famous? | Entities possibly involved: dbr:Canadians,COUNT >> [VAR1] >> dbo:knownFor >> [ANS] [SEP] [VAR1] >> dbo:nationality >> dbr:Canadians
translate question to dbpedia path: Question: Which is the largest city of Union State ? | Entities possibly involved: dbr:Union_State,dbr:Union_State >> dbp:largestCity >> [ANS]
"translate question to dbpedia path: Question: Is Greg Weeks the band member of Beyond the Sixth Seal? | Entities possibly involved: dbr:Beyond_the_Sixth_Seal, dbr:Greg_Weeks",ASK >> dbr:Beyond_the_Sixth_Seal >> dbo:bandMember >> dbr:Greg_Weeks
translate question to dbpedia path: Question: Ryan Seacrest has been the presenter of how many things? | Entities possibly involved: dbr:Ryan_Seacrest,COUNT >> [ANS] >> dbo:presenter >> dbr:Ryan_Seacrest
"translate question to dbpedia path: Question: Was the Model K designed by Herny Ford? | Entities possibly involved: dbr:Ford_Model_K, dbr:Henry_Ford",ASK >> dbr:Ford_Model_K >> dbo:designCompany >> dbr:Henry_Ford
translate question to dbpedia path: Question: Count the tenants of the stadiums designed by Populous? | Entities possibly involved: dbr:Populous_(company),COUNT >> [VAR1] >> dbo:architect >> dbr:Populous_(company) [SEP] [VAR1] >> dbo:tenant >> [ANS]
translate question to dbpedia path: Question: Who all have been judges on CTV Network's shows? | Entities possibly involved: dbr:CTV_Television_Network,[VAR1] >> dbo:network >> dbr:CTV_Television_Network [SEP] [VAR1] >> dbp:judges >> [ANS] [SEP] [VAR1] >> rdf:type >> dbo:TelevisionShow
"translate question to dbpedia path: Question: How many have former teams as Indianapolis Colts and Carolina Panthers? | Entities possibly involved: dbr:Carolina_Panthers, dbr:Indianapolis_Colts",COUNT >> [ANS] >> dbo:formerTeam >> dbr:Carolina_Panthers [SEP] [ANS] >> dbo:formerTeam >> dbr:Indianapolis_Colts
translate question to dbpedia path: Question: What are some movies whose distributer's CEO is Ted Hartley? | Entities possibly involved: dbr:Ted_Hartley,[ANS] >> dbp:distributor >> [VAR1] [SEP] [ANS] >> rdf:type >> dbo:Film [SEP] [VAR1] >> dbp:keyPeople >> dbr:Ted_Hartley
"translate question to dbpedia path: Question: Does Mt St. Peter Churt follow the architectural style of art deco? | Entities possibly involved: dbr:Art_Deco, dbr:Mount_St._Peter_Church",ASK >> dbr:Mount_St._Peter_Church >> dbp:architecture >> dbr:Art_Deco
translate question to dbpedia path: Question: Who was the editor of the newspaper owned by the the UK government? | Entities possibly involved: dbr:Government_of_the_United_Kingdom,[VAR1] >> dbp:editor >> [ANS] [SEP] [VAR1] >> dbp:owners >> dbr:Government_of_the_United_Kingdom [SEP] [VAR1] >> rdf:type >> dbo:Newspaper
"translate question to dbpedia path: Question: List the Stanley Kubrick's movies which has music by Laurie Johnson  ? | Entities possibly involved: dbr:Stanley_Kubrick, dbr:Laurie_Johnson",[ANS] >> dbo:director >> dbr:Stanley_Kubrick [SEP] [ANS] >> dbp:music >> dbr:Laurie_Johnson [SEP] [ANS] >> rdf:type >> dbo:Film
translate question to dbpedia path: Question: What are the type of Greenup County High School? | Entities possibly involved: dbr:Greenup_County_High_School,dbr:Greenup_County_High_School >> dbp:type >> [ANS]
"translate question to dbpedia path: Question: Where does the road starting from Madison, Wisconsin end? | Entities possibly involved: dbr:Madison,_Wisconsin","[VAR1] >> dbo:routeEnd >> dbr:Madison,_Wisconsin [SEP] [VAR1] >> dbo:routeStart >> [ANS] [SEP] [VAR1] >> rdf:type >> dbo:Road"
"translate question to dbpedia path: Question: To which label did The Producers and I pray on Christmas sign up? | Entities possibly involved: dbr:I_Pray_on_Christmas, dbr:The_Producers_(2005_film)",dbr:I_Pray_on_Christmas >> dbp:label >> [ANS] [SEP] dbr:The_Producers_(2005_film) >> dbp:label >> [ANS]
translate question to dbpedia path: Question: Colin Powell was the commander of which military conflict ? | Entities possibly involved: dbr:Colin_Powell,[ANS] >> dbo:commander >> dbr:Colin_Powell [SEP] [ANS] >> rdf:type >> dbo:MilitaryConflict
"translate question to dbpedia path: Question: Is Lancy a city close to Geneva? | Entities possibly involved: dbr:Lancy, dbr:Geneva",ASK >> dbr:Geneva >> dbo:neighboringMunicipality >> dbr:Lancy
translate question to dbpedia path: Question: How many corporations were founded in Texas? | Entities possibly involved: dbr:Texas,COUNT >> [ANS] >> dbo:foundationPlace >> dbr:Texas [SEP] [ANS] >> rdf:type >> dbo:Company
"translate question to dbpedia path: Question: What is the style of architecture of Shaheed Minar, Kolkata ? | Entities possibly involved: dbr:Shaheed_Minar,_Kolkata","dbr:Shaheed_Minar,_Kolkata >> dbo:architecturalStyle >> [ANS]"
translate question to dbpedia path: Question: List all the houses of United States Congress ? | Entities possibly involved: dbr:United_States_Congress,dbr:United_States_Congress >> dbp:houses >> [ANS]
translate question to dbpedia path: Question: What companies are located in toronto? | Entities possibly involved: dbr:Toronto,[ANS] >> dbo:locationCity >> dbr:Toronto [SEP] [ANS] >> rdf:type >> dbo:Company
translate question to dbpedia path: Question: Where does the network cofounded by Seewoosagur Ramgoolam air its shows? | Entities possibly involved: dbr:Seewoosagur_Ramgoolam,[VAR1] >> dbp:broadcastArea >> [ANS] [SEP] [VAR1] >> dbp:founder >> dbr:Seewoosagur_Ramgoolam [SEP] [VAR1] >> rdf:type >> dbo:BroadcastNetwork
"translate question to dbpedia path: Question: Name the appliance produced by Foxconn and its OS is provided by PlayStation 3 system software ? | Entities possibly involved: dbr:PlayStation_3_system_software, dbr:Foxconn",[ANS] >> dbo:manufacturer >> dbr:Foxconn [SEP] [ANS] >> dbp:os >> dbr:PlayStation_3_system_software [SEP] [ANS] >> rdf:type >> dbo:InformationAppliance
translate question to dbpedia path: Question: Which teams participate in the football seasons headed by Patricia Amorim? | Entities possibly involved: dbr:Patrícia_Amorim,[VAR1] >> dbo:chairman >> dbr:Patrícia_Amorim [SEP] [VAR1] >> dbp:name >> [ANS] [SEP] [VAR1] >> rdf:type >> dbo:SportsSeason
translate question to dbpedia path: Question: Name few companies founded in Texas? | Entities possibly involved: dbr:Texas,[ANS] >> dbo:foundationPlace >> dbr:Texas [SEP] [ANS] >> rdf:type >> dbo:Company
translate question to dbpedia path: Question: In which timezone does Khok Kwang lie? | Entities possibly involved: dbr:Khok_Kwang,dbr:Khok_Kwang >> dbo:timeZone >> [ANS]
"translate question to dbpedia path: Question: How many awards have been received by graduates of University of Melbourne, Faculty of VCA & MCM? | Entities possibly involved: dbr:University_of_Melbourne_Faculty_of_VCA_and_MCM",COUNT >> [VAR1] >> dbo:award >> [ANS] [SEP] [VAR1] >> dbo:training >> dbr:University_of_Melbourne_Faculty_of_VCA_and_MCM
"translate question to dbpedia path: Question: Where are Aureus and Solidus used as currency? | Entities possibly involved: dbr:Aureus, dbr:Solidus_(coin)",[ANS] >> dbo:currency >> dbr:Aureus [SEP] [ANS] >> dbo:currency >> dbr:Solidus_(coin)
"translate question to dbpedia path: Question: Is Ella Fitzgerald associated with Mickey Roker? | Entities possibly involved: dbr:Mickey_Roker, dbr:Ella_Fitzgerald",ASK >> dbr:Mickey_Roker >> dbo:associatedBand >> dbr:Ella_Fitzgerald
translate question to dbpedia path: Question: Which awards have been given to immunologists? | Entities possibly involved: dbr:Immunology,[VAR1] >> dbo:award >> [ANS] [SEP] [VAR1] >> dbp:fields >> dbr:Immunology
translate question to dbpedia path: Question: What are the mountains in the Sequoia National Park? | Entities possibly involved: dbr:Sequoia_National_Park,[ANS] >> dbo:locatedInArea >> dbr:Sequoia_National_Park [SEP] [ANS] >> rdf:type >> dbo:Mountain
"translate question to dbpedia path: Question: Does the lena river flow into the Laptev Sea? | Entities possibly involved: dbr:Laptev_Sea, dbr:Lena_River",ASK >> dbr:Lena_River >> dbo:mouthMountain >> dbr:Laptev_Sea
translate question to dbpedia path: Question: Name some books by Spanish speaking authors. | Entities possibly involved: dbr:Spanish_language,[ANS] >> dbp:author >> [VAR1] [SEP] [VAR1] >> dbp:language >> dbr:Spanish_language
translate question to dbpedia path: Question: How many famous people are born in Long Island? | Entities possibly involved: dbr:Long_Island,COUNT >> [ANS] >> dbo:birthPlace >> dbr:Long_Island
translate question to dbpedia path: Question: Name some sports played in institutions of Maharashtra? | Entities possibly involved: dbr:Maharashtra,[VAR1] >> dbo:sport >> [ANS] [SEP] [VAR1] >> dbp:state >> dbr:Maharashtra
translate question to dbpedia path: Question: How many other genere are there of the radio stations whose one of the genre  is Classic rock ? | Entities possibly involved: dbr:Classic_rock,COUNT >> [VAR1] >> dbo:programmeFormat >> [ANS] [SEP] [VAR1] >> dbo:programmeFormat >> dbr:Classic_rock
translate question to dbpedia path: Question: How many veterans are buried in the US? | Entities possibly involved: dbr:United_States,COUNT >> [ANS] >> dbo:restingPlace >> dbr:United_States [SEP] [ANS] >> rdf:type >> dbo:MilitaryPerson
"translate question to dbpedia path: Question: Was Michael Schumacher the Pole driver of 1994 Spanish Grand Prix? | Entities possibly involved: dbr:1994_Spanish_Grand_Prix, dbr:Michael_Schumacher",ASK >> dbr:1994_Spanish_Grand_Prix >> dbp:poleDriver >> dbr:Michael_Schumacher
"translate question to dbpedia path: Question: Does the west thurrock come under Essex county? | Entities possibly involved: dbr:Essex, dbr:West_Thurrock",ASK >> dbr:West_Thurrock >> dbo:ceremonialCounty >> dbr:Essex
"translate question to dbpedia path: Question: Is Azerbaijan the membership of European Go Federation? | Entities possibly involved: dbr:Azerbaijan, dbr:European_Go_Federation",ASK >> dbr:European_Go_Federation >> dbp:membership >> dbr:Azerbaijan
"translate question to dbpedia path: Question: Which team did Michael and Ryan Powell play for? | Entities possibly involved: dbr:Ryan_Powell_(lacrosse), dbr:Michael_Powell_(lacrosse)",dbr:Michael_Powell_(lacrosse) >> dbo:team >> [ANS] [SEP] dbr:Ryan_Powell_(lacrosse) >> dbo:team >> [ANS]
translate question to dbpedia path: Question: What are the television shows whose network is Prime Time Entertainment Network? | Entities possibly involved: dbr:Prime_Time_Entertainment_Network,[ANS] >> dbp:network >> dbr:Prime_Time_Entertainment_Network [SEP] [ANS] >> rdf:type >> dbo:TelevisionShow
"translate question to dbpedia path: Question: To which company is the service ""Nintendo eShop"" associated with? | Entities possibly involved: dbr:Nintendo_eShop",[ANS] >> dbp:services >> dbr:Nintendo_eShop [SEP] [ANS] >> rdf:type >> dbo:Company
translate question to dbpedia path: Question: Name the famous employee of open society foundations ? | Entities possibly involved: dbr:Open_Society_Foundations,[ANS] >> dbp:employer >> dbr:Open_Society_Foundations
"translate question to dbpedia path: Question: Does Massimo Liverani play for Abarth? | Entities possibly involved: dbr:Massimo_Liverani, dbr:Abarth",ASK >> dbr:Massimo_Liverani >> dbp:currentTeam >> dbr:Abarth
translate question to dbpedia path: Question: who is the governer of New Castile? | Entities possibly involved: dbr:Governorate_of_New_Castile,[ANS] >> dbp:order >> dbr:Governorate_of_New_Castile
"translate question to dbpedia path: Question: Does MSX BASIC have a license of microsoft? | Entities possibly involved: dbr:Microsoft, dbr:MSX_BASIC",ASK >> dbr:MSX_BASIC >> dbp:license >> dbr:Microsoft
translate question to dbpedia path: Question: How many teams have someone playing at the defenceman position? | Entities possibly involved: dbr:Defenceman,COUNT >> [ANS] >> rdf:type >> dbo:SportsTeam [SEP] [VAR1] >> dbo:team >> [ANS] [SEP] [VAR1] >> dbp:position >> dbr:Defenceman
translate question to dbpedia path: Question: Cricket is played by which countries' citizens? | Entities possibly involved: dbr:Cricket,[VAR1] >> dbo:occupation >> dbr:Cricket [SEP] [VAR1] >> dbo:stateOfOrigin >> [ANS]
translate question to dbpedia path: Question: Name some shows similar to the one whose theme song is made by Murray Gold. | Entities possibly involved: dbr:Murray_Gold,[ANS] >> dbo:related >> [VAR1] [SEP] [ANS] >> rdf:type >> dbo:TelevisionShow [SEP] [VAR1] >> dbp:themeMusicComposer >> dbr:Murray_Gold
"translate question to dbpedia path: Question: Name the driver who was at pole in 1997 Canadian Grand Prix and also 1994 Spanish Grand Prix ? | Entities possibly involved: dbr:1994_Spanish_Grand_Prix, dbr:1997_Canadian_Grand_Prix",dbr:1994_Spanish_Grand_Prix >> dbo:poleDriver >> [ANS] [SEP] dbr:1997_Canadian_Grand_Prix >> dbp:poleDriver >> [ANS]
translate question to dbpedia path: Question: Name the narrators of the album which has been narrated by Alan Thicke ? | Entities possibly involved: dbr:Alan_Thicke,[VAR1] >> dbp:narrated >> [ANS] [SEP] [VAR1] >> dbp:narrated >> dbr:Alan_Thicke
"translate question to dbpedia path: Question: Whose children died in North Bend, Ohio? | Entities possibly involved: dbr:North_Bend,_Ohio","[ANS] >> dbo:child >> [VAR1] [SEP] [VAR1] >> dbo:deathPlace >> dbr:North_Bend,_Ohio"
translate question to dbpedia path: Question: Name the presenter of Shirley Temple's Storybook ? | Entities possibly involved: dbr:Shirley_Temple's_Storybook,dbr:Shirley_Temple's_Storybook >> dbp:presenter >> [ANS]
translate question to dbpedia path: Question: What is the place of birth of the stars of Auto Shankar ? | Entities possibly involved: dbr:Auto_Shankar_(film),[VAR1] >> dbo:birthPlace >> [ANS] [SEP] dbr:Auto_Shankar_(film) >> dbp:starring >> [VAR1]
"translate question to dbpedia path: Question: How many awards have been awarded to people who are buried in Glendale, California? | Entities possibly involved: dbr:Glendale,_California","COUNT >> [VAR1] >> dbo:award >> [ANS] [SEP] [VAR1] >> dbo:restingPlace >> dbr:Glendale,_California"
translate question to dbpedia path: Question: Count the number of tenants whose one of the tenant is Toronto Phantoms ? | Entities possibly involved: dbr:Toronto_Phantoms,COUNT >> [VAR1] >> dbo:tenant >> [ANS] [SEP] [VAR1] >> dbo:tenant >> dbr:Toronto_Phantoms
translate question to dbpedia path: Question: In which war did the units garrisoned at Turin fight? | Entities possibly involved: dbr:Turin,[VAR1] >> dbo:battle >> [ANS] [SEP] [VAR1] >> dbp:garrison >> dbr:Turin
translate question to dbpedia path: Question: Producers of what have died in Mississippi? | Entities possibly involved: dbr:Mississippi,[ANS] >> dbo:producer >> [VAR1] [SEP] [VAR1] >> dbo:deathPlace >> dbr:Mississippi
translate question to dbpedia path: Question: Where is the birthplace of Ferrel Harris ? | Entities possibly involved: dbr:Ferrel_Harris,dbr:Ferrel_Harris >> dbp:birthplace >> [ANS]
"translate question to dbpedia path: Question: Did Stan Lee write the Daredevils? | Entities possibly involved: dbr:Stan_Lee, dbr:The_Daredevils",ASK >> dbr:The_Daredevils >> dbp:writers >> dbr:Stan_Lee
translate question to dbpedia path: Question: How many scientists are known for the Manhatten Project? | Entities possibly involved: dbr:Manhattan_Project,COUNT >> [ANS] >> dbp:knownFor >> dbr:Manhattan_Project [SEP] [ANS] >> rdf:type >> dbo:Scientist
translate question to dbpedia path: Question: Name the sport league of Hampton Roads Rhinos ? | Entities possibly involved: dbr:Hampton_Roads_Rhinos,dbr:Hampton_Roads_Rhinos >> dbp:league >> [ANS]
translate question to dbpedia path: Question: How many Thesaban towns are there? | Entities possibly involved: dbr:Thesaban,COUNT >> [ANS] >> dbp:settlementType >> dbr:Thesaban [SEP] [ANS] >> rdf:type >> dbo:Town
translate question to dbpedia path: Question: Name the shows whose theme was composed by a band in which Jay Lane used to be? | Entities possibly involved: dbr:Jay_Lane,[ANS] >> dbp:themeMusicComposer >> [VAR1] [SEP] [ANS] >> rdf:type >> dbo:TelevisionShow [SEP] [VAR1] >> dbo:formerBandMember >> dbr:Jay_Lane
"translate question to dbpedia path: Question: Which newspaper owned by Schibsted is published in Swedish ? | Entities possibly involved: dbr:Swedish_language, dbr:Schibsted",[ANS] >> dbp:language >> dbr:Swedish_language [SEP] [ANS] >> dbp:owners >> dbr:Schibsted [SEP] [ANS] >> rdf:type >> dbo:Newspaper
"translate question to dbpedia path: Question: Was Yabanc Damat first aired in UAE? | Entities possibly involved: dbr:Yabancı_Damat, dbr:United_Arab_Emirates",ASK >> dbr:Yabancı_Damat >> dbp:firstAired >> dbr:United_Arab_Emirates
translate question to dbpedia path: Question: How many other people are in a band with Robert de Niro? | Entities possibly involved: dbr:Robert_De_Niro,COUNT >> [ANS] >> rdf:type >> dbo:Person [SEP] [VAR1] >> dbo:bandMember >> [ANS] [SEP] [VAR1] >> dbp:currentMembers >> dbr:Robert_De_Niro
translate question to dbpedia path: Question: List the software which uses Microsoft Windows as their operating system ? | Entities possibly involved: dbr:Microsoft_Windows,[ANS] >> dbo:operatingSystem >> dbr:Microsoft_Windows [SEP] [ANS] >> rdf:type >> dbo:Software
translate question to dbpedia path: Question: What all has been created by Jerry Siegel? | Entities possibly involved: dbr:Jerry_Siegel,[ANS] >> dbp:creators >> dbr:Jerry_Siegel
"translate question to dbpedia path: Question: What is the common party of the Manthena Venkata Raju and  B. Shiva Rao? | Entities possibly involved: dbr:B._Shiva_Rao, dbr:Manthena_Venkata_Raju",dbr:B._Shiva_Rao >> dbp:party >> [ANS] [SEP] dbr:Manthena_Venkata_Raju >> dbo:party >> [ANS]
"translate question to dbpedia path: Question: Is Philosophy the academic discipline of Think (journal)? | Entities possibly involved: dbr:Think_(journal), dbr:Philosophy",ASK >> dbr:Think_(journal) >> dbo:academicDiscipline >> dbr:Philosophy
translate question to dbpedia path: Question: List the country of Tokaj wine region ? | Entities possibly involved: dbr:Tokaj_wine_region,dbr:Tokaj_wine_region >> dbp:country >> [ANS]
translate question to dbpedia path: Question: Who all were venerated in Islam? | Entities possibly involved: dbr:Islam,COUNT >> [ANS] >> dbo:veneratedIn >> dbr:Islam
"translate question to dbpedia path: Question: Which country has outflow of  Lake Uniamsi and  inflows of the Cahora Bassa? | Entities possibly involved: dbr:Lake_Uniamési, dbr:Cahora_Bassa",dbr:Cahora_Bassa >> dbp:inflow >> [ANS] [SEP] dbr:Lake_Uniamési >> dbp:outflow >> [ANS]
translate question to dbpedia path: Question: How many items belong to the Science Fiction genre? | Entities possibly involved: dbr:Science_fiction,COUNT >> [ANS] >> dbp:genre >> dbr:Science_fiction
translate question to dbpedia path: Question: How many shows belong to the networks one of whose sister station is BBC News? | Entities possibly involved: dbr:BBC_News_(TV_channel),COUNT >> [ANS] >> dbo:network >> [VAR1] [SEP] [ANS] >> rdf:type >> dbo:TelevisionShow [SEP] [VAR1] >> dbp:sisterNames >> dbr:BBC_News_(TV_channel)
translate question to dbpedia path: Question: Whose artworks are in Sao Paulo Museum of Art? | Entities possibly involved: dbr:São_Paulo_Museum_of_Art,[VAR1] >> dbp:artist >> [ANS] [SEP] [VAR1] >> dbp:museum >> dbr:São_Paulo_Museum_of_Art [SEP] [VAR1] >> rdf:type >> dbo:Artwork
translate question to dbpedia path: Question: Where was Ganefo hosted? | Entities possibly involved: dbr:GANEFO,dbr:GANEFO >> dbp:hostCity >> [ANS]
translate question to dbpedia path: Question: Count everyone who was in a youthclub chaired by Josep Maria Bartomeu ? | Entities possibly involved: dbr:Josep_Maria_Bartomeu,COUNT >> [ANS] >> dbp:youthclubs >> [VAR1] [SEP] [VAR1] >> dbp:chairman >> dbr:Josep_Maria_Bartomeu
"translate question to dbpedia path: Question: The Information: A History, a Theory, a Flood is a work of Isaac Newton? | Entities possibly involved: dbr:The_Information:_A_History,_a_Theory,_a_Flood, dbr:Isaac_Newton","ASK >> dbr:The_Information:_A_History,_a_Theory,_a_Flood >> dbo:previousWork >> dbr:Isaac_Newton"
translate question to dbpedia path: Question: Where are ethnic group located which speak Nebraskan? | Entities possibly involved: dbr:Nebraska,[VAR1] >> dbp:region >> [ANS] [SEP] [VAR1] >> rdf:type >> dbo:EthnicGroup [SEP] dbr:Nebraska >> dbo:language >> [VAR1]
translate question to dbpedia path: Question: What is the affiliation of Vanderbilt University Medical Center ? | Entities possibly involved: dbr:Vanderbilt_University_Medical_Center,dbr:Vanderbilt_University_Medical_Center >> dbp:affiliation >> [ANS]
translate question to dbpedia path: Question: How many scientist became famous for the battle of Occupation of Japan? | Entities possibly involved: dbr:Occupation_of_Japan,COUNT >> [ANS] >> dbp:knownFor >> [VAR1] [SEP] [ANS] >> rdf:type >> dbo:Scientist [SEP] [VAR1] >> dbo:battle >> dbr:Occupation_of_Japan
"translate question to dbpedia path: Question: Did Steve Sampson manage a club of Santa Clara university | Entities possibly involved: dbr:Steve_Sampson, dbr:Santa_Clara_University",ASK >> dbr:Steve_Sampson >> dbo:managerClub >> dbr:Santa_Clara_University
translate question to dbpedia path: Question: What have been made in the state whose capital is Boston? | Entities possibly involved: dbr:Boston,[ANS] >> dbo:location >> [VAR1] [SEP] [VAR1] >> dbp:capital >> dbr:Boston
"translate question to dbpedia path: Question: Name the military conflict whose commander was Colin Powell and took place in israel ? | Entities possibly involved: dbr:Israel, dbr:Colin_Powell",[ANS] >> dbo:commander >> dbr:Colin_Powell [SEP] [ANS] >> dbo:place >> dbr:Israel [SEP] [ANS] >> rdf:type >> dbo:MilitaryConflict
translate question to dbpedia path: Question: How many sitcoms were produced by the company whose predecessor was the Desilu Productions | Entities possibly involved: dbr:Desilu_Productions,COUNT >> [ANS] >> dbp:company >> [VAR1] [SEP] [ANS] >> rdf:type >> dbo:TelevisionShow [SEP] [VAR1] >> dbp:predecessor >> dbr:Desilu_Productions
translate question to dbpedia path: Question: What are some other destinations covered by the airlines whose flights go to the Mediterranean sea? | Entities possibly involved: dbr:Mediterranean_Sea,[VAR1] >> dbo:destination >> [ANS] [SEP] [VAR1] >> dbp:destinations >> dbr:Mediterranean_Sea [SEP] [VAR1] >> rdf:type >> dbo:Airline
translate question to dbpedia path: Question: Where is the  assembly of Caterpillar 797 ? | Entities possibly involved: dbr:Caterpillar_797,dbr:Caterpillar_797 >> dbo:assembly >> [ANS]
translate question to dbpedia path: Question: Where did Goran Cengic die? | Entities possibly involved: dbr:Goran_Čengić,dbr:Goran_Čengić >> dbp:deathPlace >> [ANS]
"translate question to dbpedia path: Question: Which former team of the Harry Parker (baseball) is the  debut team of the Carl Sitton? | Entities possibly involved: dbr:Carl_Sitton, dbr:Harry_Parker_(baseball)",dbr:Carl_Sitton >> dbp:debutteam >> [ANS] [SEP] dbr:Harry_Parker_(baseball) >> dbo:formerTeam >> [ANS]
translate question to dbpedia path: Question: What are the county seats of the region which operates the Boeing Field? | Entities possibly involved: dbr:Boeing_Field,[VAR1] >> dbo:countySeat >> [ANS] [SEP] [VAR1] >> rdf:type >> dbo:Region [SEP] dbr:Boeing_Field >> dbo:operator >> [VAR1]
translate question to dbpedia path: Question: What are the professions of Frederick Frelinghuysen (general) ? | Entities possibly involved: dbr:Frederick_Frelinghuysen_(general),dbr:Frederick_Frelinghuysen_(general) >> dbp:occupation >> [ANS]
"translate question to dbpedia path: Question: Did Henry Ford design the Model C? | Entities possibly involved: dbr:Ford_Model_C, dbr:Henry_Ford",ASK >> dbr:Ford_Model_C >> dbo:designCompany >> dbr:Henry_Ford
translate question to dbpedia path: Question: Count the sports played at universities located in Urban Areas? | Entities possibly involved: dbr:Urban_area,COUNT >> [VAR1] >> dbo:campus >> dbr:Urban_area [SEP] [VAR1] >> dbo:sport >> [ANS]
"translate question to dbpedia path: Question: Was Just Another day made by Queen Latifah? | Entities possibly involved: dbr:Just_Another_Day..., dbr:Queen_Latifah",ASK >> dbr:Just_Another_Day... >> dbo:musicalBand >> dbr:Queen_Latifah
translate question to dbpedia path: Question: Who was the narrator in the point? | Entities possibly involved: dbr:The_Point!,dbr:The_Point! >> dbp:narrated >> [ANS]
"translate question to dbpedia path: Question: Is Stephanie Rice the flagbearer of Australia at the 2008 Summer Olympics? | Entities possibly involved: dbr:Australia_at_the_2008_Summer_Olympics, dbr:Stephanie_Rice",ASK >> dbr:Australia_at_the_2008_Summer_Olympics >> dbp:flagbearer >> dbr:Stephanie_Rice
"translate question to dbpedia path: Question: Did Carolyn Heinrich study at the Vanderbilt? | Entities possibly involved: dbr:Vanderbilt_University, dbr:Carolyn_Heinrich",ASK >> dbr:Carolyn_Heinrich >> dbo:institution >> dbr:Vanderbilt_University
translate question to dbpedia path: Question: List all the school of the rugby player whose one of the school is Michael House ? | Entities possibly involved: dbr:Michaelhouse,[VAR1] >> dbo:school >> dbr:Michaelhouse [SEP] [VAR1] >> dbp:school >> [ANS] [SEP] [VAR1] >> rdf:type >> dbo:RugbyPlayer
"translate question to dbpedia path: Question: What is the official residence of the Christopher Daz Figuero which is also the  state of the Cruce a Nado Internacional | Entities possibly involved: dbr:Christopher_Díaz_Figueroa, dbr:Cruce_a_Nado_Internacional",dbr:Christopher_Díaz_Figueroa >> dbp:residence >> [ANS] [SEP] dbr:Cruce_a_Nado_Internacional >> dbo:country >> [ANS]
translate question to dbpedia path: Question: What is the national origin of Focke-Wulf Fw 260 ? | Entities possibly involved: dbr:Focke-Wulf_Fw_260,dbr:Focke-Wulf_Fw_260 >> dbp:nationalOrigin >> [ANS]
translate question to dbpedia path: Question: List the races of Fergie Sutherland? | Entities possibly involved: dbr:Fergie_Sutherland,dbr:Fergie_Sutherland >> dbp:race >> [ANS]
translate question to dbpedia path: Question: Games on amiga are typically of what kind? | Entities possibly involved: dbr:Amiga,[VAR1] >> dbo:computingPlatform >> dbr:Amiga [SEP] [VAR1] >> dbp:genre >> [ANS] [SEP] [VAR1] >> rdf:type >> dbo:VideoGame
translate question to dbpedia path: Question: Which shows are similar to the ones produced by Phil Collinson? | Entities possibly involved: dbr:Phil_Collinson,[ANS] >> dbo:related >> [VAR1] [SEP] [ANS] >> rdf:type >> dbo:TelevisionShow [SEP] [VAR1] >> dbo:executiveProducer >> dbr:Phil_Collinson
translate question to dbpedia path: Question: What is the country whose leader name is Grard Larcher? | Entities possibly involved: dbr:Gérard_Larcher,[ANS] >> dbp:leaderName >> dbr:Gérard_Larcher [SEP] [ANS] >> rdf:type >> dbo:Country
translate question to dbpedia path: Question: Name the wine regions of Baco noir? | Entities possibly involved: dbr:Baco_noir,dbr:Baco_noir >> dbo:wineRegion >> [ANS]
translate question to dbpedia path: Question: What is the awards won by the producer of From the Life of the Marionettes ? | Entities possibly involved: dbr:From_the_Life_of_the_Marionettes,[VAR1] >> dbp:awards >> [ANS] [SEP] dbr:From_the_Life_of_the_Marionettes >> dbo:producer >> [VAR1]
translate question to dbpedia path: Question: List the doctoral students of Harry Harlow ? | Entities possibly involved: dbr:Harry_Harlow,dbr:Harry_Harlow >> dbp:doctoralStudents >> [ANS]
translate question to dbpedia path: Question: List the major shrines of the saints whose one of the shrine is St. Takla Haymanot's Church ? | Entities possibly involved: dbr:St._Takla_Haymanot's_Church_(Alexandria),[VAR1] >> dbo:majorShrine >> [ANS] [SEP] [VAR1] >> dbp:majorShrine >> dbr:St._Takla_Haymanot's_Church_(Alexandria) [SEP] [VAR1] >> rdf:type >> dbo:Saint
translate question to dbpedia path: Question: Which currency is used by the record label of the Way to Your Heart? | Entities possibly involved: dbr:The_Way_to_Your_Heart,[VAR1] >> dbp:currency >> [ANS] [SEP] dbr:The_Way_to_Your_Heart >> dbo:recordLabel >> [VAR1]
"translate question to dbpedia path: Question: Was mother teresa beatified by John Paul the second? | Entities possibly involved: dbr:Mother_Teresa, dbr:Pope_John_Paul_II",ASK >> dbr:Mother_Teresa >> dbp:beatifiedBy >> dbr:Pope_John_Paul_II
translate question to dbpedia path: Question: Isaac Hayes has acted in which movies ? | Entities possibly involved: dbr:Isaac_Hayes,[ANS] >> dbp:starring >> dbr:Isaac_Hayes [SEP] [ANS] >> rdf:type >> dbo:Film [SEP] [ANS] >> rdf:type >> dbo:Film
"translate question to dbpedia path: Question: What is the citizenship of the Sarah Kazemy and land of the Cervelle de canut | Entities possibly involved: dbr:Cervelle_de_canut, dbr:Sarah_Kazemy",dbr:Cervelle_de_canut >> dbo:country >> [ANS] [SEP] dbr:Sarah_Kazemy >> dbo:citizenship >> [ANS]
"translate question to dbpedia path: Question: Movie's produced by Michael Deeley has Jordan Cronenweth as director of photography | Entities possibly involved: dbr:Michael_Deeley, dbr:Jordan_Cronenweth",[ANS] >> dbo:cinematography >> dbr:Jordan_Cronenweth [SEP] [ANS] >> dbo:producer >> dbr:Michael_Deeley [SEP] [ANS] >> rdf:type >> dbo:Film
translate question to dbpedia path: Question: How many buildings are located in the jurisdiction of John Tory? | Entities possibly involved: dbr:John_Tory,COUNT >> [ANS] >> dbp:location >> [VAR1] [SEP] [ANS] >> rdf:type >> dbo:Building [SEP] [VAR1] >> dbo:leaderName >> dbr:John_Tory
translate question to dbpedia path: Question: Name some software as a service? | Entities possibly involved: dbr:Software_as_a_service,[ANS] >> dbo:license >> dbr:Software_as_a_service [SEP] [ANS] >> rdf:type >> dbo:Software
"translate question to dbpedia path: Question: How many companies were founded in Menlo Park, California? | Entities possibly involved: dbr:Menlo_Park,_California","COUNT >> [ANS] >> dbp:foundation >> dbr:Menlo_Park,_California [SEP] [ANS] >> rdf:type >> dbo:Company"
translate question to dbpedia path: Question: Give me all martial artists trained by Joe Schilling. | Entities possibly involved: dbr:Joe_Schilling,[ANS] >> dbo:trainer >> dbr:Joe_Schilling [SEP] [ANS] >> rdf:type >> dbo:MartialArtist
translate question to dbpedia path: Question: Carl Sagan has penned books on how many matters? | Entities possibly involved: dbr:Carl_Sagan,COUNT >> [VAR1] >> dbo:author >> dbr:Carl_Sagan [SEP] [VAR1] >> dbp:subject >> [ANS]
translate question to dbpedia path: Question: What is the venerated in of Edwin of Northumbria ? | Entities possibly involved: dbr:Edwin_of_Northumbria,dbr:Edwin_of_Northumbria >> dbp:veneratedIn >> [ANS]
"translate question to dbpedia path: Question: Is william doyle the chairman of Georgetown university? | Entities possibly involved: dbr:Georgetown_University, dbr:William_Doyle_(businessman)",ASK >> dbr:Georgetown_University >> dbp:chairman >> dbr:William_Doyle_(businessman)
translate question to dbpedia path: Question: Where was Picasso's Last Words recorded ? | Entities possibly involved: dbr:Picasso's_Last_Words_(Drink_to_Me),dbr:Picasso's_Last_Words_(Drink_to_Me) >> dbp:recorded >> [ANS]
"translate question to dbpedia path: Question: What is the hub airport of Pawan Hans, and is also the largest city of India? | Entities possibly involved: dbr:India, dbr:Pawan_Hans",dbr:India >> dbo:largestCity >> [ANS] [SEP] dbr:Pawan_Hans >> dbo:hubAirport >> [ANS]
translate question to dbpedia path: Question: What is the occupation of the people who are born in Iowa? | Entities possibly involved: dbr:Iowa,[VAR1] >> dbo:birthPlace >> dbr:Iowa [SEP] [VAR1] >> dbo:occupation >> [ANS] [SEP] [VAR1] >> rdf:type >> dbo:Person
"translate question to dbpedia path: Question: How many have company as Paramount Television and network as NBC are there? | Entities possibly involved: dbr:Paramount_Television, dbr:NBC",COUNT >> [ANS] >> dbo:network >> dbr:NBC [SEP] [ANS] >> dbp:company >> dbr:Paramount_Television
translate question to dbpedia path: Question: Count the different causes of death of Christians. | Entities possibly involved: dbr:Christianity,COUNT >> [VAR1] >> dbo:deathCause >> [ANS] [SEP] [VAR1] >> dbo:religion >> dbr:Christianity
translate question to dbpedia path: Question: How many players debuted their careers from San Francisco 49ers? | Entities possibly involved: dbr:San_Francisco_49ers,COUNT >> [ANS] >> dbo:debutTeam >> dbr:San_Francisco_49ers [SEP] [ANS] >> rdf:type >> dbo:Athlete
"translate question to dbpedia path: Question: Which company is located in Harris County, Texas? | Entities possibly involved: dbr:Harris_County,_Texas","[ANS] >> dbo:locationCity >> dbr:Harris_County,_Texas [SEP] [ANS] >> rdf:type >> dbo:Company"
"translate question to dbpedia path: Question: Is north america one of the destinations of airtours airways? | Entities possibly involved: dbr:North_America, dbr:Airtours_International_Airways",ASK >> dbr:Airtours_International_Airways >> dbo:destination >> dbr:North_America
"translate question to dbpedia path: Question: Which memeber of South Asia SubRegional Economic cooperation is also the nationality of Aishath saffa ? | Entities possibly involved: dbr:South_Asia_Subregional_Economic_Cooperation, dbr:Aishath_Saffa",dbr:Aishath_Saffa >> dbp:nationality >> [ANS] [SEP] dbr:South_Asia_Subregional_Economic_Cooperation >> dbp:membership >> [ANS]
"translate question to dbpedia path: Question: Which board memeber of jimmy Wales also owns Latvian Wikipedia ? | Entities possibly involved: dbr:Jimmy_Wales, dbr:Latvian_Wikipedia",dbr:Jimmy_Wales >> dbo:board >> [ANS] [SEP] dbr:Latvian_Wikipedia >> dbo:owner >> [ANS]
translate question to dbpedia path: Question: Which baseball team is managed by Bruce Bochy? | Entities possibly involved: dbr:Bruce_Bochy,[ANS] >> dbo:manager >> dbr:Bruce_Bochy [SEP] [ANS] >> rdf:type >> dbo:BaseballTeam
"translate question to dbpedia path: Question: What are the musicals based on, whose lyricist was Shelon Harnick? | Entities possibly involved: dbr:Sheldon_Harnick",[VAR1] >> dbo:basedOn >> [ANS] [SEP] [VAR1] >> dbp:lyrics >> dbr:Sheldon_Harnick [SEP] [VAR1] >> rdf:type >> dbo:Musical
"translate question to dbpedia path: Question: What series is Mazes of Time from, and is produced by BBC multimedia? | Entities possibly involved: dbr:Doctor_Who:_The_Mazes_of_Time, dbr:BBC_Multimedia",dbr:BBC_Multimedia >> dbo:product >> [ANS] [SEP] dbr:Doctor_Who:_The_Mazes_of_Time >> dbo:series >> [ANS]
"translate question to dbpedia path: Question: Is Audie Murphy buried in the Arlington national cementery? | Entities possibly involved: dbr:Audie_Murphy, dbr:Arlington_National_Cemetery",ASK >> dbr:Audie_Murphy >> dbp:placeofburial >> dbr:Arlington_National_Cemetery
translate question to dbpedia path: Question: How many had their debut team coached by Chip Kelly? | Entities possibly involved: dbr:Chip_Kelly,COUNT >> [ANS] >> dbo:debutTeam >> [VAR1] [SEP] [VAR1] >> dbp:coach >> dbr:Chip_Kelly
translate question to dbpedia path: Question: Who is the scientist whose academic advisor was Karl Ewald Hasse? | Entities possibly involved: dbr:Karl_Ewald_Hasse,[ANS] >> dbo:academicAdvisor >> dbr:Karl_Ewald_Hasse [SEP] [ANS] >> rdf:type >> dbo:Scientist
translate question to dbpedia path: Question: Malaysian highway authority has designed bridges over what things? | Entities possibly involved: dbr:Malaysian_Highway_Authority,[VAR1] >> dbp:crosses >> [ANS] [SEP] [VAR1] >> dbp:designer >> dbr:Malaysian_Highway_Authority [SEP] [VAR1] >> rdf:type >> dbo:Bridge
translate question to dbpedia path: Question: What is the government type of Kumta ? | Entities possibly involved: dbr:Kumta,dbr:Kumta >> dbp:governmentType >> [ANS]
translate question to dbpedia path: Question: Who owns the radio stations in Alabama? | Entities possibly involved: dbr:Alabama,[VAR1] >> dbo:city >> dbr:Alabama [SEP] [VAR1] >> dbo:owner >> [ANS] [SEP] [VAR1] >> rdf:type >> dbo:RadioStation
"translate question to dbpedia path: Question: Name the movie whose director is Stanley Kubrick and editor is Anthony Harvey? | Entities possibly involved: dbr:Stanley_Kubrick, dbr:Anthony_Harvey",[ANS] >> dbo:director >> dbr:Stanley_Kubrick [SEP] [ANS] >> dbo:editing >> dbr:Anthony_Harvey [SEP] [ANS] >> rdf:type >> dbo:Film
translate question to dbpedia path: Question: what are the nicknames of the people who are in Ekstraliga? | Entities possibly involved: dbr:Ekstraliga_(speedway),[VAR1] >> dbp:league >> dbr:Ekstraliga_(speedway) [SEP] [VAR1] >> dbp:nickname >> [ANS]
translate question to dbpedia path: Question: List all the members of the organization whose one of the members is Bangladesh ? | Entities possibly involved: dbr:Bangladesh,[VAR1] >> dbp:membership >> [ANS] [SEP] [VAR1] >> dbp:membership >> dbr:Bangladesh [SEP] [VAR1] >> rdf:type >> dbo:Organisation
translate question to dbpedia path: Question: List all discipline of the journals whose one of the discipline is Cerebral blood flow ? | Entities possibly involved: dbr:Cerebral_blood_flow,[VAR1] >> dbo:academicDiscipline >> [ANS] [SEP] [VAR1] >> dbo:academicDiscipline >> dbr:Cerebral_blood_flow [SEP] [VAR1] >> rdf:type >> dbo:AcademicJournal
translate question to dbpedia path: Question: In how many different places do Starwood hotels and resorts worldwide operate? | Entities possibly involved: dbr:Starwood_Hotels_and_Resorts_Worldwide,COUNT >> [VAR1] >> dbp:address >> [ANS] [SEP] [VAR1] >> dbp:operator >> dbr:Starwood_Hotels_and_Resorts_Worldwide
translate question to dbpedia path: Question: How many utopian and dystopian fiction books are there? | Entities possibly involved: dbr:Utopian_and_dystopian_fiction,COUNT >> [ANS] >> dbo:literaryGenre >> dbr:Utopian_and_dystopian_fiction
translate question to dbpedia path: Question: List the architect of the buildings whose one of the  architect is Philip Webb? | Entities possibly involved: dbr:Philip_Webb,[VAR1] >> dbp:architect >> [ANS] [SEP] [VAR1] >> dbp:architect >> dbr:Philip_Webb [SEP] [VAR1] >> rdf:type >> dbo:Building
translate question to dbpedia path: Question: What is the residence of the bronze medalist of Alpine skiing at the women's downhill competition at the 1972 Winter Olympics? | Entities possibly involved: dbr:Alpine_skiing_at_the_1972_Winter_Olympics_–_Women's_downhill,[VAR1] >> dbp:birthPlace >> [ANS] [SEP] dbr:Alpine_skiing_at_the_1972_Winter_Olympics_–_Women's_downhill >> dbo:bronzeMedalist >> [VAR1]
"translate question to dbpedia path: Question: Mazhar Ul Haq High School, Beerwah is affiliated to Islamic Religion | Entities possibly involved: dbr:Islam, dbr:Mazhar_Ul_Haq_High_School,_Beerwah","ASK >> dbr:Mazhar_Ul_Haq_High_School,_Beerwah >> dbp:religiousAffiliation >> dbr:Islam"
"translate question to dbpedia path: Question: What is the owner of Ivanpah Solar Power Facility and the original developer of Dart? | Entities possibly involved: dbr:Ivanpah_Solar_Power_Facility, dbr:Dart_(programming_language)",dbr:Dart_(programming_language) >> dbo:developer >> [ANS] [SEP] dbr:Ivanpah_Solar_Power_Facility >> dbo:owner >> [ANS]
translate question to dbpedia path: Question: Find the total number of  ingredient of the recepies whose ingredient is common Mushroom ? | Entities possibly involved: dbr:Agaricus_bisporus,COUNT >> [VAR1] >> dbo:ingredient >> [ANS] [SEP] [VAR1] >> dbo:ingredient >> dbr:Agaricus_bisporus
translate question to dbpedia path: Question: List all the tenants of the stadium where the WWF Summer Slam 2004 took place. | Entities possibly involved: dbr:SummerSlam_(2004),[VAR1] >> dbo:tenant >> [ANS] [SEP] dbr:SummerSlam_(2004) >> dbp:venue >> [VAR1]
translate question to dbpedia path: Question: How many movies are directed by the spouse of Dolores del Ro? | Entities possibly involved: dbr:Dolores_del_Río,COUNT >> [ANS] >> dbp:director >> [VAR1] [SEP] [ANS] >> rdf:type >> dbo:Film [SEP] [VAR1] >> dbp:partner >> dbr:Dolores_del_Río
"translate question to dbpedia path: Question: What are some bands out to texarkana? | Entities possibly involved: dbr:Texarkana,_Texas","[ANS] >> dbp:origin >> dbr:Texarkana,_Texas [SEP] [ANS] >> rdf:type >> dbo:Band"
translate question to dbpedia path: Question: How many information appliance are manufactured by companies located in Taiwan? | Entities possibly involved: dbr:Taiwan,COUNT >> [ANS] >> dbo:manufacturer >> [VAR1] [SEP] [ANS] >> rdf:type >> dbo:InformationAppliance [SEP] [VAR1] >> dbp:locationCity >> dbr:Taiwan
translate question to dbpedia path: Question: How many people are in the England national football team? | Entities possibly involved: dbr:England_national_football_team,COUNT >> [ANS] >> dbp:nationalteam >> dbr:England_national_football_team
"translate question to dbpedia path: Question: Is Tea the main ingredient of Lahpet? | Entities possibly involved: dbr:Lahpet, dbr:Tea",ASK >> dbr:Lahpet >> dbp:mainIngredient >> dbr:Tea
translate question to dbpedia path: Question: who is the husband of Rosie Huntington Whiteley? | Entities possibly involved: dbr:Rosie_Huntington-Whiteley,dbr:Rosie_Huntington-Whiteley >> dbo:partner >> [ANS]
"translate question to dbpedia path: Question: Which current player of Chicago Bulls was drafted by Los Angeles Clippers ? | Entities possibly involved: dbr:Los_Angeles_Clippers, dbr:Chicago_Bulls",[ANS] >> dbp:draftTeam >> dbr:Los_Angeles_Clippers [SEP] [ANS] >> dbp:team >> dbr:Chicago_Bulls
translate question to dbpedia path: Question: What team has  players  born in Dominican Republic ? | Entities possibly involved: dbr:Dominican_Republic,[VAR1] >> dbo:team >> [ANS] [SEP] [VAR1] >> dbp:birthPlace >> dbr:Dominican_Republic
translate question to dbpedia path: Question: Name the party of Indira Gandhi ? | Entities possibly involved: dbr:Indira_Gandhi,dbr:Indira_Gandhi >> dbo:party >> [ANS]
"translate question to dbpedia path: Question: What is the common country of Ganz UV and Balaton wine region ? | Entities possibly involved: dbr:Ganz_UV, dbr:Balaton_wine_region",dbr:Balaton_wine_region >> dbo:location >> [ANS] [SEP] dbr:Ganz_UV >> dbo:operator >> [ANS]
"translate question to dbpedia path: Question: Whose resting place is William Henry Harrison Tomb State Memorial and has kids named John Scott Harrison? | Entities possibly involved: dbr:John_Scott_Harrison, dbr:William_Henry_Harrison_Tomb_State_Memorial",[ANS] >> dbo:child >> dbr:John_Scott_Harrison [SEP] [ANS] >> dbp:restingplace >> dbr:William_Henry_Harrison_Tomb_State_Memorial
translate question to dbpedia path: Question: Name the constituency of Domenico Modugno ? | Entities possibly involved: dbr:Domenico_Modugno,dbr:Domenico_Modugno >> dbp:constituency >> [ANS]
"translate question to dbpedia path: Question: Is michelangelo the painter of The Persian Boy? | Entities possibly involved: dbr:The_Persian_Boy, dbr:Michelangelo",ASK >> dbr:The_Persian_Boy >> dbo:illustrator >> dbr:Michelangelo
translate question to dbpedia path: Question: Which saints were the messengers of Islam? | Entities possibly involved: dbr:Islam,[ANS] >> dbo:veneratedIn >> dbr:Islam [SEP] [ANS] >> rdf:type >> dbo:Saint
translate question to dbpedia path: Question: What awards were given to the producer of Chicken Little? | Entities possibly involved: dbr:Chicken_Little_(1943_film),[VAR1] >> dbo:award >> [ANS] [SEP] dbr:Chicken_Little_(1943_film) >> dbo:producer >> [VAR1]
"translate question to dbpedia path: Question: Was GM first aired in Albania? | Entities possibly involved: dbr:Gümüş_(TV_series), dbr:Albania",ASK >> dbr:Gümüş_(TV_series) >> dbp:firstAired >> dbr:Albania
translate question to dbpedia path: Question: What water bodies have primary inflows sa Kemijoki? | Entities possibly involved: dbr:Kemijoki,[ANS] >> dbo:inflow >> dbr:Kemijoki
"translate question to dbpedia path: Question: was james watt a mechanical engineer? | Entities possibly involved: dbr:Mechanical_engineering, dbr:James_Watt",ASK >> dbr:James_Watt >> dbo:field >> dbr:Mechanical_engineering
translate question to dbpedia path: Question: Which drinks have emerged from the US? | Entities possibly involved: dbr:United_States,[VAR1] >> dbo:origin >> dbr:United_States [SEP] [VAR1] >> dbp:locationCity >> [ANS] [SEP] [VAR1] >> rdf:type >> dbo:Beverage
translate question to dbpedia path: Question: Who composed the lyrics of Holler If Ya Hear Me ? | Entities possibly involved: dbr:Holler_If_Ya_Hear_Me_(musical),dbr:Holler_If_Ya_Hear_Me_(musical) >> dbp:lyrics >> [ANS]
"translate question to dbpedia path: Question: Is Bluebird the grandsire of Miss Potential? | Entities possibly involved: dbr:Miss_Potential, dbr:Bluebird",ASK >> dbr:Miss_Potential >> dbo:grandsire >> dbr:Bluebird
translate question to dbpedia path: Question: What is the headquarters of the public transit system which is the system of Bottineau LRT ? | Entities possibly involved: dbr:Bottineau_LRT,[VAR1] >> dbp:headquarters >> [ANS] [SEP] [VAR1] >> rdf:type >> dbo:PublicTransitSystem [SEP] dbr:Bottineau_LRT >> dbp:system >> [VAR1]
translate question to dbpedia path: Question: What units are garrisoned in the Pentagon? | Entities possibly involved: dbr:The_Pentagon,[ANS] >> dbp:garrison >> dbr:The_Pentagon [SEP] [ANS] >> rdf:type >> dbo:MilitaryUnit
translate question to dbpedia path: Question: What is the hometown of John Speraw ? | Entities possibly involved: dbr:John_Speraw,dbr:John_Speraw >> dbp:hometown >> [ANS]
translate question to dbpedia path: Question: Count  the journals in the field of Philosophy. | Entities possibly involved: dbr:Philosophy,COUNT >> [ANS] >> dbp:discipline >> dbr:Philosophy [SEP] [ANS] >> rdf:type >> dbo:AcademicJournal
"translate question to dbpedia path: Question: What is the hometown of Nader Guirat, where Josef Johansson was born too? | Entities possibly involved: dbr:Nader_Guirat, dbr:Josef_Johansson",dbr:Josef_Johansson >> dbp:birthPlace >> [ANS] [SEP] dbr:Nader_Guirat >> dbo:hometown >> [ANS]
"translate question to dbpedia path: Question: How many major shrine are there, of the saints whose beatified by Pope Pius XI ? | Entities possibly involved: dbr:Pope_Pius_XI",COUNT >> [VAR1] >> dbo:majorShrine >> [ANS] [SEP] [VAR1] >> dbp:beatifiedBy >> dbr:Pope_Pius_XI
translate question to dbpedia path: Question: Name the TV shows owned by divisions of CBS? | Entities possibly involved: dbr:CBS,[ANS] >> dbp:company >> [VAR1] [SEP] [ANS] >> rdf:type >> dbo:TelevisionShow [SEP] [VAR1] >> dbp:parent >> dbr:CBS
translate question to dbpedia path: Question: What is the academic discipline of Journal of Cerebral Blood Flow & Metabolism ? | Entities possibly involved: dbr:Journal_of_Cerebral_Blood_Flow_&_Metabolism,dbr:Journal_of_Cerebral_Blood_Flow_&_Metabolism >> dbo:academicDiscipline >> [ANS]
translate question to dbpedia path: Question: List the home stadiums of the teams in the Russian Premier League? | Entities possibly involved: dbr:2011–12_Russian_Premier_League,[VAR1] >> dbo:homeStadium >> [ANS] [SEP] [VAR1] >> dbp:league >> dbr:2011–12_Russian_Premier_League
translate question to dbpedia path: Question: Give me an estimate number of races where horses grandsired by the Wild Risk have raced in? | Entities possibly involved: dbr:Wild_Risk,COUNT >> [ANS] >> rdf:type >> dbo:HorseRace [SEP] [VAR1] >> dbo:grandsire >> dbr:Wild_Risk [SEP] [VAR1] >> dbp:race >> [ANS]
"translate question to dbpedia path: Question: What is the name of the movie whose director of photography was Jordan Cronenweth and music composer was Vangelis? | Entities possibly involved: dbr:Vangelis, dbr:Jordan_Cronenweth",[ANS] >> dbo:musicComposer >> dbr:Vangelis [SEP] [ANS] >> dbp:cinematography >> dbr:Jordan_Cronenweth [SEP] [ANS] >> rdf:type >> dbo:Film
translate question to dbpedia path: Question: Count the different origins of members of the Vitis Vinifera species. | Entities possibly involved: dbr:Vitis_vinifera,COUNT >> [ANS] >> rdf:type >> dbo:Place [SEP] [VAR1] >> dbo:origin >> [ANS] [SEP] [VAR1] >> dbo:species >> dbr:Vitis_vinifera
translate question to dbpedia path: Question: Where was David Scherman trained ? | Entities possibly involved: dbr:David_Scherman,dbr:David_Scherman >> dbo:training >> [ANS]
translate question to dbpedia path: Question: In which series has Sean Young portrayed someone? | Entities possibly involved: dbr:Sean_Young,[VAR1] >> dbo:portrayer >> dbr:Sean_Young [SEP] [VAR1] >> dbo:series >> [ANS]
"translate question to dbpedia path: Question: Was the song The Boy is Mine recorded in Atlanta? | Entities possibly involved: dbr:Atlanta, dbr:The_Boy_Is_Mine_(song)",ASK >> dbr:The_Boy_Is_Mine_(song) >> dbp:recorded >> dbr:Atlanta
translate question to dbpedia path: Question: Who wrote the play in which Blanche DuBois is a character? | Entities possibly involved: dbr:Blanche_DuBois,[VAR1] >> dbp:characters >> dbr:Blanche_DuBois [SEP] [VAR1] >> dbp:writer >> [ANS] [SEP] [VAR1] >> rdf:type >> dbo:Play
translate question to dbpedia path: Question: List the regions served by the company which serves in Pacific Ocean ? | Entities possibly involved: dbr:Pacific_Ocean,[VAR1] >> dbo:regionServed >> [ANS] [SEP] [VAR1] >> dbo:regionServed >> dbr:Pacific_Ocean [SEP] [VAR1] >> rdf:type >> dbo:Company
translate question to dbpedia path: Question: Give me the name of the organization hqed at  Chaeng Watthana Govt Complex? | Entities possibly involved: dbr:Chaeng_Watthana_Government_Complex,[VAR1] >> dbo:headquarter >> dbr:Chaeng_Watthana_Government_Complex [SEP] [VAR1] >> dbp:agencyName >> [ANS] [SEP] [VAR1] >> rdf:type >> dbo:Organisation
translate question to dbpedia path: Question: Who is the writer of the singles whose producer is Peter-John Vettese? | Entities possibly involved: dbr:Peter-John_Vettese,[VAR1] >> dbo:writer >> [ANS] [SEP] [VAR1] >> dbp:producer >> dbr:Peter-John_Vettese [SEP] [VAR1] >> rdf:type >> dbo:Single
translate question to dbpedia path: Question: Count the number of artist whose pone of the field is writing ? | Entities possibly involved: dbr:Writing,COUNT >> [VAR1] >> dbo:field >> [ANS] [SEP] [VAR1] >> dbo:field >> dbr:Writing
translate question to dbpedia path: Question: Which veterans served at CBS? | Entities possibly involved: dbr:CBS,[ANS] >> dbo:occupation >> dbr:CBS
translate question to dbpedia path: Question: What are some shareholders of the bridge maintained by the Massachusetts department of transportation? | Entities possibly involved: dbr:Massachusetts_Department_of_Transportation,[VAR1] >> dbo:maintainedBy >> dbr:Massachusetts_Department_of_Transportation [SEP] [VAR1] >> dbp:owner >> [ANS] [SEP] [VAR1] >> rdf:type >> dbo:Bridge
"translate question to dbpedia path: Question: Does Shaun Thong a member of Audi? | Entities possibly involved: dbr:Shaun_Thong, dbr:Audi",ASK >> dbr:Shaun_Thong >> dbp:currentTeam >> dbr:Audi
"translate question to dbpedia path: Question: Is the chestnut white bellied rat a mammal? | Entities possibly involved: dbr:Chestnut_white-bellied_rat, dbr:Mammal",ASK >> dbr:Chestnut_white-bellied_rat >> dbo:class >> dbr:Mammal
translate question to dbpedia path: Question: Who attended Great Ayton university? | Entities possibly involved: dbr:Great_Ayton,[ANS] >> dbo:education >> dbr:Great_Ayton
"translate question to dbpedia path: Question: Does Sonny Bill Williams belong in the Canterbury Bankstown Bulldogs club? | Entities possibly involved: dbr:Canterbury-Bankstown_Bulldogs, dbr:Sonny_Bill_Williams",ASK >> dbr:Sonny_Bill_Williams >> dbp:club >> dbr:Canterbury-Bankstown_Bulldogs
translate question to dbpedia path: Question: Which field's journals are edited by Paul Morphy? | Entities possibly involved: dbr:Paul_Morphy,[VAR1] >> dbo:editor >> dbr:Paul_Morphy [SEP] [VAR1] >> dbp:discipline >> [ANS] [SEP] [VAR1] >> rdf:type >> dbo:AcademicJournal
translate question to dbpedia path: Question: Count the awards received by Immunologists? | Entities possibly involved: dbr:Immunology,COUNT >> [ANS] >> rdf:type >> dbo:Award [SEP] [VAR1] >> dbo:award >> [ANS] [SEP] [VAR1] >> dbp:fields >> dbr:Immunology
translate question to dbpedia path: Question: For how many different teams have the players debuted in Houston Astros played? | Entities possibly involved: dbr:Houston_Astros,COUNT >> [ANS] >> rdf:type >> dbo:SportsTeam [SEP] [VAR1] >> dbo:debutTeam >> dbr:Houston_Astros [SEP] [VAR1] >> dbo:team >> [ANS]
"translate question to dbpedia path: Question: Rostock and Oulu is the shore cities on which sea ? | Entities possibly involved: dbr:Rostock, dbr:Oulu",[ANS] >> dbp:cities >> dbr:Oulu [SEP] [ANS] >> dbp:cities >> dbr:Rostock [SEP] [ANS] >> rdf:type >> dbo:Sea
"translate question to dbpedia path: Question: Was winston churchill the prime minister of Selwyn Lloyd? | Entities possibly involved: dbr:Winston_Churchill, dbr:Selwyn_Lloyd",ASK >> dbr:Selwyn_Lloyd >> dbo:primeMinister >> dbr:Winston_Churchill
translate question to dbpedia path: Question: How many different things are used as ingredients in Sweden? | Entities possibly involved: dbr:Sweden,COUNT >> [VAR1] >> dbo:country >> dbr:Sweden [SEP] [VAR1] >> dbo:ingredient >> [ANS]
translate question to dbpedia path: Question: How many people have been the first one to scale a peak in the Yosemite Park? | Entities possibly involved: dbr:Yosemite_National_Park,COUNT >> [ANS] >> rdf:type >> dbo:Person [SEP] [VAR1] >> dbo:firstAscentPerson >> [ANS] [SEP] [VAR1] >> dbo:locatedInArea >> dbr:Yosemite_National_Park
"translate question to dbpedia path: Question: What are some licensees of the stations playing in Nashville, Tennessee? | Entities possibly involved: dbr:Nashville,_Tennessee","[VAR1] >> dbp:area >> dbr:Nashville,_Tennessee [SEP] [VAR1] >> dbp:licensee >> [ANS] [SEP] [VAR1] >> rdf:type >> dbo:RadioStation"
"translate question to dbpedia path: Question: Which distributer of Bombay Sapphire also makes Grewy goose ? | Entities possibly involved: dbr:Grey_Goose_(vodka), dbr:Bombay_Sapphire",dbr:Bombay_Sapphire >> dbp:distributor >> [ANS] [SEP] dbr:Grey_Goose_(vodka) >> dbp:manufacturer >> [ANS]
"translate question to dbpedia path: Question: Count the total number of bacterias whose division is Firmicutes and domain is Bacteria? | Entities possibly involved: dbr:Bacteria, dbr:Firmicutes",COUNT >> [ANS] >> dbo:division >> dbr:Firmicutes [SEP] [ANS] >> dbp:domain >> dbr:Bacteria
translate question to dbpedia path: Question: Count me the number of people whose military unit is involved with Close air support ? | Entities possibly involved: dbr:Close_air_support,COUNT >> [ANS] >> dbo:militaryUnit >> [VAR1] [SEP] [ANS] >> rdf:type >> dbo:MilitaryPerson [SEP] [VAR1] >> dbp:role >> dbr:Close_air_support
translate question to dbpedia path: Question: What are some other great things by the person who produced Queer as Folk? | Entities possibly involved: dbr:Queer_as_Folk_(UK_TV_series),COUNT >> [VAR1] >> dbp:notableworks >> [ANS] [SEP] [VAR1] >> rdf:type >> dbo:Person [SEP] dbr:Queer_as_Folk_(UK_TV_series) >> dbo:producer >> [VAR1]
"translate question to dbpedia path: Question: Does Jean Louis Arcand work for Geneva? | Entities possibly involved: dbr:Jean-Louis_Arcand, dbr:Geneva",ASK >> dbr:Jean-Louis_Arcand >> dbp:institution >> dbr:Geneva
"translate question to dbpedia path: Question: Is facebook a public company? | Entities possibly involved: dbr:Facebook, dbr:Public_company",ASK >> dbr:Facebook >> dbp:companyType >> dbr:Public_company
translate question to dbpedia path: Question: Count the number of books whose author's were born in Alcal de Henares ? | Entities possibly involved: dbr:Alcalá_de_Henares,COUNT >> [ANS] >> dbo:author >> [VAR1] [SEP] [ANS] >> rdf:type >> dbo:Book [SEP] [VAR1] >> dbo:birthPlace >> dbr:Alcalá_de_Henares
translate question to dbpedia path: Question: List down all the baseball teams whose team manager was a Catcher? | Entities possibly involved: dbr:Catcher,[ANS] >> dbo:manager >> [VAR1] [SEP] [ANS] >> rdf:type >> dbo:BaseballTeam [SEP] [VAR1] >> dbo:position >> dbr:Catcher
translate question to dbpedia path: Question: Where is the stadium of west Papus football team ? | Entities possibly involved: dbr:West_Papua_football_team,dbr:West_Papua_football_team >> dbo:stadium >> [ANS]
"translate question to dbpedia path: Question: Does Air 2000 fly to the north american continent? | Entities possibly involved: dbr:Air_2000, dbr:North_America",ASK >> dbr:Air_2000 >> dbo:destination >> dbr:North_America
"translate question to dbpedia path: Question: In which racing championships did Bobby Beasley and Martin Molony participate? | Entities possibly involved: dbr:Martin_Molony, dbr:Bobby_Beasley",dbr:Bobby_Beasley >> dbo:race >> [ANS] [SEP] dbr:Martin_Molony >> dbo:race >> [ANS]
translate question to dbpedia path: Question: What is the origin of the grape whose wine region is the Troodos Mountains ? | Entities possibly involved: dbr:Troodos_Mountains,[VAR1] >> dbo:origin >> [ANS] [SEP] [VAR1] >> dbo:wineRegion >> dbr:Troodos_Mountains [SEP] [VAR1] >> rdf:type >> dbo:Grape
"translate question to dbpedia path: Question: Whose families are Buccinoidea and Buccinidae? | Entities possibly involved: dbr:Buccinidae, dbr:Buccinoidea",[ANS] >> dbo:family >> dbr:Buccinidae [SEP] [ANS] >> dbo:family >> dbr:Buccinoidea
translate question to dbpedia path: Question: Name the artist of Brad Paisley discography ? | Entities possibly involved: dbr:Brad_Paisley_discography,dbr:Brad_Paisley_discography >> dbp:artist >> [ANS]
translate question to dbpedia path: Question: Ernest Rutherford was the advisor of how many people? | Entities possibly involved: dbr:Ernest_Rutherford,COUNT >> [ANS] >> dbp:doctoralAdvisor >> dbr:Ernest_Rutherford
translate question to dbpedia path: Question: list all the chairman of Vancouver Whitecaps FC? | Entities possibly involved: dbr:Vancouver_Whitecaps_FC,dbr:Vancouver_Whitecaps_FC >> dbp:chairman >> [ANS]
"translate question to dbpedia path: Question: What are some employees of Uni of California, santa cruz? | Entities possibly involved: dbr:University_of_California,_Santa_Cruz","[ANS] >> dbp:employer >> dbr:University_of_California,_Santa_Cruz"
translate question to dbpedia path: Question: Name the nearest city to Tennie and Laura ? | Entities possibly involved: dbr:Tennie_and_Laura_(schooner),dbr:Tennie_and_Laura_(schooner) >> dbp:nearestCity >> [ANS]
translate question to dbpedia path: Question: How many TV shows have been created by Simon Fuller ? | Entities possibly involved: dbr:Simon_Fuller,COUNT >> [ANS] >> dbp:creator >> dbr:Simon_Fuller [SEP] [ANS] >> rdf:type >> dbo:TelevisionShow
translate question to dbpedia path: Question: What is the area of ITV (Thailand) ? | Entities possibly involved: dbr:ITV_(Thailand),dbr:ITV_(Thailand) >> dbp:area >> [ANS]
translate question to dbpedia path: Question: who all play for of the american football players at  Quarterback position? | Entities possibly involved: dbr:Quarterback,[VAR1] >> dbo:team >> [ANS] [SEP] [VAR1] >> dbp:position >> dbr:Quarterback [SEP] [VAR1] >> rdf:type >> dbo:AmericanFootballPlayer
translate question to dbpedia path: Question: What is the field of interest of the advisor of Henri Maspero ? | Entities possibly involved: dbr:Henri_Maspero,[VAR1] >> dbp:fields >> [ANS] [SEP] dbr:Henri_Maspero >> dbo:academicAdvisor >> [VAR1]
translate question to dbpedia path: Question: Count the cities whihch are on the same sea as that of Miami ? | Entities possibly involved: dbr:Miami,COUNT >> [VAR1] >> dbp:cities >> [ANS] [SEP] [VAR1] >> dbp:cities >> dbr:Miami
translate question to dbpedia path: Question: Who are the key people of FWD.us? | Entities possibly involved: dbr:FWD.us,dbr:FWD.us >> dbp:keyPeople >> [ANS]
translate question to dbpedia path: Question: Who is the executive producer of Into the Dalek ? | Entities possibly involved: dbr:Into_the_Dalek,dbr:Into_the_Dalek >> dbp:executiveProducer >> [ANS]
"translate question to dbpedia path: Question: What team is famous for Robert Nederlander and also the debuting team of Gary Sanchez? | Entities possibly involved: dbr:Robert_Nederlander, dbr:Gary_Sánchez",[ANS] >> rdf:type >> dbo:SportsTeam [SEP] dbr:Gary_Sánchez >> dbo:debutTeam >> [ANS] [SEP] dbr:Robert_Nederlander >> dbo:knownFor >> [ANS]
translate question to dbpedia path: Question: Through how many cities does the river flowing into Arkansas go? | Entities possibly involved: dbr:Arkansas,COUNT >> [ANS] >> rdf:type >> dbo:City [SEP] [VAR1] >> dbo:city >> [ANS] [SEP] [VAR1] >> dbo:mouthMountain >> dbr:Arkansas
"translate question to dbpedia path: Question: Does Richard Marx play guitar? | Entities possibly involved: dbr:Richard_Marx, dbr:Guitar",ASK >> dbr:Richard_Marx >> dbp:instrument >> dbr:Guitar
translate question to dbpedia path: Question: How many things are manufactured by the company whose subsidiary is Sony Corporation shareholders and subsidiaries? | Entities possibly involved: dbr:Sony_Corporation_shareholders_and_subsidiaries,COUNT >> [ANS] >> dbo:manufacturer >> [VAR1] [SEP] [VAR1] >> dbo:subsidiary >> dbr:Sony_Corporation_shareholders_and_subsidiaries
translate question to dbpedia path: Question: What is the total number of office holders who preceded the people working under president bill clinton? | Entities possibly involved: dbr:Bill_Clinton,COUNT >> [ANS] >> dbp:successor >> [VAR1] [SEP] [ANS] >> rdf:type >> dbo:OfficeHolder [SEP] [VAR1] >> dbp:president >> dbr:Bill_Clinton
"translate question to dbpedia path: Question: In which other places are there companies which are in Ontario, too? | Entities possibly involved: dbr:Ontario",[VAR1] >> dbo:locationCity >> dbr:Ontario [SEP] [VAR1] >> dbp:locations >> [ANS]
translate question to dbpedia path: Question: How many nations' volleyball players have played for the Russian women volleyball team? | Entities possibly involved: dbr:Russia_women's_national_volleyball_team,COUNT >> [ANS] >> rdf:type >> dbo:Country [SEP] [VAR1] >> dbp:nationalteam >> dbr:Russia_women's_national_volleyball_team [SEP] [VAR1] >> dbp:placeOfBirth >> [ANS]
translate question to dbpedia path: Question: In how many places can I find people whose alma mater was in bachelor of arts? | Entities possibly involved: dbr:Bachelor_of_Arts,COUNT >> [ANS] >> rdf:type >> dbo:Place [SEP] [VAR1] >> dbo:residence >> [ANS] [SEP] [VAR1] >> dbp:almaMater >> dbr:Bachelor_of_Arts
"translate question to dbpedia path: Question: Is Gutenberg neighbouring with Madiswil? | Entities possibly involved: dbr:Madiswil, dbr:Gutenburg,_Switzerland","ASK >> dbr:Madiswil >> dbp:neighboringMunicipalities >> dbr:Gutenburg,_Switzerland"
"translate question to dbpedia path: Question: Does Mr. Jim's Pizza operate in the pizza industry? | Entities possibly involved: dbr:Mr._Jim's_Pizza, dbr:Pizza",ASK >> dbr:Mr._Jim's_Pizza >> dbo:industry >> dbr:Pizza
translate question to dbpedia path: Question: Name the writer of South Park: The Stick of Truth ? | Entities possibly involved: dbr:South_Park:_The_Stick_of_Truth,dbr:South_Park:_The_Stick_of_Truth >> dbo:writer >> [ANS]
translate question to dbpedia path: Question: Who owns Torrey Pines Gliderport? | Entities possibly involved: dbr:Torrey_Pines_Gliderport,dbr:Torrey_Pines_Gliderport >> dbp:owner >> [ANS]
"translate question to dbpedia path: Question: Which nationality of Newin Chidchob is also the nationality of Ajahn Sao Kantaslo ? | Entities possibly involved: dbr:Ajahn_Sao_Kantasīlo, dbr:Newin_Chidchob",dbr:Ajahn_Sao_Kantasīlo >> dbo:nationality >> [ANS] [SEP] dbr:Newin_Chidchob >> dbp:nationality >> [ANS]
translate question to dbpedia path: Question: What is the label of things produced by the band If? | Entities possibly involved: dbr:If_(band),[VAR1] >> dbp:artist >> dbr:If_(band) [SEP] [VAR1] >> dbp:label >> [ANS]
translate question to dbpedia path: Question: List the goverener of Winston Bryant? | Entities possibly involved: dbr:Winston_Bryant,dbr:Winston_Bryant >> dbp:governor >> [ANS]
"translate question to dbpedia path: Question: Count the movies directed by Tim Burton and music composer Danny Elfman ? | Entities possibly involved: dbr:Danny_Elfman, dbr:Tim_Burton",COUNT >> [ANS] >> dbp:director >> dbr:Tim_Burton [SEP] [ANS] >> dbp:music >> dbr:Danny_Elfman
translate question to dbpedia path: Question: From which genres of music did those genres emerge where drums are important? | Entities possibly involved: dbr:Drum_kit,[VAR1] >> dbo:stylisticOrigin >> [ANS] [SEP] [VAR1] >> dbp:instruments >> dbr:Drum_kit [SEP] [VAR1] >> rdf:type >> dbo:MusicGenre
translate question to dbpedia path: Question: Who is the appointer of Earl B. Ruth ? | Entities possibly involved: dbr:Earl_B._Ruth,dbr:Earl_B._Ruth >> dbp:appointer >> [ANS]
translate question to dbpedia path: Question: To which educational institutes is Samuel Isham associated to? | Entities possibly involved: dbr:Samuel_Isham,dbr:Samuel_Isham >> dbp:education >> [ANS]
translate question to dbpedia path: Question: Give me a count of mammals whose family is Canidae? | Entities possibly involved: dbr:Canidae,COUNT >> [ANS] >> dbo:family >> dbr:Canidae [SEP] [ANS] >> rdf:type >> dbo:Mammal
"translate question to dbpedia path: Question: Which European sea has Oulu as one of the shore city ? | Entities possibly involved: dbr:Europe, dbr:Oulu",[ANS] >> dbo:location >> dbr:Europe [SEP] [ANS] >> dbp:cities >> dbr:Oulu [SEP] [ANS] >> rdf:type >> dbo:Sea
translate question to dbpedia path: Question: List the total number of awards of the musicals who have won Tony Award? | Entities possibly involved: dbr:Tony_Award,COUNT >> [VAR1] >> dbp:awards >> [ANS] [SEP] [VAR1] >> dbp:awards >> dbr:Tony_Award
"translate question to dbpedia path: Question: What is the product of the BBC Multimedia and is the theme of Visions, the convention? | Entities possibly involved: dbr:BBC_Multimedia, dbr:Visions_(convention)",dbr:BBC_Multimedia >> dbo:product >> [ANS] [SEP] dbr:Visions_(convention) >> dbp:genre >> [ANS]
"translate question to dbpedia path: Question: Does the Jordan River start in the Golan Heights? | Entities possibly involved: dbr:Golan_Heights, dbr:Jordan_River",ASK >> dbr:Jordan_River >> dbo:sourceRegion >> dbr:Golan_Heights
translate question to dbpedia path: Question: Count the awards received by the ones who fought the battle of france? | Entities possibly involved: dbr:Battle_of_France,COUNT >> [VAR1] >> dbo:award >> [ANS] [SEP] [VAR1] >> dbo:battle >> dbr:Battle_of_France
translate question to dbpedia path: Question: How many people play for the Dallas Cowboys? | Entities possibly involved: dbr:Dallas_Cowboys,COUNT >> [ANS] >> dbo:team >> dbr:Dallas_Cowboys
"translate question to dbpedia path: Question: Was Reza Amrollahi born in Iran? | Entities possibly involved: dbr:Reza_Amrollahi, dbr:Iran",ASK >> dbr:Reza_Amrollahi >> dbp:birthplace >> dbr:Iran
"translate question to dbpedia path: Question: What is the country whose administrative centre is Hagta, Guam? | Entities possibly involved: dbr:Hagåtña,_Guam","[ANS] >> dbo:capital >> dbr:Hagåtña,_Guam [SEP] [ANS] >> rdf:type >> dbo:Country"
translate question to dbpedia path: Question: Who was the designer of john madden Football '92 ? | Entities possibly involved: dbr:John_Madden_Football_'92,dbr:John_Madden_Football_'92 >> dbp:designer >> [ANS]
translate question to dbpedia path: Question: Which are the television show which have been created by Donald Wilson? | Entities possibly involved: dbr:Donald_Wilson_(writer_and_producer),[ANS] >> dbo:creator >> dbr:Donald_Wilson_(writer_and_producer) [SEP] [ANS] >> rdf:type >> dbo:TelevisionShow
translate question to dbpedia path: Question: Count all the Colonels? | Entities possibly involved: dbr:Colonel_(United_States),COUNT >> [ANS] >> dbp:rank >> dbr:Colonel_(United_States)
"translate question to dbpedia path: Question: Does the croton river flow into the hudson? | Entities possibly involved: dbr:Hudson_River, dbr:Croton_River",ASK >> dbr:Hudson_River >> dbo:leftTributary >> dbr:Croton_River
translate question to dbpedia path: Question: What has  location as Ontario? | Entities possibly involved: dbr:Ontario,[ANS] >> dbo:location >> dbr:Ontario
translate question to dbpedia path: Question: Where was Juno I launched from ? | Entities possibly involved: dbr:Juno_I,dbr:Juno_I >> dbo:launchSite >> [ANS]
"translate question to dbpedia path: Question: In which sects was the aristocrat venerated, whose parent is Thelred the Unready? | Entities possibly involved: dbr:Æthelred_the_Unready",[VAR1] >> dbo:parent >> dbr:Æthelred_the_Unready [SEP] [VAR1] >> dbp:veneratedIn >> [ANS] [SEP] [VAR1] >> rdf:type >> dbo:Royalty
"translate question to dbpedia path: Question: What was a common first team at the 1967 Mexican Grand Prix and 1971 US one? | Entities possibly involved: dbr:1971_United_States_Grand_Prix, dbr:1967_Mexican_Grand_Prix",dbr:1967_Mexican_Grand_Prix >> dbp:firstTeam >> [ANS] [SEP] dbr:1971_United_States_Grand_Prix >> dbp:firstTeam >> [ANS]
translate question to dbpedia path: Question: What are some common ingredients used in Swedish dishes? | Entities possibly involved: dbr:Sweden,[VAR1] >> dbo:country >> dbr:Sweden [SEP] [VAR1] >> dbo:ingredient >> [ANS]
translate question to dbpedia path: Question: Where did Rheinmetall MG 60 originated ? | Entities possibly involved: dbr:Rheinmetall_MG_60,dbr:Rheinmetall_MG_60 >> dbo:origin >> [ANS]
"translate question to dbpedia path: Question: Did nokia 215 has the series 30+ OS? | Entities possibly involved: dbr:Nokia_215, dbr:Series_30+",ASK >> dbr:Nokia_215 >> dbp:os >> dbr:Series_30+
translate question to dbpedia path: Question: Gregg Toland cinematographed how many things? | Entities possibly involved: dbr:Gregg_Toland,COUNT >> [ANS] >> dbo:cinematography >> dbr:Gregg_Toland
translate question to dbpedia path: Question: List the birth city of the politicians of Democratic Party. | Entities possibly involved: dbr:Democratic_Party_(United_States),[VAR1] >> dbo:birthPlace >> [ANS] [SEP] [VAR1] >> dbo:party >> dbr:Democratic_Party_(United_States) [SEP] [VAR1] >> rdf:type >> dbo:Politician
"translate question to dbpedia path: Question: Was Tommy Tucker's Tooth animated by Walt Disney? | Entities possibly involved: dbr:Walt_Disney, dbr:Tommy_Tucker's_Tooth",ASK >> dbr:Tommy_Tucker's_Tooth >> dbo:animator >> dbr:Walt_Disney
translate question to dbpedia path: Question: Give me the total number of lines owned by owner of Mwtro-Noth Railroad ? | Entities possibly involved: dbr:Metro-North_Railroad,COUNT >> [VAR1] >> dbo:owner >> dbr:Metro-North_Railroad [SEP] [VAR1] >> dbp:owner >> [ANS]
translate question to dbpedia path: Question: How many television shows are broadcasted on Fox Broadcasting Company? | Entities possibly involved: dbr:Fox_Broadcasting_Company,COUNT >> [ANS] >> dbo:channel >> dbr:Fox_Broadcasting_Company [SEP] [ANS] >> rdf:type >> dbo:TelevisionShow
translate question to dbpedia path: Question: What are some tv shows created by Simon Fuller? | Entities possibly involved: dbr:Simon_Fuller,[ANS] >> dbp:creator >> dbr:Simon_Fuller [SEP] [ANS] >> rdf:type >> dbo:TelevisionShow
translate question to dbpedia path: Question: How many states are in the Mediterranean Basketball Association? | Entities possibly involved: dbr:Mediterranean_Basketball_Association,COUNT >> [ANS] >> rdf:type >> dbo:Place [SEP] dbr:Mediterranean_Basketball_Association >> dbo:country >> [ANS]
translate question to dbpedia path: Question: Who wrote the singles on the Main Course? | Entities possibly involved: dbr:Main_Course,[VAR1] >> dbp:album >> dbr:Main_Course [SEP] [VAR1] >> dbp:writer >> [ANS] [SEP] [VAR1] >> rdf:type >> dbo:Single
"translate question to dbpedia path: Question: In how many places can I find people who were the architects of the Dundas Castle? | Entities possibly involved: dbr:Dundas_Castle_(Roscoe,_New_York)","COUNT >> [VAR1] >> dbp:region >> [ANS] [SEP] dbr:Dundas_Castle_(Roscoe,_New_York) >> dbp:architecture >> [VAR1]"
translate question to dbpedia path: Question: List all the children of Barbara Bush? | Entities possibly involved: dbr:Barbara_Bush,dbr:Barbara_Bush >> dbp:children >> [ANS]
translate question to dbpedia path: Question: Who trained the wrestlers who are billed in Wisconsin? | Entities possibly involved: dbr:Wisconsin,[VAR1] >> dbo:billed >> dbr:Wisconsin [SEP] [VAR1] >> dbo:trainer >> [ANS] [SEP] [VAR1] >> rdf:type >> dbo:Wrestler
translate question to dbpedia path: Question: How many cities are around the sea in which the ionian sea flows? | Entities possibly involved: dbr:Ionian_Sea,COUNT >> [VAR1] >> dbp:cities >> [ANS] [SEP] [VAR1] >> rdf:type >> dbo:Sea [SEP] dbr:Ionian_Sea >> dbo:outflow >> [VAR1]
"translate question to dbpedia path: Question: What all is produced by companies in Douglas, Isle of Man? | Entities possibly involved: dbr:Douglas,_Isle_of_Man","[VAR1] >> dbo:locationCity >> dbr:Douglas,_Isle_of_Man [SEP] [VAR1] >> dbo:product >> [ANS] [SEP] [VAR1] >> rdf:type >> dbo:Company"
translate question to dbpedia path: Question: Miguel de Cervantes wrote the musical extended from which book? | Entities possibly involved: dbr:Miguel_de_Cervantes,[VAR1] >> dbo:author >> dbr:Miguel_de_Cervantes [SEP] [VAR1] >> dbo:basedOn >> [ANS] [SEP] [VAR1] >> rdf:type >> dbo:Musical
"translate question to dbpedia path: Question: Which city amongst the one which belongs to Boundary Dam was the palce for Soccer Bowl '76 ? | Entities possibly involved: dbr:Boundary_Dam, dbr:Soccer_Bowl_'76",dbr:Boundary_Dam >> dbp:owner >> [ANS] [SEP] dbr:Soccer_Bowl_'76 >> dbo:city >> [ANS]
"translate question to dbpedia path: Question: Which employer of Manu Cornet has alsoe written Google.by ? | Entities possibly involved: dbr:Manu_Cornet, dbr:Google.by",dbr:Google.by >> dbo:author >> [ANS] [SEP] dbr:Manu_Cornet >> dbp:employer >> [ANS]
translate question to dbpedia path: Question: Who had headed the governmental agencies whose admin HQ was in Niederkirchnerstrasse? | Entities possibly involved: dbr:Niederkirchnerstraße,[VAR1] >> dbo:headquarter >> dbr:Niederkirchnerstraße [SEP] [VAR1] >> dbo:leader >> [ANS] [SEP] [VAR1] >> rdf:type >> dbo:GovernmentAgency
translate question to dbpedia path: Question: Where does the Kentucky cycle take place? | Entities possibly involved: dbr:The_Kentucky_Cycle,dbr:The_Kentucky_Cycle >> dbp:place >> [ANS]
"translate question to dbpedia path: Question: Was Johnny Depp a member of Skull Gang? | Entities possibly involved: dbr:Johnny_Depp, dbr:Skull_Gang",ASK >> dbr:Skull_Gang >> dbo:bandMember >> dbr:Johnny_Depp
translate question to dbpedia path: Question: Count the number of fileds of the scientist whose one of the interest is Chinese poetry ? | Entities possibly involved: dbr:Chinese_poetry,COUNT >> [VAR1] >> dbp:fields >> [ANS] [SEP] [VAR1] >> dbp:fields >> dbr:Chinese_poetry
translate question to dbpedia path: Question: What organisations purpose is Peace? | Entities possibly involved: dbr:Peace,[ANS] >> dbp:purpose >> dbr:Peace [SEP] [ANS] >> rdf:type >> dbo:Organisation
translate question to dbpedia path: Question: In how many different teams have all those who have played as a defenceman been? | Entities possibly involved: dbr:Defenceman,COUNT >> [ANS] >> rdf:type >> dbo:SportsTeam [SEP] [VAR1] >> dbp:playedFor >> [ANS] [SEP] [VAR1] >> dbp:position >> dbr:Defenceman
translate question to dbpedia path: Question: How many teams have used the stadiums which have been rented by the Canadian Hockey team? | Entities possibly involved: dbr:Hockey_Canada,COUNT >> [VAR1] >> dbo:tenant >> dbr:Hockey_Canada [SEP] [VAR1] >> dbp:tenants >> [ANS]
translate question to dbpedia path: Question: How many teams have LA kings players in them currently? | Entities possibly involved: dbr:Los_Angeles_Kings,COUNT >> [ANS] >> rdf:type >> dbo:SportsTeam [SEP] [VAR1] >> dbo:formerTeam >> dbr:Los_Angeles_Kings [SEP] [VAR1] >> dbo:team >> [ANS]
"translate question to dbpedia path: Question: Is Hard Candy Fitness one of the divisions of Moscow? | Entities possibly involved: dbr:Hard_Candy_Fitness, dbr:Moscow",ASK >> dbr:Hard_Candy_Fitness >> dbp:divisions >> dbr:Moscow
translate question to dbpedia path: Question: What is the television show whose developer is J. Michael Straczynski? | Entities possibly involved: dbr:J._Michael_Straczynski,[ANS] >> dbo:developer >> dbr:J._Michael_Straczynski [SEP] [ANS] >> rdf:type >> dbo:TelevisionShow
"translate question to dbpedia path: Question: list the organisation with motive for peace and environmentalism? | Entities possibly involved: dbr:Peace, dbr:Environmentalism",[ANS] >> dbp:purpose >> dbr:Environmentalism [SEP] [ANS] >> dbp:purpose >> dbr:Peace [SEP] [ANS] >> rdf:type >> dbo:Organisation
translate question to dbpedia path: Question: What is the content license of Darcs ? | Entities possibly involved: dbr:Darcs,dbr:Darcs >> dbo:license >> [ANS]
"translate question to dbpedia path: Question: Is Truth prevails the national motto of Czechoslovakia? | Entities possibly involved: dbr:Truth_prevails, dbr:Czechoslovakia",ASK >> dbr:Czechoslovakia >> dbp:nationalMotto >> dbr:Truth_prevails
"translate question to dbpedia path: Question: Name a military unit whose command structure is United States Department of the Navy and garrison is Arlington County, Virginia? | Entities possibly involved: dbr:Arlington_County,_Virginia, dbr:United_States_Department_of_the_Navy","[ANS] >> dbo:commandStructure >> dbr:United_States_Department_of_the_Navy [SEP] [ANS] >> dbo:garrison >> dbr:Arlington_County,_Virginia [SEP] [ANS] >> rdf:type >> dbo:MilitaryUnit"
"translate question to dbpedia path: Question: Is Olyokma River the right tributary of Lena River? | Entities possibly involved: dbr:Olyokma_River, dbr:Lena_River",ASK >> dbr:Lena_River >> dbo:rightTributary >> dbr:Olyokma_River
translate question to dbpedia path: Question: What is the mascot of the alma mater of Deborah Crombie? | Entities possibly involved: dbr:Deborah_Crombie,[VAR1] >> dbp:mascot >> [ANS] [SEP] dbr:Deborah_Crombie >> dbo:almaMater >> [VAR1]
translate question to dbpedia path: Question: What is the resting place of the person who is the successor of James W. Hyatt ? | Entities possibly involved: dbr:James_W._Hyatt,[VAR1] >> dbo:restingPlace >> [ANS] [SEP] [VAR1] >> rdf:type >> dbo:Person [SEP] dbr:James_W._Hyatt >> dbp:successor >> [VAR1]
translate question to dbpedia path: Question: Who wrote the mangas produced by Masahike Minami? | Entities possibly involved: dbr:Masahiko_Minami,[VAR1] >> dbo:author >> [ANS] [SEP] [VAR1] >> dbp:producer >> dbr:Masahiko_Minami [SEP] [VAR1] >> rdf:type >> dbo:Manga
translate question to dbpedia path: Question: What is the mascot of military in Quezon city? | Entities possibly involved: dbr:Quezon_City,[VAR1] >> dbp:garrison >> dbr:Quezon_City [SEP] [VAR1] >> dbp:mascot >> [ANS] [SEP] [VAR1] >> rdf:type >> dbo:MilitaryUnit
"translate question to dbpedia path: Question: What all are in the states whose anthem is Ja, vi esker dette landet? | Entities possibly involved: dbr:Ja,_vi_elsker_dette_landet","[ANS] >> dbo:country >> [VAR1] [SEP] [VAR1] >> dbo:anthem >> dbr:Ja,_vi_elsker_dette_landet"
translate question to dbpedia path: Question: return some  players who have played in the NBA? | Entities possibly involved: dbr:National_Basketball_Association,[ANS] >> dbp:league >> dbr:National_Basketball_Association
"translate question to dbpedia path: Question: Name an airline with hub airports as Los Angeles International Airport and San Francisco International Airport? | Entities possibly involved: dbr:San_Francisco_International_Airport, dbr:Los_Angeles_International_Airport",[ANS] >> dbo:hubAirport >> dbr:Los_Angeles_International_Airport [SEP] [ANS] >> dbp:hubs >> dbr:San_Francisco_International_Airport [SEP] [ANS] >> rdf:type >> dbo:Airline
translate question to dbpedia path: Question: Give me a count on scientist who are known for garrison is Tennessee ? | Entities possibly involved: dbr:Tennessee,COUNT >> [ANS] >> dbp:knownFor >> [VAR1] [SEP] [ANS] >> rdf:type >> dbo:Scientist [SEP] [VAR1] >> dbo:garrison >> dbr:Tennessee
"translate question to dbpedia path: Question: Does Ronaldinho play in the brazil's under 23 team? | Entities possibly involved: dbr:Brazil_national_under-23_football_team, dbr:Ronaldinho",ASK >> dbr:Ronaldinho >> dbp:nationalteam >> dbr:Brazil_national_under-23_football_team
translate question to dbpedia path: Question: Who owns the bank where Fabio Mercurio works? | Entities possibly involved: dbr:Fabio_Mercurio,[VAR1] >> dbp:owner >> [ANS] [SEP] [VAR1] >> rdf:type >> dbo:Bank [SEP] dbr:Fabio_Mercurio >> dbp:institution >> [VAR1]
translate question to dbpedia path: Question: Who owns the horses which have won the Timeform award? | Entities possibly involved: dbr:Timeform,[VAR1] >> dbo:owner >> [ANS] [SEP] [VAR1] >> dbp:awards >> dbr:Timeform [SEP] [VAR1] >> rdf:type >> dbo:Horse
translate question to dbpedia path: Question: What are some fictional characters whose voice is in the peanuts movie? | Entities possibly involved: dbr:The_Peanuts_Movie,[ANS] >> dbo:voice >> dbr:The_Peanuts_Movie
translate question to dbpedia path: Question: How many people used to play for Toronto Argonauts? | Entities possibly involved: dbr:Toronto_Argonauts,COUNT >> [ANS] >> dbo:formerTeam >> dbr:Toronto_Argonauts
translate question to dbpedia path: Question: How many different people have been in any political seat in places which are under the Indian Standard timezone? | Entities possibly involved: dbr:Indian_Standard_Time,COUNT >> [VAR1] >> dbo:leaderName >> [ANS] [SEP] [VAR1] >> dbo:timeZone >> dbr:Indian_Standard_Time
"translate question to dbpedia path: Question: What is the national origin of Dornier Aerodyne and Hirth Acrostar ?; | Entities possibly involved: dbr:Dornier_Aerodyne, dbr:Hirth_Acrostar",dbr:Dornier_Aerodyne >> dbp:nationalOrigin >> [ANS] [SEP] dbr:Hirth_Acrostar >> dbo:origin >> [ANS]
"translate question to dbpedia path: Question: Was Class Conflict an interest of Karl Marx? | Entities possibly involved: dbr:Karl_Marx, dbr:Class_conflict",ASK >> dbr:Karl_Marx >> dbo:mainInterest >> dbr:Class_conflict
translate question to dbpedia path: Question: Count the tenants of the stadiums owned by toronto. | Entities possibly involved: dbr:Toronto,COUNT >> [VAR1] >> dbp:owner >> dbr:Toronto [SEP] [VAR1] >> dbp:tenants >> [ANS]
translate question to dbpedia path: Question: How many sports are played in organizations presided by Emanuel de Guzman? | Entities possibly involved: dbr:Emanuel_de_Guzman,COUNT >> [ANS] >> rdf:type >> dbo:Sport [SEP] [VAR1] >> dbo:president >> dbr:Emanuel_de_Guzman [SEP] [VAR1] >> dbo:sport >> [ANS]
translate question to dbpedia path: Question: What are the home stadiums of the things Leonid Fedun has been the chairman of? | Entities possibly involved: dbr:Leonid_Fedun,[VAR1] >> dbo:chairman >> dbr:Leonid_Fedun [SEP] [VAR1] >> dbo:homeStadium >> [ANS]
"translate question to dbpedia path: Question: Is Akan spoken in Ghana? | Entities possibly involved: dbr:Akan_language, dbr:Ghana",ASK >> dbr:Ghana >> dbp:languages >> dbr:Akan_language
translate question to dbpedia path: Question: Who acted in the work written by Colin Brake? | Entities possibly involved: dbr:Colin_Brake,[VAR1] >> dbp:starring >> [ANS] [SEP] [VAR1] >> dbp:writer >> dbr:Colin_Brake [SEP] [VAR1] >> rdf:type >> dbo:Work
"translate question to dbpedia path: Question: Is Robin Gibb the singer of Oh! Darling? | Entities possibly involved: dbr:Oh!_Darling, dbr:Robin_Gibb",ASK >> dbr:Oh!_Darling >> dbo:musicalArtist >> dbr:Robin_Gibb
translate question to dbpedia path: Question: What are some movies whose score is composed by relatives of Bodhi Elfman? | Entities possibly involved: dbr:Bodhi_Elfman,[ANS] >> dbp:music >> [VAR1] [SEP] [ANS] >> rdf:type >> dbo:Film [SEP] [VAR1] >> dbp:relatives >> dbr:Bodhi_Elfman
"translate question to dbpedia path: Question: Is the Chiva Bus by the Ford Motor Company? | Entities possibly involved: dbr:Ford_Motor_Company, dbr:Chiva_bus",ASK >> dbr:Chiva_bus >> dbo:automobilePlatform >> dbr:Ford_Motor_Company
translate question to dbpedia path: Question: List the series of the books whose author is K. W. Jeter. | Entities possibly involved: dbr:K._W._Jeter,[VAR1] >> dbo:series >> [ANS] [SEP] [VAR1] >> dbp:author >> dbr:K._W._Jeter [SEP] [VAR1] >> rdf:type >> dbo:Book
"translate question to dbpedia path: Question: What is the common university iof vanderbilt Commodores and also the college of hubert Wiggs ? | Entities possibly involved: dbr:Vanderbilt_Commodores, dbr:Hubert_Wiggs",dbr:Hubert_Wiggs >> dbo:college >> [ANS] [SEP] dbr:Vanderbilt_Commodores >> dbo:university >> [ANS]
translate question to dbpedia path: Question: How many sports are played at the university whose president is Emanuel de Guzman? | Entities possibly involved: dbr:Emanuel_de_Guzman,COUNT >> [ANS] >> rdf:type >> dbo:Sport [SEP] [VAR1] >> dbo:sport >> [ANS] [SEP] [VAR1] >> dbp:president >> dbr:Emanuel_de_Guzman
translate question to dbpedia path: Question: Give me the count of interests of the philosopher whose primary interest is Metaphysics ? | Entities possibly involved: dbr:Metaphysics,COUNT >> [VAR1] >> dbp:mainInterests >> [ANS] [SEP] [VAR1] >> dbp:mainInterests >> dbr:Metaphysics
translate question to dbpedia path: Question: How many people won the Gold Medal of the Royal Astronomical Society? | Entities possibly involved: dbr:Gold_Medal_of_the_Royal_Astronomical_Society,COUNT >> [ANS] >> dbp:prizes >> dbr:Gold_Medal_of_the_Royal_Astronomical_Society
"translate question to dbpedia path: Question: Was the Funky Lab Rat released in North America? | Entities possibly involved: dbr:North_America, dbr:Funky_Lab_Rat",ASK >> dbr:Funky_Lab_Rat >> dbp:released >> dbr:North_America
"translate question to dbpedia path: Question: What is the main common interests of the Philip Novak and Timothy Morton? | Entities possibly involved: dbr:Philip_Novak, dbr:Timothy_Morton",dbr:Philip_Novak >> dbp:mainInterests >> [ANS] [SEP] dbr:Timothy_Morton >> dbp:mainInterests >> [ANS]
translate question to dbpedia path: Question: How many members are there of the order of Bacillales? | Entities possibly involved: dbr:Bacillales,COUNT >> [ANS] >> dbo:order >> dbr:Bacillales
"translate question to dbpedia path: Question: Is Fluidinfo written in PostgreSQL language? | Entities possibly involved: dbr:Fluidinfo, dbr:PostgreSQL",ASK >> dbr:Fluidinfo >> dbp:programmingLanguage >> dbr:PostgreSQL
translate question to dbpedia path: Question: How many people work in the Massachusetts house of Representatives? | Entities possibly involved: dbr:Massachusetts_House_of_Representatives,COUNT >> [ANS] >> dbp:office >> dbr:Massachusetts_House_of_Representatives
translate question to dbpedia path: Question: Which countries came together to serve a greater purpose and founded South Asia Subregional Economic Cooperation? | Entities possibly involved: dbr:South_Asia_Subregional_Economic_Cooperation,dbr:South_Asia_Subregional_Economic_Cooperation >> dbp:membership >> [ANS]
translate question to dbpedia path: Question: Count the number of religions followed by Janta Dal members. | Entities possibly involved: dbr:Janata_Dal,COUNT >> [VAR1] >> dbo:religion >> [ANS] [SEP] [VAR1] >> dbp:party >> dbr:Janata_Dal
"translate question to dbpedia path: Question: Did Johann Gottfried Galle invent Neptune? | Entities possibly involved: dbr:Johann_Gottfried_Galle, dbr:Neptune",ASK >> dbr:Neptune >> dbp:discoverer >> dbr:Johann_Gottfried_Galle
"translate question to dbpedia path: Question: Where does Kafue and Shire river flow into? | Entities possibly involved: dbr:Kafue_River, dbr:Shire_River",dbr:Kafue_River >> dbo:riverMouth >> [ANS] [SEP] dbr:Shire_River >> dbo:riverMouth >> [ANS]
translate question to dbpedia path: Question: Through which label has Katy B released her singles? | Entities possibly involved: dbr:Katy_B,[VAR1] >> dbo:recordLabel >> [ANS] [SEP] [VAR1] >> dbo:writer >> dbr:Katy_B [SEP] [VAR1] >> rdf:type >> dbo:Single
translate question to dbpedia path: Question: List the teams for which Bobby Hoppe played ? | Entities possibly involved: dbr:Bobby_Hoppe,dbr:Bobby_Hoppe >> dbp:pastteams >> [ANS]
translate question to dbpedia path: Question: How many other characters are there of the plays which has a  characters name Joker (comics) ? | Entities possibly involved: dbr:Joker_(comics),COUNT >> [VAR1] >> dbp:characters >> [ANS] [SEP] [VAR1] >> dbp:characters >> dbr:Joker_(comics)
translate question to dbpedia path: Question: Who first ascented a mountain of Cathedral Peak (California) ? | Entities possibly involved: dbr:Cathedral_Peak_(California),dbr:Cathedral_Peak_(California) >> dbo:firstAscentPerson >> [ANS]
translate question to dbpedia path: Question: Which awards did the children of Erik Bergman won ? | Entities possibly involved: dbr:Erik_Bergman_(Lutheran_minister),[VAR1] >> dbp:awards >> [ANS] [SEP] dbr:Erik_Bergman_(Lutheran_minister) >> dbp:children >> [VAR1]
translate question to dbpedia path: Question: How many people are buried in the Mausoleum of Augustus? | Entities possibly involved: dbr:Mausoleum_of_Augustus,COUNT >> [ANS] >> dbp:placeOfBurial >> dbr:Mausoleum_of_Augustus
translate question to dbpedia path: Question: List the program genres of the sister stations of 97.1 WASH FM? | Entities possibly involved: dbr:WASH_(FM),[VAR1] >> dbo:programmeFormat >> [ANS] [SEP] dbr:WASH_(FM) >> dbp:sisterStations >> [VAR1]
translate question to dbpedia path: Question: Which team's players have played in the national hockey league? | Entities possibly involved: dbr:National_Hockey_League,[VAR1] >> dbo:team >> [ANS] [SEP] [VAR1] >> dbp:league >> dbr:National_Hockey_League [SEP] [VAR1] >> rdf:type >> dbo:Athlete
translate question to dbpedia path: Question: Where was James McClure born ? | Entities possibly involved: dbr:James_McClure_(table_tennis),dbr:James_McClure_(table_tennis) >> dbp:birthPlace >> [ANS]
translate question to dbpedia path: Question: Which labels signs up progressive rock bands? | Entities possibly involved: dbr:Progressive_rock,[VAR1] >> dbo:recordLabel >> [ANS] [SEP] [VAR1] >> dbp:genre >> dbr:Progressive_rock [SEP] [VAR1] >> rdf:type >> dbo:MusicalArtist
"translate question to dbpedia path: Question: Where does the railway tracks start, which ends in Kazan? | Entities possibly involved: dbr:Kazan",[VAR1] >> dbo:routeEnd >> dbr:Kazan [SEP] [VAR1] >> dbo:routeStart >> [ANS] [SEP] [VAR1] >> rdf:type >> dbo:RailwayLine
translate question to dbpedia path: Question: what are some devices made by asus? | Entities possibly involved: dbr:Asus,[ANS] >> dbo:manufacturer >> dbr:Asus [SEP] [ANS] >> rdf:type >> dbo:InformationAppliance
"translate question to dbpedia path: Question: Which former team of Franois Beauchemin does the Nathan Dempsey played for ? | Entities possibly involved: dbr:François_Beauchemin, dbr:Nathan_Dempsey",dbr:François_Beauchemin >> dbo:formerTeam >> [ANS] [SEP] dbr:Nathan_Dempsey >> dbp:playedFor >> [ANS]
"translate question to dbpedia path: Question: Give me a count of schools in Reading, Berkshire? | Entities possibly involved: dbr:Reading,_Berkshire","COUNT >> [ANS] >> dbo:city >> dbr:Reading,_Berkshire [SEP] [ANS] >> rdf:type >> dbo:School"
"translate question to dbpedia path: Question: Was Buzz Williams the headcoach of the Marquette Golden Eagles mens team? | Entities possibly involved: dbr:2013–14_Marquette_Golden_Eagles_men's_basketball_team, dbr:Buzz_Williams",ASK >> dbr:2013–14_Marquette_Golden_Eagles_men's_basketball_team >> dbp:headcoach >> dbr:Buzz_Williams
"translate question to dbpedia path: Question: List books authored by Miguel de Cervantes and published by Francisco de Robles ? | Entities possibly involved: dbr:Miguel_de_Cervantes, dbr:Francisco_de_Robles",[ANS] >> dbo:publisher >> dbr:Francisco_de_Robles [SEP] [ANS] >> dbp:author >> dbr:Miguel_de_Cervantes [SEP] [ANS] >> rdf:type >> dbo:Book
translate question to dbpedia path: Question: List down all notable works of Neil Cross ? | Entities possibly involved: dbr:Neil_Cross,dbr:Neil_Cross >> dbo:notableWork >> [ANS]
"translate question to dbpedia path: Question: Who are the parent  of the people that  has POD as Redding, Connecticut ? | Entities possibly involved: dbr:Redding,_Connecticut","[VAR1] >> dbo:deathPlace >> dbr:Redding,_Connecticut [SEP] [VAR1] >> dbo:parent >> [ANS]"
"translate question to dbpedia path: Question: Was saddam hussein at the rank of Mushir ever? | Entities possibly involved: dbr:Saddam_Hussein, dbr:Mushir",ASK >> dbr:Saddam_Hussein >> dbp:rank >> dbr:Mushir
translate question to dbpedia path: Question: What are the things Eric Schiller known for ? | Entities possibly involved: dbr:Eric_Schiller,dbr:Eric_Schiller >> dbo:knownFor >> [ANS]
translate question to dbpedia path: Question: How many venues are located in the US? | Entities possibly involved: dbr:United_States,COUNT >> [ANS] >> dbp:address >> dbr:United_States [SEP] [ANS] >> rdf:type >> dbo:Venue
translate question to dbpedia path: Question: What are some neighboring cities of cologny? | Entities possibly involved: dbr:Cologny,[ANS] >> dbp:neighboringMunicipalities >> dbr:Cologny
"translate question to dbpedia path: Question: Does Kirk Hammett play the Gibson Flying V? | Entities possibly involved: dbr:Kirk_Hammett, dbr:Gibson_Flying_V",ASK >> dbr:Kirk_Hammett >> dbo:instrument >> dbr:Gibson_Flying_V
translate question to dbpedia path: Question: Who are the people who died in a place architected by Jens Jensen | Entities possibly involved: dbr:Jens_Jensen_(landscape_architect),[ANS] >> dbo:deathPlace >> [VAR1] [SEP] [ANS] >> rdf:type >> dbo:Person [SEP] [VAR1] >> dbo:architect >> dbr:Jens_Jensen_(landscape_architect)
"translate question to dbpedia path: Question: Who has Kelly Osbourne and Ozzy Osbourne as relatives? | Entities possibly involved: dbr:Ozzy_Osbourne, dbr:Kelly_Osbourne",[ANS] >> dbo:relative >> dbr:Kelly_Osbourne [SEP] [ANS] >> dbo:relative >> dbr:Ozzy_Osbourne
"translate question to dbpedia path: Question: Name the television show whose company is HBO and Playtone? | Entities possibly involved: dbr:Playtone, dbr:HBO",[ANS] >> dbo:company >> dbr:HBO [SEP] [ANS] >> dbp:company >> dbr:Playtone [SEP] [ANS] >> rdf:type >> dbo:TelevisionShow
translate question to dbpedia path: Question: Who did Bruce Bochy play for ? | Entities possibly involved: dbr:Bruce_Bochy,dbr:Bruce_Bochy >> dbo:team >> [ANS]
translate question to dbpedia path: Question: Which political party got elected in First Legislative Assembly of Uttar Pradesh ? | Entities possibly involved: dbr:Martin_Crane,dbr:Martin_Crane >> dbp:children >> [ANS]
"translate question to dbpedia path: Question: What is the deathplace of the Anatoly Kharlampiyev which is also the death place of  Lyudmila Buldakova? | Entities possibly involved: dbr:Lyudmila_Buldakova, dbr:Anatoly_Kharlampiyev",dbr:Anatoly_Kharlampiyev >> dbp:deathPlace >> [ANS] [SEP] dbr:Lyudmila_Buldakova >> dbp:deathPlace >> [ANS]
"translate question to dbpedia path: Question: Is Tamera Mowry the former band member of Voices? | Entities possibly involved: dbr:Tamera_Mowry, dbr:Voices_(group)",ASK >> dbr:Voices_(group) >> dbo:formerBandMember >> dbr:Tamera_Mowry
translate question to dbpedia path: Question: List the actors of  Lucy Sullivan Is Getting Married? | Entities possibly involved: dbr:Lucy_Sullivan_Is_Getting_Married,dbr:Lucy_Sullivan_Is_Getting_Married >> dbp:starring >> [ANS]
translate question to dbpedia path: Question: How many people have worked in the band one of whose current member is Hynief? | Entities possibly involved: dbr:Hynief,COUNT >> [ANS] >> rdf:type >> dbo:Person [SEP] [VAR1] >> dbo:bandMember >> [ANS] [SEP] [VAR1] >> dbp:currentMembers >> dbr:Hynief
translate question to dbpedia path: Question: Enumerate all those who are in the Board of companies founded in New York? | Entities possibly involved: dbr:New_York,COUNT >> [ANS] >> dbo:board >> [VAR1] [SEP] [VAR1] >> dbp:foundation >> dbr:New_York
translate question to dbpedia path: Question: Murray Gold has composed music for how many things? | Entities possibly involved: dbr:Murray_Gold,COUNT >> [ANS] >> dbo:composer >> dbr:Murray_Gold
translate question to dbpedia path: Question: How many people have been presenters for NBC shows? | Entities possibly involved: dbr:NBC,COUNT >> [ANS] >> rdf:type >> dbo:Person [SEP] [VAR1] >> dbo:channel >> dbr:NBC [SEP] [VAR1] >> dbp:presenter >> [ANS]
"translate question to dbpedia path: Question: Who is the compiler of British Gazette whose prime minister is also Peter Thorneycroft ? | Entities possibly involved: dbr:British_Gazette, dbr:Peter_Thorneycroft",dbr:British_Gazette >> dbp:editor >> [ANS] [SEP] dbr:Peter_Thorneycroft >> dbp:primeminister >> [ANS]
translate question to dbpedia path: Question: Name the states which have been billed by the wrestlers who has also billed Georgia ? | Entities possibly involved: dbr:Georgia_(U.S._state),[VAR1] >> dbp:billed >> [ANS] [SEP] [VAR1] >> dbp:billed >> dbr:Georgia_(U.S._state) [SEP] [VAR1] >> rdf:type >> dbo:Wrestler
"translate question to dbpedia path: Question: Is Grand Bahama lie in the achipelago of the bahamas? | Entities possibly involved: dbr:The_Bahamas, dbr:Grand_Bahama",ASK >> dbr:Grand_Bahama >> dbp:archipelago >> dbr:The_Bahamas
"translate question to dbpedia path: Question: Is Michael Schumacher the first driver of the 1994 grand prix? | Entities possibly involved: dbr:Michael_Schumacher, dbr:1994_Hungarian_Grand_Prix",ASK >> dbr:1994_Hungarian_Grand_Prix >> dbp:firstDriver >> dbr:Michael_Schumacher
translate question to dbpedia path: Question: What are the books written by authors who died in Madrid? | Entities possibly involved: dbr:Madrid,[ANS] >> dbp:author >> [VAR1] [SEP] [ANS] >> rdf:type >> dbo:Book [SEP] [VAR1] >> dbo:restingPlace >> dbr:Madrid
translate question to dbpedia path: Question: Count the number of broadcast area of the TV stations which serves in Agalga ? | Entities possibly involved: dbr:Agaléga,COUNT >> [VAR1] >> dbo:broadcastArea >> dbr:Agaléga [SEP] [VAR1] >> dbp:broadcastArea >> [ANS]
translate question to dbpedia path: Question: Name the movies writtten by the group Monty Python ? | Entities possibly involved: dbr:Monty_Python,[ANS] >> dbp:writer >> dbr:Monty_Python [SEP] [ANS] >> rdf:type >> dbo:Film
translate question to dbpedia path: Question: Where is Lao Plaza Hotel located? | Entities possibly involved: dbr:Lao_Plaza_Hotel,dbr:Lao_Plaza_Hotel >> dbp:developer >> [ANS]
"translate question to dbpedia path: Question: Was Walt Disney the cinematographer of Mickey's Mellerdrammer? | Entities possibly involved: dbr:Mickey's_Mellerdrammer, dbr:Walt_Disney",ASK >> dbr:Mickey's_Mellerdrammer >> dbp:cinematography >> dbr:Walt_Disney
"translate question to dbpedia path: Question: Which mainter of Pandaruan Bridge is also the land of Malaysia junior Hockey league ? | Entities possibly involved: dbr:Malaysia_Junior_Hockey_League, dbr:Pandaruan_Bridge",dbr:Malaysia_Junior_Hockey_League >> dbo:country >> [ANS] [SEP] dbr:Pandaruan_Bridge >> dbo:maintainedBy >> [ANS]
translate question to dbpedia path: Question: What is the profession of William Luther Hill ? | Entities possibly involved: dbr:William_Luther_Hill,dbr:William_Luther_Hill >> dbo:profession >> [ANS]
translate question to dbpedia path: Question: Name all the hubs of the airlines whose one of the hubs is Selangir ? | Entities possibly involved: dbr:Selangor,[VAR1] >> dbp:hubs >> [ANS] [SEP] [VAR1] >> dbp:hubs >> dbr:Selangor [SEP] [VAR1] >> rdf:type >> dbo:Airline
translate question to dbpedia path: Question: How many other school are there of the rugby players whose school is Michaelhouse ? | Entities possibly involved: dbr:Michaelhouse,COUNT >> [VAR1] >> dbo:school >> dbr:Michaelhouse [SEP] [VAR1] >> dbp:school >> [ANS]
translate question to dbpedia path: Question: What are the films whose atleast one cast member died due to Colorectal cancer? | Entities possibly involved: dbr:Colorectal_cancer,[ANS] >> dbp:starring >> [VAR1] [SEP] [ANS] >> rdf:type >> dbo:Film [SEP] [VAR1] >> dbo:deathCause >> dbr:Colorectal_cancer
translate question to dbpedia path: Question: Who is the President of United World College of Costa Rica ? | Entities possibly involved: dbr:United_World_College_of_Costa_Rica,dbr:United_World_College_of_Costa_Rica >> dbp:president >> [ANS]
translate question to dbpedia path: Question: Which city has it's landmark as Cheasty Boulevard South? | Entities possibly involved: dbr:Cheasty_Boulevard_South,dbr:Cheasty_Boulevard_South >> dbo:maintainedBy >> [ANS]
translate question to dbpedia path: Question: List down the opponents of Frank Stilwell? | Entities possibly involved: dbr:Frank_Stilwell,dbr:Frank_Stilwell >> dbo:opponent >> [ANS]
"translate question to dbpedia path: Question: Name the movie whose director is Ridley Scott and it's music composer is Vangelis? | Entities possibly involved: dbr:Vangelis, dbr:Ridley_Scott",[ANS] >> dbo:musicComposer >> dbr:Vangelis [SEP] [ANS] >> dbp:director >> dbr:Ridley_Scott [SEP] [ANS] >> rdf:type >> dbo:Film
translate question to dbpedia path: Question: Where is Bogobiri House located ? | Entities possibly involved: dbr:Bogobiri_House,dbr:Bogobiri_House >> dbp:locationCity >> [ANS]
translate question to dbpedia path: Question: Who is the writer of Neverwhere (radio play) ? | Entities possibly involved: dbr:Neverwhere_(radio_play),dbr:Neverwhere_(radio_play) >> dbo:writer >> [ANS]
translate question to dbpedia path: Question: How many other key people are there of the non-profit organisations whose key people is Hillary Clinton ? | Entities possibly involved: dbr:Hillary_Clinton,COUNT >> [VAR1] >> dbp:keyPeople >> [ANS] [SEP] [VAR1] >> dbp:keyPeople >> dbr:Hillary_Clinton
translate question to dbpedia path: Question: List the stadium of the teams which uses Nea Smyrni  as one of the stadium ? | Entities possibly involved: dbr:Nea_Smyrni_Stadium,[VAR1] >> dbp:stadium >> [ANS] [SEP] [VAR1] >> dbp:stadium >> dbr:Nea_Smyrni_Stadium
translate question to dbpedia path: Question: How many currencies are in used in places where people speak French? | Entities possibly involved: dbr:French_language,COUNT >> [ANS] >> rdf:type >> dbo:Currency [SEP] [VAR1] >> dbo:currency >> [ANS] [SEP] [VAR1] >> dbo:officialLanguage >> dbr:French_language
translate question to dbpedia path: Question: Which football managers managed Middlesbrough F.C.? | Entities possibly involved: dbr:Middlesbrough_F.C.,[ANS] >> dbo:managerClub >> dbr:Middlesbrough_F.C.
translate question to dbpedia path: Question: How many factions were involved in the battles fought by Arthur St. Clair? | Entities possibly involved: dbr:Arthur_St._Clair,COUNT >> [VAR1] >> dbp:combatant >> [ANS] [SEP] dbr:Arthur_St._Clair >> dbp:battles >> [VAR1]
translate question to dbpedia path: Question: Count the number of ingredient of the foods which have one of the ingredient is Pork ? | Entities possibly involved: dbr:Pork,COUNT >> [VAR1] >> dbo:ingredient >> [ANS] [SEP] [VAR1] >> dbo:ingredient >> dbr:Pork
translate question to dbpedia path: Question: Who were the narrators of the albums which had Ringo Starr as one of the narrator ? | Entities possibly involved: dbr:Ringo_Starr,[VAR1] >> dbp:narrated >> [ANS] [SEP] [VAR1] >> dbp:narrated >> dbr:Ringo_Starr [SEP] [VAR1] >> rdf:type >> dbo:Album
translate question to dbpedia path: Question: How many people have played for the ones who own the stadium of Bankers Life Fieldhouse? | Entities possibly involved: dbr:Bankers_Life_Fieldhouse,COUNT >> [ANS] >> dbp:team >> [VAR1] [SEP] [VAR1] >> dbp:arena >> dbr:Bankers_Life_Fieldhouse
translate question to dbpedia path: Question: List the newspapers whose headquarters's time zone is Central European Summer Time. | Entities possibly involved: dbr:Central_European_Summer_Time,[ANS] >> dbp:headquarters >> [VAR1] [SEP] [ANS] >> rdf:type >> dbo:Newspaper [SEP] [VAR1] >> dbo:timeZone >> dbr:Central_European_Summer_Time
translate question to dbpedia path: Question: Count all american football players whose former team owns Lucas Oil Stadium ? | Entities possibly involved: dbr:Lucas_Oil_Stadium,COUNT >> [ANS] >> dbo:formerTeam >> [VAR1] [SEP] [ANS] >> rdf:type >> dbo:AmericanFootballPlayer [SEP] [VAR1] >> dbp:city >> dbr:Lucas_Oil_Stadium
translate question to dbpedia path: Question: What are the academic interests of the advisor of Paul Demiville ? | Entities possibly involved: dbr:Paul_Demiéville,[VAR1] >> dbp:fields >> [ANS] [SEP] dbr:Paul_Demiéville >> dbo:academicAdvisor >> [VAR1]
translate question to dbpedia path: Question: Which awards are presented by Swedish Academy? | Entities possibly involved: dbr:Swedish_Academy,[ANS] >> dbo:presenter >> dbr:Swedish_Academy [SEP] [ANS] >> rdf:type >> dbo:Award
translate question to dbpedia path: Question: Name the university whose teams have been managed by Albertin Montoya? | Entities possibly involved: dbr:Albertin_Montoya,[VAR1] >> dbo:university >> [ANS] [SEP] [VAR1] >> rdf:type >> dbo:SportsTeam [SEP] dbr:Albertin_Montoya >> dbp:managerclubs >> [VAR1]
translate question to dbpedia path: Question: what are some journals of academic Philosophy | Entities possibly involved: dbr:Philosophy,[ANS] >> dbp:discipline >> dbr:Philosophy
translate question to dbpedia path: Question: Where did the conflict take place where Liu Mingchuan fought? | Entities possibly involved: dbr:Liu_Mingchuan,[VAR1] >> dbo:territory >> [ANS] [SEP] dbr:Liu_Mingchuan >> dbp:battles >> [VAR1]
"translate question to dbpedia path: Question: What is the official residence of the Lula J. Davis which is also the death location of the John McTaggart (jockey) ? | Entities possibly involved: dbr:John_McTaggart_(jockey), dbr:Lula_J._Davis",dbr:John_McTaggart_(jockey) >> dbo:deathPlace >> [ANS] [SEP] dbr:Lula_J._Davis >> dbo:residence >> [ANS]
translate question to dbpedia path: Question: To which series does the character of Londo Mollari belong? | Entities possibly involved: dbr:Londo_Mollari,dbr:Londo_Mollari >> dbo:series >> [ANS]
translate question to dbpedia path: Question: What company's leader is Edwin Catmull? | Entities possibly involved: dbr:Edwin_Catmull,[ANS] >> dbp:keyPeople >> dbr:Edwin_Catmull [SEP] [ANS] >> rdf:type >> dbo:Company
translate question to dbpedia path: Question: How many different layouts do cars designed by Oliver Boulay have? | Entities possibly involved: dbr:Olivier_Boulay,COUNT >> [VAR1] >> dbo:layout >> [ANS] [SEP] [VAR1] >> dbp:designer >> dbr:Olivier_Boulay
translate question to dbpedia path: Question: What is the type of Naval Station Bremerton ? | Entities possibly involved: dbr:Naval_Station_Bremerton,dbr:Naval_Station_Bremerton >> dbp:type >> [ANS]
"translate question to dbpedia path: Question: Name the  borough of the Bordesley railway station which is also the route end of the Birmingham and Oxford Junction Railway? | Entities possibly involved: dbr:Bordesley_railway_station, dbr:Birmingham_and_Oxford_Junction_Railway",dbr:Birmingham_and_Oxford_Junction_Railway >> dbo:routeEnd >> [ANS] [SEP] dbr:Bordesley_railway_station >> dbp:borough >> [ANS]
translate question to dbpedia path: Question: What are some movies written by British writers? | Entities possibly involved: dbr:British_people,[ANS] >> dbo:writer >> [VAR1] [SEP] [ANS] >> rdf:type >> dbo:Film [SEP] [VAR1] >> dbo:nationality >> dbr:British_people
"translate question to dbpedia path: Question: Was Michael Schumacher a pole driver in the 1999 GP? | Entities possibly involved: dbr:1999_Japanese_Grand_Prix, dbr:Michael_Schumacher",ASK >> dbr:1999_Japanese_Grand_Prix >> dbp:poleDriver >> dbr:Michael_Schumacher
translate question to dbpedia path: Question: Count the number of artists who trained at the San Francisco Art Institute? | Entities possibly involved: dbr:San_Francisco_Art_Institute,COUNT >> [ANS] >> dbp:training >> dbr:San_Francisco_Art_Institute [SEP] [ANS] >> rdf:type >> dbo:Artist
"translate question to dbpedia path: Question: What tv shows were born out of a collaboration of playtone and dreamworks? | Entities possibly involved: dbr:Playtone, dbr:DreamWorks_Television",[ANS] >> dbo:company >> dbr:DreamWorks_Television [SEP] [ANS] >> dbo:company >> dbr:Playtone [SEP] [ANS] >> rdf:type >> dbo:TelevisionShow
"translate question to dbpedia path: Question: Is Ethics the main interests of Henry David Thoreau? | Entities possibly involved: dbr:Ethics, dbr:Henry_David_Thoreau",ASK >> dbr:Henry_David_Thoreau >> dbp:mainInterests >> dbr:Ethics
"translate question to dbpedia path: Question: Was Elizabeth Ann Seton canonized by Pope Paul VI? | Entities possibly involved: dbr:Elizabeth_Ann_Seton, dbr:Pope_Paul_VI",ASK >> dbr:Elizabeth_Ann_Seton >> dbp:canonizedBy >> dbr:Pope_Paul_VI
translate question to dbpedia path: Question: List the leaders of the government agencies whose jurisdiction was German-occupied Europe. | Entities possibly involved: dbr:German-occupied_Europe,[VAR1] >> dbo:jurisdiction >> dbr:German-occupied_Europe [SEP] [VAR1] >> dbo:leader >> [ANS] [SEP] [VAR1] >> rdf:type >> dbo:GovernmentAgency
translate question to dbpedia path: Question: List the cast member of the movies whose producer is Mark Johnson. | Entities possibly involved: dbr:Mark_Johnson_(producer),[VAR1] >> dbo:producer >> dbr:Mark_Johnson_(producer) [SEP] [VAR1] >> dbo:starring >> [ANS] [SEP] [VAR1] >> rdf:type >> dbo:Film
"translate question to dbpedia path: Question: Which city was designed by saleen Pator which is also the birht location of Jimmy Diggs ? | Entities possibly involved: dbr:Jimmy_Diggs, dbr:Saleen_S5S_Raptor",dbr:Jimmy_Diggs >> dbo:birthPlace >> [ANS] [SEP] dbr:Saleen_S5S_Raptor >> dbp:designer >> [ANS]
translate question to dbpedia path: Question: Name the nearest city to  Lake Victoria? | Entities possibly involved: dbr:Lake_Victoria,dbr:Lake_Victoria >> dbo:nearestCity >> [ANS]
"translate question to dbpedia path: Question: Was Gareth Southgate a manager of Middlesbrough F.C.? | Entities possibly involved: dbr:Middlesbrough_F.C., dbr:Gareth_Southgate",ASK >> dbr:Gareth_Southgate >> dbp:managerclubs >> dbr:Middlesbrough_F.C.
translate question to dbpedia path: Question: What is the total number of  builder of the military structures whose builder is also United States? | Entities possibly involved: dbr:United_States,COUNT >> [VAR1] >> dbo:builder >> [ANS] [SEP] [VAR1] >> dbo:builder >> dbr:United_States
translate question to dbpedia path: Question: Tell me the total number of organizations who maintain the bridges made by the malaysian PWD? | Entities possibly involved: dbr:Malaysian_Public_Works_Department,COUNT >> [ANS] >> rdf:type >> dbo:Organisation [SEP] [VAR1] >> dbo:maintainedBy >> [ANS] [SEP] [VAR1] >> dbp:designer >> dbr:Malaysian_Public_Works_Department
translate question to dbpedia path: Question: How many shows does HBO have? | Entities possibly involved: dbr:HBO,COUNT >> [ANS] >> dbo:company >> dbr:HBO [SEP] [ANS] >> rdf:type >> dbo:TelevisionShow
translate question to dbpedia path: Question: How many people have been canonized by Pope Benedict XVI? | Entities possibly involved: dbr:Pope_Benedict_XVI,COUNT >> [ANS] >> dbp:canonizedBy >> dbr:Pope_Benedict_XVI
translate question to dbpedia path: Question: Bud Adams owns which american football team? | Entities possibly involved: dbr:Bud_Adams,[ANS] >> dbo:owner >> dbr:Bud_Adams [SEP] [ANS] >> rdf:type >> dbo:AmericanFootballTeam
translate question to dbpedia path: Question: Whose work is in the Musee d'orsay? | Entities possibly involved: dbr:Musée_d'Orsay,[VAR1] >> dbp:artist >> [ANS] [SEP] [VAR1] >> dbp:museum >> dbr:Musée_d'Orsay [SEP] [VAR1] >> rdf:type >> dbo:Artwork
"translate question to dbpedia path: Question: For which team did both Butch Metzger and Brian Horwitz debuted ? | Entities possibly involved: dbr:Butch_Metzger, dbr:Brian_Horwitz",dbr:Brian_Horwitz >> dbo:debutTeam >> [ANS] [SEP] dbr:Butch_Metzger >> dbo:debutTeam >> [ANS]
"translate question to dbpedia path: Question: Does the Sicklefin lemon shark belong in the animal kingdom? | Entities possibly involved: dbr:Animal, dbr:Sicklefin_lemon_shark",ASK >> dbr:Sicklefin_lemon_shark >> dbo:kingdom >> dbr:Animal
"translate question to dbpedia path: Question: Does the stylistic origins of Plena lie in the Caribbean? | Entities possibly involved: dbr:Plena, dbr:Caribbean",ASK >> dbr:Plena >> dbp:stylisticOrigins >> dbr:Caribbean
translate question to dbpedia path: Question: What are the famous Uni Toronto scientists known for? | Entities possibly involved: dbr:University_of_Toronto,[VAR1] >> dbo:almaMater >> dbr:University_of_Toronto [SEP] [VAR1] >> dbo:knownFor >> [ANS] [SEP] [VAR1] >> rdf:type >> dbo:Scientist
translate question to dbpedia path: Question: How many books have been penned by Miguel de Cervantes? | Entities possibly involved: dbr:Miguel_de_Cervantes,COUNT >> [ANS] >> dbo:author >> dbr:Miguel_de_Cervantes [SEP] [ANS] >> rdf:type >> dbo:Book
translate question to dbpedia path: Question: Count the band members of Skull Gang? | Entities possibly involved: dbr:Skull_Gang,COUNT >> [ANS] >> rdf:type >> dbo:Person [SEP] dbr:Skull_Gang >> dbo:bandMember >> [ANS]
translate question to dbpedia path: Question: In which teams have league members of the Czech Extraliga played previously? | Entities possibly involved: dbr:Czech_Extraliga,[VAR1] >> dbo:formerTeam >> [ANS] [SEP] [VAR1] >> dbp:league >> dbr:Czech_Extraliga
translate question to dbpedia path: Question: Which country's people have graduated from Ghana School of Law? | Entities possibly involved: dbr:Ghana_School_of_Law,[VAR1] >> dbo:nationality >> [ANS] [SEP] [VAR1] >> dbp:almaMater >> dbr:Ghana_School_of_Law [SEP] [VAR1] >> rdf:type >> dbo:Person
translate question to dbpedia path: Question: In which cities were the chess grand masters born? | Entities possibly involved: dbr:Grandmaster_(chess),[VAR1] >> dbo:birthPlace >> [ANS] [SEP] [VAR1] >> dbp:title >> dbr:Grandmaster_(chess)
"translate question to dbpedia path: Question: Which  siler medalist of the Tennis at the 2012 Summer Olympics  Men's singles was also the  flagbearer of the Switzerland at the 2008 Summer Olympics | Entities possibly involved: dbr:Switzerland_at_the_2008_Summer_Olympics, dbr:Tennis_at_the_2012_Summer_Olympics_–_Men's_singles",dbr:Switzerland_at_the_2008_Summer_Olympics >> dbp:flagbearer >> [ANS] [SEP] dbr:Tennis_at_the_2012_Summer_Olympics_–_Men's_singles >> dbo:silverMedalist >> [ANS]
translate question to dbpedia path: Question: How many bands are based in London? | Entities possibly involved: dbr:London,COUNT >> [ANS] >> dbo:hometown >> dbr:London [SEP] [ANS] >> rdf:type >> dbo:Band
translate question to dbpedia path: Question: Name few TV shows aired by Prime Time Entertainment Network? | Entities possibly involved: dbr:Prime_Time_Entertainment_Network,[ANS] >> dbo:network >> dbr:Prime_Time_Entertainment_Network [SEP] [ANS] >> rdf:type >> dbo:TelevisionShow
translate question to dbpedia path: Question: WHo gave the lyrcis of Doonesbury ? | Entities possibly involved: dbr:Doonesbury_(musical),dbr:Doonesbury_(musical) >> dbo:lyrics >> [ANS]
"translate question to dbpedia path: Question: Which things have been located, where governance is Houston City Council? | Entities possibly involved: dbr:Houston_City_Council",[ANS] >> dbo:location >> [VAR1] [SEP] [VAR1] >> dbp:governingBody >> dbr:Houston_City_Council
"translate question to dbpedia path: Question: Who are the parents of  Charles Phelps Taft II and Robert A. Taft? | Entities possibly involved: dbr:Robert_A._Taft, dbr:Charles_Phelps_Taft_II",[ANS] >> dbo:child >> dbr:Charles_Phelps_Taft_II [SEP] [ANS] >> dbo:child >> dbr:Robert_A._Taft
translate question to dbpedia path: Question: How many prime ministers did the predecessor of Duncan Sandys  serve? | Entities possibly involved: dbr:Duncan_Sandys,COUNT >> [VAR1] >> dbp:primeminister >> [ANS] [SEP] dbr:Duncan_Sandys >> dbp:successor >> [VAR1]
translate question to dbpedia path: Question: Name the city served by Juhu Aerodrome ? | Entities possibly involved: dbr:Juhu_Aerodrome,dbr:Juhu_Aerodrome >> dbp:cityServed >> [ANS]
translate question to dbpedia path: Question: List the notable works of the writer of The Tony Randall Show ? | Entities possibly involved: dbr:The_Tony_Randall_Show,[VAR1] >> dbo:notableWork >> [ANS] [SEP] dbr:The_Tony_Randall_Show >> dbp:writer >> [VAR1]
translate question to dbpedia path: Question: How many cars succeed the cars assembled in Canada? | Entities possibly involved: dbr:Canada,COUNT >> [ANS] >> rdf:type >> dbo:Automobile [SEP] [VAR1] >> dbo:predecessor >> [ANS] [SEP] [VAR1] >> dbp:assembly >> dbr:Canada
translate question to dbpedia path: Question: Where has the employee of Columbia Records  worked ? | Entities possibly involved: dbr:Columbia_Records,[VAR1] >> dbo:employer >> [ANS] [SEP] [VAR1] >> dbo:employer >> dbr:Columbia_Records
translate question to dbpedia path: Question: Name the products of Den norske Bank ? | Entities possibly involved: dbr:Den_norske_Bank,dbr:Den_norske_Bank >> dbp:products >> [ANS]
translate question to dbpedia path: Question: In how many places have people canonized by John Paul II died? | Entities possibly involved: dbr:Pope_John_Paul_II,COUNT >> [ANS] >> rdf:type >> dbo:Place [SEP] [VAR1] >> dbp:canonizedBy >> dbr:Pope_John_Paul_II [SEP] [VAR1] >> dbp:deathPlace >> [ANS]
"translate question to dbpedia path: Question: Is the Bucyrus MT6300AC assembled in north america? | Entities possibly involved: dbr:Bucyrus_MT6300AC, dbr:North_America",ASK >> dbr:Bucyrus_MT6300AC >> dbp:assembly >> dbr:North_America
translate question to dbpedia path: Question: Which rivers flow into the lower manhatten? | Entities possibly involved: dbr:Lower_Manhattan,[ANS] >> dbo:mouthMountain >> dbr:Lower_Manhattan
translate question to dbpedia path: Question: Who is the founder of Pittsburgh ? | Entities possibly involved: dbr:Pittsburgh,dbr:Pittsburgh >> dbo:founder >> [ANS]
translate question to dbpedia path: Question: What are the airlines whose hub is San Francisco International Airport? | Entities possibly involved: dbr:San_Francisco_International_Airport,[ANS] >> dbp:hubs >> dbr:San_Francisco_International_Airport [SEP] [ANS] >> rdf:type >> dbo:Airline
"translate question to dbpedia path: Question: Was 2658 Gingerich invented in Harvard? | Entities possibly involved: dbr:Harvard_College, dbr:2658_Gingerich",ASK >> dbr:2658_Gingerich >> dbo:discoverer >> dbr:Harvard_College
translate question to dbpedia path: Question: Count all the shows whose music composers are in Oysterhead. | Entities possibly involved: dbr:Oysterhead,COUNT >> [ANS] >> dbp:themeMusicComposer >> [VAR1] [SEP] [ANS] >> rdf:type >> dbo:TelevisionShow [SEP] [VAR1] >> dbo:associatedMusicalArtist >> dbr:Oysterhead
translate question to dbpedia path: Question: How many other architect are there of the historic places whose architect is also Stanford White ? | Entities possibly involved: dbr:Stanford_White,COUNT >> [VAR1] >> dbo:architect >> [ANS] [SEP] [VAR1] >> dbo:architect >> dbr:Stanford_White
"translate question to dbpedia path: Question: What is the alma mater of the Marshall Fletcher McCallie and has affiliation with  Vanderbilt University Medical Center ? | Entities possibly involved: dbr:Vanderbilt_University_Medical_Center, dbr:Marshall_Fletcher_McCallie",dbr:Marshall_Fletcher_McCallie >> dbp:almaMater >> [ANS] [SEP] dbr:Vanderbilt_University_Medical_Center >> dbp:affiliation >> [ANS]
"translate question to dbpedia path: Question: Does the Amazon River start in Arequipa Region? | Entities possibly involved: dbr:Arequipa_Region, dbr:Amazon_River",ASK >> dbr:Amazon_River >> dbp:sourceRegion >> dbr:Arequipa_Region
"translate question to dbpedia path: Question: Is San Salvador Island a part of the Bahamas? | Entities possibly involved: dbr:The_Bahamas, dbr:San_Salvador_Island",ASK >> dbr:San_Salvador_Island >> dbo:archipelago >> dbr:The_Bahamas
translate question to dbpedia path: Question: Which companies published Super Mario Adventures? | Entities possibly involved: dbr:Super_Mario_Adventures,dbr:Super_Mario_Adventures >> dbp:publisher >> [ANS]
"translate question to dbpedia path: Question: Which artist of Madagascar: Operation Penguin is also the writer of He's a Pirate ? | Entities possibly involved: dbr:Madagascar:_Operation_Penguin, dbr:He's_a_Pirate",dbr:He's_a_Pirate >> dbp:writer >> [ANS] [SEP] dbr:Madagascar:_Operation_Penguin >> dbp:artist >> [ANS]
translate question to dbpedia path: Question: Where was the designer of REP Parasol born? | Entities possibly involved: dbr:REP_Parasol,[VAR1] >> dbo:birthPlace >> [ANS] [SEP] dbr:REP_Parasol >> dbo:designer >> [VAR1]
translate question to dbpedia path: Question: How many cars are the predecessor of cars similar to the Pontiac G8? | Entities possibly involved: dbr:Pontiac_G8,COUNT >> [VAR1] >> dbo:predecessor >> [ANS] [SEP] [VAR1] >> rdf:type >> dbo:Automobile [SEP] dbr:Pontiac_G8 >> dbo:relatedMeanOfTransportation >> [VAR1]
translate question to dbpedia path: Question: From how many different places have participants of Breeders's Cup Turf come? | Entities possibly involved: dbr:Breeders'_Cup_Turf,COUNT >> [VAR1] >> dbp:birthPlace >> [ANS] [SEP] [VAR1] >> dbp:race >> dbr:Breeders'_Cup_Turf
translate question to dbpedia path: Question: How many movies were cinematographed by Jordan Cronenweth? | Entities possibly involved: dbr:Jordan_Cronenweth,COUNT >> [ANS] >> dbo:cinematography >> dbr:Jordan_Cronenweth [SEP] [ANS] >> rdf:type >> dbo:Film
translate question to dbpedia path: Question: Who is the famous relative of Kelly Osbourne? | Entities possibly involved: dbr:Kelly_Osbourne,[ANS] >> dbp:relatives >> dbr:Kelly_Osbourne
translate question to dbpedia path: Question: In how many different stadiums are the seasons of the 2015 NA Soccer league held? | Entities possibly involved: dbr:2015_North_American_Soccer_League_season,COUNT >> [ANS] >> rdf:type >> dbo:Stadium [SEP] [VAR1] >> dbo:ground >> [ANS] [SEP] [VAR1] >> dbo:league >> dbr:2015_North_American_Soccer_League_season
translate question to dbpedia path: Question: What teams have Avangard Omsk's players played for? | Entities possibly involved: dbr:Avangard_Omsk,[VAR1] >> dbo:formerTeam >> [ANS] [SEP] [VAR1] >> dbp:playedFor >> dbr:Avangard_Omsk
translate question to dbpedia path: Question: How many athletic associations are there in all of the private universities? | Entities possibly involved: dbr:Private_university,COUNT >> [VAR1] >> dbp:athletics >> [ANS] [SEP] [VAR1] >> dbp:type >> dbr:Private_university
translate question to dbpedia path: Question: In which cities can i find drinks similar to the IBC root beer? | Entities possibly involved: dbr:IBC_Root_Beer,[VAR1] >> dbo:related >> dbr:IBC_Root_Beer [SEP] [VAR1] >> dbp:locationCity >> [ANS] [SEP] [VAR1] >> rdf:type >> dbo:Beverage
"translate question to dbpedia path: Question: Is Queen Latifah associated with Afrika Baby Bam? | Entities possibly involved: dbr:Queen_Latifah, dbr:Afrika_Baby_Bam",ASK >> dbr:Afrika_Baby_Bam >> dbo:associatedBand >> dbr:Queen_Latifah
translate question to dbpedia path: Question: What are some products manufactured by Sony? | Entities possibly involved: dbr:Sony,[ANS] >> dbo:manufacturer >> dbr:Sony
translate question to dbpedia path: Question: List all the movies whose music has been made up with someone under RCA records? | Entities possibly involved: dbr:RCA_Records,[ANS] >> dbp:music >> [VAR1] [SEP] [ANS] >> rdf:type >> dbo:Film [SEP] [VAR1] >> dbo:recordLabel >> dbr:RCA_Records
"translate question to dbpedia path: Question: Is N. C. Wyeth the illustration by of The Mysterious Stranger? | Entities possibly involved: dbr:N._C._Wyeth, dbr:The_Mysterious_Stranger",ASK >> dbr:The_Mysterious_Stranger >> dbp:illustrator >> dbr:N._C._Wyeth
"translate question to dbpedia path: Question: Did James brown make the song Killing is Out, School Is In? | Entities possibly involved: dbr:Killing_Is_Out,_School_Is_In, dbr:James_Brown","ASK >> dbr:Killing_Is_Out,_School_Is_In >> dbo:musicalBand >> dbr:James_Brown"
translate question to dbpedia path: Question: What is the style of architecture of South Loop Printing House District ? | Entities possibly involved: dbr:South_Loop_Printing_House_District,dbr:South_Loop_Printing_House_District >> dbo:architecturalStyle >> [ANS]
translate question to dbpedia path: Question: Name the ssignificant buildings of Ivan Fomin ? | Entities possibly involved: dbr:Ivan_Fomin,dbr:Ivan_Fomin >> dbo:significantBuilding >> [ANS]
"translate question to dbpedia path: Question: Is Robert Boyle a chemist? | Entities possibly involved: dbr:Robert_Boyle, dbr:Chemistry",ASK >> dbr:Robert_Boyle >> dbo:field >> dbr:Chemistry
translate question to dbpedia path: Question: What are the television shows of a company headquartered in Geneva? | Entities possibly involved: dbr:Geneva,[ANS] >> dbp:company >> [VAR1] [SEP] [ANS] >> rdf:type >> dbo:TelevisionShow [SEP] [VAR1] >> dbp:headquarters >> dbr:Geneva
"translate question to dbpedia path: Question: Give me the count of newspaper whose language is Sweedish and headquartered at stockholm ? | Entities possibly involved: dbr:Swedish_language, dbr:Stockholm",COUNT >> [ANS] >> dbp:headquarters >> dbr:Stockholm [SEP] [ANS] >> dbp:language >> dbr:Swedish_language
translate question to dbpedia path: Question: What are the cities located on the sea into which the Aegean Sea flows? | Entities possibly involved: dbr:Aegean_Sea,[VAR1] >> dbp:cities >> [ANS] [SEP] dbr:Aegean_Sea >> dbo:outflow >> [VAR1]
translate question to dbpedia path: Question: In which areas did the pupils of Sylvain Levi work? | Entities possibly involved: dbr:Sylvain_Lévi,[VAR1] >> dbo:academicAdvisor >> dbr:Sylvain_Lévi [SEP] [VAR1] >> dbp:fields >> [ANS]
"translate question to dbpedia path: Question: Name the movie whose producer is Michael Deeley and music is given by Vangelis ? | Entities possibly involved: dbr:Vangelis, dbr:Michael_Deeley",[ANS] >> dbo:producer >> dbr:Michael_Deeley [SEP] [ANS] >> dbp:music >> dbr:Vangelis [SEP] [ANS] >> rdf:type >> dbo:Film
translate question to dbpedia path: Question: How many people are in the band with Juelz Santana? | Entities possibly involved: dbr:Juelz_Santana,COUNT >> [ANS] >> rdf:type >> dbo:Person [SEP] [VAR1] >> dbo:bandMember >> [ANS] [SEP] [VAR1] >> dbp:currentMembers >> dbr:Juelz_Santana
translate question to dbpedia path: Question: Who owns the broadcast network founded by CNN? | Entities possibly involved: dbr:CNN,[VAR1] >> dbo:foundedBy >> dbr:CNN [SEP] [VAR1] >> dbp:owner >> [ANS] [SEP] [VAR1] >> rdf:type >> dbo:BroadcastNetwork
translate question to dbpedia path: Question: List the writers of Tales of Suspense ? | Entities possibly involved: dbr:Tales_of_Suspense,dbr:Tales_of_Suspense >> dbp:writers >> [ANS]
translate question to dbpedia path: Question: List the academic discipline of the journals whose one of the discipline is neuro imaging ? | Entities possibly involved: dbr:Neuroimaging,[VAR1] >> dbo:academicDiscipline >> [ANS] [SEP] [VAR1] >> dbo:academicDiscipline >> dbr:Neuroimaging [SEP] [VAR1] >> rdf:type >> dbo:AcademicJournal
translate question to dbpedia path: Question: Who has authored books published by the Perkins school for the Blind? | Entities possibly involved: dbr:Perkins_School_for_the_Blind,[VAR1] >> dbo:author >> [ANS] [SEP] [VAR1] >> dbo:publisher >> dbr:Perkins_School_for_the_Blind [SEP] [VAR1] >> rdf:type >> dbo:WrittenWork
translate question to dbpedia path: Question: What kind of games does Blizzard games develop? | Entities possibly involved: dbr:Blizzard_Entertainment,[VAR1] >> dbo:developer >> dbr:Blizzard_Entertainment [SEP] [VAR1] >> dbo:genre >> [ANS] [SEP] [VAR1] >> rdf:type >> dbo:VideoGame
"translate question to dbpedia path: Question: How many different pole drivers are there, of the GPs when Renault was the first team? | Entities possibly involved: dbr:Renault_in_Formula_One",COUNT >> [ANS] >> rdf:type >> dbo:FormulaOneRacer [SEP] [VAR1] >> dbo:poleDriver >> [ANS] [SEP] [VAR1] >> dbp:firstTeam >> dbr:Renault_in_Formula_One
translate question to dbpedia path: Question: Name the person whose child is Irne Joliot-Curie? | Entities possibly involved: dbr:Irène_Joliot-Curie,[ANS] >> dbp:children >> dbr:Irène_Joliot-Curie [SEP] [ANS] >> rdf:type >> dbo:Person
translate question to dbpedia path: Question: How many destinations are covered by the airlines which also serves Europe ? | Entities possibly involved: dbr:Europe,COUNT >> [VAR1] >> dbp:destinations >> [ANS] [SEP] [VAR1] >> dbp:destinations >> dbr:Europe
"translate question to dbpedia path: Question: Name few companies where don berlin and michael sears have worked together? | Entities possibly involved: dbr:Don_R._Berlin, dbr:Michael_M._Sears",dbr:Don_R._Berlin >> dbo:employer >> [ANS] [SEP] dbr:Michael_M._Sears >> dbo:employer >> [ANS]
translate question to dbpedia path: Question: How many things belong to phylum of Chordate? | Entities possibly involved: dbr:Chordate,COUNT >> [ANS] >> dbo:phylum >> dbr:Chordate
"translate question to dbpedia path: Question: Did Gwo Ka originate in Western Africa? | Entities possibly involved: dbr:West_Africa, dbr:Gwo_ka",ASK >> dbr:Gwo_ka >> dbp:stylisticOrigins >> dbr:West_Africa
translate question to dbpedia path: Question: People from how many political parties exist in Maharashtra? | Entities possibly involved: dbr:Maharashtra,COUNT >> [VAR1] >> dbo:party >> [ANS] [SEP] [VAR1] >> dbp:placeOfBirth >> dbr:Maharashtra
translate question to dbpedia path: Question: Who are the children of Abigail Adams? | Entities possibly involved: dbr:Abigail_Adams,dbr:Abigail_Adams >> dbp:children >> [ANS]
"translate question to dbpedia path: Question: what are some common games played at both Fr Agnel Multipurpose School and Vishwajyot High School? | Entities possibly involved: dbr:Vishwajyot_High_School, dbr:Fr._Agnel_Multipurpose_School_and_Junior_College",dbr:Fr._Agnel_Multipurpose_School_and_Junior_College >> dbo:sport >> [ANS] [SEP] dbr:Vishwajyot_High_School >> dbo:sport >> [ANS]
translate question to dbpedia path: Question: Who have done their PhDs under a National Medal of Science winner? | Entities possibly involved: dbr:National_Medal_of_Science,[ANS] >> dbp:doctoralAdvisor >> [VAR1] [SEP] [VAR1] >> dbp:prizes >> dbr:National_Medal_of_Science
translate question to dbpedia path: Question: How many people are there who have relationship with Kennedy family? | Entities possibly involved: dbr:Kennedy_family,COUNT >> [ANS] >> dbo:relation >> dbr:Kennedy_family
"translate question to dbpedia path: Question: What is the total number of fictional characters whose created by  Greg Daniels and series is The Office (U.S. TV series)? | Entities possibly involved: dbr:Greg_Daniels, dbr:The_Office_(U.S._TV_series)",COUNT >> [ANS] >> dbo:creator >> dbr:Greg_Daniels [SEP] [ANS] >> dbo:series >> dbr:The_Office_(U.S._TV_series)
translate question to dbpedia path: Question: What newspapers's owners is Schibsted | Entities possibly involved: dbr:Schibsted,[ANS] >> dbp:owners >> dbr:Schibsted [SEP] [ANS] >> rdf:type >> dbo:Newspaper
"translate question to dbpedia path: Question: Which river inflow of the Cahora Bassa is also Batoka Gorge Hydroelectric Power Station's river ? | Entities possibly involved: dbr:Batoka_Gorge_Hydroelectric_Power_Station, dbr:Cahora_Bassa",dbr:Batoka_Gorge_Hydroelectric_Power_Station >> dbo:river >> [ANS] [SEP] dbr:Cahora_Bassa >> dbp:inflow >> [ANS]
translate question to dbpedia path: Question: What islands are there on the Greater Antilles archipelago? | Entities possibly involved: dbr:Greater_Antilles,[VAR1] >> dbp:archipelago >> dbr:Greater_Antilles [SEP] [VAR1] >> dbp:name >> [ANS] [SEP] [VAR1] >> rdf:type >> dbo:Island
"translate question to dbpedia path: Question: Was Zachary taylor a major general? | Entities possibly involved: dbr:Zachary_Taylor, dbr:Major_general_(United_States)",ASK >> dbr:Zachary_Taylor >> dbp:rank >> dbr:Major_general_(United_States)
translate question to dbpedia path: Question: Name the military units whose command structure's headquarters is The Pentagon? | Entities possibly involved: dbr:The_Pentagon,[ANS] >> dbo:commandStructure >> [VAR1] [SEP] [ANS] >> rdf:type >> dbo:MilitaryUnit [SEP] [VAR1] >> dbp:headquarters >> dbr:The_Pentagon
translate question to dbpedia path: Question: Which bands are associated to David Paton? | Entities possibly involved: dbr:David_Paton,dbr:David_Paton >> dbo:associatedBand >> [ANS]
translate question to dbpedia path: Question: In how many teams have people previously played who play as defencemen? | Entities possibly involved: dbr:Defenceman,COUNT >> [ANS] >> rdf:type >> dbo:SportsTeam [SEP] [VAR1] >> dbo:formerTeam >> [ANS] [SEP] [VAR1] >> dbp:position >> dbr:Defenceman
translate question to dbpedia path: Question: What is the Team Name  of St. Viator High School ? | Entities possibly involved: dbr:St._Viator_High_School,dbr:St._Viator_High_School >> dbp:teamName >> [ANS]
translate question to dbpedia path: Question: Give me the count of tenants of the stadia whose one of the tenants is Toronto Furies? | Entities possibly involved: dbr:Toronto_Furies,COUNT >> [VAR1] >> dbp:tenants >> [ANS] [SEP] [VAR1] >> dbp:tenants >> dbr:Toronto_Furies
translate question to dbpedia path: Question: Who developed the programming languages designed by Rob Pike? | Entities possibly involved: dbr:Rob_Pike,[VAR1] >> dbo:designer >> dbr:Rob_Pike [SEP] [VAR1] >> dbo:developer >> [ANS] [SEP] [VAR1] >> rdf:type >> dbo:ProgrammingLanguage
translate question to dbpedia path: Question: Which races has the horse bred by Jacques Van't Hart participated in? | Entities possibly involved: dbr:Jacques_Van't_Hart,[VAR1] >> dbo:breeder >> dbr:Jacques_Van't_Hart [SEP] [VAR1] >> dbp:race >> [ANS] [SEP] [VAR1] >> rdf:type >> dbo:Horse
"translate question to dbpedia path: Question: Is the Journal of Cerebral Blood Flow and Metabolism about Brains? | Entities possibly involved: dbr:Journal_of_Cerebral_Blood_Flow_&_Metabolism, dbr:Brain",ASK >> dbr:Journal_of_Cerebral_Blood_Flow_&_Metabolism >> dbo:academicDiscipline >> dbr:Brain
translate question to dbpedia path: Question: What are all the countires where food related to tuna salad is consumed ? | Entities possibly involved: dbr:Tuna_salad,[VAR1] >> dbo:related >> dbr:Tuna_salad [SEP] [VAR1] >> dbp:country >> [ANS]
translate question to dbpedia path: Question: What is the layout of the automobiles whose designer company is Olivier Boulay? | Entities possibly involved: dbr:Olivier_Boulay,[VAR1] >> dbo:designCompany >> dbr:Olivier_Boulay [SEP] [VAR1] >> dbo:layout >> [ANS] [SEP] [VAR1] >> rdf:type >> dbo:Automobile
"translate question to dbpedia path: Question: Is the Caterpullar 797F assembled in North America? | Entities possibly involved: dbr:Caterpillar_797F, dbr:North_America",ASK >> dbr:Caterpillar_797F >> dbp:assembly >> dbr:North_America
translate question to dbpedia path: Question: which band was Roger waters in? | Entities possibly involved: dbr:Roger_Waters,[ANS] >> dbo:formerBandMember >> dbr:Roger_Waters
translate question to dbpedia path: Question: Who is the coach of England national under-21 football team ? | Entities possibly involved: dbr:England_national_under-21_football_team,dbr:England_national_under-21_football_team >> dbp:coach >> [ANS]
"translate question to dbpedia path: Question: Which rivers end in Old Saybrook, Connecticut? | Entities possibly involved: dbr:Old_Saybrook,_Connecticut","[ANS] >> dbo:mouthMountain >> dbr:Old_Saybrook,_Connecticut"
translate question to dbpedia path: Question: What are the baseball players who played for San Francisco Giants? | Entities possibly involved: dbr:San_Francisco_Giants,[ANS] >> dbo:team >> dbr:San_Francisco_Giants [SEP] [ANS] >> rdf:type >> dbo:BaseballPlayer
translate question to dbpedia path: Question: How many airlines have a hub at an airport run by LA World Airports? | Entities possibly involved: dbr:Los_Angeles_World_Airports,COUNT >> [ANS] >> dbo:hubAirport >> [VAR1] [SEP] [ANS] >> rdf:type >> dbo:Airline [SEP] [VAR1] >> dbo:operator >> dbr:Los_Angeles_World_Airports
"translate question to dbpedia path: Question: What are the schools whose city is Reading, Berkshire? | Entities possibly involved: dbr:Reading,_Berkshire","[ANS] >> dbo:city >> dbr:Reading,_Berkshire"
translate question to dbpedia path: Question: Find the total number of tenants of the stadium whose tenants was Toronto Marlies? | Entities possibly involved: dbr:Toronto_Marlies,COUNT >> [VAR1] >> dbp:tenants >> [ANS] [SEP] [VAR1] >> dbp:tenants >> dbr:Toronto_Marlies
translate question to dbpedia path: Question: What genres of games are available on the Commodore 64? | Entities possibly involved: dbr:Commodore_64,[VAR1] >> dbo:computingPlatform >> dbr:Commodore_64 [SEP] [VAR1] >> dbp:genre >> [ANS] [SEP] [VAR1] >> rdf:type >> dbo:VideoGame
translate question to dbpedia path: Question: Who gave the voice for Allen Walker ? | Entities possibly involved: dbr:Allen_Walker,dbr:Allen_Walker >> dbo:voice >> [ANS]
translate question to dbpedia path: Question: How many buildings are located in Toronto ? | Entities possibly involved: dbr:Toronto,COUNT >> [ANS] >> dbp:location >> dbr:Toronto [SEP] [ANS] >> rdf:type >> dbo:Building
translate question to dbpedia path: Question: How many people have been the head coach for Middlesbrough FC? | Entities possibly involved: dbr:Middlesbrough_F.C.,COUNT >> [ANS] >> rdf:type >> dbo:Person [SEP] [VAR1] >> dbo:manager >> [ANS] [SEP] [VAR1] >> dbp:club >> dbr:Middlesbrough_F.C.
"translate question to dbpedia path: Question: Is The Universe in a Single Atom a book about buddhism? | Entities possibly involved: dbr:The_Universe_in_a_Single_Atom, dbr:Buddhism",ASK >> dbr:The_Universe_in_a_Single_Atom >> dbo:literaryGenre >> dbr:Buddhism
"translate question to dbpedia path: Question: Is Frontaccounting licensed under GNU license? | Entities possibly involved: dbr:GNU, dbr:Frontaccounting",ASK >> dbr:Frontaccounting >> dbo:license >> dbr:GNU
translate question to dbpedia path: Question: How many producers have casted Michael Jackson? | Entities possibly involved: dbr:Michael_Jackson,COUNT >> [VAR1] >> dbp:producer >> [ANS] [SEP] [VAR1] >> dbp:starring >> dbr:Michael_Jackson
"translate question to dbpedia path: Question: Who is married to a Miss Louisiana, USA? | Entities possibly involved: dbr:Miss_Louisiana_USA",[ANS] >> dbp:spouse >> [VAR1] [SEP] [VAR1] >> dbp:title >> dbr:Miss_Louisiana_USA
translate question to dbpedia path: Question: What sports are played by school which owns Fr. Agnel Stadium ? | Entities possibly involved: dbr:Fr._Agnel_Stadium,[VAR1] >> dbo:sport >> [ANS] [SEP] [VAR1] >> rdf:type >> dbo:School [SEP] dbr:Fr._Agnel_Stadium >> dbp:owner >> [VAR1]
translate question to dbpedia path: Question: What is the major shrine of Jacques-Dsir Laval ? | Entities possibly involved: dbr:Jacques-Désiré_Laval,dbr:Jacques-Désiré_Laval >> dbo:majorShrine >> [ANS]
translate question to dbpedia path: Question: Who is the Pole driver of 1997 Canadian Grand Prix ? | Entities possibly involved: dbr:1997_Canadian_Grand_Prix,dbr:1997_Canadian_Grand_Prix >> dbp:poleDriver >> [ANS]
translate question to dbpedia path: Question: Who is the president of United World College of Costa Rica ? | Entities possibly involved: dbr:United_World_College_of_Costa_Rica,dbr:United_World_College_of_Costa_Rica >> dbo:president >> [ANS]
translate question to dbpedia path: Question: Things going to the mediterranean sea also go where? | Entities possibly involved: dbr:Mediterranean_Sea,COUNT >> [VAR1] >> dbo:destination >> [ANS] [SEP] [VAR1] >> dbp:destinations >> dbr:Mediterranean_Sea
translate question to dbpedia path: Question: In how many different places are Brown haired models living? | Entities possibly involved: dbr:Brown_hair,COUNT >> [VAR1] >> dbo:residence >> [ANS] [SEP] [VAR1] >> dbp:hairColor >> dbr:Brown_hair
translate question to dbpedia path: Question: Mouse Morris' horses have raced in which races? | Entities possibly involved: dbr:Mouse_Morris,[VAR1] >> dbo:trainer >> dbr:Mouse_Morris [SEP] [VAR1] >> dbp:race >> [ANS] [SEP] [VAR1] >> rdf:type >> dbo:Horse
translate question to dbpedia path: Question: What are the television shows telecasted on the network which has headquarters at Atlanta? | Entities possibly involved: dbr:Atlanta,[ANS] >> dbp:network >> [VAR1] [SEP] [ANS] >> rdf:type >> dbo:TelevisionShow [SEP] [VAR1] >> dbp:headquarters >> dbr:Atlanta
"translate question to dbpedia path: Question: Name the award given in Norway and presented by Swedish Academy ? | Entities possibly involved: dbr:Norway, dbr:Swedish_Academy",[ANS] >> dbo:country >> dbr:Norway [SEP] [ANS] >> dbo:presenter >> dbr:Swedish_Academy [SEP] [ANS] >> rdf:type >> dbo:Award
"translate question to dbpedia path: Question: Is Queen Latifah the narrator of Arctic Tale? | Entities possibly involved: dbr:Arctic_Tale, dbr:Queen_Latifah",ASK >> dbr:Arctic_Tale >> dbp:narrator >> dbr:Queen_Latifah
translate question to dbpedia path: Question: What are some shows by Comedy Central? | Entities possibly involved: dbr:Comedy_Central,[ANS] >> dbp:network >> dbr:Comedy_Central [SEP] [ANS] >> rdf:type >> dbo:TelevisionShow
translate question to dbpedia path: Question: Which movies' music is composed by people associated with the band Yes? | Entities possibly involved: dbr:Yes_(band),[ANS] >> dbo:musicComposer >> [VAR1] [SEP] [ANS] >> rdf:type >> dbo:Film [SEP] [VAR1] >> dbo:associatedMusicalArtist >> dbr:Yes_(band)
"translate question to dbpedia path: Question: What came before  PlayStation 4 and uses PlayStation 3 system software as OS? | Entities possibly involved: dbr:PlayStation_4, dbr:PlayStation_3_system_software",[ANS] >> dbo:successor >> dbr:PlayStation_4 [SEP] [ANS] >> dbp:os >> dbr:PlayStation_3_system_software
translate question to dbpedia path: Question: How many religion's commanders have served in the Royal Thai Army? | Entities possibly involved: dbr:Royal_Thai_Army,COUNT >> [VAR1] >> dbo:religion >> [ANS] [SEP] dbr:Royal_Thai_Army >> dbp:notableCommanders >> [VAR1]
"translate question to dbpedia path: Question: What is manufactured by Asus and Sony togather? | Entities possibly involved: dbr:Asus, dbr:Sony",[ANS] >> dbo:manufacturer >> dbr:Asus [SEP] [ANS] >> dbo:manufacturer >> dbr:Sony
"translate question to dbpedia path: Question: Name the TV show with theme music by Primus and broadcasted on Comedy Central ? | Entities possibly involved: dbr:Comedy_Central, dbr:Primus_(band)",[ANS] >> dbp:network >> dbr:Comedy_Central [SEP] [ANS] >> dbp:themeMusicComposer >> dbr:Primus_(band) [SEP] [ANS] >> rdf:type >> dbo:TelevisionShow
translate question to dbpedia path: Question: Count all the games whose distributors are located in America | Entities possibly involved: dbr:United_States,COUNT >> [ANS] >> dbp:distributor >> [VAR1] [SEP] [VAR1] >> dbp:country >> dbr:United_States
"translate question to dbpedia path: Question: What work has been directed by Orson Welles and distributed by  RKO Pictures? | Entities possibly involved: dbr:Orson_Welles, dbr:RKO_Pictures",[ANS] >> dbp:director >> dbr:Orson_Welles [SEP] [ANS] >> dbp:distributor >> dbr:RKO_Pictures [SEP] [ANS] >> rdf:type >> dbo:Work
translate question to dbpedia path: Question: What is the alma mater of Andrew W. Lewis ? | Entities possibly involved: dbr:Andrew_W._Lewis,dbr:Andrew_W._Lewis >> dbo:almaMater >> [ANS]
translate question to dbpedia path: Question: Who is the spouse of Daniel Gibson? | Entities possibly involved: dbr:Daniel_Gibson,[ANS] >> dbp:spouse >> dbr:Daniel_Gibson
"translate question to dbpedia path: Question: Name the nearest city to the historic place which has Englewood, Colorado as one of them ? | Entities possibly involved: dbr:Englewood,_Colorado","[VAR1] >> dbo:nearestCity >> [ANS] [SEP] [VAR1] >> dbp:nearestCity >> dbr:Englewood,_Colorado [SEP] [VAR1] >> rdf:type >> dbo:HistoricPlace"
translate question to dbpedia path: Question: What are the movies directed by Joel Schumacher? | Entities possibly involved: dbr:Joel_Schumacher,[ANS] >> dbo:director >> dbr:Joel_Schumacher [SEP] [ANS] >> rdf:type >> dbo:Film
translate question to dbpedia path: Question: What is the draft team of Antoine Bibeau ? | Entities possibly involved: dbr:Antoine_Bibeau,dbr:Antoine_Bibeau >> dbp:draftTeam >> [ANS]
translate question to dbpedia path: Question: What are a few molluscas whose family is Buccinidae? | Entities possibly involved: dbr:Buccinidae,[ANS] >> dbo:family >> dbr:Buccinidae [SEP] [ANS] >> rdf:type >> dbo:Mollusca
"translate question to dbpedia path: Question: How many have family as Ape and order (taxonomy) is Primate ? | Entities possibly involved: dbr:Ape, dbr:Primate",COUNT >> [ANS] >> dbo:family >> dbr:Ape [SEP] [ANS] >> dbo:order >> dbr:Primate
translate question to dbpedia path: Question: From which team did Marv McFadden played ? | Entities possibly involved: dbr:Marv_McFadden,dbr:Marv_McFadden >> dbp:pastteams >> [ANS]
"translate question to dbpedia path: Question: Is Rajya Sabha a house of parliament in India? | Entities possibly involved: dbr:Parliament_of_India, dbr:Rajya_Sabha",ASK >> dbr:Parliament_of_India >> dbp:houses >> dbr:Rajya_Sabha
translate question to dbpedia path: Question: Who are the trainersof Candice Michelle? | Entities possibly involved: dbr:Candice_Michelle,dbr:Candice_Michelle >> dbo:trainer >> [ANS]
translate question to dbpedia path: Question: Which constructor's team won the 1967 Mexican Grand Prix ? | Entities possibly involved: dbr:1967_Mexican_Grand_Prix,dbr:1967_Mexican_Grand_Prix >> dbp:firstTeam >> [ANS]
translate question to dbpedia path: Question: Which person belongs to the board of Howard Hughes Medical Institute? | Entities possibly involved: dbr:Howard_Hughes_Medical_Institute,[ANS] >> dbo:board >> dbr:Howard_Hughes_Medical_Institute [SEP] [ANS] >> rdf:type >> dbo:Person
"translate question to dbpedia path: Question: Does the asiana airlines fly into the Gimhae International Airport? | Entities possibly involved: dbr:Asiana_Airlines, dbr:Gimhae_International_Airport",ASK >> dbr:Asiana_Airlines >> dbo:targetAirport >> dbr:Gimhae_International_Airport
translate question to dbpedia path: Question: What is the title of Kakae ? | Entities possibly involved: dbr:Kakae,dbr:Kakae >> dbp:title >> [ANS]
"translate question to dbpedia path: Question: Which broadcast area of Mauritius Broadcasting Corporation is also the nationality of Michael Medor ? | Entities possibly involved: dbr:Michael_Medor, dbr:Mauritius_Broadcasting_Corporation",dbr:Mauritius_Broadcasting_Corporation >> dbp:broadcastArea >> [ANS] [SEP] dbr:Michael_Medor >> dbo:nationality >> [ANS]
translate question to dbpedia path: Question: What is the county of the road whose route end is Pahang ? | Entities possibly involved: dbr:Pahang,[VAR1] >> dbo:county >> [ANS] [SEP] [VAR1] >> dbo:routeEnd >> dbr:Pahang [SEP] [VAR1] >> rdf:type >> dbo:Road
translate question to dbpedia path: Question: Who wrote Heroman? | Entities possibly involved: dbr:Heroman,dbr:Heroman >> dbp:author >> [ANS]
"translate question to dbpedia path: Question: Where did the ultimate fighter: a champion will be crowned tonight and ultimate fighter: team rousey vs team tate take place? | Entities possibly involved: dbr:The_Ultimate_Fighter:_A_Champion_Will_Be_Crowned, dbr:The_Ultimate_Fighter:_Team_Rousey_vs._Team_Tate",dbr:The_Ultimate_Fighter:_A_Champion_Will_Be_Crowned >> dbp:city >> [ANS] [SEP] dbr:The_Ultimate_Fighter:_Team_Rousey_vs._Team_Tate >> dbp:city >> [ANS]
"translate question to dbpedia path: Question: Is Roger Federer the flagbearer of Switzerland at the 2004 Summer Olympics? | Entities possibly involved: dbr:Switzerland_at_the_2004_Summer_Olympics, dbr:Roger_Federer",ASK >> dbr:Switzerland_at_the_2004_Summer_Olympics >> dbp:flagbearer >> dbr:Roger_Federer
translate question to dbpedia path: Question: Which nation's engineers have graduated in Poland? | Entities possibly involved: dbr:Poland,[VAR1] >> dbo:education >> dbr:Poland [SEP] [VAR1] >> dbp:nationality >> [ANS] [SEP] [VAR1] >> rdf:type >> dbo:Engineer
translate question to dbpedia path: Question: Give me a count of movies whose music composer is Bernard Herrmann? | Entities possibly involved: dbr:Bernard_Herrmann,COUNT >> [ANS] >> dbo:musicComposer >> dbr:Bernard_Herrmann [SEP] [ANS] >> rdf:type >> dbo:Film
translate question to dbpedia path: Question: List the destinations of Novair International Airways ? | Entities possibly involved: dbr:Novair_International_Airways,dbr:Novair_International_Airways >> dbp:destinations >> [ANS]
translate question to dbpedia path: Question: Into which water bodies does Lake Uniamsi outflow? | Entities possibly involved: dbr:Lake_Uniamési,dbr:Lake_Uniamési >> dbp:outflow >> [ANS]
translate question to dbpedia path: Question: Which river does Katima Mulilo Bridge cross? | Entities possibly involved: dbr:Katima_Mulilo_Bridge,dbr:Katima_Mulilo_Bridge >> dbp:crosses >> [ANS]
translate question to dbpedia path: Question: What is the debut team of Tom O'Malley ? | Entities possibly involved: dbr:Tom_O'Malley,dbr:Tom_O'Malley >> dbp:debutteam >> [ANS]
translate question to dbpedia path: Question: What is the political party to which Purnima Banerjee is a member of?? | Entities possibly involved: dbr:Purnima_Banerjee,dbr:Purnima_Banerjee >> dbo:party >> [ANS]
"translate question to dbpedia path: Question: Jimmie Fisher and Winston Bryant were governors under which president? | Entities possibly involved: dbr:Jimmie_Lou_Fisher, dbr:Winston_Bryant",dbr:Jimmie_Lou_Fisher >> dbp:governor >> [ANS] [SEP] dbr:Winston_Bryant >> dbp:governor >> [ANS]
translate question to dbpedia path: Question: What is the headquarters of the public transit system which is the section of Red Ahead ? | Entities possibly involved: dbr:Red_Ahead,[VAR1] >> dbp:headquarters >> [ANS] [SEP] [VAR1] >> rdf:type >> dbo:PublicTransitSystem [SEP] dbr:Red_Ahead >> dbo:isPartOf >> [VAR1]
"translate question to dbpedia path: Question: Did Christian Barnard study in the University of Minnesota? | Entities possibly involved: dbr:Christiaan_Barnard, dbr:University_of_Minnesota",ASK >> dbr:Christiaan_Barnard >> dbo:institution >> dbr:University_of_Minnesota
translate question to dbpedia path: Question: Who has written works found in the Gangan comics? | Entities possibly involved: dbr:Gangan_Comics,[VAR1] >> dbp:author >> [ANS] [SEP] [VAR1] >> dbp:magazine >> dbr:Gangan_Comics
translate question to dbpedia path: Question: What is the currency of Republic of Montenegro (1992-2006) ? | Entities possibly involved: dbr:Republic_of_Montenegro_(1992–2006),dbr:Republic_of_Montenegro_(1992–2006) >> dbp:currency >> [ANS]
translate question to dbpedia path: Question: What is the club of Perianne Jones ? | Entities possibly involved: dbr:Perianne_Jones,dbr:Perianne_Jones >> dbp:club >> [ANS]
"translate question to dbpedia path: Question: How many have order (taxonomy) as Bacillales and division as Firmicutes are there? | Entities possibly involved: dbr:Bacillales, dbr:Firmicutes",COUNT >> [ANS] >> dbo:division >> dbr:Firmicutes [SEP] [ANS] >> dbo:order >> dbr:Bacillales
"translate question to dbpedia path: Question: What is the movie whose producer is Michael Deeley and directed by  Ridley Scott? | Entities possibly involved: dbr:Ridley_Scott, dbr:Michael_Deeley",[ANS] >> dbp:director >> dbr:Ridley_Scott [SEP] [ANS] >> dbp:producer >> dbr:Michael_Deeley [SEP] [ANS] >> rdf:type >> dbo:Film
"translate question to dbpedia path: Question: Which manufacturer of  Ford Y-block engine is the parent of  Ford Air Transport Service ? | Entities possibly involved: dbr:Ford_Y-block_engine, dbr:Ford_Air_Transport_Service",dbr:Ford_Air_Transport_Service >> dbp:parent >> [ANS] [SEP] dbr:Ford_Y-block_engine >> dbo:manufacturer >> [ANS]
translate question to dbpedia path: Question: What are some important works of US citizens? | Entities possibly involved: dbr:United_States,[VAR1] >> dbo:notableWork >> [ANS] [SEP] [VAR1] >> dbp:nationality >> dbr:United_States
translate question to dbpedia path: Question: Which sports are played typically in private schools? | Entities possibly involved: dbr:Private_school,[VAR1] >> dbo:sport >> [ANS] [SEP] [VAR1] >> dbp:schooltype >> dbr:Private_school
translate question to dbpedia path: Question: How many shows is Russell Davies known for? | Entities possibly involved: dbr:Russell_T_Davies,COUNT >> [ANS] >> rdf:type >> dbo:TelevisionShow [SEP] dbr:Russell_T_Davies >> dbp:notableworks >> [ANS]
translate question to dbpedia path: Question: What is the casting of the movie directed by Justin Zackham ? | Entities possibly involved: dbr:Justin_Zackham,[VAR1] >> dbo:director >> dbr:Justin_Zackham [SEP] [VAR1] >> dbp:starring >> [ANS] [SEP] [VAR1] >> rdf:type >> dbo:Film
translate question to dbpedia path: Question: List all the mmebers of  Mekong River Commission? | Entities possibly involved: dbr:Mekong_River_Commission,dbr:Mekong_River_Commission >> dbp:membership >> [ANS]
translate question to dbpedia path: Question: How many religion's people have died in Malaysia? | Entities possibly involved: dbr:Malaysia,COUNT >> [VAR1] >> dbo:deathPlace >> dbr:Malaysia [SEP] [VAR1] >> dbo:religion >> [ANS]
"translate question to dbpedia path: Question: Name the HBO TV show written by Erik jendresen  ? | Entities possibly involved: dbr:Erik_Jendresen, dbr:HBO",[ANS] >> dbo:company >> dbr:HBO [SEP] [ANS] >> dbp:writer >> dbr:Erik_Jendresen [SEP] [ANS] >> rdf:type >> dbo:TelevisionShow
translate question to dbpedia path: Question: How many different currencies are used in the places governed by the president of France? | Entities possibly involved: dbr:President_of_France,COUNT >> [VAR1] >> dbo:currency >> [ANS] [SEP] [VAR1] >> dbp:leaderTitle >> dbr:President_of_France
translate question to dbpedia path: Question: List the team for which Doug Acomb played ? | Entities possibly involved: dbr:Doug_Acomb,dbr:Doug_Acomb >> dbp:playedFor >> [ANS]
