input_text,target_text
translate question to dbpedia path: Entities possibly involved: dbr:Stanley_Kubrick | Question: How many movies did Stanley Kubrick direct?,COUNT >> [ANS] >> dbo:director >> dbr:Stanley_Kubrick
translate question to dbpedia path: Entities possibly involved: dbr:John_Forbes_(British_Army_officer) | Question: Which city's foundeer is John Forbes?,[ANS] >> dbo:founder >> dbr:John_Forbes_(British_Army_officer) [SEP] [ANS] >> rdf:type >> dbo:City
translate question to dbpedia path: Entities possibly involved: dbr:Dead_Sea | Question: What is the river whose mouth is in deadsea?,[ANS] >> dbo:riverMouth >> dbr:Dead_Sea [SEP] [ANS] >> rdf:type >> dbo:River
translate question to dbpedia path: Entities possibly involved: dbr:John_Kotelawala | Question: What is the allegiance of John Kotelawala ?,dbr:John_Kotelawala >> dbp:allegiance >> [ANS]
translate question to dbpedia path: Entities possibly involved: dbr:Jacques_Van't_Hart | Question: How many races have the horses bred by Jacques Van't Hart participated in?,COUNT >> [VAR1] >> dbo:breeder >> dbr:Jacques_Van't_Hart [SEP] [VAR1] >> dbp:race >> [ANS]
translate question to dbpedia path: Entities possibly involved: dbr:Subaru_Outback | Question: What layout can be found in cars similar to the Subaru Outback?,[VAR1] >> dbo:layout >> [ANS] [SEP] [VAR1] >> dbp:related >> dbr:Subaru_Outback [SEP] [VAR1] >> rdf:type >> dbo:Automobile
translate question to dbpedia path: Entities possibly involved: dbr:Austin_College | Question: Name the mascot of Austin College ?,dbr:Austin_College >> dbp:mascot >> [ANS]
"translate question to dbpedia path: Entities possibly involved: dbr:Wilton,_Connecticut | Question: How many people live in Wilton, Connecticut?","COUNT >> [ANS] >> dbp:residence >> dbr:Wilton,_Connecticut"
translate question to dbpedia path: Entities possibly involved: dbr:The_Haunted_House_(1929_film) | Question: What awards did the film director of The Haunted House win ?,[VAR1] >> dbo:award >> [ANS] [SEP] dbr:The_Haunted_House_(1929_film) >> dbo:director >> [VAR1]
translate question to dbpedia path: Entities possibly involved: dbr:Henry_Cluney | Question: Name the origin of Henry Cluney ?,dbr:Henry_Cluney >> dbp:origin >> [ANS]
"translate question to dbpedia path: Entities possibly involved: dbr:Xynisteri, dbr:Mavro | Question: In which part of the world can i find Xynisteri and Mavro?",dbr:Mavro >> dbo:origin >> [ANS] [SEP] dbr:Xynisteri >> dbo:origin >> [ANS]
translate question to dbpedia path: Entities possibly involved: dbr:Battle_of_France | Question: which awards have been given to people who fought in the Battle of France?,[VAR1] >> dbo:award >> [ANS] [SEP] [VAR1] >> dbo:battle >> dbr:Battle_of_France [SEP] [VAR1] >> rdf:type >> dbo:Person
translate question to dbpedia path: Entities possibly involved: dbr:Charles_Edward_Magoon | Question: Name the resting place of Charles Edward Magoon ?,dbr:Charles_Edward_Magoon >> dbp:restingplace >> [ANS]
translate question to dbpedia path: Entities possibly involved: dbr:Gymnastics_at_the_2008_Summer_Olympics_–_Women's_artistic_individual_all-around | Question: Who was the silver medalist of Gymnastics at the 2008 Summer Olympics  Women's artistic individual all-around ?,dbr:Gymnastics_at_the_2008_Summer_Olympics_–_Women's_artistic_individual_all-around >> dbo:silverMedalist >> [ANS]
translate question to dbpedia path: Entities possibly involved: dbr:Female | Question: what are some common surnames of female people?,[ANS] >> dbp:gender >> dbr:Female
translate question to dbpedia path: Entities possibly involved: dbr:Creative_Commons | Question: List the total number of board members who share board with Creative commons ?,COUNT >> [VAR1] >> dbo:board >> [ANS] [SEP] [VAR1] >> dbo:board >> dbr:Creative_Commons
translate question to dbpedia path: Entities possibly involved: dbr:Chordate | Question: How many mammals are in the Chordate phylum?,COUNT >> [ANS] >> dbp:phylum >> dbr:Chordate [SEP] [ANS] >> rdf:type >> dbo:Mammal
translate question to dbpedia path: Entities possibly involved: dbr:Roh_Tae-woo | Question: List the battles fought by Roh Tae-woo ?,dbr:Roh_Tae-woo >> dbp:battles >> [ANS]
translate question to dbpedia path: Entities possibly involved: dbr:Random_House | Question: Which genre of books are published by Random House?,[VAR1] >> dbp:publisher >> dbr:Random_House [SEP] [VAR1] >> dbp:subject >> [ANS] [SEP] [VAR1] >> rdf:type >> dbo:Book
"translate question to dbpedia path: Entities possibly involved: dbr:2009–10_Middlesbrough_F.C._season, dbr:2000–01_Aston_Villa_F.C._season | Question: Who is the common manager of Aston Villa 2000-02 season and aldo the manager of Middlesbrough F.C. season 2009-10",dbr:2000–01_Aston_Villa_F.C._season >> dbp:name >> [ANS] [SEP] dbr:2009–10_Middlesbrough_F.C._season >> dbo:manager >> [ANS]
"translate question to dbpedia path: Entities possibly involved: dbr:Ganymede_(moon), dbr:Galileo_Galilei | Question: Was Ganymede discovered by Galileo Galilei?",ASK >> dbr:Ganymede_(moon) >> dbp:discoverer >> dbr:Galileo_Galilei
"translate question to dbpedia path: Entities possibly involved: dbr:Toyota_Verossa, dbr:Front-engine_design | Question: Does the Toyota Verossa have the front engine design platform?",ASK >> dbr:Toyota_Verossa >> dbo:automobilePlatform >> dbr:Front-engine_design
translate question to dbpedia path: Entities possibly involved: dbr:Postbanken | Question: What are some other products of the banks which makes Postbanken?,[VAR1] >> dbo:product >> dbr:Postbanken [SEP] [VAR1] >> dbp:products >> [ANS] [SEP] [VAR1] >> rdf:type >> dbo:Bank
translate question to dbpedia path: Entities possibly involved: dbr:MTR | Question: Who produces the trains operated by the MTR?,[VAR1] >> dbo:manufacturer >> [ANS] [SEP] [VAR1] >> dbo:operator >> dbr:MTR [SEP] [VAR1] >> rdf:type >> dbo:Train
translate question to dbpedia path: Entities possibly involved: dbr:Feminism | Question: In which countries can i find some feminist writers?,[VAR1] >> dbo:movement >> dbr:Feminism [SEP] [VAR1] >> dbo:nationality >> [ANS] [SEP] [VAR1] >> rdf:type >> dbo:Writer
"translate question to dbpedia path: Entities possibly involved: dbr:Defenceman | Question: In which teams did anyone who played as a defencemen, play previously?",[VAR1] >> dbo:formerTeam >> [ANS] [SEP] [VAR1] >> dbp:position >> dbr:Defenceman
translate question to dbpedia path: Entities possibly involved: dbr:Jump_Square | Question: Who authored the works published in the Jump Square Magazine?,[VAR1] >> dbp:author >> [ANS] [SEP] [VAR1] >> dbp:magazine >> dbr:Jump_Square
translate question to dbpedia path: Entities possibly involved: dbr:BBC_HD | Question: How many things are aired on BBC HD?,COUNT >> [ANS] >> dbo:network >> dbr:BBC_HD
"translate question to dbpedia path: Entities possibly involved: dbr:Mark_Twain, dbr:Mark_Twain_Tonight | Question: Was Mark Twain a character of Mark Twain Tonight?",ASK >> dbr:Mark_Twain_Tonight >> dbp:characters >> dbr:Mark_Twain
"translate question to dbpedia path: Entities possibly involved: dbr:Bacteria, dbr:Bacillales | Question: List bacteria whose order (taxonomy) is Bacillales and domain is Bacteria?",[ANS] >> dbo:order >> dbr:Bacillales [SEP] [ANS] >> dbp:domain >> dbr:Bacteria [SEP] [ANS] >> rdf:type >> dbo:Bacteria
translate question to dbpedia path: Entities possibly involved: dbr:Ricky_Gervais | Question: What are some characters of series produced by Ricky Grevais?,[ANS] >> dbo:series >> [VAR1] [SEP] [VAR1] >> dbo:executiveProducer >> dbr:Ricky_Gervais
"translate question to dbpedia path: Entities possibly involved: dbr:Killing_Is_Out,_School_Is_In, dbr:The_Next_Step_(James_Brown_album) | Question: Is the song Killing is Out, School is in belong in the The Next Step?","ASK >> dbr:Killing_Is_Out,_School_Is_In >> dbp:album >> dbr:The_Next_Step_(James_Brown_album)"
translate question to dbpedia path: Entities possibly involved: dbr:Luis_Enrique_(footballer) | Question: Count all those whose youth club was managed by Luis Enrique.,COUNT >> [ANS] >> dbp:youthclubs >> [VAR1] [SEP] [VAR1] >> dbp:manager >> dbr:Luis_Enrique_(footballer)
"translate question to dbpedia path: Entities possibly involved: dbr:Chordate, dbr:Camel | Question: Is camel  of the chordate phylum?",ASK >> dbr:Camel >> dbp:phylum >> dbr:Chordate
"translate question to dbpedia path: Entities possibly involved: dbr:Indianapolis_Colts, dbr:Carolina_Panthers | Question: Whose former teams are Indianapolis Colts and Carolina Panthers?",[ANS] >> dbo:formerTeam >> dbr:Carolina_Panthers [SEP] [ANS] >> dbo:formerTeam >> dbr:Indianapolis_Colts
translate question to dbpedia path: Entities possibly involved: dbr:All_I_Need_Is_Your_Sweet_Lovin' | Question: In which language is All I need is Your Sweet lovin written ?,dbr:All_I_Need_Is_Your_Sweet_Lovin' >> dbp:language >> [ANS]
"translate question to dbpedia path: Entities possibly involved: dbr:Merlin_Express, dbr:Cibao_International_Airport | Question: Does the merlin express have a hub at the cibano international airport?",ASK >> dbr:Merlin_Express >> dbo:hubAirport >> dbr:Cibao_International_Airport
"translate question to dbpedia path: Entities possibly involved: dbr:Gibson_Les_Paul, dbr:Duane_Allman | Question: Was Duanne Allman known to play the Les Paul?",ASK >> dbr:Duane_Allman >> dbp:notableInstruments >> dbr:Gibson_Les_Paul
"translate question to dbpedia path: Entities possibly involved: dbr:William_Garne, dbr:Lagos_Preparatory_School | Question: What sport amongst the one Lagos Preparatory School practices, did Willian Garne play for?",dbr:Lagos_Preparatory_School >> dbo:sport >> [ANS] [SEP] dbr:William_Garne >> dbo:occupation >> [ANS]
translate question to dbpedia path: Entities possibly involved: dbr:England | Question: What are the beverages whose origin is England?,[ANS] >> dbo:origin >> dbr:England
translate question to dbpedia path: Entities possibly involved: dbr:On_Air_with_Ryan_Seacrest | Question: Who is the film star of On Air with Ryan Seacrest ?,dbr:On_Air_with_Ryan_Seacrest >> dbo:starring >> [ANS]
translate question to dbpedia path: Entities possibly involved: dbr:Canal_&_River_Trust | Question: In how many different places does Canal and River Trust own its assets?,COUNT >> [VAR1] >> dbo:location >> [ANS] [SEP] [VAR1] >> dbo:owner >> dbr:Canal_&_River_Trust
translate question to dbpedia path: Entities possibly involved: dbr:Cape_Canaveral_Air_Force_Station | Question: Count the total number of launch site of the rockets which have been launched form Cape Canaveral Air Force Station ?,COUNT >> [VAR1] >> dbo:launchSite >> [ANS] [SEP] [VAR1] >> dbo:launchSite >> dbr:Cape_Canaveral_Air_Force_Station
translate question to dbpedia path: Entities possibly involved: dbr:Bruce_Timm | Question: Name some comic characters created by Bruce Timm?,[ANS] >> dbo:creator >> dbr:Bruce_Timm
"translate question to dbpedia path: Entities possibly involved: dbr:Patty_Lin, dbr:Franklin_W._Olin | Question: Which university attended by Franklin W. Olin was also the alma mater of Patty Lin ?",dbr:Franklin_W._Olin >> dbp:education >> [ANS] [SEP] dbr:Patty_Lin >> dbp:almaMater >> [ANS]
translate question to dbpedia path: Entities possibly involved: dbr:Hockey | Question: Count the number of sports played by schools which play hockey ?,COUNT >> [VAR1] >> dbo:sport >> [ANS] [SEP] [VAR1] >> dbo:sport >> dbr:Hockey
translate question to dbpedia path: Entities possibly involved: dbr:Little_Easton | Question: List the tomb of the royalties whose burial place is Little Easton ?,[VAR1] >> dbp:placeOfBurial >> [ANS] [SEP] [VAR1] >> dbp:placeOfBurial >> dbr:Little_Easton [SEP] [VAR1] >> rdf:type >> dbo:Royalty
translate question to dbpedia path: Entities possibly involved: dbr:Operation_Barbarossa | Question: What are some relatives of the people who fought in Operation Barbarossa?,[VAR1] >> dbo:battle >> dbr:Operation_Barbarossa [SEP] [VAR1] >> dbo:relation >> [ANS] [SEP] [VAR1] >> rdf:type >> dbo:Person
translate question to dbpedia path: Entities possibly involved: dbr:Screenwriter | Question: How many awards have been given to screenwriters?,COUNT >> [VAR1] >> dbp:awards >> [ANS] [SEP] [VAR1] >> dbp:occupation >> dbr:Screenwriter
translate question to dbpedia path: Entities possibly involved: dbr:Microsoft_Windows | Question: How many software run on operating system is Microsoft Windows?,COUNT >> [ANS] >> dbo:operatingSystem >> dbr:Microsoft_Windows [SEP] [ANS] >> rdf:type >> dbo:Software
translate question to dbpedia path: Entities possibly involved: dbr:Counterpoint_(horse) | Question: What is the awards given to the horse whose grandson is the famous Counterpoint?,[VAR1] >> dbo:honours >> [ANS] [SEP] [VAR1] >> rdf:type >> dbo:Horse [SEP] dbr:Counterpoint_(horse) >> dbp:grandsire >> [VAR1]
translate question to dbpedia path: Entities possibly involved: dbr:Norbert_Wiener_Award_for_Social_and_Professional_Responsibility | Question: Who won a Norbert Wiener Award for Social and Professional Responsibility?,[ANS] >> dbp:prizes >> dbr:Norbert_Wiener_Award_for_Social_and_Professional_Responsibility
translate question to dbpedia path: Entities possibly involved: dbr:Screenwriter | Question: What awards have been given to Screenwriters?,[VAR1] >> dbp:awards >> [ANS] [SEP] [VAR1] >> dbp:occupation >> dbr:Screenwriter
translate question to dbpedia path: Entities possibly involved: dbr:Tillingdale | Question: In which races have Tillingdale's horses participated?,[VAR1] >> dbp:owner >> dbr:Tillingdale [SEP] [VAR1] >> dbp:race >> [ANS] [SEP] [VAR1] >> rdf:type >> dbo:Horse
translate question to dbpedia path: Entities possibly involved: dbr:Cadillac_Fleetwood | Question: What is the predecessor of the automobile which is the related of Cadillac Fleetwood?,[VAR1] >> dbo:predecessor >> [ANS] [SEP] [VAR1] >> rdf:type >> dbo:Automobile [SEP] dbr:Cadillac_Fleetwood >> dbp:related >> [VAR1]
translate question to dbpedia path: Entities possibly involved: dbr:Lima | Question: Which country's largest city is Lima?,[ANS] >> dbo:largestCity >> dbr:Lima
translate question to dbpedia path: Entities possibly involved: dbr:Robert_Hall_(economist) | Question: List the institute of Robert hall ?,dbr:Robert_Hall_(economist) >> dbo:institution >> [ANS]
translate question to dbpedia path: Entities possibly involved: dbr:Laurie_Johnson | Question: What are the movies whose music is given by Laurie Johnson?,[ANS] >> dbp:music >> dbr:Laurie_Johnson [SEP] [ANS] >> rdf:type >> dbo:Film
"translate question to dbpedia path: Entities possibly involved: dbr:Sony, dbr:PlayStation_2 | Question: What appliance Sony made after the success of PlayStation 2?",[ANS] >> dbo:manufacturer >> dbr:Sony [SEP] [ANS] >> dbo:predecessor >> dbr:PlayStation_2
"translate question to dbpedia path: Entities possibly involved: dbr:Paul_Weatherwax, dbr:Behave_Yourself! | Question: Did Paul Weatherwax an editor of Behave Yourself?",ASK >> dbr:Behave_Yourself! >> dbp:editing >> dbr:Paul_Weatherwax
"translate question to dbpedia path: Entities possibly involved: dbr:Creative_Commons_license, dbr:Journal_of_Cancer | Question: does the journal of cancer have the creative commons license?",ASK >> dbr:Journal_of_Cancer >> dbp:license >> dbr:Creative_Commons_license
translate question to dbpedia path: Entities possibly involved: dbr:Blizzard_Entertainment | Question: What genre of games are made by Blizzard Entertainment studios?,[VAR1] >> dbo:developer >> dbr:Blizzard_Entertainment [SEP] [VAR1] >> dbp:genre >> [ANS] [SEP] [VAR1] >> rdf:type >> dbo:VideoGame
translate question to dbpedia path: Entities possibly involved: dbr:Doctor_Who:_Evacuation_Earth | Question: Name the series of Doctor Who: Evacuation Earth ?,dbr:Doctor_Who:_Evacuation_Earth >> dbo:series >> [ANS]
translate question to dbpedia path: Entities possibly involved: dbr:Face_to_Face_(1976_film) | Question: List the awards won by the writer of Face to Face ?,[VAR1] >> dbp:awards >> [ANS] [SEP] dbr:Face_to_Face_(1976_film) >> dbp:writer >> [VAR1]
translate question to dbpedia path: Entities possibly involved: dbr:The_Motorcycle_Diaries_(film) | Question: What awards were given to the screenplayer of The Motorcycle Diaries?,[VAR1] >> dbp:awards >> [ANS] [SEP] dbr:The_Motorcycle_Diaries_(film) >> dbp:screenplay >> [VAR1]
"translate question to dbpedia path: Entities possibly involved: dbr:Jack_Ryan_(politician), dbr:United_States_Senate | Question: Was Jack Ryan a nominee of US Senate?",ASK >> dbr:Jack_Ryan_(politician) >> dbo:nominee >> dbr:United_States_Senate
"translate question to dbpedia path: Entities possibly involved: dbr:Don_Ashby, dbr:Dan_Daoust | Question: What team did Dan Daoust and Don Ashby play for?",dbr:Dan_Daoust >> dbo:formerTeam >> [ANS] [SEP] dbr:Don_Ashby >> dbp:playedFor >> [ANS]
translate question to dbpedia path: Entities possibly involved: dbr:Radio_Philippines_Network | Question: Name the broadcast area of  Radio Philippines Network ?,dbr:Radio_Philippines_Network >> dbp:area >> [ANS]
"translate question to dbpedia path: Entities possibly involved: dbr:Mitch_Miller, dbr:My_Truly,_Truly_Fair | Question: Is my truly truly fair the band of mitch miller?","ASK >> dbr:My_Truly,_Truly_Fair >> dbo:musicalBand >> dbr:Mitch_Miller"
translate question to dbpedia path: Entities possibly involved: dbr:Ashanti_Region | Question: Which religion is prevalent in the schools of the Ashanti region?,[VAR1] >> dbp:denomination >> [ANS] [SEP] [VAR1] >> dbp:region >> dbr:Ashanti_Region [SEP] [VAR1] >> rdf:type >> dbo:School
translate question to dbpedia path: Entities possibly involved: dbr:National_Collegiate_Athletic_Association | Question: How many different mascots are there of the NCAA teams?,COUNT >> [VAR1] >> dbp:athletics >> dbr:National_Collegiate_Athletic_Association [SEP] [VAR1] >> dbp:mascot >> [ANS]
translate question to dbpedia path: Entities possibly involved: dbr:Laemmle_Theatres | Question: What are the awrds won by Laemmle Theatres ?,dbr:Laemmle_Theatres >> dbo:service >> [ANS]
"translate question to dbpedia path: Entities possibly involved: dbr:Video_game, dbr:Nintendo | Question: Is nintendo in the video games industry?",ASK >> dbr:Nintendo >> dbp:industry >> dbr:Video_game
"translate question to dbpedia path: Entities possibly involved: dbr:Soccer_Bowl_'76, dbr:Cheasty_Boulevard_South | Question: Which maintainer of Cheasty Boulevard South is also the city of Soccer Bowl' 76 ?",dbr:Cheasty_Boulevard_South >> dbo:maintainedBy >> [ANS] [SEP] dbr:Soccer_Bowl_'76 >> dbo:city >> [ANS]
translate question to dbpedia path: Entities possibly involved: dbr:1993_European_Grand_Prix | Question: Which driver came first in the 1993 European Grand Prix ?,dbr:1993_European_Grand_Prix >> dbp:firstDriver >> [ANS]
translate question to dbpedia path: Entities possibly involved: dbr:Subaru_Outback | Question: What is the layout of the cars similar to that of the Subaru Outback?,[VAR1] >> dbo:layout >> [ANS] [SEP] [VAR1] >> dbo:relatedMeanOfTransportation >> dbr:Subaru_Outback [SEP] [VAR1] >> rdf:type >> dbo:Automobile
translate question to dbpedia path: Entities possibly involved: dbr:Potato | Question: How many other ingredient are there in the foods whihh have one of the ingredient as Potato ?,COUNT >> [VAR1] >> dbo:ingredient >> [ANS] [SEP] [VAR1] >> dbo:ingredient >> dbr:Potato
translate question to dbpedia path: Entities possibly involved: dbr:Vandenberg_Air_Force_Base | Question: How many companies have launched their rockets from the Vandenerg Air base?,COUNT >> [ANS] >> rdf:type >> dbo:Company [SEP] [VAR1] >> dbo:launchSite >> dbr:Vandenberg_Air_Force_Base [SEP] [VAR1] >> dbo:manufacturer >> [ANS]
translate question to dbpedia path: Entities possibly involved: dbr:Gatwick_Airport | Question: List the destinations to which the airlines headquartered at the Gatwick Airport fly to?,[VAR1] >> dbo:destination >> [ANS] [SEP] [VAR1] >> dbp:headquarters >> dbr:Gatwick_Airport [SEP] [VAR1] >> rdf:type >> dbo:Airline
translate question to dbpedia path: Entities possibly involved: dbr:Male | Question: What are some given names for males?,[ANS] >> dbo:gender >> dbr:Male
translate question to dbpedia path: Entities possibly involved: dbr:Sukhumbhand_Paribatra | Question: The official residence of Sukhumbhand paribatra ?,dbr:Sukhumbhand_Paribatra >> dbp:residence >> [ANS]
translate question to dbpedia path: Entities possibly involved: dbr:Foxconn | Question: Foxconn makes how many things?,COUNT >> [ANS] >> dbo:manufacturer >> dbr:Foxconn
"translate question to dbpedia path: Entities possibly involved: dbr:Polet_Airlines, dbr:Moscow | Question: Do the polet airlines fly to moscow?",ASK >> dbr:Polet_Airlines >> dbo:targetAirport >> dbr:Moscow
translate question to dbpedia path: Entities possibly involved: dbr:Shallot | Question: In how many nations can I find dishes made of Shallot?,COUNT >> [ANS] >> rdf:type >> dbo:Country [SEP] [VAR1] >> dbo:country >> [ANS] [SEP] [VAR1] >> dbo:ingredient >> dbr:Shallot
"translate question to dbpedia path: Entities possibly involved: dbr:Cohoes,_New_York, dbr:New_York_State_Route_470 | Question: Does Cohoes a junction on the NY State Route 470?","ASK >> dbr:New_York_State_Route_470 >> dbo:routeJunction >> dbr:Cohoes,_New_York"
translate question to dbpedia path: Entities possibly involved: dbr:Stuart_Alan_Jones | Question: How many other important things have been written by the creator of Stuart Alan Jones?,COUNT >> [VAR1] >> dbo:notableWork >> [ANS] [SEP] dbr:Stuart_Alan_Jones >> dbo:creator >> [VAR1]
translate question to dbpedia path: Entities possibly involved: dbr:County_Westmeath | Question: What is the genre of the Band whose home town is County Westmeath?,[VAR1] >> dbo:hometown >> dbr:County_Westmeath [SEP] [VAR1] >> dbp:genre >> [ANS] [SEP] [VAR1] >> rdf:type >> dbo:Band
"translate question to dbpedia path: Entities possibly involved: dbr:Haiti_I_Am_Sorry | Question: Whose album is Haiti, I am sorry?",dbr:Haiti_I_Am_Sorry >> dbo:album >> [ANS]
"translate question to dbpedia path: Entities possibly involved: dbr:Microsoft_Office, dbr:C++ | Question: Is Microsoft office written in C++",ASK >> dbr:Microsoft_Office >> dbp:programmingLanguage >> dbr:C++
translate question to dbpedia path: Entities possibly involved: dbr:Roundhead_(Wyandot) | Question: Name the commanders of military conflicts where Roundhead was one of the commander ?,[VAR1] >> dbo:commander >> [ANS] [SEP] [VAR1] >> dbp:commander >> dbr:Roundhead_(Wyandot) [SEP] [VAR1] >> rdf:type >> dbo:MilitaryConflict
translate question to dbpedia path: Entities possibly involved: dbr:Short_story | Question: What are some short story kind of Books?,[ANS] >> dbo:literaryGenre >> dbr:Short_story
translate question to dbpedia path: Entities possibly involved: dbr:Royal_blue | Question: What are the nicknames of the schools whose color is royal blue?,[VAR1] >> dbo:colour >> dbr:Royal_blue [SEP] [VAR1] >> dbp:nickname >> [ANS] [SEP] [VAR1] >> rdf:type >> dbo:School
translate question to dbpedia path: Entities possibly involved: dbr:José_Rivera_(playwright) | Question: What awards did Jos Rivera (playwright) win?,dbr:José_Rivera_(playwright) >> dbp:awards >> [ANS]
translate question to dbpedia path: Entities possibly involved: dbr:Screen_Actors_Guild_Life_Achievement_Award | Question: Which political figures were awarded Screen Actors Guild Life Achievement Award?,[ANS] >> dbo:award >> dbr:Screen_Actors_Guild_Life_Achievement_Award
translate question to dbpedia path: Entities possibly involved: dbr:United_States | Question: What are the things whose director of photography died in United States?,[ANS] >> dbp:cinematography >> [VAR1] [SEP] [VAR1] >> dbp:deathPlace >> dbr:United_States
translate question to dbpedia path: Entities possibly involved: dbr:Statelessness | Question: What are some scientists who have stateless citizenship?,[ANS] >> dbo:citizenship >> dbr:Statelessness [SEP] [ANS] >> rdf:type >> dbo:Scientist
translate question to dbpedia path: Entities possibly involved: dbr:Kenya | Question: What is the protected area whose nearest city is Kenya?,[ANS] >> dbo:nearestCity >> dbr:Kenya [SEP] [ANS] >> rdf:type >> dbo:ProtectedArea
translate question to dbpedia path: Entities possibly involved: dbr:Wisconsin | Question: Count the nearest city to the historic palce whose one of the nearest city is Wisconsin ?,COUNT >> [VAR1] >> dbo:nearestCity >> dbr:Wisconsin [SEP] [VAR1] >> dbp:nearestCity >> [ANS]
translate question to dbpedia path: Entities possibly involved: dbr:Roundhead_(Wyandot) | Question: Give me the total number of commander of the military conflicts whose commander is Roundhead (Wyandot).,COUNT >> [VAR1] >> dbo:commander >> [ANS] [SEP] [VAR1] >> dbp:commander >> dbr:Roundhead_(Wyandot)
translate question to dbpedia path: Entities possibly involved: dbr:Elizabeth_II | Question: How many places were ruled by Elizabeth II?,COUNT >> [ANS] >> dbp:leaderName >> dbr:Elizabeth_II [SEP] [ANS] >> rdf:type >> dbo:Place
translate question to dbpedia path: Entities possibly involved: dbr:Chinese_poetry | Question: List the interest of the scientists whose one of the field is Chinese poetry ?,[VAR1] >> dbp:fields >> [ANS] [SEP] [VAR1] >> dbp:fields >> dbr:Chinese_poetry [SEP] [VAR1] >> rdf:type >> dbo:Scientist
"translate question to dbpedia path: Entities possibly involved: dbr:K._Terry_Dornbush, dbr:Luke_List_(golfer) | Question: Which college of Luke List (golfer) is the alma mater of K. Terry Dornbush",dbr:K._Terry_Dornbush >> dbp:almaMater >> [ANS] [SEP] dbr:Luke_List_(golfer) >> dbp:college >> [ANS]
"translate question to dbpedia path: Entities possibly involved: dbr:Chanté_mas, dbr:West_Africa | Question: Did Chant Mas originate in West Africa?",ASK >> dbr:Chanté_mas >> dbo:stylisticOrigin >> dbr:West_Africa
translate question to dbpedia path: Entities possibly involved: dbr:Bacilli | Question: Give me a count of bacterias which belongs to Bacilli class?,COUNT >> [ANS] >> dbo:class >> dbr:Bacilli [SEP] [ANS] >> rdf:type >> dbo:Bacteria
translate question to dbpedia path: Entities possibly involved: dbr:FremantleMedia | Question: How many producers have worked for FremantleMedia productions?,COUNT >> [VAR1] >> dbo:producer >> [ANS] [SEP] [VAR1] >> dbp:company >> dbr:FremantleMedia
"translate question to dbpedia path: Entities possibly involved: dbr:Tommy_Tucker's_Tooth, dbr:The_Haunted_House_(1929_film) | Question: Which animator of Tommy Ticker's Tooth is also the director of The Haunted house ?",dbr:The_Haunted_House_(1929_film) >> dbo:director >> [ANS] [SEP] dbr:Tommy_Tucker's_Tooth >> dbp:animator >> [ANS]
translate question to dbpedia path: Entities possibly involved: dbr:Larry_David | Question: How many shows are made by Larry David?,COUNT >> [ANS] >> dbo:creator >> dbr:Larry_David [SEP] [ANS] >> rdf:type >> dbo:TelevisionShow
translate question to dbpedia path: Entities possibly involved: dbr:Oakland_Athletics | Question: How many architects are there who have made something used by Oakland athletics?,COUNT >> [VAR1] >> dbo:tenant >> dbr:Oakland_Athletics [SEP] [VAR1] >> dbp:architect >> [ANS]
translate question to dbpedia path: Entities possibly involved: dbr:Ethiopian_Parliament_Building | Question: Where is Ethiopian Parliament Building located ?,dbr:Ethiopian_Parliament_Building >> dbp:locationCountry >> [ANS]
translate question to dbpedia path: Entities possibly involved: dbr:Harriet_Andersson | Question: List the awards won by the spouse of Harriet Andersson?,[VAR1] >> dbp:awards >> [ANS] [SEP] dbr:Harriet_Andersson >> dbo:partner >> [VAR1]
"translate question to dbpedia path: Entities possibly involved: dbr:Solidus_(coin), dbr:Aureus | Question: Where are Solidus and Aureus used?",[ANS] >> dbo:currency >> dbr:Aureus [SEP] [ANS] >> dbo:currency >> dbr:Solidus_(coin)
translate question to dbpedia path: Entities possibly involved: dbr:Detroit | Question: Which company owns the airlines whose hub is in Dubai?,[VAR1] >> dbp:hubs >> dbr:Detroit [SEP] [VAR1] >> dbp:parent >> [ANS] [SEP] [VAR1] >> rdf:type >> dbo:Airline
translate question to dbpedia path: Entities possibly involved: dbr:Ford_Y-block_engine | Question: Who built the Ford Y-block engine ?,dbr:Ford_Y-block_engine >> dbo:manufacturer >> [ANS]
"translate question to dbpedia path: Entities possibly involved: dbr:Gibby_Haynes, dbr:Saxophone | Question: Does Gibby Haynes play the saxophone?",ASK >> dbr:Gibby_Haynes >> dbp:instrument >> dbr:Saxophone
"translate question to dbpedia path: Entities possibly involved: dbr:National_Archaeological_Museum_(Florence), dbr:The_Orator | Question: Is The Orator in the National Archaeological Museum of Florence?",ASK >> dbr:The_Orator >> dbp:museum >> dbr:National_Archaeological_Museum_(Florence)
translate question to dbpedia path: Entities possibly involved: dbr:Lumberjack_100 | Question: What is the region of Lumberjack  ?,dbr:Lumberjack_100 >> dbp:region >> [ANS]
translate question to dbpedia path: Entities possibly involved: dbr:Royal_Designers_for_Industry | Question: How many awards have royal designers for industry awardwinners got?,COUNT >> [ANS] >> rdf:type >> dbo:Award [SEP] [VAR1] >> dbo:award >> [ANS] [SEP] [VAR1] >> dbp:awards >> dbr:Royal_Designers_for_Industry
translate question to dbpedia path: Entities possibly involved: dbr:Abdel_Bouckar | Question: Where is the team of Abdel Boucker located ?,[VAR1] >> dbo:location >> [ANS] [SEP] dbr:Abdel_Bouckar >> dbp:team >> [VAR1]
translate question to dbpedia path: Entities possibly involved: dbr:Tanzania_national_football_team | Question: For which other teams do members of tanzanian national football team play?,[VAR1] >> dbo:team >> [ANS] [SEP] [VAR1] >> dbp:nationalteam >> dbr:Tanzania_national_football_team
"translate question to dbpedia path: Entities possibly involved: dbr:Hank_Williams_Jr., dbr:Early_in_the_Morning_and_Late_at_Night | Question: Did Hank Williams Jr. make Early in the Morning and Late at Night?",ASK >> dbr:Early_in_the_Morning_and_Late_at_Night >> dbo:musicalArtist >> dbr:Hank_Williams_Jr.
"translate question to dbpedia path: Entities possibly involved: dbr:Burbank,_California | Question: How many TV show has distributor located in Burbank California ?","COUNT >> [ANS] >> dbp:distributor >> [VAR1] [SEP] [ANS] >> rdf:type >> dbo:TelevisionShow [SEP] [VAR1] >> dbo:locationCity >> dbr:Burbank,_California"
translate question to dbpedia path: Entities possibly involved: dbr:East_Tilbury | Question: List the ceremonial county of East Tilbury ?,dbr:East_Tilbury >> dbo:ceremonialCounty >> [ANS]
"translate question to dbpedia path: Entities possibly involved: dbr:Laemmle_Theatres, dbr:James_F._O'Brien | Question: Which award that has been given to James F Obrien, had used Laemmle Theatres for some service?",dbr:James_F._O'Brien >> dbo:award >> [ANS] [SEP] dbr:Laemmle_Theatres >> dbo:service >> [ANS]
translate question to dbpedia path: Entities possibly involved: dbr:Toronto_Marlies | Question: What is the drafted team of the people expected to join toronto marlies?,[VAR1] >> dbo:prospectTeam >> dbr:Toronto_Marlies [SEP] [VAR1] >> dbp:draftTeam >> [ANS] [SEP] [VAR1] >> rdf:type >> dbo:Person
translate question to dbpedia path: Entities possibly involved: dbr:Catarina_Lindgren | Question: How many people have parterned with the person choroegraphed by Catarina Lindgren in the past?,COUNT >> [ANS] >> rdf:type >> dbo:Person [SEP] [VAR1] >> dbo:formerChoreographer >> dbr:Catarina_Lindgren [SEP] [VAR1] >> dbo:formerPartner >> [ANS]
"translate question to dbpedia path: Entities possibly involved: dbr:Battle_of_Fort_Stephenson, dbr:Siege_of_Fort_Meigs | Question: Which famous commander led the Siege of forn meigs and was involved in the battle of fort stephenson?",dbr:Battle_of_Fort_Stephenson >> dbo:commander >> [ANS] [SEP] dbr:Siege_of_Fort_Meigs >> dbo:commander >> [ANS]
translate question to dbpedia path: Entities possibly involved: dbr:California | Question: Which games publishers are located in California?,[ANS] >> dbo:publisher >> [VAR1] [SEP] [VAR1] >> dbo:location >> dbr:California
translate question to dbpedia path: Entities possibly involved: dbr:Philadelphia_Rage | Question: Where is the stadium of Philadelphia Rage ?,dbr:Philadelphia_Rage >> dbo:stadium >> [ANS]
"translate question to dbpedia path: Entities possibly involved: dbr:Henri_Becquerel, dbr:Marie_Curie | Question: Was Marie Curie a doctoral student of Henri Becquerel?",ASK >> dbr:Henri_Becquerel >> dbo:doctoralStudent >> dbr:Marie_Curie
translate question to dbpedia path: Entities possibly involved: dbr:Software_as_a_service | Question: Count all the things licensed as Software as a service.,COUNT >> [ANS] >> dbo:license >> dbr:Software_as_a_service
translate question to dbpedia path: Entities possibly involved: dbr:Rodrigues | Question: How many broadcast area of the television stations exists whose broadcast area is Rodrigues ?,COUNT >> [VAR1] >> dbp:broadcastArea >> [ANS] [SEP] [VAR1] >> dbp:broadcastArea >> dbr:Rodrigues
translate question to dbpedia path: Entities possibly involved: dbr:England | Question: Count the drinks originated in England.,COUNT >> [ANS] >> dbo:origin >> dbr:England [SEP] [ANS] >> rdf:type >> dbo:Beverage
translate question to dbpedia path: Entities possibly involved: dbr:Racism | Question: What is the total number of other non-fiction subject of the books whose one of the subject is Racism?,COUNT >> [VAR1] >> dbo:nonFictionSubject >> [ANS] [SEP] [VAR1] >> dbo:nonFictionSubject >> dbr:Racism
translate question to dbpedia path: Entities possibly involved: dbr:U.S._Route_59 | Question: Name all the junctions of U.S. Route 59?,dbr:U.S._Route_59 >> dbp:junction >> [ANS]
translate question to dbpedia path: Entities possibly involved: dbr:OneDrive | Question: What are some other services of the company whose service is Onedrive?,[VAR1] >> dbo:service >> dbr:OneDrive [SEP] [VAR1] >> dbp:services >> [ANS] [SEP] [VAR1] >> rdf:type >> dbo:Company
"translate question to dbpedia path: Entities possibly involved: dbr:Gibson_SG, dbr:Duane_Allman | Question: Was Duanne Allman famous for playing the Gibson SG?",ASK >> dbr:Duane_Allman >> dbp:notableInstruments >> dbr:Gibson_SG
translate question to dbpedia path: Entities possibly involved: dbr:Bob_Hawke | Question: Who were all the people in office when bob hawke was the PM?,[ANS] >> dbo:primeMinister >> dbr:Bob_Hawke
translate question to dbpedia path: Entities possibly involved: dbr:Bob_Adams_(American_football) | Question: What is Bob Adams (American football) known for?,dbr:Bob_Adams_(American_football) >> dbp:knownFor >> [ANS]
"translate question to dbpedia path: Entities possibly involved: dbr:Unitary_state, dbr:Guatemala | Question: Is Guatemala a unitary state?",ASK >> dbr:Guatemala >> dbo:governmentType >> dbr:Unitary_state
"translate question to dbpedia path: Entities possibly involved: dbr:Duncan_U._Fletcher, dbr:Monroe_Carell_Jr._Children's_Hospital_at_Vanderbilt | Question: What is the common affiliation of the Monroe Carell Jr. Children's Hospital at Vanderbilt and alma mater of the Duncan U. Fletcher?",dbr:Duncan_U._Fletcher >> dbo:almaMater >> [ANS] [SEP] dbr:Monroe_Carell_Jr._Children's_Hospital_at_Vanderbilt >> dbp:affiliation >> [ANS]
translate question to dbpedia path: Entities possibly involved: dbr:UEM_Group | Question: UEM group have made bridges crossing over what?,[VAR1] >> dbp:crosses >> [ANS] [SEP] [VAR1] >> dbp:designer >> dbr:UEM_Group
translate question to dbpedia path: Entities possibly involved: dbr:Germany | Question: How many relatives are there of the people who died in Germany?,COUNT >> [VAR1] >> dbo:relation >> [ANS] [SEP] [VAR1] >> dbp:placeOfDeath >> dbr:Germany
translate question to dbpedia path: Entities possibly involved: dbr:Bachelor_of_Arts | Question: Where do bachelor of arts live?,[VAR1] >> dbo:residence >> [ANS] [SEP] [VAR1] >> dbp:almaMater >> dbr:Bachelor_of_Arts
"translate question to dbpedia path: Entities possibly involved: dbr:Callisto_(moon), dbr:Galileo_Galilei | Question: Was Castillo discovered by Galileo?",ASK >> dbr:Callisto_(moon) >> dbp:discoverer >> dbr:Galileo_Galilei
"translate question to dbpedia path: Entities possibly involved: dbr:A_Foreign_Policy_of_Freedom, dbr:Politics | Question: Does A foreign policy of freedom belong to the genre Politics?",ASK >> dbr:A_Foreign_Policy_of_Freedom >> dbo:literaryGenre >> dbr:Politics
translate question to dbpedia path: Entities possibly involved: dbr:Sierra_Nevada_(U.S.) | Question: How many mountain are there in Sierra Nevada range?,COUNT >> [ANS] >> dbo:mountainRange >> dbr:Sierra_Nevada_(U.S.) [SEP] [ANS] >> rdf:type >> dbo:Mountain
translate question to dbpedia path: Entities possibly involved: dbr:Robin_(comics) | Question: What is the total number of other characters of the plays whose characters is Robin (comics)?,COUNT >> [VAR1] >> dbp:characters >> [ANS] [SEP] [VAR1] >> dbp:characters >> dbr:Robin_(comics)
translate question to dbpedia path: Entities possibly involved: dbr:Liv_Ullmann | Question: What are the awards won by the spouse of Liv Ullmann ?,[VAR1] >> dbp:awards >> [ANS] [SEP] dbr:Liv_Ullmann >> dbo:partner >> [VAR1]
translate question to dbpedia path: Entities possibly involved: dbr:Uganda | Question: What is the total number of other nearest countries to the lakes whose nearest countries is Uganda?,COUNT >> [VAR1] >> dbo:nearestCity >> [ANS] [SEP] [VAR1] >> dbo:nearestCity >> dbr:Uganda
translate question to dbpedia path: Entities possibly involved: dbr:Cross-platform | Question: How many companies have developed cross platformed softwares?,COUNT >> [VAR1] >> dbo:developer >> [ANS] [SEP] [VAR1] >> dbp:operatingSystem >> dbr:Cross-platform
translate question to dbpedia path: Entities possibly involved: dbr:BBC | Question: List the shows whose network is run by BBC.,[ANS] >> dbo:network >> [VAR1] [SEP] [ANS] >> rdf:type >> dbo:TelevisionShow [SEP] [VAR1] >> dbo:owningCompany >> dbr:BBC
translate question to dbpedia path: Entities possibly involved: dbr:Operation_Dragoon | Question: How many titles were given to people who engaged in the Operation Dragoon?,COUNT >> [VAR1] >> dbo:award >> [ANS] [SEP] [VAR1] >> dbp:battles >> dbr:Operation_Dragoon
translate question to dbpedia path: Entities possibly involved: dbr:Michael_M._Sears | Question: Who is the employer of Michael M. Sears ?,dbr:Michael_M._Sears >> dbp:employer >> [ANS]
translate question to dbpedia path: Entities possibly involved: dbr:Autoconf | Question: List things developed by Autoconf ?,dbr:Autoconf >> dbo:developer >> [ANS]
"translate question to dbpedia path: Entities possibly involved: dbr:Arden,_North_Carolina, dbr:North_Carolina_Highway_280 | Question: Does the north carolina highway 280 end in Arden?","ASK >> dbr:North_Carolina_Highway_280 >> dbo:routeEnd >> dbr:Arden,_North_Carolina"
"translate question to dbpedia path: Entities possibly involved: dbr:Angola, dbr:Angola_Avante | Question: Is Angola Avante the anthem of Angola?",ASK >> dbr:Angola >> dbo:anthem >> dbr:Angola_Avante
translate question to dbpedia path: Entities possibly involved: dbr:Ivory_Coast_national_football_team | Question: Who all play for the Ivory Coast football team?,[ANS] >> dbp:nationalteam >> dbr:Ivory_Coast_national_football_team
"translate question to dbpedia path: Entities possibly involved: dbr:Front-engine,_four-wheel-drive_layout | Question: List all the layouts of the automobile whose one of the layout is four-wheel-drive layout ?","[VAR1] >> dbo:layout >> [ANS] [SEP] [VAR1] >> dbo:layout >> dbr:Front-engine,_four-wheel-drive_layout [SEP] [VAR1] >> rdf:type >> dbo:Automobile"
"translate question to dbpedia path: Entities possibly involved: dbr:Gatwick_Airport | Question: To how many places does the airlines fly, whose head office is located at the Gatwick Airport?",COUNT >> [ANS] >> rdf:type >> dbo:Place [SEP] [VAR1] >> dbo:headquarter >> dbr:Gatwick_Airport [SEP] [VAR1] >> dbp:destinations >> [ANS]
translate question to dbpedia path: Entities possibly involved: dbr:WPC_Dynamo_Moscow | Question: Where is the arena of WPC Dynamo Moscow situated?,dbr:WPC_Dynamo_Moscow >> dbp:arena >> [ANS]
"translate question to dbpedia path: Entities possibly involved: dbr:Clearwater_County,_Minnesota, dbr:Mississippi_River | Question: Does the mississippi orignate in the clearwater county, minnesota?","ASK >> dbr:Mississippi_River >> dbo:sourceRegion >> dbr:Clearwater_County,_Minnesota"
translate question to dbpedia path: Entities possibly involved: dbr:Venkatraman_Ramakrishnan | Question: How many scientist have won an award by the society led by Venkatraman Ramakrishnan?,COUNT >> [ANS] >> dbp:prizes >> [VAR1] [SEP] [ANS] >> rdf:type >> dbo:Scientist [SEP] [VAR1] >> dbp:leaderName >> dbr:Venkatraman_Ramakrishnan
"translate question to dbpedia path: Entities possibly involved: dbr:Denbigh_High_School_(Newport_News,_Virginia) | Question: Who all did their high school in Denbigh high School?","[ANS] >> dbp:highSchool >> dbr:Denbigh_High_School_(Newport_News,_Virginia)"
"translate question to dbpedia path: Entities possibly involved: dbr:PlayStation_4, dbr:Foxconn | Question: What is the information appliance whose successor is PlayStation 4 and maker is Foxconn?",[ANS] >> dbp:manufacturer >> dbr:Foxconn [SEP] [ANS] >> dbp:successor >> dbr:PlayStation_4 [SEP] [ANS] >> rdf:type >> dbo:InformationAppliance
translate question to dbpedia path: Entities possibly involved: dbr:Le_Gibloux | Question: name the mountain range of Le Gibloux ?,dbr:Le_Gibloux >> dbo:mountainRange >> [ANS]
translate question to dbpedia path: Entities possibly involved: dbr:Warner_Bros. | Question: Count me all the video game distributor whose parent company is Warner Bros ?,COUNT >> [ANS] >> dbp:distributor >> [VAR1] [SEP] [ANS] >> rdf:type >> dbo:VideoGame [SEP] [VAR1] >> dbp:parent >> dbr:Warner_Bros.
translate question to dbpedia path: Entities possibly involved: dbr:Blue_Jacket | Question: Who all were involved in the wars fought by the commander Blue Jacket?,[VAR1] >> dbp:combatant >> [ANS] [SEP] [VAR1] >> dbp:commander >> dbr:Blue_Jacket [SEP] [VAR1] >> rdf:type >> dbo:MilitaryConflict
"translate question to dbpedia path: Entities possibly involved: dbr:Judy_Garland, dbr:End_of_the_Rainbow | Question: Is Judy Garland a character of End of the Rainbow?",ASK >> dbr:End_of_the_Rainbow >> dbp:characters >> dbr:Judy_Garland
"translate question to dbpedia path: Entities possibly involved: dbr:Silver_Airways, dbr:Washington_Dulles_International_Airport | Question: Does Silver Airways have a hub at the Washington Dulles International Airport?",ASK >> dbr:Silver_Airways >> dbo:hubAirport >> dbr:Washington_Dulles_International_Airport
translate question to dbpedia path: Entities possibly involved: dbr:Gemini_8 | Question: Which astronauts went on the Gemini 8 mission?,[ANS] >> dbp:mission >> dbr:Gemini_8 [SEP] [ANS] >> rdf:type >> dbo:Astronaut
translate question to dbpedia path: Entities possibly involved: dbr:Erik_Jendresen | Question: Erik Jendresen is the writer of which television show?,[ANS] >> dbp:writer >> dbr:Erik_Jendresen [SEP] [ANS] >> rdf:type >> dbo:TelevisionShow
translate question to dbpedia path: Entities possibly involved: dbr:Tokyo_Broadcasting_System | Question: How many people have written stuff broadcasted on the Tokyo Broadcasting System?,COUNT >> [ANS] >> rdf:type >> dbo:Person [SEP] [VAR1] >> dbo:network >> dbr:Tokyo_Broadcasting_System [SEP] [VAR1] >> dbp:writer >> [ANS]
translate question to dbpedia path: Entities possibly involved: dbr:Sea_of_Marmara | Question: What cities are around the sea which flows into Marmara?,[VAR1] >> dbp:cities >> [ANS] [SEP] [VAR1] >> dbp:inflow >> dbr:Sea_of_Marmara [SEP] [VAR1] >> rdf:type >> dbo:Sea
translate question to dbpedia path: Entities possibly involved: dbr:Geneva | Question: Companies headquartered in Geneva own which TV Shows?,[ANS] >> dbp:company >> [VAR1] [SEP] [VAR1] >> dbo:headquarter >> dbr:Geneva
translate question to dbpedia path: Entities possibly involved: dbr:Morphine | Question: Who died due to Morphine ?,[ANS] >> dbo:deathCause >> dbr:Morphine
"translate question to dbpedia path: Entities possibly involved: dbr:Pixar, dbr:Walt_Disney_Studios_(division) | Question: Does Walt Disney Studio have a subsidiary called PixarCascadia_",ASK >> dbr:Walt_Disney_Studios_(division) >> dbo:subsidiary >> dbr:Pixar
translate question to dbpedia path: Entities possibly involved: dbr:Ivanpah_Solar_Power_Facility | Question: Who owns Ivanpah Solar Power Facility?,dbr:Ivanpah_Solar_Power_Facility >> dbo:owner >> [ANS]
translate question to dbpedia path: Entities possibly involved: dbr:Mind_sport | Question: What is the game whose genre is Mind sport?,[ANS] >> dbo:genre >> dbr:Mind_sport [SEP] [ANS] >> rdf:type >> dbo:Game
translate question to dbpedia path: Entities possibly involved: dbr:AeroKlub_Wrocław | Question: Which country's engineered have studied at Aero Klub in Wroclaw?,[VAR1] >> dbo:institution >> dbr:AeroKlub_Wrocław [SEP] [VAR1] >> dbp:nationality >> [ANS]
translate question to dbpedia path: Entities possibly involved: dbr:Arkansas_wine | Question: What is the official name of Arkansas wine ?,dbr:Arkansas_wine >> dbp:officialName >> [ANS]
translate question to dbpedia path: Entities possibly involved: dbr:Algeria | Question: Name the battle fought by the military persons who also fought in Algeria ?,[VAR1] >> dbp:battles >> [ANS] [SEP] [VAR1] >> dbp:battles >> dbr:Algeria [SEP] [VAR1] >> rdf:type >> dbo:MilitaryPerson
translate question to dbpedia path: Entities possibly involved: dbr:Seberang_Perai | Question: Bridge that starts at Seberang Perai crosses over what?,[VAR1] >> dbo:routeStart >> dbr:Seberang_Perai [SEP] [VAR1] >> dbp:crosses >> [ANS]
"translate question to dbpedia path: Entities possibly involved: dbr:Kate_Lundy, dbr:Julia_Gillard | Question: Is Julia Gillard the prime minister of Kate Lundy?",ASK >> dbr:Kate_Lundy >> dbo:primeMinister >> dbr:Julia_Gillard
translate question to dbpedia path: Entities possibly involved: dbr:Mediterranean_Sea | Question: what cities are located on the sides of mediterranean sea?,dbr:Mediterranean_Sea >> dbp:cities >> [ANS]
translate question to dbpedia path: Entities possibly involved: dbr:Maharashtra | Question: What is the purpose of some Maharashtran organizations?,[VAR1] >> dbo:headquarter >> dbr:Maharashtra [SEP] [VAR1] >> dbp:purpose >> [ANS] [SEP] [VAR1] >> rdf:type >> dbo:Organisation
translate question to dbpedia path: Entities possibly involved: dbr:Fusil_Gras_mle_1874 | Question: In how many  territories were the wars fought where Fusil Gras Mile 1874 were used?,COUNT >> [VAR1] >> dbo:territory >> [ANS] [SEP] [VAR1] >> rdf:type >> dbo:MilitaryConflict [SEP] dbr:Fusil_Gras_mle_1874 >> dbo:usedInWar >> [VAR1]
translate question to dbpedia path: Entities possibly involved: dbr:Mota-Engil | Question: Mota Engil built bridges over which rivers?,[VAR1] >> dbo:crosses >> [ANS] [SEP] [VAR1] >> dbp:builder >> dbr:Mota-Engil [SEP] [VAR1] >> rdf:type >> dbo:Bridge
translate question to dbpedia path: Entities possibly involved: dbr:Mathematics | Question: How many other field are there of the scientists whose one of the field is Mathematics ?,COUNT >> [VAR1] >> dbo:field >> [ANS] [SEP] [VAR1] >> dbo:field >> dbr:Mathematics
translate question to dbpedia path: Entities possibly involved: dbr:New_York_City_FC | Question: How many people currently play for the NYC FC?,COUNT >> [ANS] >> dbp:currentclub >> dbr:New_York_City_FC
"translate question to dbpedia path: Entities possibly involved: dbr:Nebraska | Question: In how many other states do people live, whose languages are spoken in Nebraska?",COUNT >> [VAR1] >> dbp:region >> [ANS] [SEP] dbr:Nebraska >> dbo:language >> [VAR1]
translate question to dbpedia path: Entities possibly involved: dbr:Jimmie_Lou_Fisher | Question: List the governers of Jimmie Lou Fisher?,dbr:Jimmie_Lou_Fisher >> dbp:governor >> [ANS]
translate question to dbpedia path: Entities possibly involved: dbr:Fred_Hoiberg | Question: How many people have played for a club whose coach is Fred Hoiberg?,COUNT >> [ANS] >> dbp:team >> [VAR1] [SEP] [VAR1] >> dbo:coach >> dbr:Fred_Hoiberg
translate question to dbpedia path: Entities possibly involved: dbr:Carmel_Winery | Question: Where is Carmel Winery?,dbr:Carmel_Winery >> dbp:locationCountry >> [ANS]
"translate question to dbpedia path: Entities possibly involved: dbr:Grand_Canyon, dbr:Little_Colorado_River | Question: Does the little colorado river flow in the Grand Canyon?",ASK >> dbr:Little_Colorado_River >> dbo:mouthMountain >> dbr:Grand_Canyon
translate question to dbpedia path: Entities possibly involved: dbr:Norfolk_Southern_Railway | Question: How many different organizations own the railway lines which are a part of Norfolk Southern Railway?,COUNT >> [ANS] >> rdf:type >> dbo:Organisation [SEP] [VAR1] >> dbp:owner >> [ANS] [SEP] [VAR1] >> dbp:system >> dbr:Norfolk_Southern_Railway
translate question to dbpedia path: Entities possibly involved: dbr:England | Question: Which shows had their painters born in England?,[ANS] >> dbo:creator >> [VAR1] [SEP] [ANS] >> rdf:type >> dbo:TelevisionShow [SEP] [VAR1] >> dbp:birthPlace >> dbr:England
translate question to dbpedia path: Entities possibly involved: dbr:Ontario | Question: Who are the politicians whose death place is Ontario?,[ANS] >> dbo:deathPlace >> dbr:Ontario [SEP] [ANS] >> rdf:type >> dbo:Politician
translate question to dbpedia path: Entities possibly involved: dbr:Julian_Gingell | Question: How many theme musics have been composed by Julian Gingell?,COUNT >> [ANS] >> dbp:themeMusicComposer >> dbr:Julian_Gingell
translate question to dbpedia path: Entities possibly involved: dbr:Wizard_rock | Question: What is the stylistic origin of Wizard rock ?,dbr:Wizard_rock >> dbo:stylisticOrigin >> [ANS]
translate question to dbpedia path: Entities possibly involved: dbr:Sanskrit | Question: List the fields of the scientists with Sanskrit as one of the interest ?,[VAR1] >> dbp:fields >> [ANS] [SEP] [VAR1] >> dbp:fields >> dbr:Sanskrit [SEP] [VAR1] >> rdf:type >> dbo:Scientist
translate question to dbpedia path: Entities possibly involved: dbr:Luke_Scott_(director) | Question: What are the movies whose director's daughter is Luke Scott?,[ANS] >> dbp:director >> [VAR1] [SEP] [ANS] >> rdf:type >> dbo:Film [SEP] [VAR1] >> dbo:child >> dbr:Luke_Scott_(director)
"translate question to dbpedia path: Entities possibly involved: dbr:Mona_Lisa, dbr:Louvre | Question: Is Mona Lisa in the Louvre museum?",ASK >> dbr:Mona_Lisa >> dbp:museum >> dbr:Louvre
"translate question to dbpedia path: Entities possibly involved: dbr:A_Foreign_Policy_of_Freedom, dbr:John_Trumbull | Question: Was A foreign policy on freedom covered by John Trumbull?",ASK >> dbr:A_Foreign_Policy_of_Freedom >> dbp:coverArtist >> dbr:John_Trumbull
translate question to dbpedia path: Entities possibly involved: dbr:Electronics_manufacturing_services | Question: Give me a count of everything made by the company which offers electronical manufacturing too.,COUNT >> [ANS] >> dbo:manufacturer >> [VAR1] [SEP] [VAR1] >> dbo:service >> dbr:Electronics_manufacturing_services
translate question to dbpedia path: Entities possibly involved: dbr:Hirokazu_Tanaka | Question: How many games have been composed by Hirokazu Tanaka?,COUNT >> [ANS] >> dbp:composer >> dbr:Hirokazu_Tanaka [SEP] [ANS] >> rdf:type >> dbo:VideoGame
translate question to dbpedia path: Entities possibly involved: dbr:Gods_of_Egypt_(film) | Question: What  awards did the cast members of Gods of Egypt win?,[VAR1] >> dbp:awards >> [ANS] [SEP] dbr:Gods_of_Egypt_(film) >> dbo:starring >> [VAR1]
translate question to dbpedia path: Entities possibly involved: dbr:Gustavo_Rojas_Pinilla | Question: Where did the relatives of Gustavo Rojas Pinilla study?,[VAR1] >> dbo:relation >> dbr:Gustavo_Rojas_Pinilla [SEP] [VAR1] >> dbp:almaMater >> [ANS]
translate question to dbpedia path: Entities possibly involved: dbr:United_States | Question: For how many things are americans famous for?,COUNT >> [VAR1] >> dbo:knownFor >> [ANS] [SEP] [VAR1] >> dbp:placeOfBirth >> dbr:United_States
translate question to dbpedia path: Entities possibly involved: dbr:McDonnell_Douglas | Question: Who is the successor of McDonnell Douglas ?,dbr:McDonnell_Douglas >> dbp:successor >> [ANS]
translate question to dbpedia path: Entities possibly involved: dbr:Lucifer's_Hammer | Question: What is the publisher of Lucifer's Hammer ?,dbr:Lucifer's_Hammer >> dbo:publisher >> [ANS]
translate question to dbpedia path: Entities possibly involved: dbr:American_Revolutionary_War | Question: List the origin of the weapons which were used in the American Revolutionary War.,[VAR1] >> dbo:usedInWar >> dbr:American_Revolutionary_War [SEP] [VAR1] >> dbp:origin >> [ANS] [SEP] [VAR1] >> rdf:type >> dbo:Weapon
"translate question to dbpedia path: Entities possibly involved: dbr:Purnima_Banerjee, dbr:Rishang_Keishing | Question: Purnima Banerjee and Rishang Keishing are politicians of what party ?",dbr:Purnima_Banerjee >> dbo:party >> [ANS] [SEP] dbr:Rishang_Keishing >> dbp:party >> [ANS]
translate question to dbpedia path: Entities possibly involved: dbr:MapleMusic_Recordings | Question: Which show's theme music composer's label is MapleMusic Recordings?,[ANS] >> dbp:themeMusicComposer >> [VAR1] [SEP] [ANS] >> rdf:type >> dbo:TelevisionShow [SEP] [VAR1] >> dbo:recordLabel >> dbr:MapleMusic_Recordings
"translate question to dbpedia path: Entities possibly involved: dbr:Apollo_11, dbr:Neil_Armstrong | Question: Was Apollo 11 a mission of Niel Armstrong?",ASK >> dbr:Neil_Armstrong >> dbp:mission >> dbr:Apollo_11
translate question to dbpedia path: Entities possibly involved: dbr:Pennsylvania | Question: List the former team of the american football players born in Pennsylvania ?,[VAR1] >> dbo:birthPlace >> dbr:Pennsylvania [SEP] [VAR1] >> dbo:formerTeam >> [ANS] [SEP] [VAR1] >> rdf:type >> dbo:AmericanFootballPlayer
"translate question to dbpedia path: Entities possibly involved: dbr:Charat_District, dbr:Districts_of_Peru | Question: Is the charat district a district in peru?",ASK >> dbr:Charat_District >> dbp:settlementType >> dbr:Districts_of_Peru
translate question to dbpedia path: Entities possibly involved: dbr:Plant | Question: How many things belong to a division of plant kingdom?,COUNT >> [ANS] >> dbo:division >> [VAR1] [SEP] [VAR1] >> dbo:kingdom >> dbr:Plant
"translate question to dbpedia path: Entities possibly involved: dbr:Mauritius, dbr:College_Sainte-Marie | Question: Is the College Sainte Marie in Mauritius?",ASK >> dbr:College_Sainte-Marie >> dbp:county >> dbr:Mauritius
translate question to dbpedia path: Entities possibly involved: dbr:Antonio_Giannini | Question: Where was Antonio Giannini born?,dbr:Antonio_Giannini >> dbo:birthPlace >> [ANS]
"translate question to dbpedia path: Entities possibly involved: dbr:Boston, dbr:Massachusetts | Question: Give me all tv shows which are based in boston and massachusetts?",[ANS] >> dbo:location >> dbr:Boston [SEP] [ANS] >> dbo:location >> dbr:Massachusetts [SEP] [ANS] >> rdf:type >> dbo:TelevisionShow
"translate question to dbpedia path: Entities possibly involved: dbr:CN_Atlètic-Barceloneta, dbr:Barcelona | Question: CN Atletic-Barceloneta has a stadium in Barcelona?",ASK >> dbr:CN_Atlètic-Barceloneta >> dbo:stadium >> dbr:Barcelona
translate question to dbpedia path: Entities possibly involved: dbr:Fantasy | Question: What are some non fiction subjects dealt with in fantasy novels?,[VAR1] >> dbo:literaryGenre >> dbr:Fantasy [SEP] [VAR1] >> dbo:nonFictionSubject >> [ANS] [SEP] [VAR1] >> rdf:type >> dbo:Book
"translate question to dbpedia path: Entities possibly involved: dbr:Chicago, dbr:Frank_R._Lillie_House | Question: Is the Frank R Lillie House has the Chicago architecture?",ASK >> dbr:Frank_R._Lillie_House >> dbo:architecturalStyle >> dbr:Chicago
translate question to dbpedia path: Entities possibly involved: dbr:Roman_Abramovich | Question: Name everyone working for a company owned by Roman Abramovich.,[ANS] >> dbo:occupation >> [VAR1] [SEP] [VAR1] >> dbo:owningCompany >> dbr:Roman_Abramovich
translate question to dbpedia path: Entities possibly involved: dbr:Toronto | Question: In how many different places can I find companies which were founded in toronto?,COUNT >> [ANS] >> rdf:type >> dbo:Place [SEP] [VAR1] >> dbo:foundationPlace >> dbr:Toronto [SEP] [VAR1] >> dbp:locations >> [ANS]
translate question to dbpedia path: Entities possibly involved: dbr:California | Question: List the people who were the first one to climb a mountain in California?,[VAR1] >> dbo:firstAscentPerson >> [ANS] [SEP] [VAR1] >> dbo:locatedInArea >> dbr:California [SEP] [VAR1] >> rdf:type >> dbo:Mountain
translate question to dbpedia path: Entities possibly involved: dbr:Jazz_fusion | Question: Give a list of all the labels that have jazz fusion artists signed up with them?,[VAR1] >> dbo:genre >> dbr:Jazz_fusion [SEP] [VAR1] >> dbo:recordLabel >> [ANS] [SEP] [VAR1] >> rdf:type >> dbo:MusicalArtist
"translate question to dbpedia path: Entities possibly involved: dbr:Hubert_Wiggs, dbr:Alvin_Bell | Question: Which college has been attended  by both Mr. Hubert Wiggs and Mr. Alvin Bell?",dbr:Alvin_Bell >> dbo:college >> [ANS] [SEP] dbr:Hubert_Wiggs >> dbo:college >> [ANS]
translate question to dbpedia path: Entities possibly involved: dbr:Blytheville_High_School | Question: What is the mascot of Blytheville High School ?,dbr:Blytheville_High_School >> dbp:mascot >> [ANS]
translate question to dbpedia path: Entities possibly involved: dbr:The_Bahamas | Question: What are some islands in the bahamas?,[ANS] >> dbp:archipelago >> dbr:The_Bahamas [SEP] [ANS] >> rdf:type >> dbo:Island
translate question to dbpedia path: Entities possibly involved: dbr:J._Bennett_Johnston | Question: In which state does the ambassador who is in related with J Bennett Johnston live?,[VAR1] >> dbp:state >> [ANS] [SEP] dbr:J._Bennett_Johnston >> dbo:relation >> [VAR1]
"translate question to dbpedia path: Entities possibly involved: dbr:Homestead_Grays | Question: Where were the sportsmen born, who started their careers with Homestead Grays?",[VAR1] >> dbp:birthDate >> [ANS] [SEP] [VAR1] >> dbp:debutteam >> dbr:Homestead_Grays [SEP] [VAR1] >> rdf:type >> dbo:Athlete
translate question to dbpedia path: Entities possibly involved: dbr:The_Simpsons_Ride | Question: Who are the cast members of The Simpsons Ride?,dbr:The_Simpsons_Ride >> dbp:starring >> [ANS]
"translate question to dbpedia path: Entities possibly involved: dbr:XNU, dbr:IPhone_OS_1 | Question: Name the organization which developed iPhone OS and the XNU?",dbr:IPhone_OS_1 >> dbp:developer >> [ANS] [SEP] dbr:XNU >> dbo:developer >> [ANS]
translate question to dbpedia path: Entities possibly involved: dbr:French_people | Question: How many awards have the french people received?,COUNT >> [VAR1] >> dbo:stateOfOrigin >> dbr:French_people [SEP] [VAR1] >> dbp:awards >> [ANS]
"translate question to dbpedia path: Entities possibly involved: dbr:Bacteria, dbr:Bacillales | Question: How many bacterias have taxonomy as Bacillales and domain as Bacteria?",COUNT >> [ANS] >> dbo:order >> dbr:Bacillales [SEP] [ANS] >> dbp:domain >> dbr:Bacteria
"translate question to dbpedia path: Entities possibly involved: dbr:Omaha,_Nebraska | Question: Which state's largest city is Omaha?","[ANS] >> dbo:largestCity >> dbr:Omaha,_Nebraska [SEP] [ANS] >> rdf:type >> dbo:AdministrativeRegion"
"translate question to dbpedia path: Entities possibly involved: dbr:Honeybuns, dbr:Wahoo! | Question: Is Wahoo! the previous work of Honeybuns?",ASK >> dbr:Honeybuns >> dbo:previousWork >> dbr:Wahoo!
translate question to dbpedia path: Entities possibly involved: dbr:Tommy_Tucker's_Tooth | Question: Who is the animator of Tommy Tucker's Tooth ?,dbr:Tommy_Tucker's_Tooth >> dbp:animator >> [ANS]
translate question to dbpedia path: Entities possibly involved: dbr:Alice's_Wonderland | Question: Who is the film director of Alice's Wonderland ?,dbr:Alice's_Wonderland >> dbo:director >> [ANS]
translate question to dbpedia path: Entities possibly involved: dbr:Random_House | Question: On how many subjects has Random house publishers published books?,COUNT >> [VAR1] >> dbp:publisher >> dbr:Random_House [SEP] [VAR1] >> dbp:subject >> [ANS]
"translate question to dbpedia path: Entities possibly involved: dbr:Cologny, dbr:Pregny-Chambésy | Question: Which settlement's neighboring municipalities are Cologny and Pregny-Chambsy?",[ANS] >> dbo:neighboringMunicipality >> dbr:Pregny-Chambésy [SEP] [ANS] >> dbp:neighboringMunicipalities >> dbr:Cologny [SEP] [ANS] >> rdf:type >> dbo:Settlement
"translate question to dbpedia path: Entities possibly involved: dbr:The_Pentagon, dbr:United_States_Department_of_Defense | Question: Which military unit's  garrison is Pentagon and command structure is United States Department of Defense?",[ANS] >> dbo:commandStructure >> dbr:United_States_Department_of_Defense [SEP] [ANS] >> dbp:garrison >> dbr:The_Pentagon [SEP] [ANS] >> rdf:type >> dbo:MilitaryUnit
translate question to dbpedia path: Entities possibly involved: dbr:A_Christian_Turn'd_Turk | Question: List the primary  subjects of A Christian Turn'd Turk?,dbr:A_Christian_Turn'd_Turk >> dbp:subject >> [ANS]
"translate question to dbpedia path: Entities possibly involved: dbr:Karl_Marx, dbr:Labor_relations | Question: Is Labor relations the main interest of Karl Marx?",ASK >> dbr:Karl_Marx >> dbo:mainInterest >> dbr:Labor_relations
"translate question to dbpedia path: Entities possibly involved: dbr:Cable-stayed_bridge | Question: Over which rivers, does a cable stayed bridge exists?",[VAR1] >> dbp:crosses >> [ANS] [SEP] [VAR1] >> dbp:design >> dbr:Cable-stayed_bridge
translate question to dbpedia path: Entities possibly involved: dbr:Texas | Question: Name some Texas based companies ?,[ANS] >> dbo:locationCity >> dbr:Texas [SEP] [ANS] >> rdf:type >> dbo:Company
translate question to dbpedia path: Entities possibly involved: dbr:Nazi_Germany | Question: Who were some governmental heads in Nazi Germany?,[VAR1] >> dbo:jurisdiction >> dbr:Nazi_Germany [SEP] [VAR1] >> dbo:leader >> [ANS]
translate question to dbpedia path: Entities possibly involved: dbr:Banlung | Question: Name the tiemzone of Banlung ?,dbr:Banlung >> dbo:timeZone >> [ANS]
translate question to dbpedia path: Entities possibly involved: dbr:Mary_Ainsworth | Question: Name all the doctoral student of the scientist who also supervised Mary Ainsworth ?,[VAR1] >> dbp:doctoralStudents >> [ANS] [SEP] [VAR1] >> dbp:doctoralStudents >> dbr:Mary_Ainsworth [SEP] [VAR1] >> rdf:type >> dbo:Scientist
translate question to dbpedia path: Entities possibly involved: dbr:Shahid_Khan | Question: Which football teams is Shahid Khan proprietor to?,[ANS] >> dbo:owner >> dbr:Shahid_Khan
translate question to dbpedia path: Entities possibly involved: dbr:Populous_(company) | Question: Who all have rented the stadium whose architect is Populous?,[VAR1] >> dbo:tenant >> [ANS] [SEP] [VAR1] >> dbp:architect >> dbr:Populous_(company) [SEP] [VAR1] >> rdf:type >> dbo:Stadium
"translate question to dbpedia path: Entities possibly involved: dbr:Dean_Wurzberger, dbr:Santa_Clara_University | Question: Did Dean Wurzberger manage a club at the santa clara university?",ASK >> dbr:Dean_Wurzberger >> dbp:managerclubs >> dbr:Santa_Clara_University
translate question to dbpedia path: Entities possibly involved: dbr:Flowering_plant | Question: How many dishes are made with an ingredient belonging to the flowering plant species?,COUNT >> [ANS] >> dbo:ingredient >> [VAR1] [SEP] [ANS] >> rdf:type >> dbo:Food [SEP] [VAR1] >> dbo:division >> dbr:Flowering_plant
translate question to dbpedia path: Entities possibly involved: dbr:Albert_Kwesi_Ocran | Question: What is the allegiance of Albert Kwesi Ocran ?,dbr:Albert_Kwesi_Ocran >> dbp:allegiance >> [ANS]
translate question to dbpedia path: Entities possibly involved: dbr:Niederkirchnerstraße | Question: How many people have headed organizations headquartered at Niederkirchnerstrae?,COUNT >> [VAR1] >> dbo:headquarter >> dbr:Niederkirchnerstraße [SEP] [VAR1] >> dbo:leader >> [ANS]
translate question to dbpedia path: Entities possibly involved: dbr:Europe | Question: What are some seas inside europe ?,[ANS] >> dbo:location >> dbr:Europe [SEP] [ANS] >> rdf:type >> dbo:Sea
translate question to dbpedia path: Entities possibly involved: dbr:Swimming_at_the_2008_Summer_Olympics_–_Men's_400_metre_individual_medley | Question: Who was the bronze medalist of Swimming at the 2008 Summer Olympics  Men's 400 metre individual medley ?,dbr:Swimming_at_the_2008_Summer_Olympics_–_Men's_400_metre_individual_medley >> dbo:bronzeMedalist >> [ANS]
"translate question to dbpedia path: Entities possibly involved: dbr:The_Incredible_Hulk_(1982_TV_series), dbr:Stan_Lee | Question: Did stan lee narrate the incredible hulk tv show?",ASK >> dbr:The_Incredible_Hulk_(1982_TV_series) >> dbo:narrator >> dbr:Stan_Lee
translate question to dbpedia path: Entities possibly involved: dbr:Pioneer_Corporation | Question: How many states does the Pioneer corporation operate in?,COUNT >> dbr:Pioneer_Corporation >> dbp:country >> [ANS]
translate question to dbpedia path: Entities possibly involved: dbr:Butch_Metzger | Question: Name the debut team of Butch Metzger ?,dbr:Butch_Metzger >> dbo:debutTeam >> [ANS]
translate question to dbpedia path: Entities possibly involved: dbr:Solidus_(coin) | Question: What countries used Solidus as currency?,[ANS] >> dbo:currency >> dbr:Solidus_(coin) [SEP] [ANS] >> rdf:type >> dbo:Country
"translate question to dbpedia path: Entities possibly involved: dbr:Edsel, dbr:1967_Mexican_Grand_Prix | Question: Which parent company of  Edsel was the first team of the 1967 Mexican Grand Prix ?",dbr:1967_Mexican_Grand_Prix >> dbp:firstTeam >> [ANS] [SEP] dbr:Edsel >> dbp:parent >> [ANS]
"translate question to dbpedia path: Entities possibly involved: dbr:Eddie_Anderson_(safety), dbr:Joe_Porter_(American_football) | Question: What team did Joe Porter and Eddie Anderson play for?",dbr:Eddie_Anderson_(safety) >> dbo:team >> [ANS] [SEP] dbr:Joe_Porter_(American_football) >> dbo:formerTeam >> [ANS]
translate question to dbpedia path: Entities possibly involved: dbr:BMW_M10 | Question: Which engine's successor's predecessor is BMW M10?,[ANS] >> dbo:successor >> [VAR1] [SEP] [ANS] >> rdf:type >> dbo:Engine [SEP] [VAR1] >> dbo:predecessor >> dbr:BMW_M10
translate question to dbpedia path: Entities possibly involved: dbr:Stanley_Kubrick | Question: List the movies directed by Stanley Kubrick?,[ANS] >> dbo:director >> dbr:Stanley_Kubrick [SEP] [ANS] >> rdf:type >> dbo:Film
"translate question to dbpedia path: Entities possibly involved: dbr:National_Hockey_League | Question: What team were the people drafted to, which are in the National Hockey League?",[VAR1] >> dbp:draftTeam >> [ANS] [SEP] [VAR1] >> dbp:league >> dbr:National_Hockey_League [SEP] [VAR1] >> rdf:type >> dbo:Person
translate question to dbpedia path: Entities possibly involved: dbr:Macintosh_Quadra_660AV | Question: Who developed the software for the operating system of Macintosh Quadra 660AV ?,[VAR1] >> dbo:developer >> [ANS] [SEP] [VAR1] >> rdf:type >> dbo:Software [SEP] dbr:Macintosh_Quadra_660AV >> dbo:operatingSystem >> [VAR1]
translate question to dbpedia path: Entities possibly involved: dbr:Carlos_Emmons_(American_football) | Question: From what american football teams did Carlos Emmons play?,dbr:Carlos_Emmons_(American_football) >> dbo:formerTeam >> [ANS]
translate question to dbpedia path: Entities possibly involved: dbr:Don_R._Berlin | Question: Who are the employer of Don R. Berlin?,dbr:Don_R._Berlin >> dbo:employer >> [ANS]
"translate question to dbpedia path: Entities possibly involved: dbr:Peter_Crouch, dbr:Stoke_City_F.C. | Question: Is Peter Crouch currently in the Stoke City FC?",ASK >> dbr:Peter_Crouch >> dbp:currentclub >> dbr:Stoke_City_F.C.
"translate question to dbpedia path: Entities possibly involved: dbr:Mount_St._Peter_Church, dbr:International_Style_(architecture) | Question: Is the Mount St Peter Church made in the international architectural style?",ASK >> dbr:Mount_St._Peter_Church >> dbp:architecture >> dbr:International_Style_(architecture)
"translate question to dbpedia path: Entities possibly involved: dbr:Mams_Taylor, dbr:The_Mating_Habits_of_the_Earthbound_Human | Question: What woman acted in the mating habits of earthbound humans and is often associated with Mams taylor?",dbr:Mams_Taylor >> dbo:associatedMusicalArtist >> [ANS] [SEP] dbr:The_Mating_Habits_of_the_Earthbound_Human >> dbp:starring >> [ANS]
translate question to dbpedia path: Entities possibly involved: dbr:Brian_d'Arcy_James | Question: How many other Guests are there of the television episodes whose Guests is Brian d'Arcy James ?,COUNT >> [VAR1] >> dbp:guests >> [ANS] [SEP] [VAR1] >> dbp:guests >> dbr:Brian_d'Arcy_James
translate question to dbpedia path: Entities possibly involved: dbr:He's_a_Pirate | Question: Who is the writer of He's a Pirate ?,dbr:He's_a_Pirate >> dbp:writer >> [ANS]
translate question to dbpedia path: Entities possibly involved: dbr:RCA_Records | Question: Which movies have their music composed by someone that signed up with RCA Records?,[ANS] >> dbo:musicComposer >> [VAR1] [SEP] [ANS] >> rdf:type >> dbo:Film [SEP] [VAR1] >> dbo:recordLabel >> dbr:RCA_Records
"translate question to dbpedia path: Entities possibly involved: dbr:Mark_Twain, dbr:The_Adventures_of_Tom_Sawyer | Question: Was the cover of The adventures of Tom Sawyer designed by Mark Twain?",ASK >> dbr:The_Adventures_of_Tom_Sawyer >> dbo:coverArtist >> dbr:Mark_Twain
translate question to dbpedia path: Entities possibly involved: dbr:Palang_Dharma_Party | Question: What is the ideology of Palang Dharma Party ?,dbr:Palang_Dharma_Party >> dbo:ideology >> [ANS]
"translate question to dbpedia path: Entities possibly involved: dbr:Philosophy, dbr:Stephen_Law | Question: Which philosophy journal has compiler as Stephen Law ?",[ANS] >> dbp:discipline >> dbr:Philosophy [SEP] [ANS] >> dbp:editor >> dbr:Stephen_Law [SEP] [ANS] >> rdf:type >> dbo:AcademicJournal
"translate question to dbpedia path: Entities possibly involved: dbr:Jaber_Al-Ahmad_Al-Sabah, dbr:Israel | Question: Which military conflict took place in Israel and had commander as Jaber Al-Ahmad Al-Sabah?",[ANS] >> dbo:commander >> dbr:Jaber_Al-Ahmad_Al-Sabah [SEP] [ANS] >> dbo:place >> dbr:Israel [SEP] [ANS] >> rdf:type >> dbo:MilitaryConflict
"translate question to dbpedia path: Entities possibly involved: dbr:The_Avengers_(1998_film) | Question: Where is the fictional character from, whose last appearance was in the Avengers, 1998?",[VAR1] >> dbp:last >> dbr:The_Avengers_(1998_film) [SEP] [VAR1] >> dbp:nationality >> [ANS] [SEP] [VAR1] >> rdf:type >> dbo:FictionalCharacter
"translate question to dbpedia path: Entities possibly involved: dbr:Miao_people, dbr:Palang_Dharma_Party | Question: Which idelogy of the Palang Dharma Party is also the  faith of Miao people ?",dbr:Miao_people >> dbo:religion >> [ANS] [SEP] dbr:Palang_Dharma_Party >> dbo:ideology >> [ANS]
translate question to dbpedia path: Entities possibly involved: dbr:Michael_Deeley | Question: List the movies produced by Michael Deeley ?,[ANS] >> dbo:producer >> dbr:Michael_Deeley [SEP] [ANS] >> rdf:type >> dbo:Film
translate question to dbpedia path: Entities possibly involved: dbr:Louis_Chevrolet | Question: Where did Louis chevrolet die ?,dbr:Louis_Chevrolet >> dbp:deathPlace >> [ANS]
"translate question to dbpedia path: Entities possibly involved: dbr:Bacteria, dbr:Bacillus | Question: Is Bacillus belong to the domain Bacteria?",ASK >> dbr:Bacillus >> dbp:domain >> dbr:Bacteria
"translate question to dbpedia path: Entities possibly involved: dbr:Microsoft_Windows, dbr:C++ | Question: Count the total number of software whose programming language is C++ and operating system is Microsoft Windows?",COUNT >> [ANS] >> dbo:operatingSystem >> dbr:Microsoft_Windows [SEP] [ANS] >> dbp:programmingLanguage >> dbr:C++
translate question to dbpedia path: Entities possibly involved: dbr:Jenny_Macklin | Question: What is the total number of politicians whose predecessor's deputy is Jenny Macklin?,COUNT >> [ANS] >> dbp:predecessor >> [VAR1] [SEP] [ANS] >> rdf:type >> dbo:OfficeHolder [SEP] [VAR1] >> dbp:deputy >> dbr:Jenny_Macklin
translate question to dbpedia path: Entities possibly involved: dbr:Middlesbrough_F.C. | Question: How many managers have managed Middlesbrough FC?,COUNT >> [ANS] >> dbo:managerClub >> dbr:Middlesbrough_F.C.
translate question to dbpedia path: Entities possibly involved: dbr:California | Question: Give me a count of bridges located in California ?,COUNT >> [ANS] >> dbo:locatedInArea >> dbr:California [SEP] [ANS] >> rdf:type >> dbo:Bridge
translate question to dbpedia path: Entities possibly involved: dbr:Taekwondo | Question: What are the sports played by the universities who also plays taekwondo ?,[VAR1] >> dbp:athletics >> [ANS] [SEP] [VAR1] >> dbp:athletics >> dbr:Taekwondo
translate question to dbpedia path: Entities possibly involved: dbr:Arlington_National_Cemetery | Question: Who all are buried in Arlington national cementary?,[ANS] >> dbp:placeofburial >> dbr:Arlington_National_Cemetery
translate question to dbpedia path: Entities possibly involved: dbr:Drum_kit | Question: How many different genres led to other genres where drums are important?,COUNT >> [ANS] >> rdf:type >> dbo:MusicGenre [SEP] [VAR1] >> dbo:stylisticOrigin >> [ANS] [SEP] [VAR1] >> dbp:instruments >> dbr:Drum_kit
"translate question to dbpedia path: Entities possibly involved: dbr:Fred_Claus, dbr:Trevor_Peacock | Question: Is Trevor Peacock the narrator of Fred Claus?",ASK >> dbr:Fred_Claus >> dbp:narrator >> dbr:Trevor_Peacock
translate question to dbpedia path: Entities possibly involved: dbr:Guy_(band) | Question: List all the bands which have members of the band Guy in them?,[VAR1] >> dbo:associatedBand >> [ANS] [SEP] dbr:Guy_(band) >> dbo:bandMember >> [VAR1]
translate question to dbpedia path: Entities possibly involved: dbr:John_Randolph_of_Roanoke | Question: Who are the predecessors of John Randolph of Roanoke?,[ANS] >> dbp:predecessor >> dbr:John_Randolph_of_Roanoke
"translate question to dbpedia path: Entities possibly involved: dbr:A_Jitney_Elopement, dbr:Charlie_Chaplin | Question: Was A Jitney Elopement edited by Charlie Chaplin?",ASK >> dbr:A_Jitney_Elopement >> dbo:editing >> dbr:Charlie_Chaplin
"translate question to dbpedia path: Entities possibly involved: dbr:Bert_McCaffrey, dbr:J._P._Parisé | Question: What team did J P Paris was former team of Bert McCaffrey play for?",dbr:Bert_McCaffrey >> dbo:formerTeam >> [ANS] [SEP] dbr:J._P._Parisé >> dbp:playedFor >> [ANS]
"translate question to dbpedia path: Entities possibly involved: dbr:North_Sea, dbr:Thames_Estuary | Question: What is the river that falls into North Sea and Thames Estuary?",[ANS] >> dbo:riverMouth >> dbr:North_Sea [SEP] [ANS] >> dbo:riverMouth >> dbr:Thames_Estuary [SEP] [ANS] >> rdf:type >> dbo:River
translate question to dbpedia path: Entities possibly involved: dbr:Dallas | Question: How many companies were founded in Dallas?,COUNT >> [ANS] >> dbp:foundation >> dbr:Dallas [SEP] [ANS] >> rdf:type >> dbo:Company
translate question to dbpedia path: Entities possibly involved: dbr:Canton_of_Fribourg | Question: Which range of mountains are there in canton of Fribourg?,[VAR1] >> dbo:locatedInArea >> dbr:Canton_of_Fribourg [SEP] [VAR1] >> dbo:mountainRange >> [ANS]
translate question to dbpedia path: Entities possibly involved: dbr:Animal | Question: Which species' members are there in the animal kingdom?,[VAR1] >> dbo:kingdom >> dbr:Animal [SEP] [VAR1] >> dbo:species >> [ANS]
"translate question to dbpedia path: Entities possibly involved: dbr:Henry_Knox, dbr:Major_general_(United_States) | Question: Was Henry Knox a major general?",ASK >> dbr:Henry_Knox >> dbo:militaryRank >> dbr:Major_general_(United_States)
translate question to dbpedia path: Entities possibly involved: dbr:Dimitris_Terezopoulos | Question: Which stadium is owned by the team whose manager is Dimitris Terezopoulos?,[VAR1] >> dbp:manager >> dbr:Dimitris_Terezopoulos [SEP] [VAR1] >> dbp:stadium >> [ANS]
translate question to dbpedia path: Entities possibly involved: dbr:Alexander_Lippisch | Question: From how many countries did the aeroplanes designed by Alexander Lippisch originate?,COUNT >> [ANS] >> rdf:type >> dbo:Country [SEP] [VAR1] >> dbp:designer >> dbr:Alexander_Lippisch [SEP] [VAR1] >> dbp:nationalOrigin >> [ANS]
"translate question to dbpedia path: Entities possibly involved: dbr:White_Plains_Road, dbr:The_Bronx | Question: Do the White Plains Road lie in the Bronx county?",ASK >> dbr:White_Plains_Road >> dbp:counties >> dbr:The_Bronx
translate question to dbpedia path: Entities possibly involved: dbr:Queen_Noor_of_Jordan | Question: Name presidents of the schools which have queen noor of Jordan as one of them ?,[VAR1] >> dbo:president >> dbr:Queen_Noor_of_Jordan [SEP] [VAR1] >> dbp:president >> [ANS] [SEP] [VAR1] >> rdf:type >> dbo:School
translate question to dbpedia path: Entities possibly involved: dbr:Kobalt_Label_Services | Question: How many bands are signed up with Kobalt Label Services?,COUNT >> [ANS] >> dbo:recordLabel >> dbr:Kobalt_Label_Services [SEP] [ANS] >> rdf:type >> dbo:Band
"translate question to dbpedia path: Entities possibly involved: dbr:12th_Field_Artillery_Regiment, dbr:Colorado | Question: Was 12th Field Artillery Regiment garrisoned at colorado?",ASK >> dbr:12th_Field_Artillery_Regiment >> dbo:garrison >> dbr:Colorado
translate question to dbpedia path: Entities possibly involved: dbr:Virtual_Console | Question: What are some games availible on nintendo's virtual console?,[ANS] >> dbo:computingPlatform >> dbr:Virtual_Console [SEP] [ANS] >> rdf:type >> dbo:VideoGame
translate question to dbpedia path: Entities possibly involved: dbr:Kala_Pani_(1958_film) | Question: Where did the film director of Kala Pani die?,[VAR1] >> dbo:deathPlace >> [ANS] [SEP] dbr:Kala_Pani_(1958_film) >> dbo:director >> [VAR1]
translate question to dbpedia path: Entities possibly involved: dbr:Red_hair | Question: What are the death place of the models whose hair color was Red?,[VAR1] >> dbp:deathPlace >> [ANS] [SEP] [VAR1] >> dbp:hairColor >> dbr:Red_hair [SEP] [VAR1] >> rdf:type >> dbo:Model
translate question to dbpedia path: Entities possibly involved: dbr:Miluk_language | Question: To which region does the Miluk language belong?,dbr:Miluk_language >> dbp:region >> [ANS]
translate question to dbpedia path: Entities possibly involved: dbr:Port_of_Tilbury | Question: What is the Ceremonial County of Port of Tilbury ?,dbr:Port_of_Tilbury >> dbo:ceremonialCounty >> [ANS]
"translate question to dbpedia path: Entities possibly involved: dbr:Murray_Gold, dbr:C._E._Webber | Question: What is the television show whose sculptor is C. E. Webber and composed by Murray Gold?",[ANS] >> dbo:composer >> dbr:Murray_Gold [SEP] [ANS] >> dbo:creator >> dbr:C._E._Webber [SEP] [ANS] >> rdf:type >> dbo:TelevisionShow
translate question to dbpedia path: Entities possibly involved: dbr:World_Series_of_Poker | Question: Who created the world series of Poker?,dbr:World_Series_of_Poker >> dbp:founded >> [ANS]
translate question to dbpedia path: Entities possibly involved: dbr:Ted_Osborne | Question: Which fictional character's relatives were made by Ted Osborne?,[ANS] >> dbp:relatives >> [VAR1] [SEP] [ANS] >> rdf:type >> dbo:FictionalCharacter [SEP] [VAR1] >> dbo:creator >> dbr:Ted_Osborne
translate question to dbpedia path: Entities possibly involved: dbr:Artisan_Entertainment | Question: Who are the stars of the movies which are distributed by Artisan Entertainment ?,[VAR1] >> dbo:starring >> [ANS] [SEP] [VAR1] >> dbp:distributor >> dbr:Artisan_Entertainment [SEP] [VAR1] >> rdf:type >> dbo:Film
translate question to dbpedia path: Entities possibly involved: dbr:Second_lieutenant | Question: Count the different religions followed by Second Lieutenants in military.,COUNT >> [VAR1] >> dbo:militaryRank >> dbr:Second_lieutenant [SEP] [VAR1] >> dbo:religion >> [ANS]
translate question to dbpedia path: Entities possibly involved: dbr:Moordener_Kill | Question: Name the river mouth of Moordener Kill ?,dbr:Moordener_Kill >> dbo:riverMouth >> [ANS]
translate question to dbpedia path: Entities possibly involved: dbr:HBO | Question: List the producer of the TV shows whose company is HBO.,[VAR1] >> dbo:company >> dbr:HBO [SEP] [VAR1] >> dbo:producer >> [ANS] [SEP] [VAR1] >> rdf:type >> dbo:TelevisionShow
"translate question to dbpedia path: Entities possibly involved: dbr:Erik_Jendresen, dbr:Playtone | Question: What is the television show whose company is Playtone and written by Erik Jendresen?",[ANS] >> dbo:company >> dbr:Playtone [SEP] [ANS] >> dbp:writer >> dbr:Erik_Jendresen [SEP] [ANS] >> rdf:type >> dbo:TelevisionShow
translate question to dbpedia path: Entities possibly involved: dbr:Public_Transport_Authority_(Western_Australia) | Question: What railway lines go through the stations maintained by Western Australian Public Transport Authority?,[VAR1] >> dbo:owningOrganisation >> dbr:Public_Transport_Authority_(Western_Australia) [SEP] [VAR1] >> dbo:servingRailwayLine >> [ANS] [SEP] [VAR1] >> rdf:type >> dbo:Station
translate question to dbpedia path: Entities possibly involved: dbr:United_States | Question: How many publisher have been founded by american citizens?,COUNT >> [ANS] >> dbo:founder >> [VAR1] [SEP] [ANS] >> rdf:type >> dbo:Publisher [SEP] [VAR1] >> dbo:stateOfOrigin >> dbr:United_States
translate question to dbpedia path: Entities possibly involved: dbr:Pacific_Ocean | Question: How many other region served are there of the companies which serves  Pacific Ocean ?,COUNT >> [VAR1] >> dbo:regionServed >> [ANS] [SEP] [VAR1] >> dbo:regionServed >> dbr:Pacific_Ocean
translate question to dbpedia path: Entities possibly involved: dbr:Upper_Neretva | Question: How many countries surround the sea into which the Upper Neratva flow?,COUNT >> [VAR1] >> dbo:country >> [ANS] [SEP] [VAR1] >> rdf:type >> dbo:Sea [SEP] dbr:Upper_Neretva >> dbo:riverMouth >> [VAR1]
translate question to dbpedia path: Entities possibly involved: dbr:Indian_Ocean | Question: How many rivers end in the Indian Ocean?,COUNT >> [ANS] >> dbo:riverMouth >> dbr:Indian_Ocean [SEP] [ANS] >> rdf:type >> dbo:River
translate question to dbpedia path: Entities possibly involved: dbr:Cobham_Training_Centre | Question: Who is owner of the soccer club which owns the Cobham Training Centre?,[VAR1] >> dbp:owner >> [ANS] [SEP] dbr:Cobham_Training_Centre >> dbp:owner >> [VAR1]
translate question to dbpedia path: Entities possibly involved: dbr:Sweden | Question: List some things that Swedish people have become famous for?,[VAR1] >> dbo:knownFor >> [ANS] [SEP] [VAR1] >> dbo:stateOfOrigin >> dbr:Sweden
"translate question to dbpedia path: Entities possibly involved: dbr:Geneva, dbr:Esther_Alder | Question: Is Esther Alder the mayor of Geneva?",ASK >> dbr:Geneva >> dbp:mayor >> dbr:Esther_Alder
translate question to dbpedia path: Entities possibly involved: dbr:ABC_Records | Question: Which shows have voices from people signed up with ABC Records?,[ANS] >> dbp:voices >> [VAR1] [SEP] [ANS] >> rdf:type >> dbo:TelevisionShow [SEP] [VAR1] >> dbp:label >> dbr:ABC_Records
"translate question to dbpedia path: Entities possibly involved: dbr:National_Archaeological_Museum_(Florence), dbr:Chimera_of_Arezzo | Question: Is National Archaeological Museum (Florence) the museum of Chimera of Arezzo?",ASK >> dbr:Chimera_of_Arezzo >> dbp:museum >> dbr:National_Archaeological_Museum_(Florence)
"translate question to dbpedia path: Entities possibly involved: dbr:United_World_College_of_Costa_Rica, dbr:United_World_Colleges | Question: Who is the President of the United World College of Costa Rica and United World Colleges ?",dbr:United_World_College_of_Costa_Rica >> dbp:president >> [ANS] [SEP] dbr:United_World_Colleges >> dbp:president >> [ANS]
translate question to dbpedia path: Entities possibly involved: dbr:Musée_d'Orsay | Question: How many artists' works are in Muse d'Orsay?,COUNT >> [ANS] >> rdf:type >> dbo:Artist [SEP] [VAR1] >> dbp:artist >> [ANS] [SEP] [VAR1] >> dbp:museum >> dbr:Musée_d'Orsay
translate question to dbpedia path: Entities possibly involved: dbr:WWE | Question: Whose wife is a presenter at WWE?,[ANS] >> dbo:spouse >> [VAR1] [SEP] [VAR1] >> dbp:presenter >> dbr:WWE
translate question to dbpedia path: Entities possibly involved: dbr:The_CW | Question: Give me a count of everything owned by the network whose sister name is The CW?,COUNT >> [ANS] >> dbp:network >> [VAR1] [SEP] [VAR1] >> dbp:sisterNames >> dbr:The_CW
translate question to dbpedia path: Entities possibly involved: dbr:Herzogenaurach | Question: What sporting goods companies are located in Herzogenaurach?,[ANS] >> dbp:location >> dbr:Herzogenaurach
translate question to dbpedia path: Entities possibly involved: dbr:Battle_of_the_Thames | Question: Name the commander of Battle of the Thames ?,dbr:Battle_of_the_Thames >> dbo:commander >> [ANS]
translate question to dbpedia path: Entities possibly involved: dbr:Fr._Agnel_Multipurpose_School_and_Junior_College | Question: Name the sports played by Fr. Agnel Multipurpose School and Junior College?,dbr:Fr._Agnel_Multipurpose_School_and_Junior_College >> dbo:sport >> [ANS]
"translate question to dbpedia path: Entities possibly involved: dbr:Republic_of_Montenegro_(1992–2006), dbr:Benelux | Question: What is the base currency of the Benelux which can be used in Republic of Montenegro?",dbr:Benelux >> dbp:currency >> [ANS] [SEP] dbr:Republic_of_Montenegro_(1992–2006) >> dbp:currency >> [ANS]
translate question to dbpedia path: Entities possibly involved: dbr:Julian_Leow_Beng_Kim | Question: What is the alma mater of Julian Leow Beng Kim?,dbr:Julian_Leow_Beng_Kim >> dbp:almaMater >> [ANS]
"translate question to dbpedia path: Entities possibly involved: dbr:Alan_Jouban, dbr:Eddie_Bravo | Question: Is Eddie Bravo the trainer of Alan Jouban",ASK >> dbr:Alan_Jouban >> dbo:trainer >> dbr:Eddie_Bravo
translate question to dbpedia path: Entities possibly involved: dbr:Lawrence_Realization_Stakes | Question: How many awards have been given to the participants of the Lawrence Realization Stakes?,COUNT >> [VAR1] >> dbo:honours >> [ANS] [SEP] [VAR1] >> dbp:race >> dbr:Lawrence_Realization_Stakes
"translate question to dbpedia path: Entities possibly involved: dbr:Joel_Schumacher, dbr:Mark_Stevens_(film_editor) | Question: List the work  edited by  Mark Stevens and directed by Joel Schumacher?",[ANS] >> dbo:director >> dbr:Joel_Schumacher [SEP] [ANS] >> dbp:editing >> dbr:Mark_Stevens_(film_editor) [SEP] [ANS] >> rdf:type >> dbo:Work
"translate question to dbpedia path: Entities possibly involved: dbr:Dolley_Madison, dbr:William_Eustis | Question: Which president of William Eustus also married to Dolley Madison ?",dbr:Dolley_Madison >> dbo:spouse >> [ANS] [SEP] dbr:William_Eustis >> dbp:president >> [ANS]
translate question to dbpedia path: Entities possibly involved: dbr:Flatbread | Question: Count the different types of Flatbread ?,COUNT >> [ANS] >> dbo:type >> dbr:Flatbread
translate question to dbpedia path: Entities possibly involved: dbr:National_Museum_of_Racing_and_Hall_of_Fame | Question: Count the birthplaces of recepients of the National Museum of Racing and Hall of Fame.,COUNT >> [ANS] >> rdf:type >> dbo:Place [SEP] [VAR1] >> dbo:birthPlace >> [ANS] [SEP] [VAR1] >> dbo:honours >> dbr:National_Museum_of_Racing_and_Hall_of_Fame
translate question to dbpedia path: Entities possibly involved: dbr:Daund_Junction_railway_station | Question: Name the serving line of Daund Junction railway station?,dbr:Daund_Junction_railway_station >> dbo:servingRailwayLine >> [ANS]
translate question to dbpedia path: Entities possibly involved: dbr:Australia | Question: How many companies serve the Australian region?,COUNT >> [ANS] >> dbo:regionServed >> dbr:Australia [SEP] [ANS] >> rdf:type >> dbo:Company
"translate question to dbpedia path: Entities possibly involved: dbr:Garry_Unger | Question: How many teams was Garry Unger in, previously?",COUNT >> [ANS] >> rdf:type >> dbo:SportsTeam [SEP] dbr:Garry_Unger >> dbo:formerTeam >> [ANS]
translate question to dbpedia path: Entities possibly involved: dbr:Main_Course | Question: How many writers worked on the album Main Course?,COUNT >> [VAR1] >> dbp:album >> dbr:Main_Course [SEP] [VAR1] >> dbp:writer >> [ANS]
translate question to dbpedia path: Entities possibly involved: dbr:Luther:_The_Calling | Question: List the popular works of the author of Luther: The Calling ?,[VAR1] >> dbo:notableWork >> [ANS] [SEP] dbr:Luther:_The_Calling >> dbp:author >> [VAR1]
translate question to dbpedia path: Entities possibly involved: dbr:Natural_philosophy | Question: Which were the philosophers whose primary interest was Natural philosophy?,[ANS] >> dbp:mainInterests >> dbr:Natural_philosophy [SEP] [ANS] >> rdf:type >> dbo:Philosopher
"translate question to dbpedia path: Entities possibly involved: dbr:FIS_Alpine_World_Ski_Championships_1950, dbr:Colorado | Question: Was the FIS Alpine World Ski Championship of 1950 held in Colorado?",ASK >> dbr:FIS_Alpine_World_Ski_Championships_1950 >> dbp:hostCity >> dbr:Colorado
translate question to dbpedia path: Entities possibly involved: dbr:Adam_Ludwik_Czartoryski | Question: What is the place of death of the royalties one of whose parents was Adam Ludwik Czartoryski?,[VAR1] >> dbo:parent >> dbr:Adam_Ludwik_Czartoryski [SEP] [VAR1] >> dbp:deathPlace >> [ANS] [SEP] [VAR1] >> rdf:type >> dbo:Royalty
translate question to dbpedia path: Entities possibly involved: dbr:East_Norwalk_Historical_Cemetery | Question: What is the total number of other restingplace of the politicians whose one of the restingplace is East Norwalk Historical Cemetery?,COUNT >> [VAR1] >> dbp:restingplace >> [ANS] [SEP] [VAR1] >> dbp:restingplace >> dbr:East_Norwalk_Historical_Cemetery
translate question to dbpedia path: Entities possibly involved: dbr:Damon_Hill | Question: Who were the pole drivers in GP when Damon hill was a first driver?,[VAR1] >> dbo:firstDriver >> dbr:Damon_Hill [SEP] [VAR1] >> dbo:poleDriver >> [ANS] [SEP] [VAR1] >> rdf:type >> dbo:GrandPrix
translate question to dbpedia path: Entities possibly involved: dbr:Victor_Entertainment | Question: How many albums were released under the Victor Entertainment label?,COUNT >> [ANS] >> dbp:label >> dbr:Victor_Entertainment [SEP] [ANS] >> rdf:type >> dbo:Album
translate question to dbpedia path: Entities possibly involved: dbr:Norwalk_Trainband | Question: In how many places can I find tombs of people who fought in the Norwalk Trainband?,COUNT >> [VAR1] >> dbo:militaryUnit >> dbr:Norwalk_Trainband [SEP] [VAR1] >> dbp:restingplace >> [ANS]
"translate question to dbpedia path: Entities possibly involved: dbr:GeneWeb, dbr:GNU_General_Public_License | Question: Does GeneWeb have the GPL license?",ASK >> dbr:GeneWeb >> dbp:license >> dbr:GNU_General_Public_License
translate question to dbpedia path: Entities possibly involved: dbr:Dad's_Root_Beer | Question: What is the location of Dad's Root Beer on Google maps?,dbr:Dad's_Root_Beer >> dbp:locationCity >> [ANS]
"translate question to dbpedia path: Entities possibly involved: dbr:GNU, dbr:Darcs | Question: Is Darcs released with a GNU license?",ASK >> dbr:Darcs >> dbo:license >> dbr:GNU
translate question to dbpedia path: Entities possibly involved: dbr:Judaism | Question: How many saints have been venerated in Judaism?,COUNT >> [ANS] >> dbo:veneratedIn >> dbr:Judaism [SEP] [ANS] >> rdf:type >> dbo:Saint
translate question to dbpedia path: Entities possibly involved: dbr:Gibson_Les_Paul | Question: How many people are famous for the Gibson Les Paul?,COUNT >> [ANS] >> dbp:notableInstruments >> dbr:Gibson_Les_Paul
translate question to dbpedia path: Entities possibly involved: dbr:Chêne-Bougeries | Question: What municipalities are adjacent to Chne-Bougeries?,[ANS] >> dbp:neighboringMunicipalities >> dbr:Chêne-Bougeries
translate question to dbpedia path: Entities possibly involved: dbr:Mississippi | Question: List all the wine regions of the grapes whose one of the wine region is Mississippi ?,[VAR1] >> dbo:wineRegion >> [ANS] [SEP] [VAR1] >> dbo:wineRegion >> dbr:Mississippi [SEP] [VAR1] >> rdf:type >> dbo:Grape
translate question to dbpedia path: Entities possibly involved: dbr:Azam_F.C. | Question: For which clubs do the players of Azam F.C. play for?,[VAR1] >> dbo:team >> [ANS] [SEP] [VAR1] >> rdf:type >> dbo:SoccerPlayer [SEP] dbr:Azam_F.C. >> dbp:name >> [VAR1]
translate question to dbpedia path: Entities possibly involved: dbr:Chordate | Question: What are the mammals whose phylum is Chordate?,[ANS] >> dbo:phylum >> dbr:Chordate [SEP] [ANS] >> rdf:type >> dbo:Mammal
translate question to dbpedia path: Entities possibly involved: dbr:MTR | Question: Give me an estimate of the number of manufacturers whose products are managed by MTR?,COUNT >> [VAR1] >> dbo:manufacturer >> [ANS] [SEP] [VAR1] >> dbo:operator >> dbr:MTR
translate question to dbpedia path: Entities possibly involved: dbr:Rickenbacker | Question: How many artists play as Rickenbacker?,COUNT >> [ANS] >> dbo:instrument >> dbr:Rickenbacker [SEP] [ANS] >> rdf:type >> dbo:Artist
translate question to dbpedia path: Entities possibly involved: dbr:Anne_Hidalgo | Question: Which citys mayor is anne hidalgo?,[ANS] >> dbo:mayor >> dbr:Anne_Hidalgo
translate question to dbpedia path: Entities possibly involved: dbr:Ragout_fin | Question: How many ingedients are required to make the Ragout Fin?,COUNT >> dbr:Ragout_fin >> dbo:ingredient >> [ANS]
translate question to dbpedia path: Entities possibly involved: dbr:Criteria_Studios | Question: Tell me the number of writers whose works have been recorded in Criteria Studios?,COUNT >> [ANS] >> rdf:type >> dbo:Artist [SEP] [VAR1] >> dbo:recordedIn >> dbr:Criteria_Studios [SEP] [VAR1] >> dbp:writer >> [ANS]
translate question to dbpedia path: Entities possibly involved: dbr:Canary_Islands | Question: Under which archipelago does Canary Islands fall?,[ANS] >> dbp:archipelago >> dbr:Canary_Islands
translate question to dbpedia path: Entities possibly involved: dbr:2011–12_FC_Spartak_Moscow_season | Question: name the home stadium of FC Spartak Moscow season 2011-12,dbr:2011–12_FC_Spartak_Moscow_season >> dbo:homeStadium >> [ANS]
translate question to dbpedia path: Entities possibly involved: dbr:South_Station | Question: How many owners are there of lines starting at the South Station?,COUNT >> [VAR1] >> dbo:routeStart >> dbr:South_Station [SEP] [VAR1] >> dbp:owner >> [ANS]
"translate question to dbpedia path: Entities possibly involved: dbr:Rosario,_Santa_Fe | Question: Count all those who've played for the youth club which owns the Rosario, Santa Fe stadium.","COUNT >> [ANS] >> dbp:youthclubs >> [VAR1] [SEP] [VAR1] >> dbp:ground >> dbr:Rosario,_Santa_Fe"
translate question to dbpedia path: Entities possibly involved: dbr:Playtone | Question: What are the television shows whose company is Playtone?,[ANS] >> dbo:company >> dbr:Playtone [SEP] [ANS] >> rdf:type >> dbo:TelevisionShow
translate question to dbpedia path: Entities possibly involved: dbr:Mumbai_Suburban_district | Question: In which city are the schools whose district is Mumbai Suburban?,[VAR1] >> dbo:city >> [ANS] [SEP] [VAR1] >> dbp:district >> dbr:Mumbai_Suburban_district [SEP] [VAR1] >> rdf:type >> dbo:School
translate question to dbpedia path: Entities possibly involved: dbr:Stoke_City_F.C. | Question: How many people currently play for Stoke City F.C.?,COUNT >> [ANS] >> dbp:currentclub >> dbr:Stoke_City_F.C.
translate question to dbpedia path: Entities possibly involved: dbr:Congo_River | Question: What are the outflow of the lakes which also has one of the outflow as Congo River ?,[VAR1] >> dbo:outflow >> [ANS] [SEP] [VAR1] >> dbp:outflow >> dbr:Congo_River
translate question to dbpedia path: Entities possibly involved: dbr:Cadillac_Fleetwood | Question: How many cars succeeded the cars which were similar to Cadillac Fleetwood?,COUNT >> [VAR1] >> dbo:predecessor >> [ANS] [SEP] [VAR1] >> rdf:type >> dbo:Automobile [SEP] dbr:Cadillac_Fleetwood >> dbp:related >> [VAR1]
"translate question to dbpedia path: Entities possibly involved: dbr:Chicago, dbr:Elsie_Paroubek | Question: Was the body of Elsie Paroubek discovered in Chicago?",ASK >> dbr:Elsie_Paroubek >> dbo:bodyDiscovered >> dbr:Chicago
translate question to dbpedia path: Entities possibly involved: dbr:Marika_Gombitová | Question: In how many languages did Marika Gombitova sing?,COUNT >> [VAR1] >> dbp:artist >> dbr:Marika_Gombitová [SEP] [VAR1] >> dbp:language >> [ANS]
translate question to dbpedia path: Entities possibly involved: dbr:Public_Transport_Authority_(Western_Australia) | Question: How many railway lines go through the station maintained by Public transport authority of western australia?,COUNT >> [ANS] >> rdf:type >> dbo:RailwayLine [SEP] [VAR1] >> dbo:owningOrganisation >> dbr:Public_Transport_Authority_(Western_Australia) [SEP] [VAR1] >> dbo:servingRailwayLine >> [ANS]
translate question to dbpedia path: Entities possibly involved: dbr:SAGE_Publications | Question: Count the different number of academic areas covered by publications of SAGE?,COUNT >> [VAR1] >> dbo:academicDiscipline >> [ANS] [SEP] [VAR1] >> dbp:publisher >> dbr:SAGE_Publications
translate question to dbpedia path: Entities possibly involved: dbr:OneDrive | Question: How many services does the company who made Onedrive provide?,COUNT >> [VAR1] >> dbo:service >> dbr:OneDrive [SEP] [VAR1] >> dbp:services >> [ANS]
translate question to dbpedia path: Entities possibly involved: dbr:Malaysian_Chinese_Association | Question: Count the different religions practiced by people who are in the Malaysian and Chinese association.,COUNT >> [VAR1] >> dbo:party >> dbr:Malaysian_Chinese_Association [SEP] [VAR1] >> dbo:religion >> [ANS]
translate question to dbpedia path: Entities possibly involved: dbr:United_States | Question: List all those whose relatives' nationality is United States.,[ANS] >> dbo:relative >> [VAR1] [SEP] [VAR1] >> dbp:nationality >> dbr:United_States
translate question to dbpedia path: Entities possibly involved: dbr:Battle_Chess | Question: What is the genre of Battle Chess?,dbr:Battle_Chess >> dbp:genre >> [ANS]
translate question to dbpedia path: Entities possibly involved: dbr:President_of_Ghana | Question: President of Ghana is the leader title of which country?,[ANS] >> dbp:leaderTitle >> dbr:President_of_Ghana [SEP] [ANS] >> rdf:type >> dbo:Country
translate question to dbpedia path: Entities possibly involved: dbr:Pontiac_Building | Question: What is the style of architecture of Pontiac Building ?,dbr:Pontiac_Building >> dbo:architecturalStyle >> [ANS]
translate question to dbpedia path: Entities possibly involved: dbr:National_Basketball_Association | Question: Which basketball players have played in the league of National Basketball Association?,[ANS] >> dbo:league >> dbr:National_Basketball_Association [SEP] [ANS] >> rdf:type >> dbo:BasketballPlayer
"translate question to dbpedia path: Entities possibly involved: dbr:United_States_Air_Force_Academy, dbr:Michelle_D._Johnson | Question: Is Michelle D. Johnson the superintendent of United States Air Force Academy?",ASK >> dbr:United_States_Air_Force_Academy >> dbp:superintendent >> dbr:Michelle_D._Johnson
translate question to dbpedia path: Entities possibly involved: dbr:Eric_Roth | Question: Eric roth wrote how many screenplays?,COUNT >> [ANS] >> dbp:screenplay >> dbr:Eric_Roth
translate question to dbpedia path: Entities possibly involved: dbr:Edward_O._Wolcott | Question: Where is the tombstone of the successor of Edward Wolcott?,[VAR1] >> dbo:restingPlace >> [ANS] [SEP] dbr:Edward_O._Wolcott >> dbp:successor >> [VAR1]
translate question to dbpedia path: Entities possibly involved: dbr:Schutzstaffel | Question: In how many places did the Schutzstaffels die?,COUNT >> [ANS] >> rdf:type >> dbo:Place [SEP] [VAR1] >> dbo:militaryRank >> dbr:Schutzstaffel [SEP] [VAR1] >> dbp:placeOfDeath >> [ANS]
translate question to dbpedia path: Entities possibly involved: dbr:Amstelveen | Question: How many members are there of the organization headquartered at Amstelveen?,COUNT >> [VAR1] >> dbp:headquarters >> dbr:Amstelveen [SEP] [VAR1] >> dbp:membership >> [ANS]
translate question to dbpedia path: Entities possibly involved: dbr:Wisconsin | Question: What are the nearest city to the historic places whose one of the nearest city is Wisconsin?,[VAR1] >> dbo:nearestCity >> dbr:Wisconsin [SEP] [VAR1] >> dbp:nearestCity >> [ANS] [SEP] [VAR1] >> rdf:type >> dbo:HistoricPlace
translate question to dbpedia path: Entities possibly involved: dbr:Captain_EO | Question: Who is the producer of Captain EO ?,dbr:Captain_EO >> dbp:producer >> [ANS]
translate question to dbpedia path: Entities possibly involved: dbr:Henri_Putz | Question: Where did the conflict take place in which Henri Putz fought?,[VAR1] >> dbo:territory >> [ANS] [SEP] dbr:Henri_Putz >> dbo:battle >> [VAR1]
translate question to dbpedia path: Entities possibly involved: dbr:Maria_Ludwika_Krasińska | Question: Where did the aristocrats die whose mother was Maria Ludwika Krasiska?,[VAR1] >> dbp:deathPlace >> [ANS] [SEP] [VAR1] >> dbp:mother >> dbr:Maria_Ludwika_Krasińska [SEP] [VAR1] >> rdf:type >> dbo:Royalty
"translate question to dbpedia path: Entities possibly involved: dbr:New_York_Rangers, dbr:Robin_Kovacs | Question: Is NY Rangers a prospective team for Robin Kovacs?",ASK >> dbr:Robin_Kovacs >> dbo:prospectTeam >> dbr:New_York_Rangers
"translate question to dbpedia path: Entities possibly involved: dbr:William_Campbell_(business_executive), dbr:Columbia_University | Question: Is the Columbia University chaired by William Campbell?",ASK >> dbr:Columbia_University >> dbo:chairman >> dbr:William_Campbell_(business_executive)
translate question to dbpedia path: Entities possibly involved: dbr:Bloomberg_Markets | Question: Who are the major stockholders of the bank which is the company of Bloomberg Markets ?,[VAR1] >> dbp:owner >> [ANS] [SEP] [VAR1] >> rdf:type >> dbo:Bank [SEP] dbr:Bloomberg_Markets >> dbp:company >> [VAR1]
translate question to dbpedia path: Entities possibly involved: dbr:Kingdom_of_Naples | Question: List all crafts of the people whose one of the profession is Kingdom of Naples ?,[VAR1] >> dbo:occupation >> [ANS] [SEP] [VAR1] >> dbo:occupation >> dbr:Kingdom_of_Naples [SEP] [VAR1] >> rdf:type >> dbo:Person
translate question to dbpedia path: Entities possibly involved: dbr:Emacs_Lisp | Question: What are some developers which use Emacs Lisp in their projects?,[VAR1] >> dbo:developer >> [ANS] [SEP] [VAR1] >> dbp:programmingLanguage >> dbr:Emacs_Lisp
translate question to dbpedia path: Entities possibly involved: dbr:Colorado_Avalanche | Question: Current players of Colorado Avalanche have previously played for how many different teams?,COUNT >> [ANS] >> rdf:type >> dbo:SportsTeam [SEP] [VAR1] >> dbo:formerTeam >> [ANS] [SEP] [VAR1] >> dbo:team >> dbr:Colorado_Avalanche
translate question to dbpedia path: Entities possibly involved: dbr:Alcalá_de_Henares | Question: List the books whose authors are in Alcal de Henares.,[ANS] >> dbo:author >> [VAR1] [SEP] [ANS] >> rdf:type >> dbo:Book [SEP] [VAR1] >> dbo:birthPlace >> dbr:Alcalá_de_Henares
translate question to dbpedia path: Entities possibly involved: dbr:Paphos_International_Airport | Question: Who is the stockholder of Paphos International Airport ?,dbr:Paphos_International_Airport >> dbp:owner >> [ANS]
translate question to dbpedia path: Entities possibly involved: dbr:Louis_D._Astorino | Question: Give me the total number of architect of the buildings whose one of the  architect was Louis D. Astorino?,COUNT >> [VAR1] >> dbp:architect >> [ANS] [SEP] [VAR1] >> dbp:architect >> dbr:Louis_D._Astorino
translate question to dbpedia path: Entities possibly involved: dbr:Coneygree | Question: In which races does Coneygree compete?,dbr:Coneygree >> dbp:race >> [ANS]
translate question to dbpedia path: Entities possibly involved: dbr:Screenwriter | Question: What awards have been given to some screenwriters?,[VAR1] >> dbo:award >> [ANS] [SEP] [VAR1] >> dbo:occupation >> dbr:Screenwriter
translate question to dbpedia path: Entities possibly involved: dbr:Steven_Moffat | Question: List the total number of executive producer of TV show which have one of the executiive producer as Steven Moffat ?,COUNT >> [VAR1] >> dbo:executiveProducer >> dbr:Steven_Moffat [SEP] [VAR1] >> dbp:executiveProducer >> [ANS]
translate question to dbpedia path: Entities possibly involved: dbr:Waxiang_people | Question: How many religions have the relatives of waxiangs followed?,COUNT >> [VAR1] >> dbo:religion >> [ANS] [SEP] dbr:Waxiang_people >> dbp:related >> [VAR1]
translate question to dbpedia path: Entities possibly involved: dbr:Ramiro_Peña | Question: For which team does Ramiro Pea play ?,dbr:Ramiro_Peña >> dbo:team >> [ANS]
translate question to dbpedia path: Entities possibly involved: dbr:Novelas_ejemplares | Question: What are the books written by the the person who made the Novelas ejemplares?,[ANS] >> dbo:author >> [VAR1] [SEP] [ANS] >> rdf:type >> dbo:Book [SEP] [VAR1] >> dbo:notableWork >> dbr:Novelas_ejemplares
translate question to dbpedia path: Entities possibly involved: dbr:Levant | Question: Count the total number of battles fought by the military people which fought in Levant ?,COUNT >> [VAR1] >> dbp:battles >> [ANS] [SEP] [VAR1] >> dbp:battles >> dbr:Levant
translate question to dbpedia path: Entities possibly involved: dbr:Fantasy | Question: How many subjects have been covered in fantasy novels?,COUNT >> [VAR1] >> dbo:literaryGenre >> dbr:Fantasy [SEP] [VAR1] >> dbo:nonFictionSubject >> [ANS]
translate question to dbpedia path: Entities possibly involved: dbr:Primus_(band) | Question: What is the television show whose theme music is by Primus?,[ANS] >> dbp:themeMusicComposer >> dbr:Primus_(band) [SEP] [ANS] >> rdf:type >> dbo:TelevisionShow
"translate question to dbpedia path: Entities possibly involved: dbr:Larry_David, dbr:Jerry_Seinfeld | Question: What was created by Larry David and Jerry Seinfeld?",[ANS] >> dbo:creator >> dbr:Jerry_Seinfeld [SEP] [ANS] >> dbo:creator >> dbr:Larry_David
"translate question to dbpedia path: Entities possibly involved: dbr:Ringo_Starr, dbr:Let_It_Be_(musical) | Question: Was Let it Be written by Ringo Starr?",ASK >> dbr:Let_It_Be_(musical) >> dbo:musicBy >> dbr:Ringo_Starr
translate question to dbpedia path: Entities possibly involved: dbr:University_of_Miami | Question: List the work institute of the medicians who has also worked at University of Miami ?,[VAR1] >> dbp:workInstitutions >> [ANS] [SEP] [VAR1] >> dbp:workInstitutions >> dbr:University_of_Miami [SEP] [VAR1] >> rdf:type >> dbo:Medician
translate question to dbpedia path: Entities possibly involved: dbr:Wisconsin | Question: How many people have trained the wrestlers who were billed in Wisconsin?,COUNT >> [ANS] >> rdf:type >> dbo:Person [SEP] [VAR1] >> dbo:billed >> dbr:Wisconsin [SEP] [VAR1] >> dbo:trainer >> [ANS]
translate question to dbpedia path: Entities possibly involved: dbr:Thanong_Bidaya | Question: Which country did the prime minister belong to who was served by Thanong Bidaya ?,[VAR1] >> dbo:nationality >> [ANS] [SEP] dbr:Thanong_Bidaya >> dbp:primeminister >> [VAR1]
translate question to dbpedia path: Entities possibly involved: dbr:Cyril_Hume | Question: tell me the school to which Cyril Hume went?,dbr:Cyril_Hume >> dbp:education >> [ANS]
translate question to dbpedia path: Entities possibly involved: dbr:Boga_(soft_drink) | Question: where did Boga originate?,dbr:Boga_(soft_drink) >> dbp:origin >> [ANS]
translate question to dbpedia path: Entities possibly involved: dbr:Me_and_My_Arrow | Question: Who is the singer of the album which has a song Me and My arrow ?,[VAR1] >> dbp:narrated >> [ANS] [SEP] [VAR1] >> rdf:type >> dbo:Album [SEP] dbr:Me_and_My_Arrow >> dbo:album >> [VAR1]
translate question to dbpedia path: Entities possibly involved: dbr:Modern_architecture | Question: In how many different places can I fnd Modern Architectural buildings?,COUNT >> [VAR1] >> dbp:address >> [ANS] [SEP] [VAR1] >> dbp:architecturalStyle >> dbr:Modern_architecture
translate question to dbpedia path: Entities possibly involved: dbr:Parliament_Security_Services | Question: What are the houses of Parliament Security Services ?,dbr:Parliament_Security_Services >> dbp:houses >> [ANS]
translate question to dbpedia path: Entities possibly involved: dbr:England | Question: Count the  origin of the beverages which have been originated in england /,COUNT >> [VAR1] >> dbp:origin >> [ANS] [SEP] [VAR1] >> dbp:origin >> dbr:England
translate question to dbpedia path: Entities possibly involved: dbr:Andrew_Jackson | Question: Count the number of people became famous for when Andrew Jackson was a commander ?,COUNT >> [ANS] >> dbo:knownFor >> [VAR1] [SEP] [VAR1] >> dbo:commander >> dbr:Andrew_Jackson
translate question to dbpedia path: Entities possibly involved: dbr:Kingdom_of_Israel_(united_monarchy) | Question: During the reigns of which monarchs was the name to the  Israelite kingdom as United Monarch?,[ANS] >> dbp:title >> dbr:Kingdom_of_Israel_(united_monarchy)
translate question to dbpedia path: Entities possibly involved: dbr:Sleepy-Time_Squirrel | Question: What is the person known for who is the movie director of Sleepy-Time Squirrel ?,[VAR1] >> dbo:knownFor >> [ANS] [SEP] [VAR1] >> rdf:type >> dbo:Person [SEP] dbr:Sleepy-Time_Squirrel >> dbp:director >> [VAR1]
translate question to dbpedia path: Entities possibly involved: dbr:Dornier_Aerodyne | Question: Which nation is the origin of Dornier Aerodyne ?,dbr:Dornier_Aerodyne >> dbp:nationalOrigin >> [ANS]
translate question to dbpedia path: Entities possibly involved: dbr:Quán_Thánh_Temple | Question: Which type of  building is Qun Thnh Temple ?,dbr:Quán_Thánh_Temple >> dbp:buildingType >> [ANS]
translate question to dbpedia path: Entities possibly involved: dbr:I_Can't_Change_the_World | Question: Who is the artist of the album which has the song I Can't Change the World ?,[VAR1] >> dbp:artist >> [ANS] [SEP] dbr:I_Can't_Change_the_World >> dbp:album >> [VAR1]
"translate question to dbpedia path: Entities possibly involved: dbr:DreamWorks_Television, dbr:Erik_Bork | Question: List TV shows with producer as Erik Bork and company is DreamWorks Television ?",[ANS] >> dbo:company >> dbr:DreamWorks_Television [SEP] [ANS] >> dbo:producer >> dbr:Erik_Bork [SEP] [ANS] >> rdf:type >> dbo:TelevisionShow
"translate question to dbpedia path: Entities possibly involved: dbr:Pointe_d'Aveneyre, dbr:Le_Gibloux | Question: Which mountain range is the one with Ponte d'Aveneyre and Le Gibloux?",dbr:Le_Gibloux >> dbo:mountainRange >> [ANS] [SEP] dbr:Pointe_d'Aveneyre >> dbo:mountainRange >> [ANS]
translate question to dbpedia path: Entities possibly involved: dbr:Demis_Roussos | Question: Collaborators of Demis Roussos have composed music for which movies?,[ANS] >> dbo:musicComposer >> [VAR1] [SEP] [ANS] >> rdf:type >> dbo:Film [SEP] [VAR1] >> dbp:associatedActs >> dbr:Demis_Roussos
translate question to dbpedia path: Entities possibly involved: dbr:England | Question: In how many places are the tombs of everyone who died in England?,COUNT >> [ANS] >> rdf:type >> dbo:Place [SEP] [VAR1] >> dbp:placeOfBurial >> [ANS] [SEP] [VAR1] >> dbp:placeOfDeath >> dbr:England
translate question to dbpedia path: Entities possibly involved: dbr:Pope_Pius_X | Question: Where did the people beatified by Pope Pius X die?,[VAR1] >> dbp:beatifiedBy >> dbr:Pope_Pius_X [SEP] [VAR1] >> dbp:deathPlace >> [ANS] [SEP] [VAR1] >> rdf:type >> dbo:Person
translate question to dbpedia path: Entities possibly involved: dbr:San_Diego_Convention_Center | Question: Name all the venues of the convention which has also been hosted in San Diego Convention ?,[VAR1] >> dbp:venue >> [ANS] [SEP] [VAR1] >> dbp:venue >> dbr:San_Diego_Convention_Center
translate question to dbpedia path: Entities possibly involved: dbr:Argentina | Question: Count the different genres of music made by Argentinian bands?,COUNT >> [ANS] >> rdf:type >> dbo:MusicGenre [SEP] [VAR1] >> dbo:genre >> [ANS] [SEP] [VAR1] >> dbo:hometown >> dbr:Argentina
translate question to dbpedia path: Entities possibly involved: dbr:Filipinos | Question: How many famous people are from the Filipinos?,COUNT >> [ANS] >> dbo:stateOfOrigin >> dbr:Filipinos
translate question to dbpedia path: Entities possibly involved: dbr:Riverside_Stadium | Question: How many people have managed a club which owns the Riverside Stadium?,COUNT >> [ANS] >> dbo:managerClub >> [VAR1] [SEP] [ANS] >> rdf:type >> dbo:Person [SEP] [VAR1] >> dbp:ground >> dbr:Riverside_Stadium
"translate question to dbpedia path: Entities possibly involved: dbr:Thomas_François_Burgers, dbr:Willem_Cornelis_Janse_van_Rensburg | Question: Where are the burial grounds of Willem Cornelis Janse van Rensburg and Thomas Franois Burgers?",dbr:Thomas_François_Burgers >> dbp:restingplace >> [ANS] [SEP] dbr:Willem_Cornelis_Janse_van_Rensburg >> dbp:restingplace >> [ANS]
"translate question to dbpedia path: Entities possibly involved: dbr:Western_Australia, dbr:George_Cash | Question: Was George Cash in the western australian parliament?",ASK >> dbr:George_Cash >> dbp:parliament >> dbr:Western_Australia
translate question to dbpedia path: Entities possibly involved: dbr:Blytheville_School_District | Question: What are the school mascots in Blytheville school district?,[VAR1] >> dbp:district >> dbr:Blytheville_School_District [SEP] [VAR1] >> dbp:mascot >> [ANS] [SEP] [VAR1] >> rdf:type >> dbo:School
"translate question to dbpedia path: Entities possibly involved: dbr:Carmel_Winery, dbr:Teperberg_1870 | Question: Which country has the Carmel Winery and the Teperberg 1870 winery ?",dbr:Carmel_Winery >> dbp:locationCountry >> [ANS] [SEP] dbr:Teperberg_1870 >> dbp:locationCountry >> [ANS]
translate question to dbpedia path: Entities possibly involved: dbr:British_Columbia | Question: Count the religions followed by people living in British Columbia.,COUNT >> [VAR1] >> dbp:religion >> [ANS] [SEP] [VAR1] >> dbp:residence >> dbr:British_Columbia
translate question to dbpedia path: Entities possibly involved: dbr:Lysistrata | Question: List the characters of Lysistrata ?,dbr:Lysistrata >> dbp:characters >> [ANS]
"translate question to dbpedia path: Entities possibly involved: dbr:Joe_Schilling, dbr:Nick_Diaz | Question: Is Joe Schilling the trainer of Nick Diaz?",ASK >> dbr:Nick_Diaz >> dbo:trainer >> dbr:Joe_Schilling
translate question to dbpedia path: Entities possibly involved: dbr:Tendring | Question: In how many districts is there a borough called tendring?,COUNT >> [VAR1] >> dbo:district >> [ANS] [SEP] [VAR1] >> dbp:borough >> dbr:Tendring
"translate question to dbpedia path: Entities possibly involved: dbr:Paris | Question: For everyone who died in paris, count their different fields of work.",COUNT >> [VAR1] >> dbp:deathPlace >> dbr:Paris [SEP] [VAR1] >> dbp:fields >> [ANS]
translate question to dbpedia path: Entities possibly involved: dbr:Heydar | Question: What is the meaning of Heydar ?,dbr:Heydar >> dbp:meaning >> [ANS]
translate question to dbpedia path: Entities possibly involved: dbr:Ronaldo | Question: On how many different grounds were seasons chaired by Ronaldo held?,COUNT >> [VAR1] >> dbo:chairman >> dbr:Ronaldo [SEP] [VAR1] >> dbo:ground >> [ANS]
translate question to dbpedia path: Entities possibly involved: dbr:Sentinel_High_School | Question: Sentinel High School  team is known as ?,dbr:Sentinel_High_School >> dbp:teamName >> [ANS]
"translate question to dbpedia path: Entities possibly involved: dbr:Ghana, dbr:Sampson_Cudjoe | Question: Sampson Cudjoe plays for the Ghana national team?",ASK >> dbr:Sampson_Cudjoe >> dbp:nationalteam >> dbr:Ghana
translate question to dbpedia path: Entities possibly involved: dbr:John_Tortorella | Question: Give me a count of all ice hockey players whose teams are headcoached by John Tortorella?,COUNT >> [ANS] >> dbo:team >> [VAR1] [SEP] [ANS] >> rdf:type >> dbo:IceHockeyPlayer [SEP] [VAR1] >> dbp:headCoach >> dbr:John_Tortorella
translate question to dbpedia path: Entities possibly involved: dbr:O.co_Coliseum | Question: How many leagues have used the O.co Coliseum?,COUNT >> dbr:O.co_Coliseum >> dbo:tenant >> [ANS]
"translate question to dbpedia path: Entities possibly involved: dbr:Philip_W._Pillsbury, dbr:Jack_McGregor | Question: What is the common palce of study for jack McGregor and Philip W. Pillsbury ?",dbr:Jack_McGregor >> dbo:education >> [ANS] [SEP] dbr:Philip_W._Pillsbury >> dbp:education >> [ANS]
"translate question to dbpedia path: Entities possibly involved: dbr:Fleisher_Yarn | Question: What team did the players start their careers with, who right now play for Fleisher Yarn?",[VAR1] >> dbo:team >> dbr:Fleisher_Yarn [SEP] [VAR1] >> dbp:debutteam >> [ANS] [SEP] [VAR1] >> rdf:type >> dbo:Athlete
translate question to dbpedia path: Entities possibly involved: dbr:Young_Life | Question: Where did the people die who were known for Young Life?,[VAR1] >> dbo:deathPlace >> [ANS] [SEP] [VAR1] >> dbo:knownFor >> dbr:Young_Life [SEP] [VAR1] >> rdf:type >> dbo:Person
"translate question to dbpedia path: Entities possibly involved: dbr:Lionel_Messi, dbr:Argentina_national_football_team | Question: Does Lionel Messi play in the Argentina National Football Team?",ASK >> dbr:Lionel_Messi >> dbp:nationalteam >> dbr:Argentina_national_football_team
"translate question to dbpedia path: Entities possibly involved: dbr:José_Luis_Narom | Question: What is the musical whose music is by Jose Luis Narom,  based upon?",[VAR1] >> dbo:basedOn >> [ANS] [SEP] [VAR1] >> dbo:musicBy >> dbr:José_Luis_Narom [SEP] [VAR1] >> rdf:type >> dbo:Musical
"translate question to dbpedia path: Entities possibly involved: dbr:New_England, dbr:Providence_Chapel,_Charlwood | Question: Is the Providence Chapel, Charlwood made in New English style of architecture?","ASK >> dbr:Providence_Chapel,_Charlwood >> dbp:style >> dbr:New_England"
translate question to dbpedia path: Entities possibly involved: dbr:ITV_(TV_network) | Question: Who are the people which ITV(TV network) has employed?,[ANS] >> dbp:employer >> dbr:ITV_(TV_network)
translate question to dbpedia path: Entities possibly involved: dbr:England | Question: Which kind of buildings are found in England?,[VAR1] >> dbo:type >> [ANS] [SEP] [VAR1] >> dbp:locationCountry >> dbr:England [SEP] [VAR1] >> rdf:type >> dbo:Building
"translate question to dbpedia path: Entities possibly involved: dbr:John_Roeslein | Question: In which state is the team, which has John Roeslein?",[VAR1] >> dbp:state >> [ANS] [SEP] dbr:John_Roeslein >> dbo:team >> [VAR1]
translate question to dbpedia path: Entities possibly involved: dbr:California | Question: Give me the count of all people who ascented a peak in California?,COUNT >> [ANS] >> rdf:type >> dbo:Person [SEP] [VAR1] >> dbo:firstAscentPerson >> [ANS] [SEP] [VAR1] >> dbo:locatedInArea >> dbr:California
translate question to dbpedia path: Entities possibly involved: dbr:Grand_Forks_Air_Force_Base | Question: List the total number of regions of the building whose are located in\Grand Forks Air Force Base?,COUNT >> [VAR1] >> dbo:region >> [ANS] [SEP] [VAR1] >> dbo:region >> dbr:Grand_Forks_Air_Force_Base
"translate question to dbpedia path: Entities possibly involved: dbr:Halyna_Kukhar, dbr:Stanislav_Morozov | Question: Is Halyna Kukhar the former coach of Stanislav Morozov?",ASK >> dbr:Stanislav_Morozov >> dbo:formerCoach >> dbr:Halyna_Kukhar
translate question to dbpedia path: Entities possibly involved: dbr:Rickenbacker | Question: Rickenbacker is a musical instrument played by which artists?,[ANS] >> dbo:instrument >> dbr:Rickenbacker [SEP] [ANS] >> rdf:type >> dbo:MusicalArtist
translate question to dbpedia path: Entities possibly involved: dbr:In_a_Word_or_2 | Question: List down all the associcated musical artist of the artist of In a Word or 2 ?,[VAR1] >> dbo:associatedMusicalArtist >> [ANS] [SEP] dbr:In_a_Word_or_2 >> dbp:artist >> [VAR1]
translate question to dbpedia path: Entities possibly involved: dbr:Joe_Shuster | Question: Joe Shuster has created how many comics character ?,COUNT >> [ANS] >> dbp:creators >> dbr:Joe_Shuster [SEP] [ANS] >> rdf:type >> dbo:ComicsCharacter
translate question to dbpedia path: Entities possibly involved: dbr:VDE-Gallo_Records | Question: Which currency is primarily used by the company which is the distributing label of VDE-Gallo Records?,[VAR1] >> dbp:currency >> [ANS] [SEP] [VAR1] >> rdf:type >> dbo:Organisation [SEP] dbr:VDE-Gallo_Records >> dbo:distributingLabel >> [VAR1]
translate question to dbpedia path: Entities possibly involved: dbr:FC_Barcelona | Question: Name whose youth club was FC Barcelona ?,[ANS] >> dbp:youthclubs >> dbr:FC_Barcelona
translate question to dbpedia path: Entities possibly involved: dbr:Persona_(1966_film) | Question: Which awards did the writer of Persona win ?,[VAR1] >> dbp:awards >> [ANS] [SEP] dbr:Persona_(1966_film) >> dbo:writer >> [VAR1]
translate question to dbpedia path: Entities possibly involved: dbr:Robert_Morris_Colonials_football | Question: What is the highschool of the american football player who joined the Robert Morris Colonials program?,[VAR1] >> dbo:school >> dbr:Robert_Morris_Colonials_football [SEP] [VAR1] >> dbp:highschool >> [ANS] [SEP] [VAR1] >> rdf:type >> dbo:AmericanFootballPlayer
"translate question to dbpedia path: Entities possibly involved: dbr:Iraq, dbr:Army_Air_Corps_(United_Kingdom) | Question: Was the Army Air Corps honored for the battle of Iraq?",ASK >> dbr:Army_Air_Corps_(United_Kingdom) >> dbp:battleHonours >> dbr:Iraq
translate question to dbpedia path: Entities possibly involved: dbr:University_of_Queensland | Question: How many awards have graduates from the University of Queensland earned?,COUNT >> [VAR1] >> dbo:almaMater >> dbr:University_of_Queensland [SEP] [VAR1] >> dbp:awards >> [ANS]
"translate question to dbpedia path: Entities possibly involved: dbr:Europe, dbr:Rostock | Question: Name the sea located near Europe and has a nearby city as Rostock ?",[ANS] >> dbo:location >> dbr:Europe [SEP] [ANS] >> dbp:cities >> dbr:Rostock [SEP] [ANS] >> rdf:type >> dbo:Sea
translate question to dbpedia path: Entities possibly involved: dbr:Ragout_fin | Question: What ingredients are used in preparing the dish of Ragout fin?,dbr:Ragout_fin >> dbo:ingredient >> [ANS]
translate question to dbpedia path: Entities possibly involved: dbr:Rhaetian_Railway | Question: In how many nations does Rhaetian Railways own train stations?,COUNT >> [ANS] >> rdf:type >> dbo:Country [SEP] [VAR1] >> dbo:country >> [ANS] [SEP] [VAR1] >> dbo:owningOrganisation >> dbr:Rhaetian_Railway
"translate question to dbpedia path: Entities possibly involved: dbr:Saneh_Lungkeaw, dbr:Thailand | Question: Does Saneh Lungkeaw play for the Thailand's national team?",ASK >> dbr:Saneh_Lungkeaw >> dbp:nationalteam >> dbr:Thailand
"translate question to dbpedia path: Entities possibly involved: dbr:Truth_prevails | Question: Which country's national motto is ""Truth prevails""?",[ANS] >> dbp:nationalMotto >> dbr:Truth_prevails [SEP] [ANS] >> rdf:type >> dbo:Country
translate question to dbpedia path: Entities possibly involved: dbr:William_Anthony_(artist) | Question: Where was William anthony trained ?,dbr:William_Anthony_(artist) >> dbp:training >> [ANS]
translate question to dbpedia path: Entities possibly involved: dbr:Bogdanuša | Question: Name the wine regions of Bogdanua ?,dbr:Bogdanuša >> dbo:wineRegion >> [ANS]
"translate question to dbpedia path: Entities possibly involved: dbr:Board_game, dbr:Mind_sport | Question: Which board game can be said as a mind based game?",[ANS] >> dbo:genre >> dbr:Board_game [SEP] [ANS] >> dbo:genre >> dbr:Mind_sport
"translate question to dbpedia path: Entities possibly involved: dbr:Feminism_in_Canada | Question: Where are the philosophers from, whose main work is on the matter of feminism in Canada?",[VAR1] >> dbo:mainInterest >> dbr:Feminism_in_Canada [SEP] [VAR1] >> dbp:region >> [ANS] [SEP] [VAR1] >> rdf:type >> dbo:Philosopher
translate question to dbpedia path: Entities possibly involved: dbr:Eristoff | Question: What are the things built by Eristoff ?,dbr:Eristoff >> dbp:manufacturer >> [ANS]
"translate question to dbpedia path: Entities possibly involved: dbr:Malik_Al-Hassan_Yakubu, dbr:CitiTrends_(radio_show) | Question: Whcih land of Citi Trends is also the constituency of Malik Al-Hassan Yakubu ?",dbr:CitiTrends_(radio_show) >> dbo:country >> [ANS] [SEP] dbr:Malik_Al-Hassan_Yakubu >> dbp:constituency >> [ANS]
"translate question to dbpedia path: Entities possibly involved: dbr:United_States_men's_national_soccer_team | Question: Where did they debut their careers , those who have played for US men's national soccer team?",[VAR1] >> dbp:debutteam >> [ANS] [SEP] [VAR1] >> dbp:nationalteam >> dbr:United_States_men's_national_soccer_team
translate question to dbpedia path: Entities possibly involved: dbr:Running_back | Question: What is the former team of the american football players whose position is Running back?,[VAR1] >> dbo:formerTeam >> [ANS] [SEP] [VAR1] >> dbo:position >> dbr:Running_back [SEP] [VAR1] >> rdf:type >> dbo:AmericanFootballPlayer
"translate question to dbpedia path: Entities possibly involved: dbr:The_Times_They_Are_a-Changin'_(musical), dbr:Theme_Time_Radio_Hour | Question: Which creator of Theme Time Radio Hour has also given the  musical score of the The Times They Are a-Changin' (musical)?",dbr:The_Times_They_Are_a-Changin'_(musical) >> dbo:musicBy >> [ANS] [SEP] dbr:Theme_Time_Radio_Hour >> dbp:creator >> [ANS]
translate question to dbpedia path: Entities possibly involved: dbr:Interplay_Entertainment | Question: How many different kinds of games are published by Interplay Entertainment?,COUNT >> [VAR1] >> dbo:publisher >> dbr:Interplay_Entertainment [SEP] [VAR1] >> dbp:genre >> [ANS]
translate question to dbpedia path: Entities possibly involved: dbr:Goya_Awards | Question: What other awards have been given to Goya Award Winners?,[VAR1] >> dbo:award >> dbr:Goya_Awards [SEP] [VAR1] >> dbp:awards >> [ANS]
translate question to dbpedia path: Entities possibly involved: dbr:The_Sarah_Jane_Adventures | Question: How many other important work has been done by the writers of Sarah Jane Adventures?,COUNT >> [VAR1] >> dbo:notableWork >> [ANS] [SEP] [VAR1] >> dbp:notableworks >> dbr:The_Sarah_Jane_Adventures
translate question to dbpedia path: Entities possibly involved: dbr:Martin_Molony | Question: Which are the races in which Martin Molony participated?,dbr:Martin_Molony >> dbo:race >> [ANS]
translate question to dbpedia path: Entities possibly involved: dbr:Ottoman_Empire | Question: What awards have been given to citizens of the Ottoman Empire?,[VAR1] >> dbo:award >> [ANS] [SEP] [VAR1] >> dbo:citizenship >> dbr:Ottoman_Empire
"translate question to dbpedia path: Entities possibly involved: dbr:BBC_HD, dbr:Science_fiction | Question: List the science fiction shows broadcasted on BBC HD ?",[ANS] >> dbo:network >> dbr:BBC_HD [SEP] [ANS] >> dbp:genre >> dbr:Science_fiction [SEP] [ANS] >> rdf:type >> dbo:TelevisionShow
translate question to dbpedia path: Entities possibly involved: dbr:Jimmy_Wales | Question: Who owns the websites for which Jimmy wales writes?,[VAR1] >> dbo:author >> dbr:Jimmy_Wales [SEP] [VAR1] >> dbo:owner >> [ANS]
translate question to dbpedia path: Entities possibly involved: dbr:California | Question: What are the bridges whose located in California?,[ANS] >> dbo:locatedInArea >> dbr:California [SEP] [ANS] >> rdf:type >> dbo:Bridge
translate question to dbpedia path: Entities possibly involved: dbr:German-occupied_Europe | Question: Who were the head of government agencies working in the German occupied Europe?,[VAR1] >> dbo:leader >> [ANS] [SEP] [VAR1] >> dbp:jurisdiction >> dbr:German-occupied_Europe [SEP] [VAR1] >> rdf:type >> dbo:GovernmentAgency
translate question to dbpedia path: Entities possibly involved: dbr:Denzil_Minnan-Wong | Question: Name the companies which are in cities under Denzil Minnan Wong?,[ANS] >> dbo:locationCity >> [VAR1] [SEP] [ANS] >> rdf:type >> dbo:Company [SEP] [VAR1] >> dbp:leaderName >> dbr:Denzil_Minnan-Wong
translate question to dbpedia path: Entities possibly involved: dbr:Pat_Kirkwood_(racing_driver) | Question: What is the largest city of the birthplace of Pat Kirkwood?,[VAR1] >> dbo:largestCity >> [ANS] [SEP] dbr:Pat_Kirkwood_(racing_driver) >> dbp:birthplace >> [VAR1]
translate question to dbpedia path: Entities possibly involved: dbr:Stephen_Law | Question: What is the academic journal whose editor is Stephen Law?,[ANS] >> dbp:editor >> dbr:Stephen_Law [SEP] [ANS] >> rdf:type >> dbo:AcademicJournal
"translate question to dbpedia path: Entities possibly involved: dbr:Daund_Junction_railway_station, dbr:Mumbai | Question: Does mumbai manage the railway line going to the daund railway junction?",ASK >> dbr:Daund_Junction_railway_station >> dbo:servingRailwayLine >> dbr:Mumbai
translate question to dbpedia path: Entities possibly involved: dbr:Phoenix_Suns | Question: Who are some basketball players who played for Phoenix Suns?,[ANS] >> dbo:team >> dbr:Phoenix_Suns [SEP] [ANS] >> rdf:type >> dbo:BasketballPlayer
"translate question to dbpedia path: Entities possibly involved: dbr:Sheldon_Harnick | Question: From how many works is the musical derived, whose lyrics are written by Sheldon Harnick?",COUNT >> [VAR1] >> dbo:basedOn >> [ANS] [SEP] [VAR1] >> dbp:lyrics >> dbr:Sheldon_Harnick
"translate question to dbpedia path: Entities possibly involved: dbr:Ethiopia, dbr:Derg | Question: Was Derg the anthem of Ethopia?",ASK >> dbr:Derg >> dbo:anthem >> dbr:Ethiopia
translate question to dbpedia path: Entities possibly involved: dbr:Ankh-Morpork_City_Watch | Question: How many non-fiction subject are there of the books whose one of the non-fiction subject is Ankh-Morpork City Watch ?,COUNT >> [VAR1] >> dbo:nonFictionSubject >> [ANS] [SEP] [VAR1] >> dbo:nonFictionSubject >> dbr:Ankh-Morpork_City_Watch
translate question to dbpedia path: Entities possibly involved: dbr:Jimmy_Wales | Question: Who are in the board of Jimmy Wales ?,dbr:Jimmy_Wales >> dbo:board >> [ANS]
translate question to dbpedia path: Entities possibly involved: dbr:Steve_Winwood | Question: Where were some people associated with Steve Winwood employed at?,[VAR1] >> dbo:associatedMusicalArtist >> dbr:Steve_Winwood [SEP] [VAR1] >> dbo:occupation >> [ANS] [SEP] [VAR1] >> rdf:type >> dbo:Person
translate question to dbpedia path: Entities possibly involved: dbr:Ziggi_Recado | Question: What is the origin of the musical artist whose associated band is Ziggi Recado ?,[VAR1] >> dbo:associatedBand >> dbr:Ziggi_Recado [SEP] [VAR1] >> dbp:origin >> [ANS] [SEP] [VAR1] >> rdf:type >> dbo:MusicalArtist
translate question to dbpedia path: Entities possibly involved: dbr:Jovan_Vladimir | Question: List the major shrines of Jovan Vladimir?,dbr:Jovan_Vladimir >> dbp:majorShrine >> [ANS]
translate question to dbpedia path: Entities possibly involved: dbr:Hominidae | Question: How many other family of the mammals exists  whose family is also Hominidae ?,COUNT >> [VAR1] >> dbo:family >> [ANS] [SEP] [VAR1] >> dbo:family >> dbr:Hominidae
translate question to dbpedia path: Entities possibly involved: dbr:2006_Oakland_Raiders_season | Question: What is the former team of the football player who is the coach of 2006 Oakland Raiders season ?,[VAR1] >> dbo:formerTeam >> [ANS] [SEP] [VAR1] >> rdf:type >> dbo:AmericanFootballPlayer [SEP] dbr:2006_Oakland_Raiders_season >> dbp:coach >> [VAR1]
translate question to dbpedia path: Entities possibly involved: dbr:Lewis_Hamilton | Question: How many  TV shows were made by someone who was associated with Lewis Hamilton?,COUNT >> [ANS] >> dbp:creator >> [VAR1] [SEP] [ANS] >> rdf:type >> dbo:TelevisionShow [SEP] [VAR1] >> dbo:associatedBand >> dbr:Lewis_Hamilton
translate question to dbpedia path: Entities possibly involved: dbr:Boston_Bruins | Question: For how many other teams have the former players of Boston Bruins played?,COUNT >> [ANS] >> rdf:type >> dbo:SportsTeam [SEP] [VAR1] >> dbo:formerTeam >> dbr:Boston_Bruins [SEP] [VAR1] >> dbp:playedFor >> [ANS]
translate question to dbpedia path: Entities possibly involved: dbr:Midhurst | Question: Which things have been made by artists who died in Midhurst?,[ANS] >> dbo:creator >> [VAR1] [SEP] [VAR1] >> dbo:deathPlace >> dbr:Midhurst
translate question to dbpedia path: Entities possibly involved: dbr:The_Sarah_Jane_Adventures | Question: How many other important things has the painter of Sarah Jane Adventures done?,COUNT >> [VAR1] >> dbo:notableWork >> [ANS] [SEP] dbr:The_Sarah_Jane_Adventures >> dbp:creator >> [VAR1]
translate question to dbpedia path: Entities possibly involved: dbr:I_Pray_on_Christmas | Question: What is the label of I Pray on Christmas ?,dbr:I_Pray_on_Christmas >> dbp:label >> [ANS]
translate question to dbpedia path: Entities possibly involved: dbr:Novair_International_Airways | Question: List the destination of Novair International Airways ?,dbr:Novair_International_Airways >> dbo:destination >> [ANS]
translate question to dbpedia path: Entities possibly involved: dbr:Lucy_Sullivan_Is_Getting_Married | Question: Count the number of actors in Lucy Sullivan Is Getting Married.,COUNT >> dbr:Lucy_Sullivan_Is_Getting_Married >> dbp:starring >> [ANS]
translate question to dbpedia path: Entities possibly involved: dbr:Diprotodontia | Question: What mammals are classified into Diprotodontia ?,[ANS] >> dbo:order >> dbr:Diprotodontia [SEP] [ANS] >> rdf:type >> dbo:Mammal
translate question to dbpedia path: Entities possibly involved: dbr:The_Other_Side_(The_Outer_Limits) | Question: The Other Side has hosted how many guests?,COUNT >> dbr:The_Other_Side_(The_Outer_Limits) >> dbp:guests >> [ANS]
"translate question to dbpedia path: Entities possibly involved: dbr:Berlin_(band), dbr:Dave_Schulz_(musician) | Question: Is Dave Schulz a band member of Berlin?",ASK >> dbr:Berlin_(band) >> dbo:bandMember >> dbr:Dave_Schulz_(musician)
translate question to dbpedia path: Entities possibly involved: dbr:Los_Angeles_International_Airport | Question: What are the airlines whose hub airport is Los Angeles International Airport?,[ANS] >> dbo:hubAirport >> dbr:Los_Angeles_International_Airport [SEP] [ANS] >> rdf:type >> dbo:Airline
translate question to dbpedia path: Entities possibly involved: dbr:Filipinos | Question: what are some famous people out of the Filipinos?,[ANS] >> dbo:stateOfOrigin >> dbr:Filipinos
translate question to dbpedia path: Entities possibly involved: dbr:Paradise_Place | Question: What awards were presented to the person who produced Paradise place?,[VAR1] >> dbp:awards >> [ANS] [SEP] [VAR1] >> rdf:type >> dbo:Person [SEP] dbr:Paradise_Place >> dbp:producer >> [VAR1]
translate question to dbpedia path: Entities possibly involved: dbr:Vadodara_Junction_railway_station | Question: List all the line of Vadodara Junction railway station?,dbr:Vadodara_Junction_railway_station >> dbp:line >> [ANS]
translate question to dbpedia path: Entities possibly involved: dbr:Jon_Curran | Question: Name the college of Jon Curran ?,dbr:Jon_Curran >> dbp:college >> [ANS]
"translate question to dbpedia path: Entities possibly involved: dbr:Daniel_Waters_(screenwriter), dbr:Tim_Burton | Question: Which Tim Birton's movie has a screenplay by Daniel Waters ?",[ANS] >> dbp:director >> dbr:Tim_Burton [SEP] [ANS] >> dbp:screenplay >> dbr:Daniel_Waters_(screenwriter)
translate question to dbpedia path: Entities possibly involved: dbr:De_La_Rose | Question: What is the place of birth of the jockey who breeded De La Rose ?,[VAR1] >> dbp:birthPlace >> [ANS] [SEP] [VAR1] >> rdf:type >> dbo:Jockey [SEP] dbr:De_La_Rose >> dbo:breeder >> [VAR1]
translate question to dbpedia path: Entities possibly involved: dbr:Madagascar:_Operation_Penguin | Question: Name the Artist of Madagascar: Operation Penguin ?,dbr:Madagascar:_Operation_Penguin >> dbp:artist >> [ANS]
"translate question to dbpedia path: Entities possibly involved: dbr:Dick_Spalding, dbr:Harry_Huston | Question: Harry Huston and Dick Spalding played their first match for which team?",dbr:Dick_Spalding >> dbp:debutteam >> [ANS] [SEP] dbr:Harry_Huston >> dbp:debutteam >> [ANS]
translate question to dbpedia path: Entities possibly involved: dbr:Subaru_Legacy_(second_generation) | Question: What is the layout of Subaru Legacy (second generation) ?,dbr:Subaru_Legacy_(second_generation) >> dbo:layout >> [ANS]
translate question to dbpedia path: Entities possibly involved: dbr:Michigan | Question: How many other wine region are there of the grapes whose one of the wine region is Michigan ?,COUNT >> [VAR1] >> dbo:wineRegion >> [ANS] [SEP] [VAR1] >> dbo:wineRegion >> dbr:Michigan
translate question to dbpedia path: Entities possibly involved: dbr:International_Association_of_Universities | Question: Estimate the number of sports divisions at the universities under international association of universities.,COUNT >> [VAR1] >> dbo:affiliation >> dbr:International_Association_of_Universities [SEP] [VAR1] >> dbo:sport >> [ANS]
"translate question to dbpedia path: Entities possibly involved: dbr:Shinya_Aoki, dbr:Eddie_Bravo | Question: Is Eddie Bravo the trainer of Shinya Aoki?",ASK >> dbr:Shinya_Aoki >> dbp:trainer >> dbr:Eddie_Bravo
translate question to dbpedia path: Entities possibly involved: dbr:United_States_Army_Command_and_General_Staff_College | Question: List the battles in which alumni of US Army Command and General Staff College fought?,[VAR1] >> dbo:almaMater >> dbr:United_States_Army_Command_and_General_Staff_College [SEP] [VAR1] >> dbp:battles >> [ANS]
"translate question to dbpedia path: Entities possibly involved: dbr:Come_On_Over_(Bee_Gees_song), dbr:Alan_Freeman_Days | Question: Which writer of Alan Freeman Days is also the writer of Come On over ?",dbr:Alan_Freeman_Days >> dbo:writer >> [ANS] [SEP] dbr:Come_On_Over_(Bee_Gees_song) >> dbp:writer >> [ANS]
"translate question to dbpedia path: Entities possibly involved: dbr:Jim_Harris_(entrepreneur), dbr:Tandem_Computers | Question: Name the subsidary of Tandem Computers which was founded by Jim Harris ?",[ANS] >> dbo:foundedBy >> dbr:Jim_Harris_(entrepreneur) [SEP] [ANS] >> dbo:subsidiary >> dbr:Tandem_Computers [SEP] [ANS] >> rdf:type >> dbo:Company
translate question to dbpedia path: Entities possibly involved: dbr:Convent_of_the_Barefoot_Trinitarians | Question: Count all the books written by an author buried in the Convent of Barefoot Trinitarians?,COUNT >> [ANS] >> dbo:author >> [VAR1] [SEP] [ANS] >> rdf:type >> dbo:Book [SEP] [VAR1] >> dbo:restingPlace >> dbr:Convent_of_the_Barefoot_Trinitarians
"translate question to dbpedia path: Entities possibly involved: dbr:Blade_Runner, dbr:Jordan_Cronenweth | Question: Was Blade Runner cinematographed by JordanCronenweth?",ASK >> dbr:Blade_Runner >> dbo:cinematography >> dbr:Jordan_Cronenweth
"translate question to dbpedia path: Entities possibly involved: dbr:Sandusky_County,_Ohio | Question: Who were the commanders during the events which took place in Sandusky County, Ohio?","[VAR1] >> dbo:commander >> [ANS] [SEP] [VAR1] >> dbo:place >> dbr:Sandusky_County,_Ohio [SEP] [VAR1] >> rdf:type >> dbo:Event"
"translate question to dbpedia path: Entities possibly involved: dbr:Old_Lyme,_Connecticut | Question: Name the river whose mouth place is Old Lyme, Connecticut?","[ANS] >> dbo:mouthPlace >> dbr:Old_Lyme,_Connecticut [SEP] [ANS] >> rdf:type >> dbo:River"
"translate question to dbpedia path: Entities possibly involved: dbr:Douglas_Netter, dbr:Prime_Time_Entertainment_Network | Question: Which show's network is Prime time Entertainment and has Douglas Netter as executive producer ?",[ANS] >> dbo:executiveProducer >> dbr:Douglas_Netter [SEP] [ANS] >> dbp:network >> dbr:Prime_Time_Entertainment_Network [SEP] [ANS] >> rdf:type >> dbo:TelevisionShow
translate question to dbpedia path: Entities possibly involved: dbr:Acer_nigrum | Question: acer nigrum is used in making what?,[ANS] >> dbo:ingredient >> dbr:Acer_nigrum
translate question to dbpedia path: Entities possibly involved: dbr:BMW_M40 | Question: What is the predecessor of BMW M40 ?,dbr:BMW_M40 >> dbp:predecessor >> [ANS]
translate question to dbpedia path: Entities possibly involved: dbr:Ionian_Sea | Question: Which cities are located around the sea into which the ionian flows?,[VAR1] >> dbp:cities >> [ANS] [SEP] dbr:Ionian_Sea >> dbo:outflow >> [VAR1]
"translate question to dbpedia path: Entities possibly involved: dbr:Joe_Namath, dbr:Beaver_Falls_High_School | Question: Did Joe Namath did his highschool in Beaver Falls High School?",ASK >> dbr:Joe_Namath >> dbp:highSchool >> dbr:Beaver_Falls_High_School
translate question to dbpedia path: Entities possibly involved: dbr:Primate | Question: Give me a count of mammals which have their order as Primate?,COUNT >> [ANS] >> dbo:order >> dbr:Primate [SEP] [ANS] >> rdf:type >> dbo:Mammal
"translate question to dbpedia path: Entities possibly involved: dbr:DreamWorks_Television, dbr:Stephen_E._Ambrose | Question: Which TV show's producer is Stephen E. Ambrose and company is DreamWorks Television?",[ANS] >> dbo:company >> dbr:DreamWorks_Television [SEP] [ANS] >> dbo:producer >> dbr:Stephen_E._Ambrose [SEP] [ANS] >> rdf:type >> dbo:TelevisionShow
translate question to dbpedia path: Entities possibly involved: dbr:Limerick | Question: Which river originate from limerick?,[ANS] >> dbp:mouthLocation >> dbr:Limerick [SEP] [ANS] >> rdf:type >> dbo:River
translate question to dbpedia path: Entities possibly involved: dbr:Laozi | Question: Laozi authored which book?,[ANS] >> dbo:author >> dbr:Laozi
translate question to dbpedia path: Entities possibly involved: dbr:Marvin_Bush | Question: What are some other children of the father of Marvin Bush?,[VAR1] >> dbo:child >> dbr:Marvin_Bush [SEP] [VAR1] >> dbp:children >> [ANS]
translate question to dbpedia path: Entities possibly involved: dbr:Elliott_Bay | Question: Which is the nearest city to Elliott Bay ?,dbr:Elliott_Bay >> dbo:nearestCity >> [ANS]
translate question to dbpedia path: Entities possibly involved: dbr:Australia_at_the_2008_Summer_Olympics | Question: who was the australian flagbearer of 2008 Summer Olympics?,dbr:Australia_at_the_2008_Summer_Olympics >> dbp:flagbearer >> [ANS]
translate question to dbpedia path: Entities possibly involved: dbr:Riverside_Stadium | Question: Who is the manager of the club whose homeground is the riverside stadium?,[ANS] >> dbo:managerClub >> [VAR1] [SEP] [ANS] >> rdf:type >> dbo:SportsManager [SEP] [VAR1] >> dbp:ground >> dbr:Riverside_Stadium
"translate question to dbpedia path: Entities possibly involved: dbr:Colorado, dbr:Utah_State_Route_162 | Question: Does the Utah State Route 162 end at Colorado?",ASK >> dbr:Utah_State_Route_162 >> dbo:routeEnd >> dbr:Colorado
translate question to dbpedia path: Entities possibly involved: dbr:Merritt_Paulson | Question: How many home stadiums are there of the seasons whose chairman in Merritt Paulson?,COUNT >> [VAR1] >> dbo:chairman >> dbr:Merritt_Paulson [SEP] [VAR1] >> dbo:homeStadium >> [ANS]
translate question to dbpedia path: Entities possibly involved: dbr:Julius_C._Burrows | Question: What is the rank of Julius C. Burrows politically?,dbr:Julius_C._Burrows >> dbp:order >> [ANS]
translate question to dbpedia path: Entities possibly involved: dbr:Indian_English | Question: Name a few whose live in a place where Indian English is an official language,[ANS] >> dbo:residence >> [VAR1] [SEP] [VAR1] >> dbo:officialLanguage >> dbr:Indian_English
translate question to dbpedia path: Entities possibly involved: dbr:Mika_Häkkinen | Question: Count the number of first drivers in all the GPs where Mika Hakkinen was a first driver?,COUNT >> [ANS] >> rdf:type >> dbo:RacingDriver [SEP] [VAR1] >> dbo:firstDriver >> [ANS] [SEP] [VAR1] >> dbo:poleDriver >> dbr:Mika_Häkkinen
translate question to dbpedia path: Entities possibly involved: dbr:Vishwajyot_High_School | Question: What sports are played at Vishwajyot High School?,dbr:Vishwajyot_High_School >> dbo:sport >> [ANS]
translate question to dbpedia path: Entities possibly involved: dbr:Boston | Question: Who owns a bridge in Boston?,[VAR1] >> dbo:locatedInArea >> dbr:Boston [SEP] [VAR1] >> dbp:owner >> [ANS] [SEP] [VAR1] >> rdf:type >> dbo:Bridge
"translate question to dbpedia path: Entities possibly involved: dbr:Sylvain_Lévi, dbr:Paul_Demiéville | Question: In which fields are both Paul Demiville and Sylvain levi experts?",dbr:Paul_Demiéville >> dbp:fields >> [ANS] [SEP] dbr:Sylvain_Lévi >> dbp:fields >> [ANS]
"translate question to dbpedia path: Entities possibly involved: dbr:PCL_Construction | Question: How many tenats have been there, of the constructions of PCL constructures?",COUNT >> [VAR1] >> dbo:builder >> dbr:PCL_Construction [SEP] [VAR1] >> dbo:tenant >> [ANS]
"translate question to dbpedia path: Entities possibly involved: dbr:Victor_Hope,_2nd_Marquess_of_Linlithgow, dbr:British_Gazette | Question: Who was the prime minister of Victor Hope, 2nd Marquess of Linlithgow and also the editor of British Gazette ?","dbr:British_Gazette >> dbp:editor >> [ANS] [SEP] dbr:Victor_Hope,_2nd_Marquess_of_Linlithgow >> dbp:primeminister >> [ANS]"
"translate question to dbpedia path: Entities possibly involved: dbr:Papeete | Question: Give me a count of everything under the archipelago, where Papeete is the biggest town.",COUNT >> [ANS] >> dbp:archipelago >> [VAR1] [SEP] [VAR1] >> dbo:largestCity >> dbr:Papeete
translate question to dbpedia path: Entities possibly involved: dbr:Soccer_Bowl_'76 | Question: where did soccer bowl take place in 76?,dbr:Soccer_Bowl_'76 >> dbo:city >> [ANS]
"translate question to dbpedia path: Entities possibly involved: dbr:Battle_Chess, dbr:New_Zealand_Chess_Federation | Question: What is common between genre of battle chess and purpose of New Zealand Chess ?",dbr:Battle_Chess >> dbp:genre >> [ANS] [SEP] dbr:New_Zealand_Chess_Federation >> dbp:purpose >> [ANS]
"translate question to dbpedia path: Entities possibly involved: dbr:C_(programming_language), dbr:GIMP | Question: Is GIMP written in C?",ASK >> dbr:GIMP >> dbo:programmingLanguage >> dbr:C_(programming_language)
translate question to dbpedia path: Entities possibly involved: dbr:Bergen-Belsen_concentration_camp | Question: Who is relative of the people died in Bergen-Belsen concentration camp ?,[VAR1] >> dbo:relative >> [ANS] [SEP] [VAR1] >> dbp:deathPlace >> dbr:Bergen-Belsen_concentration_camp
translate question to dbpedia path: Entities possibly involved: dbr:Brown_hair | Question: How many titles have been won by the beauty queens which had brown hair?,COUNT >> [VAR1] >> dbp:hairColor >> dbr:Brown_hair [SEP] [VAR1] >> dbp:title >> [ANS]
translate question to dbpedia path: Entities possibly involved: dbr:Birdman_Enterprises | Question: Which country's people work in the Birdman enterprises?,[VAR1] >> dbo:institution >> dbr:Birdman_Enterprises [SEP] [VAR1] >> dbp:nationality >> [ANS] [SEP] [VAR1] >> rdf:type >> dbo:Engineer
translate question to dbpedia path: Entities possibly involved: dbr:Oskar_Blues_Brewery | Question: Where is Oskar Blues located ?,dbr:Oskar_Blues_Brewery >> dbp:location >> [ANS]
translate question to dbpedia path: Entities possibly involved: dbr:Paul_Leonard_(writer) | Question: Paul Leonard's work can be divided into how many series?,COUNT >> [VAR1] >> dbo:series >> [ANS] [SEP] [VAR1] >> dbp:author >> dbr:Paul_Leonard_(writer)
translate question to dbpedia path: Entities possibly involved: dbr:Dick_Redding | Question: In which province was Dick Redding born?,dbr:Dick_Redding >> dbp:birthDate >> [ANS]
translate question to dbpedia path: Entities possibly involved: dbr:Catwoman | Question: Count the number of characters of the play whose one of the character is Catwoman ?,COUNT >> [VAR1] >> dbp:characters >> [ANS] [SEP] [VAR1] >> dbp:characters >> dbr:Catwoman
translate question to dbpedia path: Entities possibly involved: dbr:University_of_the_West_Indies | Question: Where else did the graduates of the university of west indies study?,[VAR1] >> dbo:institution >> dbr:University_of_the_West_Indies [SEP] [VAR1] >> dbp:almaMater >> [ANS]
"translate question to dbpedia path: Entities possibly involved: dbr:Seattle, dbr:NOAAS_Davidson_(S_331) | Question: Does NOAAS Davidson (S 331) have a homeport in Seattle?",ASK >> dbr:NOAAS_Davidson_(S_331) >> dbo:homeport >> dbr:Seattle
translate question to dbpedia path: Entities possibly involved: dbr:Mediterranean_Sea | Question: Count the number of cities on the Mediterranean Sea?,COUNT >> dbr:Mediterranean_Sea >> dbp:cities >> [ANS]
translate question to dbpedia path: Entities possibly involved: dbr:Doubleday_(publisher) | Question: What non fiction subjects are covered in books by Doubleday publishers?,[VAR1] >> dbo:nonFictionSubject >> [ANS] [SEP] [VAR1] >> dbo:publisher >> dbr:Doubleday_(publisher) [SEP] [VAR1] >> rdf:type >> dbo:Book
translate question to dbpedia path: Entities possibly involved: dbr:Judson_Huss | Question: Name the death location of Judson Huss ?,dbr:Judson_Huss >> dbp:deathPlace >> [ANS]
translate question to dbpedia path: Entities possibly involved: dbr:Volos | Question: What are the movies whose musicians's home town is Volos?,[ANS] >> dbp:music >> [VAR1] [SEP] [ANS] >> rdf:type >> dbo:Film [SEP] [VAR1] >> dbo:hometown >> dbr:Volos
translate question to dbpedia path: Entities possibly involved: dbr:Ōtani_University | Question: What is the affiliation of tani University ?,dbr:Ōtani_University >> dbp:affiliation >> [ANS]
translate question to dbpedia path: Entities possibly involved: dbr:Benelux | Question: What is the base currency of Benelux ?,dbr:Benelux >> dbp:currency >> [ANS]
translate question to dbpedia path: Entities possibly involved: dbr:Data_center_services | Question: Give me a count of the services by the company which provides Data center as the services ?,COUNT >> [VAR1] >> dbp:services >> [ANS] [SEP] [VAR1] >> dbp:services >> dbr:Data_center_services
translate question to dbpedia path: Entities possibly involved: dbr:University_of_Queensland | Question: Scientists at the University of Queensland have won which awards?,[VAR1] >> dbo:almaMater >> dbr:University_of_Queensland [SEP] [VAR1] >> dbp:awards >> [ANS] [SEP] [VAR1] >> rdf:type >> dbo:Scientist
translate question to dbpedia path: Entities possibly involved: dbr:Waxiang_people | Question: What is the religion of the ethnic group to which the relatives of Waxiang people belong?,[VAR1] >> dbo:religion >> [ANS] [SEP] [VAR1] >> rdf:type >> dbo:EthnicGroup [SEP] dbr:Waxiang_people >> dbp:related >> [VAR1]
"translate question to dbpedia path: Entities possibly involved: dbr:Alexander_Magleby, dbr:Dartmouth_College | Question: Did Alexander Magleby study at the Dartmouth College?",ASK >> dbr:Alexander_Magleby >> dbo:university >> dbr:Dartmouth_College
translate question to dbpedia path: Entities possibly involved: dbr:Waddy_Wachtel | Question: Waddy wachtel did the music for what movies?,[ANS] >> dbp:music >> dbr:Waddy_Wachtel [SEP] [ANS] >> rdf:type >> dbo:Film
"translate question to dbpedia path: Entities possibly involved: dbr:2d_Command_and_Control_Squadron, dbr:Colorado | Question: Was the  2d Command and Control Squadron barracked in Colorado?",ASK >> dbr:2d_Command_and_Control_Squadron >> dbo:garrison >> dbr:Colorado
translate question to dbpedia path: Entities possibly involved: dbr:39th_Infantry_Regiment_(War_of_1812) | Question: Whose military unit is 39th infantry regiment in 1812?,[ANS] >> dbo:militaryUnit >> dbr:39th_Infantry_Regiment_(War_of_1812)
translate question to dbpedia path: Entities possibly involved: dbr:Los_Angeles_Clippers | Question: How many people were drafted in the LA Clippers?,COUNT >> [ANS] >> dbp:draftTeam >> dbr:Los_Angeles_Clippers [SEP] [ANS] >> rdf:type >> dbo:Person
translate question to dbpedia path: Entities possibly involved: dbr:Benjamin_Pulleyn | Question: Which famous physicist was academically advised by Benjamin Pulleyn?,[ANS] >> dbo:academicAdvisor >> dbr:Benjamin_Pulleyn [SEP] [ANS] >> rdf:type >> dbo:Scientist
translate question to dbpedia path: Entities possibly involved: dbr:Terry_Pratchett | Question: Terry Pratchett has written about how many topics?,COUNT >> [VAR1] >> dbo:nonFictionSubject >> [ANS] [SEP] [VAR1] >> dbp:author >> dbr:Terry_Pratchett
translate question to dbpedia path: Entities possibly involved: dbr:Larry_LaLonde | Question: Which shows theme music is composed by a band which has Larry Lalonde in it?,[ANS] >> dbp:themeMusicComposer >> [VAR1] [SEP] [ANS] >> rdf:type >> dbo:TelevisionShow [SEP] [VAR1] >> dbo:bandMember >> dbr:Larry_LaLonde
translate question to dbpedia path: Entities possibly involved: dbr:Catarina_Lindgren | Question: Who are the former partners of the figure skaters whose performance have been choreographed by Catarina Lindgren in the past?,[VAR1] >> dbo:formerChoreographer >> dbr:Catarina_Lindgren [SEP] [VAR1] >> dbo:formerPartner >> [ANS] [SEP] [VAR1] >> rdf:type >> dbo:FigureSkater
translate question to dbpedia path: Entities possibly involved: dbr:English_Americans | Question: In how many regions is English American spoken?,COUNT >> dbr:English_Americans >> dbp:region >> [ANS]
translate question to dbpedia path: Entities possibly involved: dbr:Robert_Nutting | Question: Which baseball team is owned by Robert Nutting?,[ANS] >> dbp:owner >> dbr:Robert_Nutting [SEP] [ANS] >> rdf:type >> dbo:BaseballTeam
translate question to dbpedia path: Entities possibly involved: dbr:England_national_under-20_football_team | Question: who are all the people who have managed the England's under 20 soccer team?,[ANS] >> dbo:managerClub >> dbr:England_national_under-20_football_team
translate question to dbpedia path: Entities possibly involved: dbr:Krzysztof_Wielicki | Question: Which peak was first scaled by Krzysztof Wielicki?,[ANS] >> dbo:firstAscentPerson >> dbr:Krzysztof_Wielicki
translate question to dbpedia path: Entities possibly involved: dbr:Michael_Cristofer | Question: Give me the total number of Guests of the television episodes whose one of the  Guests is Michael Cristofer?,COUNT >> [VAR1] >> dbp:guests >> [ANS] [SEP] [VAR1] >> dbp:guests >> dbr:Michael_Cristofer
translate question to dbpedia path: Entities possibly involved: dbr:Blue_Jacket | Question: How many factions were fighting in the wars where Blue Jacket was a commander?,COUNT >> [VAR1] >> dbp:combatant >> [ANS] [SEP] [VAR1] >> dbp:commander >> dbr:Blue_Jacket
translate question to dbpedia path: Entities possibly involved: dbr:Joe_Purcell | Question: who was the president under which Joe Purcell is a lieutenant?,[ANS] >> dbo:lieutenant >> dbr:Joe_Purcell
translate question to dbpedia path: Entities possibly involved: dbr:United_States | Question: List the state of the universities whose nation is United States ?,[VAR1] >> dbo:country >> dbr:United_States [SEP] [VAR1] >> dbo:state >> [ANS] [SEP] [VAR1] >> rdf:type >> dbo:University
"translate question to dbpedia path: Entities possibly involved: dbr:Dmitri_Nossov, dbr:Alexander_Morozevich | Question: What city is the place of birth of Alexander Morozevich which is also the official residence of Dmitri Nossov ?",dbr:Alexander_Morozevich >> dbo:birthPlace >> [ANS] [SEP] dbr:Dmitri_Nossov >> dbp:residence >> [ANS]
translate question to dbpedia path: Entities possibly involved: dbr:Steven_Peterman | Question: What is the television show whose executive producer is Steven Peterman?,[ANS] >> dbp:executiveProducer >> dbr:Steven_Peterman [SEP] [ANS] >> rdf:type >> dbo:TelevisionShow
translate question to dbpedia path: Entities possibly involved: dbr:Israel | Question: Which military battles are associated with Israel?,[ANS] >> dbo:place >> dbr:Israel [SEP] [ANS] >> rdf:type >> dbo:MilitaryConflict
translate question to dbpedia path: Entities possibly involved: dbr:Your_Ice_Cream's_Dirty | Question: What is the home town of the band which is the artist of Your Ice Cream's Dirty ?,[VAR1] >> dbo:hometown >> [ANS] [SEP] [VAR1] >> rdf:type >> dbo:Band [SEP] dbr:Your_Ice_Cream's_Dirty >> dbp:artist >> [VAR1]
translate question to dbpedia path: Entities possibly involved: dbr:Dartington_College_of_Arts | Question: Who is the chancellor of the university which affiliates the Dartington College of Arts?,[VAR1] >> dbp:affiliations >> dbr:Dartington_College_of_Arts [SEP] [VAR1] >> dbp:chancellor >> [ANS] [SEP] [VAR1] >> rdf:type >> dbo:University
translate question to dbpedia path: Entities possibly involved: dbr:Paul_Demiéville | Question: Namt the fields of Paul Demiville ?,dbr:Paul_Demiéville >> dbp:fields >> [ANS]
translate question to dbpedia path: Entities possibly involved: dbr:Pope_Paul_VI | Question: Who all have been canonized by Pope Paul VI,[ANS] >> dbp:canonizedBy >> dbr:Pope_Paul_VI
"translate question to dbpedia path: Entities possibly involved: dbr:Best_Mate, dbr:Martin_Molony | Question: Which race is the  Best Mate is also the race of the Martin Molony?",dbr:Best_Mate >> dbp:race >> [ANS] [SEP] dbr:Martin_Molony >> dbo:race >> [ANS]
translate question to dbpedia path: Entities possibly involved: dbr:Francis_Palmer_Smith | Question: Where is the building located whose architect was Francis Palmer Smith?,[VAR1] >> dbo:architect >> dbr:Francis_Palmer_Smith [SEP] [VAR1] >> dbp:address >> [ANS] [SEP] [VAR1] >> rdf:type >> dbo:Building
translate question to dbpedia path: Entities possibly involved: dbr:Malaysian_Public_Works_Department | Question: Who operates the bridges designed by Malaysian PWD?,[VAR1] >> dbo:maintainedBy >> [ANS] [SEP] [VAR1] >> dbp:designer >> dbr:Malaysian_Public_Works_Department [SEP] [VAR1] >> rdf:type >> dbo:Bridge
translate question to dbpedia path: Entities possibly involved: dbr:Lê_Hồng_Phong | Question: Where was the person born whose successor was Le Hong Phong?,[VAR1] >> dbp:birthPlace >> [ANS] [SEP] [VAR1] >> dbp:successor >> dbr:Lê_Hồng_Phong
"translate question to dbpedia path: Entities possibly involved: dbr:Coneygree, dbr:Fergie_Sutherland | Question: In which race did Coneygree the racehorse and Fergie Sutherland the horse trainer participate?",dbr:Coneygree >> dbp:race >> [ANS] [SEP] dbr:Fergie_Sutherland >> dbp:race >> [ANS]
translate question to dbpedia path: Entities possibly involved: dbr:Hillary_Clinton | Question: List all important people of the non profit organization which has Hilary Clinton as a key person ?,[VAR1] >> dbp:keyPeople >> [ANS] [SEP] [VAR1] >> dbp:keyPeople >> dbr:Hillary_Clinton [SEP] [VAR1] >> rdf:type >> dbo:Non-ProfitOrganisation
translate question to dbpedia path: Entities possibly involved: dbr:Bobby_Skinstad | Question: List the school of Bobby Skinstad?,dbr:Bobby_Skinstad >> dbp:school >> [ANS]
"translate question to dbpedia path: Entities possibly involved: dbr:Lionel_Messi, dbr:2009_FIFA_Club_World_Cup_squads | Question: Was Lionel Messi a member  of the 2009 FIFA World Cup squads?",ASK >> dbr:2009_FIFA_Club_World_Cup_squads >> dbo:currentMember >> dbr:Lionel_Messi
"translate question to dbpedia path: Entities possibly involved: dbr:Writings_and_Drawings, dbr:Bob_Dylan | Question: Was Writings and Drawings illustrated by Bob Dylan?",ASK >> dbr:Writings_and_Drawings >> dbp:illustrator >> dbr:Bob_Dylan
translate question to dbpedia path: Entities possibly involved: dbr:2015_Alabama_Crimson_Tide_football_team | Question: Count all the universities who participated in the tournament won by Alabama Crimson Tides in 2015 ?,COUNT >> [ANS] >> dbp:athletics >> [VAR1] [SEP] [ANS] >> rdf:type >> dbo:University [SEP] [VAR1] >> dbp:champion >> dbr:2015_Alabama_Crimson_Tide_football_team
"translate question to dbpedia path: Entities possibly involved: dbr:Lotuspool_Records, dbr:Napster | Question: Was the Lotuspool Records distributed by Napster?",ASK >> dbr:Lotuspool_Records >> dbo:distributingLabel >> dbr:Napster
"translate question to dbpedia path: Entities possibly involved: dbr:Oj,_svijetla_majska_zoro | Question: List the base currency of the country whose anthem is Oj, svijetla majska zoro.","[VAR1] >> dbo:anthem >> dbr:Oj,_svijetla_majska_zoro [SEP] [VAR1] >> dbp:currency >> [ANS]"
translate question to dbpedia path: Entities possibly involved: dbr:San_Francisco_Giants | Question: How many players are in the San Francisco Giants?,COUNT >> [ANS] >> dbo:team >> dbr:San_Francisco_Giants [SEP] [ANS] >> rdf:type >> dbo:Athlete
translate question to dbpedia path: Entities possibly involved: dbr:Best_Mate | Question: How many races has Best Mate won?,COUNT >> dbr:Best_Mate >> dbp:race >> [ANS]
"translate question to dbpedia path: Entities possibly involved: dbr:West_Coast_Airlines, dbr:Seattle | Question: Do the west coast airlines fly to seattle?",ASK >> dbr:West_Coast_Airlines >> dbo:targetAirport >> dbr:Seattle
"translate question to dbpedia path: Entities possibly involved: dbr:Arlington_County,_Virginia | Question: Which units are garrisoned at Arlington County, Virginia?","[ANS] >> dbo:garrison >> dbr:Arlington_County,_Virginia"
translate question to dbpedia path: Entities possibly involved: dbr:Ethics | Question: In how many different places have ehtics philosophers died?,COUNT >> [ANS] >> rdf:type >> dbo:Place [SEP] [VAR1] >> dbp:mainInterests >> dbr:Ethics [SEP] [VAR1] >> dbp:placeOfDeath >> [ANS]
translate question to dbpedia path: Entities possibly involved: dbr:Dart_(programming_language) | Question: Who is the developer of Dart (programming language) ?,dbr:Dart_(programming_language) >> dbp:developer >> [ANS]
translate question to dbpedia path: Entities possibly involved: dbr:Jazz | Question: Which house has published books about Jazz?,[VAR1] >> dbo:nonFictionSubject >> dbr:Jazz [SEP] [VAR1] >> dbo:publisher >> [ANS] [SEP] [VAR1] >> rdf:type >> dbo:Book
"translate question to dbpedia path: Entities possibly involved: dbr:The_Incredible_Hulk_(1982_TV_series), dbr:Tales_of_Suspense | Question: Which person naratted The Incredible Hulk and also the writer of Tales of Suspense ?",dbr:Tales_of_Suspense >> dbp:writers >> [ANS] [SEP] dbr:The_Incredible_Hulk_(1982_TV_series) >> dbp:narrated >> [ANS]
translate question to dbpedia path: Entities possibly involved: dbr:Concrete | Question: How many companies have built concrete bridges?,COUNT >> [VAR1] >> dbo:builder >> [ANS] [SEP] [VAR1] >> dbp:material >> dbr:Concrete
translate question to dbpedia path: Entities possibly involved: dbr:Parsons_School_of_Design | Question: How many movies have been directed by almunies of Parsons School of Design?,COUNT >> [ANS] >> dbo:director >> [VAR1] [SEP] [ANS] >> rdf:type >> dbo:Film [SEP] [VAR1] >> dbp:education >> dbr:Parsons_School_of_Design
translate question to dbpedia path: Entities possibly involved: dbr:Association_football | Question: Count the number of  sport played by the school which also plays Association football ?,COUNT >> [VAR1] >> dbo:sport >> [ANS] [SEP] [VAR1] >> dbo:sport >> dbr:Association_football
translate question to dbpedia path: Entities possibly involved: dbr:Hyderabad | Question: List the people died in Hyderabad and are a member of political party ?,[VAR1] >> dbo:deathPlace >> dbr:Hyderabad [SEP] [VAR1] >> dbo:party >> [ANS]
translate question to dbpedia path: Entities possibly involved: dbr:Ernest_Rutherford | Question: How many thesis were supervised by Ernest Rutherford?,COUNT >> [ANS] >> dbo:doctoralAdvisor >> dbr:Ernest_Rutherford
"translate question to dbpedia path: Entities possibly involved: dbr:Kentaro_Takekuma | Question: Who is the publisher of the comic, one of whose authors is Kentaro Takekuma ?",[VAR1] >> dbp:publisher >> [ANS] [SEP] [VAR1] >> dbp:writers >> dbr:Kentaro_Takekuma [SEP] [VAR1] >> rdf:type >> dbo:Comic
"translate question to dbpedia path: Entities possibly involved: dbr:Manhattan_Project, dbr:Ernest_Rutherford | Question: List the scientists whose doctoral advisor is Ernest Rutherford and are known for Manhattan Project?",[ANS] >> dbo:doctoralAdvisor >> dbr:Ernest_Rutherford [SEP] [ANS] >> dbp:knownFor >> dbr:Manhattan_Project [SEP] [ANS] >> rdf:type >> dbo:Scientist
translate question to dbpedia path: Entities possibly involved: dbr:Western_Naval_Command | Question: Where is the garrison of Western Naval Command ?,dbr:Western_Naval_Command >> dbp:garrison >> [ANS]
"translate question to dbpedia path: Entities possibly involved: dbr:Anglican_Communion, dbr:John_of_Damascus | Question: Was John of Damascus canonized by Anglican Communion?",ASK >> dbr:John_of_Damascus >> dbp:canonizedBy >> dbr:Anglican_Communion
translate question to dbpedia path: Entities possibly involved: dbr:Samsu-iluna | Question: Which person's successor is Samsu-iluna?,[ANS] >> dbo:successor >> dbr:Samsu-iluna [SEP] [ANS] >> rdf:type >> dbo:Person
"translate question to dbpedia path: Entities possibly involved: dbr:X_the_Unknown, dbr:James_Needs | Question: Was X the Unknown edited by James needs?",ASK >> dbr:X_the_Unknown >> dbo:editing >> dbr:James_Needs
translate question to dbpedia path: Entities possibly involved: dbr:American_Indian_Wars | Question: From how many different places did the weapons used in the American Indian wars originate?,COUNT >> [ANS] >> rdf:type >> dbo:Place [SEP] [VAR1] >> dbo:usedInWar >> dbr:American_Indian_Wars [SEP] [VAR1] >> dbp:origin >> [ANS]
translate question to dbpedia path: Entities possibly involved: dbr:Maharashtra | Question: How many sports are played in maharashtran schools?,COUNT >> [ANS] >> rdf:type >> dbo:Sport [SEP] [VAR1] >> dbo:sport >> [ANS] [SEP] [VAR1] >> dbp:state >> dbr:Maharashtra
translate question to dbpedia path: Entities possibly involved: dbr:Rudolf_Kirchschläger | Question: Where did chancellor served by Rudolf Kirchschlger die?,[VAR1] >> dbo:deathPlace >> [ANS] [SEP] dbr:Rudolf_Kirchschläger >> dbp:chancellor >> [VAR1]
translate question to dbpedia path: Entities possibly involved: dbr:2014–15_Premier_League | Question: How many owners owned the clubs participating in the Premier leagues of '14?,COUNT >> [VAR1] >> dbo:season >> dbr:2014–15_Premier_League [SEP] [VAR1] >> dbp:owner >> [ANS]
"translate question to dbpedia path: Entities possibly involved: dbr:Beverly_Hills,_California | Question: How many people live in the Beverly Hills, California?","COUNT >> [ANS] >> dbo:residence >> dbr:Beverly_Hills,_California [SEP] [ANS] >> rdf:type >> dbo:Person"
translate question to dbpedia path: Entities possibly involved: dbr:Pacific_Ocean | Question: Name some islands in a pacific archipelago?,[ANS] >> dbp:archipelago >> [VAR1] [SEP] [ANS] >> rdf:type >> dbo:Island [SEP] [VAR1] >> dbp:location >> dbr:Pacific_Ocean
"translate question to dbpedia path: Entities possibly involved: dbr:Yes_(band) | Question: For how many movies have the music composer composed music, who have collaborated with Yes ?",COUNT >> [ANS] >> dbo:musicComposer >> [VAR1] [SEP] [ANS] >> rdf:type >> dbo:Film [SEP] [VAR1] >> dbo:associatedMusicalArtist >> dbr:Yes_(band)
translate question to dbpedia path: Entities possibly involved: dbr:1989_Portuguese_Grand_Prix | Question: Name the driver who had a pole finish in 1989 Portuguese Grand Prix ?,dbr:1989_Portuguese_Grand_Prix >> dbo:poleDriver >> [ANS]
"translate question to dbpedia path: Entities possibly involved: dbr:North_Carolina | Question: In how many areas do the networks broadcast, which also broadcasts in North Carolina?",COUNT >> [ANS] >> rdf:type >> dbo:Place [SEP] [VAR1] >> dbo:broadcastArea >> dbr:North_Carolina [SEP] [VAR1] >> dbp:area >> [ANS]
translate question to dbpedia path: Entities possibly involved: dbr:Wallington_railway_station | Question: Name the sovereign state of Wallington railway station ?,dbr:Wallington_railway_station >> dbo:country >> [ANS]
translate question to dbpedia path: Entities possibly involved: dbr:Mario_Oliverio | Question: what region is governed by Mario Olivero?,[ANS] >> dbp:leader >> dbr:Mario_Oliverio
translate question to dbpedia path: Entities possibly involved: dbr:Australia | Question: What is the total number of regions served by the companies which also serves Australia?,COUNT >> [VAR1] >> dbo:regionServed >> [ANS] [SEP] [VAR1] >> dbo:regionServed >> dbr:Australia
translate question to dbpedia path: Entities possibly involved: dbr:Salford_City_F.C. | Question: What is the birth city of the Salford City F.C players ?,[VAR1] >> dbo:birthPlace >> [ANS] [SEP] [VAR1] >> dbo:team >> dbr:Salford_City_F.C. [SEP] [VAR1] >> rdf:type >> dbo:SoccerPlayer
translate question to dbpedia path: Entities possibly involved: dbr:Pandaruan_River | Question: Who are the maintainers of the bridges which cross the pandaruan river?,[VAR1] >> dbo:crosses >> dbr:Pandaruan_River [SEP] [VAR1] >> dbo:maintainedBy >> [ANS] [SEP] [VAR1] >> rdf:type >> dbo:Bridge
translate question to dbpedia path: Entities possibly involved: dbr:WBCQ-FM | Question: List the area of radio stations whose sister station is WBCQ-FM?,[VAR1] >> dbp:area >> [ANS] [SEP] dbr:WBCQ-FM >> dbp:sisterStations >> [VAR1]
translate question to dbpedia path: Entities possibly involved: dbr:Robbie_Diack | Question: Which school did Robbie Diack attend?,dbr:Robbie_Diack >> dbp:school >> [ANS]
translate question to dbpedia path: Entities possibly involved: dbr:Jason_Maas | Question: What are the american football players whose former team's coach is Jason Maas?,[ANS] >> dbo:formerTeam >> [VAR1] [SEP] [ANS] >> rdf:type >> dbo:AmericanFootballPlayer [SEP] [VAR1] >> dbp:coach >> dbr:Jason_Maas
translate question to dbpedia path: Entities possibly involved: dbr:Cape_Canaveral_Air_Force_Station | Question: How many companies have manufactured the rockets launched from the Cape Canaveral Air Force Station?,COUNT >> [VAR1] >> dbo:launchSite >> dbr:Cape_Canaveral_Air_Force_Station [SEP] [VAR1] >> dbo:manufacturer >> [ANS]
"translate question to dbpedia path: Entities possibly involved: dbr:Gdańsk, dbr:Kaliningrad | Question: What is the sea connected to Kaliningrad and Gdask?",[ANS] >> dbp:cities >> dbr:Gdańsk [SEP] [ANS] >> dbp:cities >> dbr:Kaliningrad [SEP] [ANS] >> rdf:type >> dbo:Sea
translate question to dbpedia path: Entities possibly involved: dbr:Election_Commission_of_Thailand | Question: Name the agency of Election Commission of Thailand ?,dbr:Election_Commission_of_Thailand >> dbp:agencyName >> [ANS]
translate question to dbpedia path: Entities possibly involved: dbr:Ursula_Hänle | Question: In which country did the planes designed by Ursula Hanle originate?,[VAR1] >> dbp:designer >> dbr:Ursula_Hänle [SEP] [VAR1] >> dbp:nationalOrigin >> [ANS] [SEP] [VAR1] >> rdf:type >> dbo:Aircraft
translate question to dbpedia path: Entities possibly involved: dbr:United_States_Department_of_the_Navy | Question: what are some units udner the US department of navy?,[ANS] >> dbo:commandStructure >> dbr:United_States_Department_of_the_Navy
translate question to dbpedia path: Entities possibly involved: dbr:The_Shirelles | Question: What did other artists associated with the Shirelles make?,[VAR1] >> dbo:associatedBand >> dbr:The_Shirelles [SEP] [VAR1] >> dbo:occupation >> [ANS] [SEP] [VAR1] >> rdf:type >> dbo:Artist
translate question to dbpedia path: Entities possibly involved: dbr:New_York_City | Question: Which sitcoms are made by a company headquartered in NYC?,[ANS] >> dbo:company >> [VAR1] [SEP] [ANS] >> rdf:type >> dbo:TelevisionShow [SEP] [VAR1] >> dbo:headquarter >> dbr:New_York_City
translate question to dbpedia path: Entities possibly involved: dbr:Marvin_Bush | Question: List the children of the parent of Marvin Bush.,[VAR1] >> dbp:children >> [ANS] [SEP] dbr:Marvin_Bush >> dbo:parent >> [VAR1]
translate question to dbpedia path: Entities possibly involved: dbr:Tony_n'_Tina's_Wedding | Question: List down all the cast members of Tony n' Tina's Wedding ?,dbr:Tony_n'_Tina's_Wedding >> dbp:starring >> [ANS]
translate question to dbpedia path: Entities possibly involved: dbr:Temptation_Waits | Question: Where was the Temptation Waits recorded?,dbr:Temptation_Waits >> dbo:recordedIn >> [ANS]
translate question to dbpedia path: Entities possibly involved: dbr:United_States | Question: Some movies whose screenplay is done by american born people?,[ANS] >> dbp:screenplay >> [VAR1] [SEP] [VAR1] >> dbo:birthPlace >> dbr:United_States
translate question to dbpedia path: Entities possibly involved: dbr:Jon_Voight | Question: List the relatives of the children of Jon Voight ?,[VAR1] >> dbo:relative >> [ANS] [SEP] dbr:Jon_Voight >> dbp:children >> [VAR1]
translate question to dbpedia path: Entities possibly involved: dbr:South_Carolina | Question: List all areas served by the radio station serving South carolina ?,[VAR1] >> dbp:area >> [ANS] [SEP] [VAR1] >> dbp:area >> dbr:South_Carolina [SEP] [VAR1] >> rdf:type >> dbo:RadioStation
translate question to dbpedia path: Entities possibly involved: dbr:Todd_Huth | Question: Which TV show's theme was composed by a band in which Todd Huth used to perform?,[ANS] >> dbp:themeMusicComposer >> [VAR1] [SEP] [ANS] >> rdf:type >> dbo:TelevisionShow [SEP] [VAR1] >> dbo:formerBandMember >> dbr:Todd_Huth
"translate question to dbpedia path: Entities possibly involved: dbr:Lars_Pearson, dbr:Neil_Cross | Question: Which work is both Neil Cross and Lars Pearson both known for ?",dbr:Lars_Pearson >> dbo:notableWork >> [ANS] [SEP] dbr:Neil_Cross >> dbo:notableWork >> [ANS]
translate question to dbpedia path: Entities possibly involved: dbr:Claudia_Moro | Question: which award has been won by Claudia Moro?,dbr:Claudia_Moro >> dbp:title >> [ANS]
translate question to dbpedia path: Entities possibly involved: dbr:Valentina_Matviyenko | Question: What is the country whose leader was once Valentina Matviyenko?,[ANS] >> dbo:leader >> dbr:Valentina_Matviyenko
"translate question to dbpedia path: Entities possibly involved: dbr:Ingo_Steuer, dbr:Stanislav_Morozov | Question: Is Ingo Steuer the formercoach of Stanislav Morozov?",ASK >> dbr:Stanislav_Morozov >> dbp:formercoach >> dbr:Ingo_Steuer
translate question to dbpedia path: Entities possibly involved: dbr:Close_air_support | Question: Whose units are responsible for close air support?,[ANS] >> dbo:militaryUnit >> [VAR1] [SEP] [VAR1] >> dbp:role >> dbr:Close_air_support
"translate question to dbpedia path: Entities possibly involved: dbr:Liang_Chow, dbr:Shawn_Johnson | Question: Is Liang Chow the headcoach of Shawn Johnson?",ASK >> dbr:Shawn_Johnson >> dbp:headcoach >> dbr:Liang_Chow
translate question to dbpedia path: Entities possibly involved: dbr:Federal_Reserve_Bank_Building_(Seattle) | Question: What is the address of Federal Reserve Bank Building?,dbr:Federal_Reserve_Bank_Building_(Seattle) >> dbp:address >> [ANS]
translate question to dbpedia path: Entities possibly involved: dbr:Microsoft_Windows | Question: What are the kind of games one can play on windows?,[VAR1] >> dbo:computingPlatform >> dbr:Microsoft_Windows [SEP] [VAR1] >> dbo:genre >> [ANS] [SEP] [VAR1] >> rdf:type >> dbo:VideoGame
translate question to dbpedia path: Entities possibly involved: dbr:Kris_Kristofferson | Question: Which artists have co-starred with Kris Kristofferson?,[ANS] >> dbp:associatedActs >> dbr:Kris_Kristofferson [SEP] [ANS] >> rdf:type >> dbo:Artist
"translate question to dbpedia path: Entities possibly involved: dbr:Software_as_a_service, dbr:C++ | Question: List the software using C++ as programming language and licence is Software as a service?",[ANS] >> dbo:license >> dbr:Software_as_a_service [SEP] [ANS] >> dbp:programmingLanguage >> dbr:C++ [SEP] [ANS] >> rdf:type >> dbo:Software
translate question to dbpedia path: Entities possibly involved: dbr:Menora_Tunnel | Question: Which are the major hubs of airline which operates the Menora Tunnel?,[VAR1] >> dbp:hubs >> [ANS] [SEP] [VAR1] >> rdf:type >> dbo:Airline [SEP] dbr:Menora_Tunnel >> dbp:operator >> [VAR1]
"translate question to dbpedia path: Entities possibly involved: dbr:European_route_E39, dbr:European_route_E8 | Question: List the countries through which European rout E39 and E8 passes ?",dbr:European_route_E39 >> dbo:county >> [ANS] [SEP] dbr:European_route_E8 >> dbo:county >> [ANS]
translate question to dbpedia path: Entities possibly involved: dbr:Rhythm_and_blues | Question: Who are the writer of the singles whose music genre is Rhythm and blues ?,[VAR1] >> dbo:genre >> dbr:Rhythm_and_blues [SEP] [VAR1] >> dbo:writer >> [ANS] [SEP] [VAR1] >> rdf:type >> dbo:Single
translate question to dbpedia path: Entities possibly involved: dbr:The_Search_(2014_film) | Question: What are the awards won by the film editor of The Search?,[VAR1] >> dbp:awards >> [ANS] [SEP] dbr:The_Search_(2014_film) >> dbo:editing >> [VAR1]
translate question to dbpedia path: Entities possibly involved: dbr:Yasmin_Paige | Question: Give me some series related to the one which had Yasmin Paige in them.,[ANS] >> dbo:related >> [VAR1] [SEP] [ANS] >> rdf:type >> dbo:TelevisionShow [SEP] [VAR1] >> dbp:starring >> dbr:Yasmin_Paige
"translate question to dbpedia path: Entities possibly involved: dbr:James_Wong_Howe, dbr:Behave_Yourself! | Question: Is James Wong Howe the cinematographer of Behave Yourself?",ASK >> dbr:Behave_Yourself! >> dbp:cinematography >> dbr:James_Wong_Howe
"translate question to dbpedia path: Entities possibly involved: dbr:Lion, dbr:Heydar | Question: Does Heydar mean the same as a lion?",ASK >> dbr:Heydar >> dbp:meaning >> dbr:Lion
"translate question to dbpedia path: Entities possibly involved: dbr:Larry_David, dbr:Jerry_Seinfeld | Question: Count the number of shows whose creators are Jerry Seinfeld and Larry David?",COUNT >> [ANS] >> dbo:creator >> dbr:Jerry_Seinfeld [SEP] [ANS] >> dbo:creator >> dbr:Larry_David
translate question to dbpedia path: Entities possibly involved: dbr:Steven_Moffat | Question: How many TV shows have executive producer as Steven Moffat ?,COUNT >> [ANS] >> dbo:executiveProducer >> dbr:Steven_Moffat [SEP] [ANS] >> rdf:type >> dbo:TelevisionShow
translate question to dbpedia path: Entities possibly involved: dbr:Operation_Barbarossa | Question: How many relatives are there of veterans of operation Barbarossa?,COUNT >> [VAR1] >> dbo:battle >> dbr:Operation_Barbarossa [SEP] [VAR1] >> dbo:relation >> [ANS]
translate question to dbpedia path: Entities possibly involved: dbr:George_Madison | Question: Which famous political figures are relatives to George Madison?,dbr:George_Madison >> dbo:relation >> [ANS]
translate question to dbpedia path: Entities possibly involved: dbr:Lieutenant_general_(United_States) | Question: Which organisation has superintendent as Lieutenant general (United States)?,[ANS] >> dbo:superintendent >> dbr:Lieutenant_general_(United_States) [SEP] [ANS] >> rdf:type >> dbo:Organisation
"translate question to dbpedia path: Entities possibly involved: dbr:Jonas_Brothers, dbr:Kevin_Jonas | Question: Was Kevin Jonas a part of Jonas brothers?",ASK >> dbr:Jonas_Brothers >> dbo:formerBandMember >> dbr:Kevin_Jonas
translate question to dbpedia path: Entities possibly involved: dbr:Amblin_Television | Question: List the shows whose company's successor is Amblin Television.,[ANS] >> dbo:company >> [VAR1] [SEP] [ANS] >> rdf:type >> dbo:TelevisionShow [SEP] [VAR1] >> dbo:successor >> dbr:Amblin_Television
translate question to dbpedia path: Entities possibly involved: dbr:The_Comedy_Channel_(United_States) | Question: How many shows are made by the channel whose predecessor was the Comedy Channel?,COUNT >> [ANS] >> dbp:network >> [VAR1] [SEP] [ANS] >> rdf:type >> dbo:TelevisionShow [SEP] [VAR1] >> dbo:predecessor >> dbr:The_Comedy_Channel_(United_States)
translate question to dbpedia path: Entities possibly involved: dbr:Cathedral_Range | Question: List of people who were the first one to ascend a mountain in the Cathedral range?,[VAR1] >> dbo:firstAscentPerson >> [ANS] [SEP] [VAR1] >> dbo:mountainRange >> dbr:Cathedral_Range [SEP] [VAR1] >> rdf:type >> dbo:Mountain
translate question to dbpedia path: Entities possibly involved: dbr:Mary_Poppins_(musical) | Question: Who has written the mary poppins musical?,dbr:Mary_Poppins_(musical) >> dbo:author >> [ANS]
translate question to dbpedia path: Entities possibly involved: dbr:Oslo | Question: Which newspaper is owned by people living in Oslo?,[ANS] >> dbp:owners >> [VAR1] [SEP] [VAR1] >> dbo:location >> dbr:Oslo
translate question to dbpedia path: Entities possibly involved: dbr:Ford_SHO_V6_engine | Question: Who made the engine whose predecessor is the SHO V6?,[VAR1] >> dbo:manufacturer >> [ANS] [SEP] [VAR1] >> dbp:predecessor >> dbr:Ford_SHO_V6_engine [SEP] [VAR1] >> rdf:type >> dbo:Engine
translate question to dbpedia path: Entities possibly involved: dbr:Ontario | Question: For how many different teams have Ontarians been drafted ?,COUNT >> [VAR1] >> dbo:draftTeam >> [ANS] [SEP] [VAR1] >> dbp:placeOfBirth >> dbr:Ontario
translate question to dbpedia path: Entities possibly involved: dbr:Alexandre_Tichonov | Question: Name the university of Alexandre Tichonov ?,dbr:Alexandre_Tichonov >> dbp:university >> [ANS]
"translate question to dbpedia path: Entities possibly involved: dbr:Bellator_MMA:_Season_Eleven | Question: Over how many cities did the Bellaton MMA, Season 11 take place?",COUNT >> dbr:Bellator_MMA:_Season_Eleven >> dbp:city >> [ANS]
translate question to dbpedia path: Entities possibly involved: dbr:St_George's_Hospital | Question: Whose academic advisor works at the St George's Hospital?,[ANS] >> dbo:academicAdvisor >> [VAR1] [SEP] [VAR1] >> dbp:workInstitutions >> dbr:St_George's_Hospital
translate question to dbpedia path: Entities possibly involved: dbr:National_Collegiate_Athletic_Association | Question: Count the number of people who graduated from universities affiliated with the NCAA.,COUNT >> [ANS] >> dbp:education >> [VAR1] [SEP] [ANS] >> rdf:type >> dbo:Person [SEP] [VAR1] >> dbo:athletics >> dbr:National_Collegiate_Athletic_Association
translate question to dbpedia path: Entities possibly involved: dbr:Paul_Dini | Question: How many characters were made by Paul Dini?,COUNT >> [ANS] >> dbp:creators >> dbr:Paul_Dini
"translate question to dbpedia path: Entities possibly involved: dbr:Buccinidae, dbr:Buccinoidea | Question: How many molluscas are there whose families are Buccinidae and Buccinoidea?",COUNT >> [ANS] >> dbo:family >> dbr:Buccinidae [SEP] [ANS] >> dbo:family >> dbr:Buccinoidea
translate question to dbpedia path: Entities possibly involved: dbr:Stockholm | Question: List the newspapers which has headquarters in Stockholm?,[ANS] >> dbp:headquarters >> dbr:Stockholm [SEP] [ANS] >> rdf:type >> dbo:Newspaper
"translate question to dbpedia path: Entities possibly involved: dbr:David_Gilmour, dbr:Pink_Floyd | Question: Was David Gilmour a former member of Pink Floyd?",ASK >> dbr:Pink_Floyd >> dbo:formerBandMember >> dbr:David_Gilmour
translate question to dbpedia path: Entities possibly involved: dbr:England_national_football_team | Question: what are some players of England national football team?,[ANS] >> dbp:nationalteam >> dbr:England_national_football_team
translate question to dbpedia path: Entities possibly involved: dbr:The_Many_Hands | Question: Which genre of books does the writer of The Many Hands write?,[VAR1] >> dbo:genre >> [ANS] [SEP] dbr:The_Many_Hands >> dbp:author >> [VAR1]
translate question to dbpedia path: Entities possibly involved: dbr:Aghasalim_Childagh | Question: Where did Aghasalim Childagh die?,dbr:Aghasalim_Childagh >> dbp:deathDate >> [ANS]
translate question to dbpedia path: Entities possibly involved: dbr:Los_Angeles_International_Airport | Question: Give me a count of airlines whose hub airport is Los Angeles International Airport?,COUNT >> [ANS] >> dbo:hubAirport >> dbr:Los_Angeles_International_Airport [SEP] [ANS] >> rdf:type >> dbo:Airline
translate question to dbpedia path: Entities possibly involved: dbr:John_B._Waldo | Question: Where is the successor of john waldo from?,[VAR1] >> dbp:state >> [ANS] [SEP] [VAR1] >> dbp:successor >> dbr:John_B._Waldo
translate question to dbpedia path: Entities possibly involved: dbr:Screenwriter | Question: How many awards have screenwriters won?,COUNT >> [VAR1] >> dbo:award >> [ANS] [SEP] [VAR1] >> dbo:occupation >> dbr:Screenwriter
"translate question to dbpedia path: Entities possibly involved: dbr:Parliament_Security_Services, dbr:Parliament_of_India | Question: What are the houses of the Parliament Security Services and Parliament of India ?",dbr:Parliament_Security_Services >> dbp:houses >> [ANS] [SEP] dbr:Parliament_of_India >> dbp:houses >> [ANS]
translate question to dbpedia path: Entities possibly involved: dbr:Alabama | Question: How many owners are there of things located in Alabama?,COUNT >> [VAR1] >> dbo:city >> dbr:Alabama [SEP] [VAR1] >> dbo:owner >> [ANS]
"translate question to dbpedia path: Entities possibly involved: dbr:The_Apple_Tree, dbr:A_Literary_Nightmare | Question: Which writer of A literary Nightmare also extended the work of The Apple tree ?",dbr:A_Literary_Nightmare >> dbo:author >> [ANS] [SEP] dbr:The_Apple_Tree >> dbo:basedOn >> [ANS]
"translate question to dbpedia path: Entities possibly involved: dbr:Kris_Kristofferson, dbr:Johnny_Cash | Question: Who collaborated with Johnny Cash and Kris Kristofferson ?",[ANS] >> dbp:associatedActs >> dbr:Johnny_Cash [SEP] [ANS] >> dbp:associatedActs >> dbr:Kris_Kristofferson
translate question to dbpedia path: Entities possibly involved: dbr:Where_Everybody_Knows_Your_Name | Question: What is the television show whose opening theme is Where Everybody Knows Your Name?,[ANS] >> dbo:openingTheme >> dbr:Where_Everybody_Knows_Your_Name [SEP] [ANS] >> rdf:type >> dbo:TelevisionShow
"translate question to dbpedia path: Entities possibly involved: dbr:Denton_County,_Texas | Question: How many companies were founded in Denton, texas?","COUNT >> [ANS] >> dbo:foundationPlace >> [VAR1] [SEP] [ANS] >> rdf:type >> dbo:Company [SEP] [VAR1] >> dbo:part >> dbr:Denton_County,_Texas"
translate question to dbpedia path: Entities possibly involved: dbr:Pope_Pius_XI | Question: Where are the shrines of the saints who were beatified by Pope Pius XI?,[VAR1] >> dbo:majorShrine >> [ANS] [SEP] [VAR1] >> dbp:beatifiedBy >> dbr:Pope_Pius_XI [SEP] [VAR1] >> rdf:type >> dbo:Saint
translate question to dbpedia path: Entities possibly involved: dbr:Foxy_Brown_(rapper) | Question: Foxy Brown was associated with which band?,[ANS] >> dbo:associatedBand >> dbr:Foxy_Brown_(rapper)
translate question to dbpedia path: Entities possibly involved: dbr:Chickasaw_Campaign_of_1736 | Question: Of how many battles is Chickasaw Campaign of 1736 consisted?,dbr:Chickasaw_Campaign_of_1736 >> dbp:combatant >> [ANS]
translate question to dbpedia path: Entities possibly involved: dbr:Baltimore_Ravens | Question: What kind of things are on the radio stations affiliated with the Baltimore Ravens?,[VAR1] >> dbo:programmeFormat >> [ANS] [SEP] [VAR1] >> dbp:affiliations >> dbr:Baltimore_Ravens [SEP] [VAR1] >> rdf:type >> dbo:RadioStation
translate question to dbpedia path: Entities possibly involved: dbr:David_Ian_Salter | Question: Of what all has David Ian Salter been an editor of?,[ANS] >> dbp:editing >> dbr:David_Ian_Salter
translate question to dbpedia path: Entities possibly involved: dbr:Chicago_Bulls | Question: How many,COUNT >> [ANS] >> dbp:team >> dbr:Chicago_Bulls
"translate question to dbpedia path: Entities possibly involved: dbr:North_Sea, dbr:Essex | Question: Name the river whose mouth mountain is Essex and river mouth is North Sea?",[ANS] >> dbo:mouthMountain >> dbr:Essex [SEP] [ANS] >> dbo:riverMouth >> dbr:North_Sea [SEP] [ANS] >> rdf:type >> dbo:River
translate question to dbpedia path: Entities possibly involved: dbr:Caspian_Sea | Question: In how many countries do the rivers start which end at the Caspian Sea?,COUNT >> [ANS] >> rdf:type >> dbo:Country [SEP] [VAR1] >> dbo:riverMouth >> dbr:Caspian_Sea [SEP] [VAR1] >> dbo:sourceCountry >> [ANS]
"translate question to dbpedia path: Entities possibly involved: dbr:Walt_Disney, dbr:Roy_Walker_(production_designer) | Question: What award has been given to Roy Walker as well as Walt Disney?",dbr:Roy_Walker_(production_designer) >> dbo:award >> [ANS] [SEP] dbr:Walt_Disney >> dbo:award >> [ANS]
"translate question to dbpedia path: Entities possibly involved: dbr:Glasgow_Airport | Question: Give the total number of places to which airlines go, who also go to Glasgow?",COUNT >> [ANS] >> rdf:type >> dbo:Place [SEP] [VAR1] >> dbo:targetAirport >> dbr:Glasgow_Airport [SEP] [VAR1] >> dbp:destinations >> [ANS]
translate question to dbpedia path: Entities possibly involved: dbr:William_Deane | Question: Who was the PM under which William Deane served?,dbr:William_Deane >> dbo:primeMinister >> [ANS]
translate question to dbpedia path: Entities possibly involved: dbr:Tehran | Question: What products are made by Tehran based companies?,[VAR1] >> dbo:product >> [ANS] [SEP] [VAR1] >> dbp:location >> dbr:Tehran [SEP] [VAR1] >> rdf:type >> dbo:Company
translate question to dbpedia path: Entities possibly involved: dbr:Gold_Base | Question: Count number of people who follow a religion which has an important office in Gold Base ?,COUNT >> [ANS] >> dbo:religion >> [VAR1] [SEP] [ANS] >> rdf:type >> dbo:Person [SEP] [VAR1] >> dbp:headquarters >> dbr:Gold_Base
translate question to dbpedia path: Entities possibly involved: dbr:Government_of_Mauritius | Question: In which areas can we find the networks owned by the govt of Mauritius?,[VAR1] >> dbo:owningCompany >> dbr:Government_of_Mauritius [SEP] [VAR1] >> dbp:broadcastArea >> [ANS] [SEP] [VAR1] >> rdf:type >> dbo:BroadcastNetwork
"translate question to dbpedia path: Entities possibly involved: dbr:Richard_Coke, dbr:William_Luther_Hill | Question: What is the profession of the William Luther Hill and also the office of the Richard Coke ?",dbr:Richard_Coke >> dbp:office >> [ANS] [SEP] dbr:William_Luther_Hill >> dbo:profession >> [ANS]
translate question to dbpedia path: Entities possibly involved: dbr:Joseph_Dion | Question: What is the city nearest to the historic place whose architect is Joseph Dion?,[VAR1] >> dbo:nearestCity >> [ANS] [SEP] [VAR1] >> dbp:architect >> dbr:Joseph_Dion [SEP] [VAR1] >> rdf:type >> dbo:HistoricPlace
"translate question to dbpedia path: Entities possibly involved: dbr:Antipope_Paschal_III, dbr:Charlemagne | Question: was Charlemagne canonized by antipope pachal 3?",ASK >> dbr:Charlemagne >> dbp:canonizedBy >> dbr:Antipope_Paschal_III
translate question to dbpedia path: Entities possibly involved: dbr:Midland_College | Question: How many basketball players studied in the Midland College?,COUNT >> [ANS] >> dbo:college >> dbr:Midland_College [SEP] [ANS] >> rdf:type >> dbo:BasketballPlayer
translate question to dbpedia path: Entities possibly involved: dbr:Sanremo_Music_Festival | Question: List all the collaborators of the artist which has collaborated with sanremo Music Festival ?,[VAR1] >> dbo:associatedMusicalArtist >> [ANS] [SEP] [VAR1] >> dbo:associatedMusicalArtist >> dbr:Sanremo_Music_Festival [SEP] [VAR1] >> rdf:type >> dbo:Artist
translate question to dbpedia path: Entities possibly involved: dbr:New_York_City | Question: Which actors have performed in plays performed in New York?,[VAR1] >> dbp:place >> dbr:New_York_City [SEP] [VAR1] >> dbp:starring >> [ANS] [SEP] [VAR1] >> rdf:type >> dbo:Play
translate question to dbpedia path: Entities possibly involved: dbr:Hearth_and_Home | Question: Who is the editor of Hearth and Home ?,dbr:Hearth_and_Home >> dbo:editor >> [ANS]
translate question to dbpedia path: Entities possibly involved: dbr:Convent_of_the_Barefoot_Trinitarians | Question: List the books by the authors buried in the Convent of the Barefoot Trinitarians?,[ANS] >> dbo:author >> [VAR1] [SEP] [ANS] >> rdf:type >> dbo:Book [SEP] [VAR1] >> dbo:restingPlace >> dbr:Convent_of_the_Barefoot_Trinitarians
translate question to dbpedia path: Entities possibly involved: dbr:IOS | Question: How many game series exist for iOS?,COUNT >> [VAR1] >> dbo:computingPlatform >> dbr:IOS [SEP] [VAR1] >> dbo:series >> [ANS]
translate question to dbpedia path: Entities possibly involved: dbr:Manu_Cornet | Question: Where does Manu cornet work?,dbr:Manu_Cornet >> dbp:employer >> [ANS]
translate question to dbpedia path: Entities possibly involved: dbr:National_Museum_of_Racing_and_Hall_of_Fame | Question: In how many different places were the people born who are members of National Museum of Racing and Hall of Fame?,COUNT >> [ANS] >> rdf:type >> dbo:Place [SEP] [VAR1] >> dbo:honours >> dbr:National_Museum_of_Racing_and_Hall_of_Fame [SEP] [VAR1] >> dbp:birthPlace >> [ANS]
"translate question to dbpedia path: Entities possibly involved: dbr:Albert_Einstein, dbr:Alfred_Kleiner | Question: Was einstein a doctoral student of Alfred Kleiner?",ASK >> dbr:Alfred_Kleiner >> dbo:doctoralStudent >> dbr:Albert_Einstein
translate question to dbpedia path: Entities possibly involved: dbr:Defenceman | Question: Which hockey teams have had people playing as Defenceman?,[VAR1] >> dbp:playedFor >> [ANS] [SEP] [VAR1] >> dbp:position >> dbr:Defenceman [SEP] [VAR1] >> rdf:type >> dbo:IceHockeyPlayer
translate question to dbpedia path: Entities possibly involved: dbr:Joseph_Stiglitz | Question: which president was served by Joseph Stiglitz?,dbr:Joseph_Stiglitz >> dbp:president >> [ANS]
"translate question to dbpedia path: Entities possibly involved: dbr:Beverly_Hills,_California | Question: Name the  people whose residence is Beverly Hills, California?","[ANS] >> dbo:residence >> dbr:Beverly_Hills,_California [SEP] [ANS] >> rdf:type >> dbo:Person"
"translate question to dbpedia path: Entities possibly involved: dbr:Jean_Grey, dbr:Stan_Lee | Question: Did Stan Lee create Jean Grey?",ASK >> dbr:Jean_Grey >> dbp:creators >> dbr:Stan_Lee
"translate question to dbpedia path: Entities possibly involved: dbr:Foxconn, dbr:Sony | Question: What product is made by Sony and Foxconn togather?",[ANS] >> dbo:manufacturer >> dbr:Foxconn [SEP] [ANS] >> dbo:manufacturer >> dbr:Sony
translate question to dbpedia path: Entities possibly involved: dbr:Religion | Question: Which city has radio stations which are Religious ?,[VAR1] >> dbp:city >> [ANS] [SEP] [VAR1] >> dbp:format >> dbr:Religion [SEP] [VAR1] >> rdf:type >> dbo:RadioStation
translate question to dbpedia path: Entities possibly involved: dbr:Ganz_UV | Question: Who operates the Ganz UV?,dbr:Ganz_UV >> dbo:operator >> [ANS]
"translate question to dbpedia path: Entities possibly involved: dbr:Umatilla_language, dbr:James_K._Kelly | Question: What is the state of Umatilla language which is also the state of James K. Kelly ?",dbr:James_K._Kelly >> dbp:state >> [ANS] [SEP] dbr:Umatilla_language >> dbp:region >> [ANS]
translate question to dbpedia path: Entities possibly involved: dbr:Garbage_(band) | Question: Where has GARAGE recorded its singles?,[VAR1] >> dbo:producer >> dbr:Garbage_(band) [SEP] [VAR1] >> dbo:recordedIn >> [ANS] [SEP] [VAR1] >> rdf:type >> dbo:Single
translate question to dbpedia path: Entities possibly involved: dbr:2004–05_FC_Barcelona_season | Question: How many players participated in the 2004-05 FC Barcelona season?,COUNT >> [ANS] >> rdf:type >> dbo:SoccerPlayer [SEP] dbr:2004–05_FC_Barcelona_season >> dbp:name >> [ANS]
translate question to dbpedia path: Entities possibly involved: dbr:Bertrada_of_Laon | Question: Whose mam is Bertrada of Laon?,[ANS] >> dbp:mother >> dbr:Bertrada_of_Laon
translate question to dbpedia path: Entities possibly involved: dbr:Renault_in_Formula_One | Question: Give me a list of all the people driving at pole positions in the Grand Prixes where Renault was a first team?,[VAR1] >> dbo:poleDriver >> [ANS] [SEP] [VAR1] >> dbp:firstTeam >> dbr:Renault_in_Formula_One [SEP] [VAR1] >> rdf:type >> dbo:GrandPrix
translate question to dbpedia path: Entities possibly involved: dbr:Terry_Pratchett | Question: What are the non-fiction topics in the books whose authors is Terry Pratchett?,[VAR1] >> dbo:nonFictionSubject >> [ANS] [SEP] [VAR1] >> dbp:author >> dbr:Terry_Pratchett [SEP] [VAR1] >> rdf:type >> dbo:Book
"translate question to dbpedia path: Entities possibly involved: dbr:Windows_Phone_8.1, dbr:Nokia_Lumia_830 | Question: Is WP 8.1 the OS on Lumia 830?",ASK >> dbr:Nokia_Lumia_830 >> dbp:os >> dbr:Windows_Phone_8.1
translate question to dbpedia path: Entities possibly involved: dbr:North_Caucasus_Railway | Question: Which railway line goes through the stations which are a part of the North Caucasus railway?,[VAR1] >> dbo:servingRailwayLine >> [ANS] [SEP] [VAR1] >> dbo:type >> dbr:North_Caucasus_Railway [SEP] [VAR1] >> rdf:type >> dbo:Station
"translate question to dbpedia path: Entities possibly involved: dbr:Gemini_8, dbr:Apollo_11 | Question: Who was in missions of Gemini 8 and Apollo 11?",[ANS] >> dbp:mission >> dbr:Apollo_11 [SEP] [ANS] >> dbp:mission >> dbr:Gemini_8
"translate question to dbpedia path: Entities possibly involved: dbr:Malaysia_Junior_Hockey_League, dbr:AH141 | Question: What location country of AH141 is also the nation of malaysia Junior hockey league ?",dbr:AH141 >> dbo:county >> [ANS] [SEP] dbr:Malaysia_Junior_Hockey_League >> dbo:country >> [ANS]
translate question to dbpedia path: Entities possibly involved: dbr:Celluloid_Records | Question: How many artists are signed up with Celluloid Records?,COUNT >> [ANS] >> dbp:label >> dbr:Celluloid_Records
translate question to dbpedia path: Entities possibly involved: dbr:Henry_McDaniel_(racehorse_trainer) | Question: Henry McDaniel's trained horses have won which awards?,[VAR1] >> dbo:honours >> [ANS] [SEP] [VAR1] >> dbp:trainer >> dbr:Henry_McDaniel_(racehorse_trainer) [SEP] [VAR1] >> rdf:type >> dbo:Horse
translate question to dbpedia path: Entities possibly involved: dbr:David_Charles_(physician) | Question: With whom is the institution of David Charles affiliated?,[VAR1] >> dbp:affiliation >> [ANS] [SEP] dbr:David_Charles_(physician) >> dbp:workInstitutions >> [VAR1]
"translate question to dbpedia path: Entities possibly involved: dbr:Klang_Valley | Question: From how many coutries do companies come, which are headquartered in the Klang Valley?",COUNT >> [ANS] >> rdf:type >> dbo:Country [SEP] [VAR1] >> dbp:country >> [ANS] [SEP] [VAR1] >> dbp:headquarters >> dbr:Klang_Valley
translate question to dbpedia path: Entities possibly involved: dbr:Tabriz | Question: Who is the builder of the bridge owned by Tabriz ?,[VAR1] >> dbo:builder >> [ANS] [SEP] [VAR1] >> dbp:owner >> dbr:Tabriz [SEP] [VAR1] >> rdf:type >> dbo:Bridge
"translate question to dbpedia path: Entities possibly involved: dbr:The_Stranger_(album), dbr:Only_the_Good_Die_Young | Question: Is the song Only the Good Die Young from The Stranger?",ASK >> dbr:Only_the_Good_Die_Young >> dbp:fromAlbum >> dbr:The_Stranger_(album)
translate question to dbpedia path: Entities possibly involved: dbr:Arizona_State_Sun_Devils | Question: Who are the golf players whose college is Arizona State Sun Devils?,[ANS] >> dbo:college >> dbr:Arizona_State_Sun_Devils [SEP] [ANS] >> rdf:type >> dbo:GolfPlayer
"translate question to dbpedia path: Entities possibly involved: dbr:The_Farmer_Wants_a_Wife_(Australian_TV_series), dbr:Taylor_Swift | Question: Did taylor swift do the theme song of The Farmer Wants a Wife?",ASK >> dbr:The_Farmer_Wants_a_Wife_(Australian_TV_series) >> dbp:opentheme >> dbr:Taylor_Swift
translate question to dbpedia path: Entities possibly involved: dbr:Mixed-sex_education | Question: How many local authorities manage mixed gender schools?,COUNT >> [VAR1] >> dbo:gender >> dbr:Mixed-sex_education [SEP] [VAR1] >> dbo:localAuthority >> [ANS]
translate question to dbpedia path: Entities possibly involved: dbr:Saxophone | Question: List everything in which saxophone players have been casted.,[ANS] >> dbp:starring >> [VAR1] [SEP] [VAR1] >> dbo:instrument >> dbr:Saxophone
translate question to dbpedia path: Entities possibly involved: dbr:Corringham_railway_station | Question: In which city is Corringham railway station located?,dbr:Corringham_railway_station >> dbp:borough >> [ANS]
"translate question to dbpedia path: Entities possibly involved: dbr:Arlington_Heights,_Illinois | Question: Which school teams are there in schools of Arlington Heights, Illinois?","[VAR1] >> dbp:city >> dbr:Arlington_Heights,_Illinois [SEP] [VAR1] >> dbp:teamName >> [ANS] [SEP] [VAR1] >> rdf:type >> dbo:School"
translate question to dbpedia path: Entities possibly involved: dbr:Protestantism | Question: What games are played in Protestant schools?,[VAR1] >> dbo:sport >> [ANS] [SEP] [VAR1] >> dbp:schooltype >> dbr:Protestantism [SEP] [VAR1] >> rdf:type >> dbo:School
translate question to dbpedia path: Entities possibly involved: dbr:Bombay_Sapphire | Question: What company is the distributor of Bombay Sapphire?,dbr:Bombay_Sapphire >> dbp:distributor >> [ANS]
"translate question to dbpedia path: Entities possibly involved: dbr:Christina_Crawford_(wrestler), dbr:Trish_Stratus | Question: Did Trish Stratus train Christina Crawford?",ASK >> dbr:Christina_Crawford_(wrestler) >> dbp:trainer >> dbr:Trish_Stratus
"translate question to dbpedia path: Entities possibly involved: dbr:William_Anthony_(artist), dbr:Yale_Repertory_Theatre | Question: Which stockholder of yale Repertory Theatre was training center of William Anthony ?",dbr:William_Anthony_(artist) >> dbo:training >> [ANS] [SEP] dbr:Yale_Repertory_Theatre >> dbp:owner >> [ANS]
translate question to dbpedia path: Entities possibly involved: dbr:Kaszanka | Question: List the ingredients of Kaszanka?,dbr:Kaszanka >> dbo:ingredient >> [ANS]
"translate question to dbpedia path: Entities possibly involved: dbr:Wizard_rock, dbr:Harry_Potter | Question: Is wizard rock inspired from Harry potter?",ASK >> dbr:Wizard_rock >> dbo:stylisticOrigin >> dbr:Harry_Potter
"translate question to dbpedia path: Entities possibly involved: dbr:Alice's_Wonderland, dbr:The_Haunted_House_(1929_film) | Question: Who directed the haunted house and alice in wonderland?",dbr:Alice's_Wonderland >> dbo:director >> [ANS] [SEP] dbr:The_Haunted_House_(1929_film) >> dbo:director >> [ANS]
translate question to dbpedia path: Entities possibly involved: dbr:Ron_Cyrus | Question: To which persons is Ron Cyrus a relative?,[ANS] >> dbp:relatives >> dbr:Ron_Cyrus [SEP] [ANS] >> rdf:type >> dbo:Person
translate question to dbpedia path: Entities possibly involved: dbr:Web_hosting_service | Question: How many services are there of the companies whose services is Web hosting service ?,COUNT >> [VAR1] >> dbp:services >> [ANS] [SEP] [VAR1] >> dbp:services >> dbr:Web_hosting_service
"translate question to dbpedia path: Entities possibly involved: dbr:Neungin_High_School, dbr:Buddhism | Question: Is Neungin High school a buddhist school?",ASK >> dbr:Neungin_High_School >> dbp:religiousAffiliation >> dbr:Buddhism
"translate question to dbpedia path: Entities possibly involved: dbr:Ennejma_Ezzahra, dbr:Boga_(soft_drink) | Question: Which location country of Ennejma Ezzahra is also the origin of Boga ?",dbr:Boga_(soft_drink) >> dbp:origin >> [ANS] [SEP] dbr:Ennejma_Ezzahra >> dbp:locationCountry >> [ANS]
translate question to dbpedia path: Entities possibly involved: dbr:Spain_national_football_team | Question: Who have been the manager of national team of Spain?,[ANS] >> dbp:nationalteam >> dbr:Spain_national_football_team [SEP] [ANS] >> rdf:type >> dbo:SoccerManager
translate question to dbpedia path: Entities possibly involved: dbr:Julius_Caesar | Question: Who is a successor of Kingship whose parents were Julius Caesar?,[VAR1] >> dbo:parent >> dbr:Julius_Caesar [SEP] [VAR1] >> dbo:successor >> [ANS] [SEP] [VAR1] >> rdf:type >> dbo:Royalty
translate question to dbpedia path: Entities possibly involved: dbr:Environmentalism | Question: How many organizations work for Environmentalism?,COUNT >> [ANS] >> dbp:purpose >> dbr:Environmentalism
"translate question to dbpedia path: Entities possibly involved: dbr:Zambezi, dbr:North-Western_Province,_Zambia | Question: Was Zambezi originate in the north western province of zambia?","ASK >> dbr:Zambezi >> dbp:sourceRegion >> dbr:North-Western_Province,_Zambia"
translate question to dbpedia path: Entities possibly involved: dbr:Voere | Question: Who is the predecessor of Voere ?,dbr:Voere >> dbo:predecessor >> [ANS]
translate question to dbpedia path: Entities possibly involved: dbr:Mark_Stevens_(film_editor) | Question: Which movies did Mark Steven edit?,[ANS] >> dbp:editing >> dbr:Mark_Stevens_(film_editor) [SEP] [ANS] >> rdf:type >> dbo:Film
"translate question to dbpedia path: Entities possibly involved: dbr:Google_Web_Toolkit, dbr:Manu_Cornet | Question: NAme the emplyer for whihc Manu cornet has worked and also written in Google Web Toolkit ?",dbr:Google_Web_Toolkit >> dbo:author >> [ANS] [SEP] dbr:Manu_Cornet >> dbp:employer >> [ANS]
"translate question to dbpedia path: Entities possibly involved: dbr:Quack_(album), dbr:ANYway | Question: is ANYway in the Quack album?",ASK >> dbr:ANYway >> dbo:album >> dbr:Quack_(album)
translate question to dbpedia path: Entities possibly involved: dbr:Raptors_905 | Question: How many more teams have rented the stadium used by Raptors 905?,COUNT >> [VAR1] >> dbo:tenant >> [ANS] [SEP] [VAR1] >> rdf:type >> dbo:Stadium [SEP] dbr:Raptors_905 >> dbp:arena >> [VAR1]
translate question to dbpedia path: Entities possibly involved: dbr:Croix_de_guerre_1939–1945_(France) | Question: Count the wars in which people awarded with the Croix de guerre fought.,COUNT >> [ANS] >> rdf:type >> dbo:MilitaryConflict [SEP] [VAR1] >> dbp:awards >> dbr:Croix_de_guerre_1939–1945_(France) [SEP] [VAR1] >> dbp:battles >> [ANS]
"translate question to dbpedia path: Entities possibly involved: dbr:1993_European_Grand_Prix, dbr:1985_Portuguese_Grand_Prix | Question: Which first driver of  European Grand Prix 1993 is also finished first in 1985 Portuguese Grand Prix ?",dbr:1985_Portuguese_Grand_Prix >> dbp:firstDriver >> [ANS] [SEP] dbr:1993_European_Grand_Prix >> dbp:firstDriver >> [ANS]
translate question to dbpedia path: Entities possibly involved: dbr:Royal_Society | Question: How many have been awarded by the Royal Society?,COUNT >> [ANS] >> dbp:awards >> dbr:Royal_Society
translate question to dbpedia path: Entities possibly involved: dbr:Illinois_Fighting_Illini_men's_basketball | Question: From how many different cities have people gone to the Illinois Fighting Illini men's basketball?,COUNT >> [ANS] >> rdf:type >> dbo:Place [SEP] [VAR1] >> dbo:college >> dbr:Illinois_Fighting_Illini_men's_basketball [SEP] [VAR1] >> dbp:placeOfBirth >> [ANS]
translate question to dbpedia path: Entities possibly involved: dbr:Ford_SHO_V8_engine | Question: who manufactures the SHO V8?,dbr:Ford_SHO_V8_engine >> dbo:manufacturer >> [ANS]
translate question to dbpedia path: Entities possibly involved: dbr:Cheers | Question: What is the television show whose opening theme's album is Cheers?,[ANS] >> dbo:openingTheme >> [VAR1] [SEP] [ANS] >> rdf:type >> dbo:TelevisionShow [SEP] [VAR1] >> dbo:album >> dbr:Cheers
"translate question to dbpedia path: Entities possibly involved: dbr:Colorado_Department_of_Natural_Resources | Question: Where are the agencies headquartered at, which are under the Colorado Dept of Natural Resources?",[VAR1] >> dbo:parentOrganisation >> dbr:Colorado_Department_of_Natural_Resources [SEP] [VAR1] >> dbp:headquarters >> [ANS] [SEP] [VAR1] >> rdf:type >> dbo:GovernmentAgency
translate question to dbpedia path: Entities possibly involved: dbr:Interplay_Entertainment | Question: What is the genre for the developer of Interplay Entertainment?,[VAR1] >> dbo:genre >> [ANS] [SEP] [VAR1] >> dbp:developer >> dbr:Interplay_Entertainment
translate question to dbpedia path: Entities possibly involved: dbr:Prawn_Song_Records | Question: What is the TV Show whose theme is composed by someone signed up with Prawn Song Records?,[ANS] >> dbp:themeMusicComposer >> [VAR1] [SEP] [ANS] >> rdf:type >> dbo:TelevisionShow [SEP] [VAR1] >> dbo:recordLabel >> dbr:Prawn_Song_Records
translate question to dbpedia path: Entities possibly involved: dbr:Michael_Springer | Question: Name the team of Michael springer ?,dbr:Michael_Springer >> dbp:team >> [ANS]
translate question to dbpedia path: Entities possibly involved: dbr:Steven_Moffat | Question: In which television shows have Steven Moffat served as an executive producer?,[ANS] >> dbo:executiveProducer >> dbr:Steven_Moffat [SEP] [ANS] >> rdf:type >> dbo:TelevisionShow
"translate question to dbpedia path: Entities possibly involved: dbr:Romanticism, dbr:Robert_Burns | Question: Was Robert Burns from the Romanticist School of thought?",ASK >> dbr:Robert_Burns >> dbp:movement >> dbr:Romanticism
"translate question to dbpedia path: Entities possibly involved: dbr:Buccinidae, dbr:Buccinoidea | Question: What belongs to the families of Buccinidae and Buccinoidea?",[ANS] >> dbo:family >> dbr:Buccinidae [SEP] [ANS] >> dbo:family >> dbr:Buccinoidea
translate question to dbpedia path: Entities possibly involved: dbr:Mauritius_Broadcasting_Corporation | Question: What are the broadcast areas of Mauritius Broadcasting Corporation?,dbr:Mauritius_Broadcasting_Corporation >> dbp:broadcastArea >> [ANS]
"translate question to dbpedia path: Entities possibly involved: dbr:Henri,_Duke_of_Rohan | Question: Where was Henri, Duke of Rohan laid to rest?","dbr:Henri,_Duke_of_Rohan >> dbo:placeOfBurial >> [ANS]"
translate question to dbpedia path: Entities possibly involved: dbr:Gregg_Toland | Question: What are the movies whose cinematographer is Gregg Toland?,[ANS] >> dbo:cinematography >> dbr:Gregg_Toland [SEP] [ANS] >> rdf:type >> dbo:Film
translate question to dbpedia path: Entities possibly involved: dbr:Penn_State_Nittany_Lions_football | Question: In how many different highschools have people schooled in Penn State Nittany Lions football studied?,COUNT >> [ANS] >> rdf:type >> dbo:EducationalInstitution [SEP] [VAR1] >> dbo:school >> dbr:Penn_State_Nittany_Lions_football [SEP] [VAR1] >> dbp:highschool >> [ANS]
translate question to dbpedia path: Entities possibly involved: dbr:Balanidae | Question: How many different people hold authority over the members of Balanidae family?,COUNT >> [VAR1] >> dbo:binomialAuthority >> [ANS] [SEP] [VAR1] >> dbo:family >> dbr:Balanidae
translate question to dbpedia path: Entities possibly involved: dbr:Ringgold_High_School_(Pennsylvania) | Question: Who is the american football player whose highschool is Ringgold High School (Pennsylvania)?,[ANS] >> dbo:highschool >> dbr:Ringgold_High_School_(Pennsylvania)
translate question to dbpedia path: Entities possibly involved: dbr:Afghanistan | Question: Count the total number of conflicts people who were part of conflict in afghanisthan ?,COUNT >> [VAR1] >> dbo:battle >> [ANS] [SEP] [VAR1] >> dbo:battle >> dbr:Afghanistan
translate question to dbpedia path: Entities possibly involved: dbr:Kendall_Jenner | Question: Kendall Jenner has how many relatives?,COUNT >> dbr:Kendall_Jenner >> dbp:relatives >> [ANS]
translate question to dbpedia path: Entities possibly involved: dbr:CNN | Question: Where do the CNN employees typically graduate from?,[VAR1] >> dbo:almaMater >> [ANS] [SEP] [VAR1] >> dbp:employer >> dbr:CNN
"translate question to dbpedia path: Entities possibly involved: dbr:Glasgow_Airport | Question: What other destinations do airlines go to, whose flights also come to Glasgow?",[VAR1] >> dbo:targetAirport >> dbr:Glasgow_Airport [SEP] [VAR1] >> dbp:destinations >> [ANS] [SEP] [VAR1] >> rdf:type >> dbo:Airline
"translate question to dbpedia path: Entities possibly involved: dbr:Platte_River, dbr:Colorado | Question: Does the platte river originate in Colorado?",ASK >> dbr:Platte_River >> dbo:sourceRegion >> dbr:Colorado
translate question to dbpedia path: Entities possibly involved: dbr:Motor_vehicle | Question: Bridges over what can carry vehicles?,[VAR1] >> dbp:carries >> dbr:Motor_vehicle [SEP] [VAR1] >> dbp:crosses >> [ANS] [SEP] [VAR1] >> rdf:type >> dbo:Bridge
translate question to dbpedia path: Entities possibly involved: dbr:United_States | Question: What shows are on the networks which are from the United States?,[ANS] >> dbp:network >> [VAR1] [SEP] [ANS] >> rdf:type >> dbo:TelevisionShow [SEP] [VAR1] >> dbo:locationCountry >> dbr:United_States
"translate question to dbpedia path: Entities possibly involved: dbr:Julian_Doyle_(filmmaker), dbr:Cinema_International_Corporation | Question: Name the movies distributed by Cinema International Corporation and edited by Hulian Doyle ?",[ANS] >> dbp:distributor >> dbr:Cinema_International_Corporation [SEP] [ANS] >> dbp:editing >> dbr:Julian_Doyle_(filmmaker) [SEP] [ANS] >> rdf:type >> dbo:Film
translate question to dbpedia path: Entities possibly involved: dbr:Rouen_Business_School | Question: What is the province of Rouen Business School ?,dbr:Rouen_Business_School >> dbp:province >> [ANS]
translate question to dbpedia path: Entities possibly involved: dbr:Miami | Question: List some songwriters whose work has been recorded in Miami?,[VAR1] >> dbo:recordedIn >> dbr:Miami [SEP] [VAR1] >> dbp:writer >> [ANS] [SEP] [VAR1] >> rdf:type >> dbo:Work
"translate question to dbpedia path: Entities possibly involved: dbr:KOMC_(AM), dbr:KOMC-FM | Question: Is KOMC-FM the sister station of KOMC (AM)?",ASK >> dbr:KOMC_(AM) >> dbo:sisterStation >> dbr:KOMC-FM
translate question to dbpedia path: Entities possibly involved: dbr:England_national_under-20_football_team | Question: who are the managers of england national under 20 football team?,[ANS] >> dbp:managerclubs >> dbr:England_national_under-20_football_team
translate question to dbpedia path: Entities possibly involved: dbr:Bangkok | Question: What is the total number of relgions followed by people born in Bangkok?,COUNT >> [VAR1] >> dbo:religion >> [ANS] [SEP] [VAR1] >> dbp:birthPlace >> dbr:Bangkok
translate question to dbpedia path: Entities possibly involved: dbr:Anne_Hidalgo | Question: What is the city whose mayor is Anne Hidalgo?,[ANS] >> dbp:mayor >> dbr:Anne_Hidalgo [SEP] [ANS] >> rdf:type >> dbo:Settlement
translate question to dbpedia path: Entities possibly involved: dbr:United_States | Question: In how many different places have US people died?,COUNT >> [ANS] >> rdf:type >> dbo:Location [SEP] [VAR1] >> dbo:deathPlace >> [ANS] [SEP] [VAR1] >> dbp:placeOfBirth >> dbr:United_States
"translate question to dbpedia path: Entities possibly involved: dbr:Microsoft_Windows, dbr:Mac_OS | Question: Count the number of software which runs on Microsoft Windows and mac OS ?",COUNT >> [ANS] >> dbo:operatingSystem >> dbr:Mac_OS [SEP] [ANS] >> dbo:operatingSystem >> dbr:Microsoft_Windows
"translate question to dbpedia path: Entities possibly involved: dbr:Martin_Molony, dbr:Coneygree | Question: What is the common race of the Martin Molony and race of the Coneygree ?",dbr:Coneygree >> dbp:race >> [ANS] [SEP] dbr:Martin_Molony >> dbo:race >> [ANS]
translate question to dbpedia path: Entities possibly involved: dbr:Elizabeth_II | Question: Which countries led by Elizabeth II?,[ANS] >> dbp:leaderName >> dbr:Elizabeth_II [SEP] [ANS] >> rdf:type >> dbo:Country
translate question to dbpedia path: Entities possibly involved: dbr:Maharashtra_Chess_Association | Question: What is the purpose of Maharashtra Chess Association ?,dbr:Maharashtra_Chess_Association >> dbp:purpose >> [ANS]
translate question to dbpedia path: Entities possibly involved: dbr:Centre_(ice_hockey) | Question: What is the draft team of the ice hockey players whose position is Centre ?,[VAR1] >> dbo:draftTeam >> [ANS] [SEP] [VAR1] >> dbp:position >> dbr:Centre_(ice_hockey) [SEP] [VAR1] >> rdf:type >> dbo:IceHockeyPlayer
translate question to dbpedia path: Entities possibly involved: dbr:Politician | Question: What is the total number of religions that politicians have followed?,COUNT >> [VAR1] >> dbo:profession >> dbr:Politician [SEP] [VAR1] >> dbo:religion >> [ANS]
translate question to dbpedia path: Entities possibly involved: dbr:The_Palace_of_Auburn_Hills | Question: What sports team's arena is The Palace of Auburn Hills,[ANS] >> dbp:arena >> dbr:The_Palace_of_Auburn_Hills [SEP] [ANS] >> rdf:type >> dbo:SportsTeam
"translate question to dbpedia path: Entities possibly involved: dbr:Playtone, dbr:Graham_Yost | Question: Name the TV show whose company is Playtone and written by Graham Yost?",[ANS] >> dbo:company >> dbr:Playtone [SEP] [ANS] >> dbp:writer >> dbr:Graham_Yost [SEP] [ANS] >> rdf:type >> dbo:TelevisionShow
translate question to dbpedia path: Entities possibly involved: dbr:Microsoft_Azure | Question: Count the number of other services of the companies which provides the Microsoft Azure as service ?,COUNT >> [VAR1] >> dbp:services >> [ANS] [SEP] [VAR1] >> dbp:services >> dbr:Microsoft_Azure
translate question to dbpedia path: Entities possibly involved: dbr:Scuderia_Ferrari | Question: How many first drivers have participated when Scuderia Ferrari was a first team?,COUNT >> [VAR1] >> dbo:firstDriver >> [ANS] [SEP] [VAR1] >> dbp:firstTeam >> dbr:Scuderia_Ferrari
translate question to dbpedia path: Entities possibly involved: dbr:Cricket | Question: In how many countries are people born who play cricket?,COUNT >> [ANS] >> rdf:type >> dbo:Country [SEP] [VAR1] >> dbo:occupation >> dbr:Cricket [SEP] [VAR1] >> dbo:stateOfOrigin >> [ANS]
translate question to dbpedia path: Entities possibly involved: dbr:Thesaban | Question: What are the towns who have Thesaban system?,[ANS] >> dbp:settlementType >> dbr:Thesaban [SEP] [ANS] >> rdf:type >> dbo:Town
translate question to dbpedia path: Entities possibly involved: dbr:United_States_Army_Command_and_General_Staff_College | Question: In how many different wars have people graduated from the Army Command and General staff college fought?,COUNT >> [VAR1] >> dbo:almaMater >> dbr:United_States_Army_Command_and_General_Staff_College [SEP] [VAR1] >> dbp:battles >> [ANS]
"translate question to dbpedia path: Entities possibly involved: dbr:Amanda_Reddin, dbr:Beth_Tweddle | Question: Was Beth Tweddle primarily coached by Amanda Reddin?",ASK >> dbr:Beth_Tweddle >> dbp:headcoach >> dbr:Amanda_Reddin
"translate question to dbpedia path: Entities possibly involved: dbr:Robert_Sarvis, dbr:United_States_Senate | Question: Was robert sarvis a nominee of the US Senate?",ASK >> dbr:Robert_Sarvis >> dbo:nominee >> dbr:United_States_Senate
"translate question to dbpedia path: Entities possibly involved: dbr:Phoenix_Suns, dbr:Chicago_Bulls | Question: Name a basketball player with teams as Chicago Bulls and Phoenix Suns?",[ANS] >> dbo:team >> dbr:Phoenix_Suns [SEP] [ANS] >> dbp:team >> dbr:Chicago_Bulls [SEP] [ANS] >> rdf:type >> dbo:BasketballPlayer
translate question to dbpedia path: Entities possibly involved: dbr:Kenya_women's_national_football_team | Question: What is the home stadium of Kenya's women national football team ?,dbr:Kenya_women's_national_football_team >> dbp:homeStadium >> [ANS]
translate question to dbpedia path: Entities possibly involved: dbr:Swedish_Academy | Question: What is the award which is presented by Swedish Academy?,[ANS] >> dbp:presenter >> dbr:Swedish_Academy [SEP] [ANS] >> rdf:type >> dbo:Award
translate question to dbpedia path: Entities possibly involved: dbr:Donna_Shalala | Question: What are some important people in NGOs headed by Donna Shalala?,[VAR1] >> dbo:keyPerson >> dbr:Donna_Shalala [SEP] [VAR1] >> dbp:keyPeople >> [ANS] [SEP] [VAR1] >> rdf:type >> dbo:Non-ProfitOrganisation
translate question to dbpedia path: Entities possibly involved: dbr:Harry_Harlow | Question: Who are the people whose phD advisor was Harry Harlow?,[ANS] >> dbp:doctoralAdvisor >> dbr:Harry_Harlow [SEP] [ANS] >> rdf:type >> dbo:Person
translate question to dbpedia path: Entities possibly involved: dbr:Marshall_Arisman | Question: What are some books whose cover illustration is designed by Marshall Arisman?,[ANS] >> dbp:coverArtist >> dbr:Marshall_Arisman [SEP] [ANS] >> rdf:type >> dbo:Book
translate question to dbpedia path: Entities possibly involved: dbr:Momoko_Kōchi | Question: Momoko Kchi has acted in which movie ?,[ANS] >> dbo:starring >> dbr:Momoko_Kōchi [SEP] [ANS] >> rdf:type >> dbo:Film
translate question to dbpedia path: Entities possibly involved: dbr:Toluca | Question: What are some cars similar to the ones assembled at Toluca?,[VAR1] >> dbp:assembly >> dbr:Toluca [SEP] [VAR1] >> dbp:related >> [ANS] [SEP] [VAR1] >> rdf:type >> dbo:Automobile
translate question to dbpedia path: Entities possibly involved: dbr:Michael_Deeley | Question: Michael Deeley produce how many movies?,COUNT >> [ANS] >> dbo:producer >> dbr:Michael_Deeley
translate question to dbpedia path: Entities possibly involved: dbr:Sapindales | Question: How many food items have an ingredient from the Sapindales family?,COUNT >> [ANS] >> dbo:ingredient >> [VAR1] [SEP] [ANS] >> rdf:type >> dbo:Food [SEP] [VAR1] >> dbo:order >> dbr:Sapindales
translate question to dbpedia path: Entities possibly involved: dbr:Valaichchenai_Lagoon | Question: Who designed the bridge over the Valaichchenai lagoon?,[VAR1] >> dbp:crosses >> dbr:Valaichchenai_Lagoon [SEP] [VAR1] >> dbp:designer >> [ANS] [SEP] [VAR1] >> rdf:type >> dbo:Bridge
translate question to dbpedia path: Entities possibly involved: dbr:Anton_Ausserer | Question: Where did anton ausserer die?,dbr:Anton_Ausserer >> dbp:deathPlace >> [ANS]
translate question to dbpedia path: Entities possibly involved: dbr:WCW_Mayhem | Question: How many teams have used the stadium which hosted the WCW mayhem?,COUNT >> [VAR1] >> dbo:tenant >> [ANS] [SEP] [VAR1] >> rdf:type >> dbo:Stadium [SEP] dbr:WCW_Mayhem >> dbp:venue >> [VAR1]
translate question to dbpedia path: Entities possibly involved: dbr:Liang_Chow | Question: Who are in the liang chow club?,[ANS] >> dbp:club >> dbr:Liang_Chow
translate question to dbpedia path: Entities possibly involved: dbr:Zürich–Affoltern_am_Albis–Zug_railway_line | Question: In how many countries does the Zurich Affoltern am Albis Zug line go?,COUNT >> [ANS] >> rdf:type >> dbo:Country [SEP] [VAR1] >> dbo:country >> [ANS] [SEP] [VAR1] >> dbp:line >> dbr:Zürich–Affoltern_am_Albis–Zug_railway_line
translate question to dbpedia path: Entities possibly involved: dbr:Joel_Schumacher | Question: How many movies did Joel Schumacher direct?,COUNT >> [ANS] >> dbo:director >> dbr:Joel_Schumacher [SEP] [ANS] >> rdf:type >> dbo:Film
translate question to dbpedia path: Entities possibly involved: dbr:Julian_Leow_Beng_Kim | Question: In how many places did Julian Leow Beng Kim study?,COUNT >> [ANS] >> rdf:type >> dbo:University [SEP] dbr:Julian_Leow_Beng_Kim >> dbp:almaMater >> [ANS]
"translate question to dbpedia path: Entities possibly involved: dbr:Animal, dbr:Lion | Question: Is lion an animal?",ASK >> dbr:Lion >> dbo:kingdom >> dbr:Animal
"translate question to dbpedia path: Entities possibly involved: dbr:Laurie_Johnson, dbr:Stanley_Kubrick | Question: Which Stanley Kubrick's movie has music by Laurie Johnson?",[ANS] >> dbp:director >> dbr:Stanley_Kubrick [SEP] [ANS] >> dbp:music >> dbr:Laurie_Johnson [SEP] [ANS] >> rdf:type >> dbo:Film
"translate question to dbpedia path: Entities possibly involved: dbr:Burbank_High_School_(Burbank,_California) | Question: How many movies were directed by the graduate of Burbank High School ?","COUNT >> [ANS] >> dbp:director >> [VAR1] [SEP] [ANS] >> rdf:type >> dbo:Film [SEP] [VAR1] >> dbp:education >> dbr:Burbank_High_School_(Burbank,_California)"
translate question to dbpedia path: Entities possibly involved: dbr:Scientology | Question: Count all the scientologists.,COUNT >> [ANS] >> dbo:religion >> dbr:Scientology
translate question to dbpedia path: Entities possibly involved: dbr:Laozi | Question: Laozi has authored which books ?,[ANS] >> dbp:author >> dbr:Laozi [SEP] [ANS] >> rdf:type >> dbo:Book
translate question to dbpedia path: Entities possibly involved: dbr:Tennessee_State_Museum | Question: List the awards won by the fashion designer which have been recognized by Tennessee State Museum ?,[VAR1] >> dbo:award >> [ANS] [SEP] [VAR1] >> dbo:award >> dbr:Tennessee_State_Museum [SEP] [VAR1] >> rdf:type >> dbo:FashionDesigner
translate question to dbpedia path: Entities possibly involved: dbr:Newin_Chidchob | Question: What is the nationality of Newin Chidchob ?,dbr:Newin_Chidchob >> dbp:nationality >> [ANS]
translate question to dbpedia path: Entities possibly involved: dbr:Anna_Bergman | Question: Which awards did the parents of Anna Bergman win ?,[VAR1] >> dbp:awards >> [ANS] [SEP] dbr:Anna_Bergman >> dbo:parent >> [VAR1]
translate question to dbpedia path: Entities possibly involved: dbr:Bison | Question: How many schools have a bison as their mascot?,COUNT >> [ANS] >> dbp:mascot >> dbr:Bison [SEP] [ANS] >> rdf:type >> dbo:School
translate question to dbpedia path: Entities possibly involved: dbr:2009–10_Middlesbrough_F.C._season | Question: Who is the head coach of 2009-10 Middlesbrough F.C. season ?,dbr:2009–10_Middlesbrough_F.C._season >> dbo:manager >> [ANS]
translate question to dbpedia path: Entities possibly involved: dbr:François-Marie_Le_Marchand_de_Lignery | Question: How many factions have fought in wars where Francois Marie Le Marchand de Lignery was involved?,COUNT >> [VAR1] >> dbp:combatant >> [ANS] [SEP] [VAR1] >> rdf:type >> dbo:MilitaryConflict [SEP] dbr:François-Marie_Le_Marchand_de_Lignery >> dbo:battle >> [VAR1]
translate question to dbpedia path: Entities possibly involved: dbr:New_York_City | Question: What are some people who are on the board of companies founded in NY?,[ANS] >> dbo:board >> [VAR1] [SEP] [ANS] >> rdf:type >> dbo:Person [SEP] [VAR1] >> dbp:foundation >> dbr:New_York_City
translate question to dbpedia path: Entities possibly involved: dbr:George_Beauchamp | Question: Give me a count of musicians who play an instrument developed by George Beauchamp ?,COUNT >> [ANS] >> dbo:instrument >> [VAR1] [SEP] [ANS] >> rdf:type >> dbo:MusicalArtist [SEP] [VAR1] >> dbp:keyPeople >> dbr:George_Beauchamp
translate question to dbpedia path: Entities possibly involved: dbr:City_of_Newcastle | Question: In how many places have the companies started in Newcastle worked?,COUNT >> [ANS] >> rdf:type >> dbo:Place [SEP] [VAR1] >> dbo:foundationPlace >> dbr:City_of_Newcastle [SEP] [VAR1] >> dbo:regionServed >> [ANS]
translate question to dbpedia path: Entities possibly involved: dbr:California | Question: What are the musicals of the people died in California?,[ANS] >> dbp:music >> [VAR1] [SEP] [ANS] >> rdf:type >> dbo:Musical [SEP] [VAR1] >> dbo:deathPlace >> dbr:California
"translate question to dbpedia path: Entities possibly involved: dbr:Eric_Schiller, dbr:Craig_Van_Tilbury | Question: What sport has made Eric Schiller famous, and has employed Craig Van Tibury?",dbr:Craig_Van_Tilbury >> dbo:occupation >> [ANS] [SEP] dbr:Eric_Schiller >> dbo:knownFor >> [ANS]
"translate question to dbpedia path: Entities possibly involved: dbr:1993_European_Grand_Prix, dbr:1989_Portuguese_Grand_Prix | Question: Which pole driver of 1989 Portuguese Grand Prix was also the first driver of 1993 European Grand Prix ?",dbr:1989_Portuguese_Grand_Prix >> dbo:poleDriver >> [ANS] [SEP] dbr:1993_European_Grand_Prix >> dbp:firstDriver >> [ANS]
translate question to dbpedia path: Entities possibly involved: dbr:Email_filtering | Question: Name the alma mater of the scientist famous for Email filtering ?,[VAR1] >> dbp:almaMater >> [ANS] [SEP] [VAR1] >> dbp:knownFor >> dbr:Email_filtering [SEP] [VAR1] >> rdf:type >> dbo:Scientist
"translate question to dbpedia path: Entities possibly involved: dbr:T.I._Ahmadiyya_Girls_Senior_High_School,_Asokore | Question: Where is the T.I. Ahmadiyya Girls Senior High School?","dbr:T.I._Ahmadiyya_Girls_Senior_High_School,_Asokore >> dbo:denomination >> [ANS]"
translate question to dbpedia path: Entities possibly involved: dbr:Dhoondte_Reh_Jaaoge!_(1998_film) | Question: What are the birth place of the people who are the star of Dhoondte Reh Jaaoge?,[VAR1] >> dbo:birthPlace >> [ANS] [SEP] [VAR1] >> rdf:type >> dbo:Person [SEP] dbr:Dhoondte_Reh_Jaaoge!_(1998_film) >> dbo:starring >> [VAR1]
"translate question to dbpedia path: Entities possibly involved: dbr:Microsoft_Windows, dbr:C++ | Question: Which software uses windows as it's operating system and is written in C++ ?",[ANS] >> dbo:operatingSystem >> dbr:Microsoft_Windows [SEP] [ANS] >> dbo:programmingLanguage >> dbr:C++ [SEP] [ANS] >> rdf:type >> dbo:Software
translate question to dbpedia path: Entities possibly involved: dbr:Willard_Fiske | Question: Which domain's journals did Willard Fiske edit?,[VAR1] >> dbp:discipline >> [ANS] [SEP] [VAR1] >> dbp:editor >> dbr:Willard_Fiske [SEP] [VAR1] >> rdf:type >> dbo:AcademicJournal
translate question to dbpedia path: Entities possibly involved: dbr:Motor_vehicle | Question: How many maintainers are there of the bridges that can carry motor vehicles over them?,COUNT >> [VAR1] >> dbo:maintainedBy >> [ANS] [SEP] [VAR1] >> dbp:carries >> dbr:Motor_vehicle
translate question to dbpedia path: Entities possibly involved: dbr:French_language | Question: What currencies are circulated in the countries where people speak French?,[VAR1] >> dbo:currency >> [ANS] [SEP] [VAR1] >> dbo:officialLanguage >> dbr:French_language [SEP] [VAR1] >> rdf:type >> dbo:Location
"translate question to dbpedia path: Entities possibly involved: dbr:Oliver_Sacks, dbr:Columbia_University | Question: Did Oliver Sacks study at the Columbia University?",ASK >> dbr:Oliver_Sacks >> dbo:institution >> dbr:Columbia_University
translate question to dbpedia path: Entities possibly involved: dbr:Janata_Party | Question: Give the distinct number of other party of the people which have one of the party as Janata Party ?,COUNT >> [VAR1] >> dbo:otherParty >> [ANS] [SEP] [VAR1] >> dbo:otherParty >> dbr:Janata_Party
translate question to dbpedia path: Entities possibly involved: dbr:Jimmy_Wales | Question: How many organizations own the website to which Jimmy Wales contributes?,COUNT >> [ANS] >> rdf:type >> dbo:Organisation [SEP] [VAR1] >> dbo:author >> dbr:Jimmy_Wales [SEP] [VAR1] >> dbo:owner >> [ANS]
"translate question to dbpedia path: Entities possibly involved: dbr:His_New_Job, dbr:Charlie_Chaplin | Question: Was His New Job edited by Charlie Chaplin?",ASK >> dbr:His_New_Job >> dbo:editing >> dbr:Charlie_Chaplin
"translate question to dbpedia path: Entities possibly involved: dbr:Wide_receiver, dbr:Vance_Johnson | Question: Does vance johnson play as a wide receiver?",ASK >> dbr:Vance_Johnson >> dbo:position >> dbr:Wide_receiver
translate question to dbpedia path: Entities possibly involved: dbr:Qaqun | Question: Name the place of Qaqun ?,dbr:Qaqun >> dbp:place >> [ANS]
"translate question to dbpedia path: Entities possibly involved: dbr:Venice, dbr:Luigi_Brugnaro | Question: Is Luigi Brugnaro the mayor of Venice?",ASK >> dbr:Venice >> dbp:mayor >> dbr:Luigi_Brugnaro
translate question to dbpedia path: Entities possibly involved: dbr:Inyo_National_Forest | Question: Which mountains are contained in Inyo National Forest?,[ANS] >> dbo:locatedInArea >> dbr:Inyo_National_Forest [SEP] [ANS] >> rdf:type >> dbo:Mountain
translate question to dbpedia path: Entities possibly involved: dbr:Frédéric_Joliot-Curie | Question: Whose children are married to Fredric Joliot-Curie?,[ANS] >> dbp:children >> [VAR1] [SEP] [VAR1] >> dbp:spouse >> dbr:Frédéric_Joliot-Curie
translate question to dbpedia path: Entities possibly involved: dbr:Merritt_Paulson | Question: Where are the homestadiums of the seasons chaired by Merritt Paulson?,[VAR1] >> dbo:chairman >> dbr:Merritt_Paulson [SEP] [VAR1] >> dbo:homeStadium >> [ANS] [SEP] [VAR1] >> rdf:type >> dbo:SoccerClubSeason
"translate question to dbpedia path: Entities possibly involved: dbr:Pope_John_XXIII, dbr:Elizabeth_Ann_Seton | Question: Was elizabeth ann seton beatified by Pope John XXIII?",ASK >> dbr:Elizabeth_Ann_Seton >> dbp:beatifiedBy >> dbr:Pope_John_XXIII
"translate question to dbpedia path: Entities possibly involved: dbr:First_National_Bank_and_Trust_Building_(Lima,_Ohio) | Question: What is the architecture of First National Bank and Trust Building (Lima, Ohio) ?","dbr:First_National_Bank_and_Trust_Building_(Lima,_Ohio) >> dbo:architecturalStyle >> [ANS]"
translate question to dbpedia path: Entities possibly involved: dbr:Italic_languages | Question: What are some languages in the italic family of languages?,[ANS] >> dbo:languageFamily >> dbr:Italic_languages
translate question to dbpedia path: Entities possibly involved: dbr:California | Question: Count all the awards which were presented by something located in California.,COUNT >> [ANS] >> dbo:presenter >> [VAR1] [SEP] [ANS] >> rdf:type >> dbo:Award [SEP] [VAR1] >> dbo:headquarter >> dbr:California
translate question to dbpedia path: Entities possibly involved: dbr:Gough_Whitlam | Question: Who all held a position when Gough Whitlam was the prime minister?,[ANS] >> dbo:primeMinister >> dbr:Gough_Whitlam
"translate question to dbpedia path: Entities possibly involved: dbr:Kim_Sawchuk, dbr:Vuelta_Mexico_Telmex | Question: In which part of the world will I find Kim Sawchuk and Vuelta Mexico Telmex?",dbr:Kim_Sawchuk >> dbp:region >> [ANS] [SEP] dbr:Vuelta_Mexico_Telmex >> dbp:region >> [ANS]
"translate question to dbpedia path: Entities possibly involved: dbr:Richard_H._Immerman, dbr:Franklin_W._Olin | Question: Which university was attended by both Richard H Immerman and Franklin W Olin?",dbr:Franklin_W._Olin >> dbp:education >> [ANS] [SEP] dbr:Richard_H._Immerman >> dbp:education >> [ANS]
translate question to dbpedia path: Entities possibly involved: dbr:Cherokee | Question: How many other race are there of the adult (pornographic) actors whose ethnicity is Cherokee ?,COUNT >> [VAR1] >> dbo:ethnicity >> dbr:Cherokee [SEP] [VAR1] >> dbp:ethnicity >> [ANS]
translate question to dbpedia path: Entities possibly involved: dbr:Stockholm | Question: Stockholm is the HQ of how many things?,COUNT >> [ANS] >> dbp:headquarters >> dbr:Stockholm
translate question to dbpedia path: Entities possibly involved: dbr:Salthill | Question: What is a salthill?,dbr:Salthill >> dbo:type >> [ANS]
"translate question to dbpedia path: Entities possibly involved: dbr:Oulu, dbr:Turku | Question: What is the sea connected to Oulu and Turku?",[ANS] >> dbp:cities >> dbr:Oulu [SEP] [ANS] >> dbp:cities >> dbr:Turku [SEP] [ANS] >> rdf:type >> dbo:Sea
translate question to dbpedia path: Entities possibly involved: dbr:Baco_noir | Question: In how many regions is the Baco Noir made?,COUNT >> dbr:Baco_noir >> dbo:wineRegion >> [ANS]
translate question to dbpedia path: Entities possibly involved: dbr:Jerusalem_Institute_of_Justice | Question: Where does the Jerusalem Institute of Justice render their services?,dbr:Jerusalem_Institute_of_Justice >> dbo:service >> [ANS]
translate question to dbpedia path: Entities possibly involved: dbr:Battle_of_Fort_Stephenson | Question: List down the commanders of Battle of Fort stephenson ?,dbr:Battle_of_Fort_Stephenson >> dbo:commander >> [ANS]
translate question to dbpedia path: Entities possibly involved: dbr:ARM_architecture | Question: ARM Architecture acts as a game platform for how many things?,COUNT >> [ANS] >> dbo:computingPlatform >> dbr:ARM_architecture
translate question to dbpedia path: Entities possibly involved: dbr:Andrew_Schally | Question: Name the work institutions of Andrew Schally?,dbr:Andrew_Schally >> dbp:workInstitutions >> [ANS]
"translate question to dbpedia path: Entities possibly involved: dbr:Ludwig_Von_Drake, dbr:Clan_McDuck | Question: What is the fictional character which has Clan McDuck and Ludwig Von Draken as relatives?",[ANS] >> dbp:relatives >> dbr:Clan_McDuck [SEP] [ANS] >> dbp:relatives >> dbr:Ludwig_Von_Drake [SEP] [ANS] >> rdf:type >> dbo:FictionalCharacter
translate question to dbpedia path: Entities possibly involved: dbr:Creatures_(company) | Question: How many games have a composer who worked for the Creatures?,COUNT >> [ANS] >> dbp:composer >> [VAR1] [SEP] [ANS] >> rdf:type >> dbo:VideoGame [SEP] [VAR1] >> dbo:occupation >> dbr:Creatures_(company)
translate question to dbpedia path: Entities possibly involved: dbr:Clamp_(manga_artists) | Question: How many people have voiced characters sculpted by Clamp?,COUNT >> [VAR1] >> dbo:voice >> [ANS] [SEP] [VAR1] >> dbp:creator >> dbr:Clamp_(manga_artists)
"translate question to dbpedia path: Entities possibly involved: dbr:Westroads_Mall_shooting, dbr:Nebraska | Question: Were the bodies involved in the Westroads mall shootings discovered in Nebraska?",ASK >> dbr:Westroads_Mall_shooting >> dbp:bodyDiscovered >> dbr:Nebraska
translate question to dbpedia path: Entities possibly involved: dbr:Franz_Brentano | Question: Who is the scientist whose academic advisor is Franz Brentano?,[ANS] >> dbo:academicAdvisor >> dbr:Franz_Brentano [SEP] [ANS] >> rdf:type >> dbo:Scientist
"translate question to dbpedia path: Entities possibly involved: dbr:Worcester_College,_Oxford | Question: In how many different people are alumini of the University of Oxford working?","COUNT >> [VAR1] >> dbo:field >> [ANS] [SEP] [VAR1] >> dbp:almaMater >> dbr:Worcester_College,_Oxford"
translate question to dbpedia path: Entities possibly involved: dbr:Montecito_Inn | Question: Who is the developer of Montecito Inn ?,dbr:Montecito_Inn >> dbp:developer >> [ANS]
translate question to dbpedia path: Entities possibly involved: dbr:Paul_Jones_(American_football) | Question: Where did Paul Jones do his highschool?,dbr:Paul_Jones_(American_football) >> dbp:highschool >> [ANS]
"translate question to dbpedia path: Entities possibly involved: dbr:Stephanie, dbr:Female | Question: Is stephanie a female?",ASK >> dbr:Stephanie >> dbp:gender >> dbr:Female
"translate question to dbpedia path: Entities possibly involved: dbr:Doug_Acomb, dbr:Cam_Plante | Question: For which team did Cam Plante and Doug Acomb both play atleast once?",dbr:Cam_Plante >> dbp:playedFor >> [ANS] [SEP] dbr:Doug_Acomb >> dbp:playedFor >> [ANS]
translate question to dbpedia path: Entities possibly involved: dbr:Screenwriting | Question: What are the shows whose creator has worked as a screenwriter?,[ANS] >> dbo:creator >> [VAR1] [SEP] [ANS] >> rdf:type >> dbo:TelevisionShow [SEP] [VAR1] >> dbo:occupation >> dbr:Screenwriting
translate question to dbpedia path: Entities possibly involved: dbr:Ernest_Rutherford | Question: To which students did Ernest Rutherford advised to?,[ANS] >> dbp:doctoralAdvisor >> dbr:Ernest_Rutherford
"translate question to dbpedia path: Entities possibly involved: dbr:New_England_Patriots, dbr:Bob_Suci | Question: Did Bob Suci play for the New England Patriots?",ASK >> dbr:Bob_Suci >> dbp:pastteams >> dbr:New_England_Patriots
translate question to dbpedia path: Entities possibly involved: dbr:King_Crimson | Question: In how many places was the album of King Crimson recorded?,COUNT >> [VAR1] >> dbo:artist >> dbr:King_Crimson [SEP] [VAR1] >> dbo:recordedIn >> [ANS]
translate question to dbpedia path: Entities possibly involved: dbr:Raamlaxman | Question: Who is the starring of the movies such that music is by Raamlaxman?,[VAR1] >> dbo:starring >> [ANS] [SEP] [VAR1] >> dbp:music >> dbr:Raamlaxman [SEP] [VAR1] >> rdf:type >> dbo:Film
translate question to dbpedia path: Entities possibly involved: dbr:Point_Blank_Records | Question: What are the movies whose cast members are signed up with Point Blank Records?,[ANS] >> dbp:starring >> [VAR1] [SEP] [ANS] >> rdf:type >> dbo:Film [SEP] [VAR1] >> dbp:label >> dbr:Point_Blank_Records
"translate question to dbpedia path: Entities possibly involved: dbr:Cristo_Rey_Jesuit_High_School_(Chicago), dbr:Lyons_Township_High_School | Question: What is the Team Name  of the Cristo Rey Jesuit High School (Chicago) and is also the nickname of the Lyons Township High School ?",dbr:Cristo_Rey_Jesuit_High_School_(Chicago) >> dbp:teamName >> [ANS] [SEP] dbr:Lyons_Township_High_School >> dbp:nickname >> [ANS]
translate question to dbpedia path: Entities possibly involved: dbr:Northwestern_Hawaiian_Islands | Question: What is the city nearest to the islands in the Northwestern Hawaiian Islands?,[VAR1] >> dbp:archipelago >> dbr:Northwestern_Hawaiian_Islands [SEP] [VAR1] >> dbp:nearestCity >> [ANS] [SEP] [VAR1] >> rdf:type >> dbo:Island
translate question to dbpedia path: Entities possibly involved: dbr:Christopher_Franke | Question: Name the televesion show which has artist named Christopher Franke ?,[ANS] >> dbp:artist >> dbr:Christopher_Franke [SEP] [ANS] >> rdf:type >> dbo:TelevisionShow
translate question to dbpedia path: Entities possibly involved: dbr:Bobby_Beasley | Question: name the races where bobby beasley took part ?,dbr:Bobby_Beasley >> dbo:race >> [ANS]
translate question to dbpedia path: Entities possibly involved: dbr:Walter_Scharf | Question: Who acted in the movies whose music is composed by Walter Scharf?,[VAR1] >> dbo:musicComposer >> dbr:Walter_Scharf [SEP] [VAR1] >> dbp:artist >> [ANS] [SEP] [VAR1] >> rdf:type >> dbo:Film
translate question to dbpedia path: Entities possibly involved: dbr:Apple_Productivity_Experience_Group | Question: What softwares were created by Apple Productivity Experience Group ?,dbr:Apple_Productivity_Experience_Group >> dbo:product >> [ANS]
translate question to dbpedia path: Entities possibly involved: dbr:North_Sea | Question: List all that flows into the north sea?,dbr:North_Sea >> dbp:inflow >> [ANS]
"translate question to dbpedia path: Entities possibly involved: dbr:Magnolia_Place, dbr:Greek_Revival_architecture | Question: Is the magnolia place of the greek revival architectural style?",ASK >> dbr:Magnolia_Place >> dbo:architecturalStyle >> dbr:Greek_Revival_architecture
translate question to dbpedia path: Entities possibly involved: dbr:Nazi_Germany | Question: How many head of agencies were there in Nazi Germany?,COUNT >> [VAR1] >> dbo:jurisdiction >> dbr:Nazi_Germany [SEP] [VAR1] >> dbo:leader >> [ANS]
translate question to dbpedia path: Entities possibly involved: dbr:Frasier | Question: List all the notable work of the screen writer who produced Frasier ?,[VAR1] >> dbo:notableWork >> [ANS] [SEP] [VAR1] >> dbo:notableWork >> dbr:Frasier [SEP] [VAR1] >> rdf:type >> dbo:ScreenWriter
"translate question to dbpedia path: Entities possibly involved: dbr:Buddhism, dbr:Caroline_Augusta_Foley_Rhys_Davids | Question: Does Caroline Augusta Foley Rhys Davids study Buddhism?",ASK >> dbr:Caroline_Augusta_Foley_Rhys_Davids >> dbo:field >> dbr:Buddhism
translate question to dbpedia path: Entities possibly involved: dbr:Boeing_F/A-18E/F_Super_Hornet | Question: Who employed the person famous for the Boeing fa18ef Super Hornet?,[VAR1] >> dbo:knownFor >> dbr:Boeing_F/A-18E/F_Super_Hornet [SEP] [VAR1] >> dbp:employer >> [ANS] [SEP] [VAR1] >> rdf:type >> dbo:Person
translate question to dbpedia path: Entities possibly involved: dbr:Gregorios_Bernardakis | Question: List the awards given to the relatives of Gregorios Bernardakis.,[VAR1] >> dbo:award >> [ANS] [SEP] dbr:Gregorios_Bernardakis >> dbo:relative >> [VAR1]
translate question to dbpedia path: Entities possibly involved: dbr:Diana_Taylor_(superintendent) | Question: What politician's partner is Diana Taylor ?,[ANS] >> dbo:partner >> dbr:Diana_Taylor_(superintendent) [SEP] [ANS] >> rdf:type >> dbo:Politician
translate question to dbpedia path: Entities possibly involved: dbr:United_States | Question: Which fields are covered by academic journals in the US?,[VAR1] >> dbp:country >> dbr:United_States [SEP] [VAR1] >> dbp:discipline >> [ANS] [SEP] [VAR1] >> rdf:type >> dbo:AcademicJournal
translate question to dbpedia path: Entities possibly involved: dbr:Newell's_Old_Boys | Question: Which football players have Newell's Old Boys as youthclub?,[ANS] >> dbp:youthclubs >> dbr:Newell's_Old_Boys
translate question to dbpedia path: Entities possibly involved: dbr:Wilfred_McDonald | Question: What are the teams for which Wilfred McDonald played for?,dbr:Wilfred_McDonald >> dbp:playedFor >> [ANS]
translate question to dbpedia path: Entities possibly involved: dbr:Country_music | Question: Who is the Artist of the singles whose film genre is Country music ?,[VAR1] >> dbp:artist >> [ANS] [SEP] [VAR1] >> dbp:genre >> dbr:Country_music [SEP] [VAR1] >> rdf:type >> dbo:Single
"translate question to dbpedia path: Entities possibly involved: dbr:Denver, dbr:Colorado | Question: Is Denver the largest city of Colorado?",ASK >> dbr:Colorado >> dbo:largestCity >> dbr:Denver
translate question to dbpedia path: Entities possibly involved: dbr:2014–15_La_Liga | Question: Count all those whose youthclub performed at the 14-15 La Liga?,COUNT >> [ANS] >> dbp:youthclubs >> [VAR1] [SEP] [ANS] >> rdf:type >> dbo:Athlete [SEP] [VAR1] >> dbo:season >> dbr:2014–15_La_Liga
translate question to dbpedia path: Entities possibly involved: dbr:Atlantic_Ocean | Question: How many cities are around the sea which flows into the Atlantic?,COUNT >> [ANS] >> rdf:type >> dbo:City [SEP] [VAR1] >> dbo:inflow >> dbr:Atlantic_Ocean [SEP] [VAR1] >> dbp:cities >> [ANS]
translate question to dbpedia path: Entities possibly involved: dbr:John_Derek | Question: Who all are starring in the  movies where director of photography is John Derek ?,[VAR1] >> dbo:cinematography >> dbr:John_Derek [SEP] [VAR1] >> dbp:starring >> [ANS] [SEP] [VAR1] >> rdf:type >> dbo:Film
translate question to dbpedia path: Entities possibly involved: dbr:Maryland_Jockey_Club | Question: List the import people of Maryland Jockey Club ?,dbr:Maryland_Jockey_Club >> dbp:keyPeople >> [ANS]
translate question to dbpedia path: Entities possibly involved: dbr:Bjarne_Stroustrup | Question: What is the total number of companies who use a language designed by Bjarne Stroustrup?,COUNT >> [ANS] >> dbp:programmingLanguage >> [VAR1] [SEP] [ANS] >> rdf:type >> dbo:Company [SEP] [VAR1] >> dbp:designer >> dbr:Bjarne_Stroustrup
translate question to dbpedia path: Entities possibly involved: dbr:Cam_Plante | Question: Who does Cam PLante plays for ?,dbr:Cam_Plante >> dbp:playedFor >> [ANS]
translate question to dbpedia path: Entities possibly involved: dbr:Inma_González | Question: What famous work is derived from the one whose lyrics are written by Inma Gonzales?,[VAR1] >> dbo:basedOn >> [ANS] [SEP] [VAR1] >> dbo:lyrics >> dbr:Inma_González
translate question to dbpedia path: Entities possibly involved: dbr:Lung_cancer | Question: How many awards have been given to the ones who died of lung cancer?,COUNT >> [ANS] >> rdf:type >> dbo:Award [SEP] [VAR1] >> dbo:award >> [ANS] [SEP] [VAR1] >> dbo:deathCause >> dbr:Lung_cancer
translate question to dbpedia path: Entities possibly involved: dbr:Seven_Springs_Mountain_Resort | Question: Who holds shares in something famous for the Seven Spring Mountain Resort?,[ANS] >> dbp:owner >> [VAR1] [SEP] [VAR1] >> dbo:knownFor >> dbr:Seven_Springs_Mountain_Resort
translate question to dbpedia path: Entities possibly involved: dbr:Australian_of_the_Year | Question: How many honorary title are there of the scientists who has  Australian of the Year award  ?,COUNT >> [VAR1] >> dbo:award >> [ANS] [SEP] [VAR1] >> dbo:award >> dbr:Australian_of_the_Year
translate question to dbpedia path: Entities possibly involved: dbr:K._Terry_Dornbush | Question: What is the alma mater of K. Terry Dornbush ?,dbr:K._Terry_Dornbush >> dbp:almaMater >> [ANS]
translate question to dbpedia path: Entities possibly involved: dbr:Southend-on-Sea | Question: What is the river which comes from Southend-on-Sea mountain?,[ANS] >> dbo:mouthMountain >> dbr:Southend-on-Sea [SEP] [ANS] >> rdf:type >> dbo:River
translate question to dbpedia path: Entities possibly involved: dbr:Richard_Hofstadter | Question: What is the birth location of the advisor of Richard Hofstadter ?,[VAR1] >> dbo:birthPlace >> [ANS] [SEP] dbr:Richard_Hofstadter >> dbp:doctoralAdvisor >> [VAR1]
"translate question to dbpedia path: Entities possibly involved: dbr:Abdelhameed_Amarri, dbr:Khartoum | Question: Does Abdelhameed Amarri currently play for Khartoum?",ASK >> dbr:Abdelhameed_Amarri >> dbp:currentclub >> dbr:Khartoum
translate question to dbpedia path: Entities possibly involved: dbr:Michael_Jeffery | Question: Who is the prime minister that Michael Jeffery served?,dbr:Michael_Jeffery >> dbp:primeminister >> [ANS]
translate question to dbpedia path: Entities possibly involved: dbr:Dragons'_Den_(UK_TV_series) | Question: How many people are known for Dragons' Den?,COUNT >> [ANS] >> dbo:knownFor >> dbr:Dragons'_Den_(UK_TV_series)
translate question to dbpedia path: Entities possibly involved: dbr:Jump_Square | Question: How many different writers have written for Jump Square?,COUNT >> [VAR1] >> dbp:author >> [ANS] [SEP] [VAR1] >> dbp:magazine >> dbr:Jump_Square
translate question to dbpedia path: Entities possibly involved: dbr:Ralph_Flanders | Question: Who is the employer of Ralph flanders ?,dbr:Ralph_Flanders >> dbp:occupation >> [ANS]
"translate question to dbpedia path: Entities possibly involved: dbr:Giorgos_Kaminis, dbr:Athens | Question: Is Giorgos Kaminis the mayor of Athens?",ASK >> dbr:Athens >> dbo:mayor >> dbr:Giorgos_Kaminis
translate question to dbpedia path: Entities possibly involved: dbr:European_Go_Federation | Question: Name the members of European Go Federation?,dbr:European_Go_Federation >> dbp:membership >> [ANS]
"translate question to dbpedia path: Entities possibly involved: dbr:Grey_Goose_(vodka), dbr:Eristoff | Question: Grey gppse and eristoff is produced by which company?",dbr:Eristoff >> dbp:manufacturer >> [ANS] [SEP] dbr:Grey_Goose_(vodka) >> dbp:manufacturer >> [ANS]
translate question to dbpedia path: Entities possibly involved: dbr:National_Basketball_Association | Question: Count the participants of the NBA.,COUNT >> [ANS] >> dbo:league >> dbr:National_Basketball_Association
translate question to dbpedia path: Entities possibly involved: dbr:Norfolk_Southern_Railway | Question: Who has stock in the railway lines managed by Norfolk Southern Railway?,[VAR1] >> dbp:owner >> [ANS] [SEP] [VAR1] >> dbp:system >> dbr:Norfolk_Southern_Railway [SEP] [VAR1] >> rdf:type >> dbo:RailwayLine
translate question to dbpedia path: Entities possibly involved: dbr:Germanic_languages | Question: How many writers speak a language belonging to the Germanic kind of languages?,COUNT >> [ANS] >> dbp:language >> [VAR1] [SEP] [ANS] >> rdf:type >> dbo:Writer [SEP] [VAR1] >> dbo:languageFamily >> dbr:Germanic_languages
translate question to dbpedia path: Entities possibly involved: dbr:Toluca | Question: Enumerate the cars related to the ones assembled in Toluca?,COUNT >> [VAR1] >> dbp:assembly >> dbr:Toluca [SEP] [VAR1] >> dbp:related >> [ANS]
translate question to dbpedia path: Entities possibly involved: dbr:Los_Angeles_Clippers | Question: Name the basketball players drafted by Los Angeles Clippers ?,[ANS] >> dbp:draftTeam >> dbr:Los_Angeles_Clippers [SEP] [ANS] >> rdf:type >> dbo:BasketballPlayer
"translate question to dbpedia path: Entities possibly involved: dbr:Mount_Everest, dbr:Tenzing_Norgay | Question: Is Tenzing Norgay  the first person to scale Mt. Everest?",ASK >> dbr:Mount_Everest >> dbo:firstAscentPerson >> dbr:Tenzing_Norgay
translate question to dbpedia path: Entities possibly involved: dbr:Wealth_management | Question: Count the number of other product of the banks whose one of the product is Wealth management ?,COUNT >> [VAR1] >> dbo:product >> [ANS] [SEP] [VAR1] >> dbo:product >> dbr:Wealth_management
"translate question to dbpedia path: Entities possibly involved: dbr:Singapore, dbr:Pulau_Ubin | Question: Is Pulau Ubin the largest city of Singapore?",ASK >> dbr:Pulau_Ubin >> dbo:largestCity >> dbr:Singapore
translate question to dbpedia path: Entities possibly involved: dbr:Timothy_L._Woodruff | Question: Under which president was timothy l. woodruff a lieutenant?,[ANS] >> dbp:lieutenant >> dbr:Timothy_L._Woodruff
"translate question to dbpedia path: Entities possibly involved: dbr:Judaism, dbr:Islam | Question: How many have been venerateds in Islam and Judaism?",COUNT >> [ANS] >> dbo:veneratedIn >> dbr:Islam [SEP] [ANS] >> dbo:veneratedIn >> dbr:Judaism
"translate question to dbpedia path: Entities possibly involved: dbr:William_Anthony_(artist), dbr:Philip_W._Pillsbury | Question: Which training center of William Anthony has also alumni named Philip W Pillsbury ?",dbr:Philip_W._Pillsbury >> dbp:education >> [ANS] [SEP] dbr:William_Anthony_(artist) >> dbp:training >> [ANS]
translate question to dbpedia path: Entities possibly involved: dbr:Richard_M._Sherman | Question: List the authors of the musicals whose songwriter is Richard M. Sherman.,[VAR1] >> dbo:author >> [ANS] [SEP] [VAR1] >> dbo:musicBy >> dbr:Richard_M._Sherman [SEP] [VAR1] >> rdf:type >> dbo:Musical
translate question to dbpedia path: Entities possibly involved: dbr:Environmentalism | Question: Give me some organizations working for Environmentalism,[ANS] >> dbp:purpose >> dbr:Environmentalism [SEP] [ANS] >> rdf:type >> dbo:Organisation
"translate question to dbpedia path: Entities possibly involved: dbr:Paul_Demiéville, dbr:Buddhist_Tai_Hung_College | Question: What faith of Buddhist Tai Hung College is also the acadmeic interest of Paul Demiville ?",dbr:Buddhist_Tai_Hung_College >> dbp:religion >> [ANS] [SEP] dbr:Paul_Demiéville >> dbp:fields >> [ANS]
translate question to dbpedia path: Entities possibly involved: dbr:Union_(American_Civil_War) | Question: Count the number of offices held by people who have their allegiances with the american civil war union?,COUNT >> [VAR1] >> dbp:allegiance >> dbr:Union_(American_Civil_War) [SEP] [VAR1] >> dbp:office >> [ANS]
translate question to dbpedia path: Entities possibly involved: dbr:Julie_Gardner | Question: What are all the TV shows which are related to the ones produced by Julie Gardner?,COUNT >> [ANS] >> dbo:related >> [VAR1] [SEP] [ANS] >> rdf:type >> dbo:TelevisionShow [SEP] [VAR1] >> dbo:executiveProducer >> dbr:Julie_Gardner
translate question to dbpedia path: Entities possibly involved: dbr:Continental_Army | Question: For how many different presidents have people in the Continental Army served?,COUNT >> [VAR1] >> dbp:branch >> dbr:Continental_Army [SEP] [VAR1] >> dbp:president >> [ANS]
"translate question to dbpedia path: Entities possibly involved: dbr:Pixar_Canada, dbr:Pixar | Question: Is Pixar Canada a subsidiary of Pixar?",ASK >> dbr:Pixar >> dbo:subsidiary >> dbr:Pixar_Canada
translate question to dbpedia path: Entities possibly involved: dbr:Jordan_Cronenweth | Question: How many movies have been cinematographed by Jordan Cronenweth?,COUNT >> [ANS] >> dbp:cinematography >> dbr:Jordan_Cronenweth [SEP] [ANS] >> rdf:type >> dbo:Film
translate question to dbpedia path: Entities possibly involved: dbr:A_Grand_Day_Out | Question: What are all the prizes won by the writer of A Grand Day Out?,[VAR1] >> dbo:award >> [ANS] [SEP] dbr:A_Grand_Day_Out >> dbo:writer >> [VAR1]
"translate question to dbpedia path: Entities possibly involved: dbr:Truss_bridge, dbr:Lyndon_Bridge | Question: Is Lyndon bridge a kind of Truss bridge?",ASK >> dbr:Lyndon_Bridge >> dbp:design >> dbr:Truss_bridge
translate question to dbpedia path: Entities possibly involved: dbr:Brian_Graden | Question: What tv show is created by Brian Graden?,[ANS] >> dbp:developer >> dbr:Brian_Graden [SEP] [ANS] >> rdf:type >> dbo:TelevisionShow
translate question to dbpedia path: Entities possibly involved: dbr:Awash_River | Question: In which country is there a dam on the Awash river?,[VAR1] >> dbo:river >> dbr:Awash_River [SEP] [VAR1] >> dbp:country >> [ANS] [SEP] [VAR1] >> rdf:type >> dbo:Dam
translate question to dbpedia path: Entities possibly involved: dbr:England | Question: Count the total religions followed by the ones living in England.,COUNT >> [VAR1] >> dbp:religion >> [ANS] [SEP] [VAR1] >> dbp:residence >> dbr:England
translate question to dbpedia path: Entities possibly involved: dbr:Stella_Kowalski | Question: Who wrote the play in which a character called Stella Kowalski exists?,[VAR1] >> dbp:characters >> dbr:Stella_Kowalski [SEP] [VAR1] >> dbp:writer >> [ANS] [SEP] [VAR1] >> rdf:type >> dbo:Play
"translate question to dbpedia path: Entities possibly involved: dbr:Liliya_Lobanova, dbr:Ukraine | Question: Was Liliya Lobanova born in Ukraine?",ASK >> dbr:Liliya_Lobanova >> dbp:birthplace >> dbr:Ukraine
"translate question to dbpedia path: Entities possibly involved: dbr:Hyundai_Lavita, dbr:Hyundai_Elantra | Question: Is the hyundai elantra related to hyundai lavita?",ASK >> dbr:Hyundai_Lavita >> dbo:relatedMeanOfTransportation >> dbr:Hyundai_Elantra
"translate question to dbpedia path: Entities possibly involved: dbr:Șerban_Țițeica, dbr:Werner_Heisenberg | Question: Is Serbian Titieca a doctoral student of Werner Heisenberghttp://dbpedia.org/resource/Werner_Heisenberg",ASK >> dbr:Werner_Heisenberg >> dbo:doctoralStudent >> dbr:Șerban_Țițeica
translate question to dbpedia path: Entities possibly involved: dbr:Kim_Sawchuk | Question: What is the region of Kim Sawchuk ?,dbr:Kim_Sawchuk >> dbp:region >> [ANS]
translate question to dbpedia path: Entities possibly involved: dbr:V8_engine | Question: What are some cars related to the ones with a V8?,[VAR1] >> dbp:engine >> dbr:V8_engine [SEP] [VAR1] >> dbp:related >> [ANS] [SEP] [VAR1] >> rdf:type >> dbo:Automobile
translate question to dbpedia path: Entities possibly involved: dbr:Krasnye_Vorota_(Moscow_Metro) | Question: What are the important buildings of the architect whose one of the significant building is Krasnye Vorota?,[VAR1] >> dbo:significantBuilding >> [ANS] [SEP] [VAR1] >> dbo:significantBuilding >> dbr:Krasnye_Vorota_(Moscow_Metro) [SEP] [VAR1] >> rdf:type >> dbo:Architect
"translate question to dbpedia path: Entities possibly involved: dbr:Erica_Frank, dbr:Robert_Hall_(economist) | Question: Name the common institute of Robert hall and Erica Frank ?",dbr:Erica_Frank >> dbo:institution >> [ANS] [SEP] dbr:Robert_Hall_(economist) >> dbo:institution >> [ANS]
translate question to dbpedia path: Entities possibly involved: dbr:Ireland | Question: In how many places have Irishmen died?,COUNT >> [ANS] >> rdf:type >> dbo:Location [SEP] [VAR1] >> dbo:deathPlace >> [ANS] [SEP] [VAR1] >> dbp:birthPlace >> dbr:Ireland
translate question to dbpedia path: Entities possibly involved: dbr:Sanskrit | Question: Count the number of  fields of the scientists whose one of the fields is Sanskrit?,COUNT >> [VAR1] >> dbp:fields >> [ANS] [SEP] [VAR1] >> dbp:fields >> dbr:Sanskrit
"translate question to dbpedia path: Entities possibly involved: dbr:Connecticut_River, dbr:White_River_(Vermont) | Question: Does the white river flow into the connecticut river{u'_id': u'97e02dcf44aa43c1b7cc7a7c155b118f',",ASK >> dbr:Connecticut_River >> dbo:rightTributary >> dbr:White_River_(Vermont)
"translate question to dbpedia path: Entities possibly involved: dbr:San_Diego_Surf_(film), dbr:Andy_Warhol | Question: Was andy worhol the director of the san diego surf?",ASK >> dbr:San_Diego_Surf_(film) >> dbo:cinematography >> dbr:Andy_Warhol
translate question to dbpedia path: Entities possibly involved: dbr:Ángel_Escobar | Question: What is the debut team of ngel Escobar ?,dbr:Ángel_Escobar >> dbp:debutteam >> [ANS]
translate question to dbpedia path: Entities possibly involved: dbr:Pablo_Records | Question: Give me a list of everyone who married the musicians signed up with Pablo Records?,[ANS] >> dbo:spouse >> [VAR1] [SEP] [VAR1] >> dbp:label >> dbr:Pablo_Records
translate question to dbpedia path: Entities possibly involved: dbr:BMW_M43 | Question: What is the predecessor of the car engine which was succeeded by  BMW M43 ?,[VAR1] >> dbo:successor >> dbr:BMW_M43 [SEP] [VAR1] >> dbp:predecessor >> [ANS] [SEP] [VAR1] >> rdf:type >> dbo:Engine
translate question to dbpedia path: Entities possibly involved: dbr:Waylon_Jennings | Question: Give me a count of musical artists collaborating with Waylon Jennings?,COUNT >> [ANS] >> dbo:associatedMusicalArtist >> dbr:Waylon_Jennings [SEP] [ANS] >> rdf:type >> dbo:MusicalArtist
translate question to dbpedia path: Entities possibly involved: dbr:Marine_Aircraft_Group_13 | Question: Count everyone who was in the military unit which is structured like the Marine Aircraft Group 13 ?,COUNT >> [ANS] >> dbo:militaryUnit >> [VAR1] [SEP] [VAR1] >> dbp:commandStructure >> dbr:Marine_Aircraft_Group_13
translate question to dbpedia path: Entities possibly involved: dbr:Parliament_of_India | Question: List the houses of Parliament of India ?,dbr:Parliament_of_India >> dbp:houses >> [ANS]
"translate question to dbpedia path: Entities possibly involved: dbr:Gregg_Toland, dbr:RKO_Pictures | Question: Count the number of movies whose distributor is RKO Pictures and director of photography is Gregg Toland?",COUNT >> [ANS] >> dbo:cinematography >> dbr:Gregg_Toland [SEP] [ANS] >> dbp:distributor >> dbr:RKO_Pictures
translate question to dbpedia path: Entities possibly involved: dbr:Vitis_vinifera | Question: In how many places can I find wine made of Vitis vinifera grapes?,COUNT >> [VAR1] >> dbo:species >> dbr:Vitis_vinifera [SEP] [VAR1] >> dbo:wineRegion >> [ANS]
translate question to dbpedia path: Entities possibly involved: dbr:New_Taipei_City | Question: Which gadgets are made by companies of New Taipei City?,[ANS] >> dbo:manufacturer >> [VAR1] [SEP] [VAR1] >> dbp:locationCity >> dbr:New_Taipei_City
translate question to dbpedia path: Entities possibly involved: dbr:Wan_Air | Question: What is the hub of Wan Air ?,dbr:Wan_Air >> dbp:hubs >> [ANS]
translate question to dbpedia path: Entities possibly involved: dbr:Amstelveen | Question: Who are the members of organizations headquartered at Amstelveen?,[VAR1] >> dbp:headquarters >> dbr:Amstelveen [SEP] [VAR1] >> dbp:membership >> [ANS] [SEP] [VAR1] >> rdf:type >> dbo:Organisation
"translate question to dbpedia path: Entities possibly involved: dbr:Walt_Disney, dbr:The_Skeleton_Dance | Question: Was the skeleton dance animated by Walt Disney?",ASK >> dbr:The_Skeleton_Dance >> dbo:animator >> dbr:Walt_Disney
translate question to dbpedia path: Entities possibly involved: dbr:Bill_Finger | Question: Which comic characters are painted by Bill Finger?,[ANS] >> dbo:creator >> dbr:Bill_Finger [SEP] [ANS] >> rdf:type >> dbo:ComicsCharacter
translate question to dbpedia path: Entities possibly involved: dbr:Ryan_Seacrest | Question: Name few television shows's anchored by Ryan Seacrest?,[ANS] >> dbo:presenter >> dbr:Ryan_Seacrest [SEP] [ANS] >> rdf:type >> dbo:TelevisionShow
translate question to dbpedia path: Entities possibly involved: dbr:Christchurch | Question: List education institute of the engineers whose alma mater is ChristChurch ?,[VAR1] >> dbo:education >> [ANS] [SEP] [VAR1] >> dbo:education >> dbr:Christchurch [SEP] [VAR1] >> rdf:type >> dbo:Engineer
translate question to dbpedia path: Entities possibly involved: dbr:Ministry_of_Finance_(Norway) | Question: What do the banks owned by Norwegian ministry of finance produce?,[VAR1] >> dbo:parentCompany >> dbr:Ministry_of_Finance_(Norway) [SEP] [VAR1] >> dbp:products >> [ANS] [SEP] [VAR1] >> rdf:type >> dbo:Bank
"translate question to dbpedia path: Entities possibly involved: dbr:Hopje, dbr:Coffee | Question: Is coffee a main ingredient of Hopje?",ASK >> dbr:Hopje >> dbp:mainIngredient >> dbr:Coffee
"translate question to dbpedia path: Entities possibly involved: dbr:Gospel_music, dbr:KOMC_(AM) | Question: Does KOMC play Gospel Music?",ASK >> dbr:KOMC_(AM) >> dbo:programmeFormat >> dbr:Gospel_music
translate question to dbpedia path: Entities possibly involved: dbr:Massachusetts | Question: Which televison shows have location as Massachusetts ?,[ANS] >> dbo:location >> dbr:Massachusetts [SEP] [ANS] >> rdf:type >> dbo:TelevisionShow
translate question to dbpedia path: Entities possibly involved: dbr:Lung_cancer | Question: What medals have been given to people who died of lung cancer?,[VAR1] >> dbo:award >> [ANS] [SEP] [VAR1] >> dbo:deathCause >> dbr:Lung_cancer [SEP] [VAR1] >> rdf:type >> dbo:Person
translate question to dbpedia path: Entities possibly involved: dbr:Middlesbrough_F.C. | Question: How many people have coached the players of Middlesbrough FC?,COUNT >> [ANS] >> rdf:type >> dbo:Person [SEP] [VAR1] >> dbo:manager >> [ANS] [SEP] [VAR1] >> dbo:team >> dbr:Middlesbrough_F.C.
translate question to dbpedia path: Entities possibly involved: dbr:Zabbaleen | Question: What are the Languages of Zabbaleen ?,dbr:Zabbaleen >> dbp:languages >> [ANS]
"translate question to dbpedia path: Entities possibly involved: dbr:Krzysztof_Wielicki, dbr:Mount_Everest | Question: Was Krzystof Wielicki the first person that ascended the mt everest?",ASK >> dbr:Mount_Everest >> dbo:firstAscentPerson >> dbr:Krzysztof_Wielicki
translate question to dbpedia path: Entities possibly involved: dbr:John_O._Moseley | Question: What is the mascot of alma mater of John O Moseley?,[VAR1] >> dbp:mascot >> [ANS] [SEP] dbr:John_O._Moseley >> dbp:almaMater >> [VAR1]
"translate question to dbpedia path: Entities possibly involved: dbr:River_Shannon, dbr:Dowra | Question: Does the river shannon originate from Dowra?",ASK >> dbr:River_Shannon >> dbo:sourceMountain >> dbr:Dowra
translate question to dbpedia path: Entities possibly involved: dbr:Oslo | Question: Which newspapers are owned by Oslo citizens?,[ANS] >> dbp:owners >> [VAR1] [SEP] [ANS] >> rdf:type >> dbo:Newspaper [SEP] [VAR1] >> dbp:location >> dbr:Oslo
translate question to dbpedia path: Entities possibly involved: dbr:King_Crimson | Question: King crimson has been recorded in which places?,[VAR1] >> dbo:artist >> dbr:King_Crimson [SEP] [VAR1] >> dbo:recordedIn >> [ANS]
"translate question to dbpedia path: Entities possibly involved: dbr:Chicago, dbr:Washington_station_(CTA_Blue_Line) | Question: Does chicago own the washington station on the CTA Blue Line?",ASK >> dbr:Washington_station_(CTA_Blue_Line) >> dbp:owned >> dbr:Chicago
translate question to dbpedia path: Entities possibly involved: dbr:Canton_of_Fribourg | Question: How many mountain ranges are located in the Canton of Fribourg?,COUNT >> [VAR1] >> dbo:locatedInArea >> dbr:Canton_of_Fribourg [SEP] [VAR1] >> dbo:mountainRange >> [ANS]
"translate question to dbpedia path: Entities possibly involved: dbr:GIMP, dbr:GTK+ | Question: Is GIMP written in GTK+?",ASK >> dbr:GIMP >> dbp:programmingLanguage >> dbr:GTK+
translate question to dbpedia path: Entities possibly involved: dbr:Johnny_Cash | Question: Give me a count on associates of Johnny Cash?,COUNT >> [ANS] >> dbp:associatedActs >> dbr:Johnny_Cash
translate question to dbpedia path: Entities possibly involved: dbr:Pregny-Chambésy | Question: what are some neighboring cities of Pregny Chambsy?,[ANS] >> dbo:neighboringMunicipality >> dbr:Pregny-Chambésy
translate question to dbpedia path: Entities possibly involved: dbr:Port_Klang | Question: Through which counties does the road go which starts at the Port Klang?,[VAR1] >> dbo:county >> [ANS] [SEP] [VAR1] >> dbo:routeStart >> dbr:Port_Klang [SEP] [VAR1] >> rdf:type >> dbo:Road
translate question to dbpedia path: Entities possibly involved: dbr:Unix-like | Question: How many developers make softwares for Unix like operating systems?,COUNT >> [VAR1] >> dbo:developer >> [ANS] [SEP] [VAR1] >> dbp:operatingSystem >> dbr:Unix-like
translate question to dbpedia path: Entities possibly involved: dbr:Dschinghis_Khan_(song) | Question: What is the second track list of Dschinghis Khan (song) ?,dbr:Dschinghis_Khan_(song) >> dbo:subsequentWork >> [ANS]
translate question to dbpedia path: Entities possibly involved: dbr:Beeleigh_Abbey | Question: List the graves of the royalities which have been buried at Beeleigh Abbey ?,[VAR1] >> dbp:placeOfBurial >> [ANS] [SEP] [VAR1] >> dbp:placeOfBurial >> dbr:Beeleigh_Abbey [SEP] [VAR1] >> rdf:type >> dbo:Royalty
translate question to dbpedia path: Entities possibly involved: dbr:Chidambaram_Subramaniam | Question: For which party's PM did Chidambaram Subramaniam serve?,[VAR1] >> dbo:party >> [ANS] [SEP] dbr:Chidambaram_Subramaniam >> dbp:primeminister >> [VAR1]
translate question to dbpedia path: Entities possibly involved: dbr:South_Park_Bridge | Question: What is the capital of the region which maintains the South Park Bridge ?,[VAR1] >> dbo:countySeat >> [ANS] [SEP] [VAR1] >> rdf:type >> dbo:Region [SEP] dbr:South_Park_Bridge >> dbo:maintainedBy >> [VAR1]
translate question to dbpedia path: Entities possibly involved: dbr:AH141 | Question: AH141 highway is a part of which country?,dbr:AH141 >> dbo:county >> [ANS]
"translate question to dbpedia path: Entities possibly involved: dbr:William_Anthony_(artist), dbr:Jack_McGregor | Question: Which school of jack mcGregor attend which was also the training center of William Anthony ?",dbr:Jack_McGregor >> dbo:education >> [ANS] [SEP] dbr:William_Anthony_(artist) >> dbo:training >> [ANS]
"translate question to dbpedia path: Entities possibly involved: dbr:Elizabeth_II, dbr:Julia_Gillard | Question: Is Julia Gillard a part of monarch of elizabeth 2?",ASK >> dbr:Julia_Gillard >> dbp:monarch >> dbr:Elizabeth_II
translate question to dbpedia path: Entities possibly involved: dbr:West_Berkshire_Council | Question: Count the number of schools which are in a city governed by the West Berkshire Council?,COUNT >> [ANS] >> dbp:city >> [VAR1] [SEP] [ANS] >> rdf:type >> dbo:School [SEP] [VAR1] >> dbo:leaderName >> dbr:West_Berkshire_Council
translate question to dbpedia path: Entities possibly involved: dbr:Israel | Question: How many wars took place in Israel?,COUNT >> [ANS] >> dbo:place >> dbr:Israel [SEP] [ANS] >> rdf:type >> dbo:MilitaryConflict
translate question to dbpedia path: Entities possibly involved: dbr:Let_Me_Be_Your_Star | Question: What is the total number of guests on the show whose theme music is Let me be your star?,COUNT >> [VAR1] >> dbp:guests >> [ANS] [SEP] [VAR1] >> dbp:music >> dbr:Let_Me_Be_Your_Star
translate question to dbpedia path: Entities possibly involved: dbr:Gangan_Comics | Question: How many people have written for Gangan Comics?,COUNT >> [VAR1] >> dbp:author >> [ANS] [SEP] [VAR1] >> dbp:magazine >> dbr:Gangan_Comics
translate question to dbpedia path: Entities possibly involved: dbr:The_Times_They_Are_a-Changin'_(musical) | Question: Who wrote The Times They Are a-Changin?,dbr:The_Times_They_Are_a-Changin'_(musical) >> dbo:musicBy >> [ANS]
"translate question to dbpedia path: Entities possibly involved: dbr:Vanderbilt_Commodores, dbr:Duncan_U._Fletcher | Question: Which education institute of Duncan U. Fletcher is also the university of Vanderbilt Commodores ?",dbr:Duncan_U._Fletcher >> dbo:almaMater >> [ANS] [SEP] dbr:Vanderbilt_Commodores >> dbo:university >> [ANS]
translate question to dbpedia path: Entities possibly involved: dbr:India | Question: How many total religions are followed by people whose hometown is somewhere in India?,COUNT >> [VAR1] >> dbo:hometown >> dbr:India [SEP] [VAR1] >> dbp:religion >> [ANS]
translate question to dbpedia path: Entities possibly involved: dbr:England | Question: England is the origin of how many things?,COUNT >> [ANS] >> dbp:origin >> dbr:England
translate question to dbpedia path: Entities possibly involved: dbr:Ed_Podolak | Question: Where did ed podolak go to high school,dbr:Ed_Podolak >> dbo:highschool >> [ANS]
"translate question to dbpedia path: Entities possibly involved: dbr:King_County,_Washington | Question: Where is the county seat of King County, Washington?","dbr:King_County,_Washington >> dbo:countySeat >> [ANS]"
"translate question to dbpedia path: Entities possibly involved: dbr:South_Asia_Subregional_Economic_Cooperation, dbr:Maldives | Question: Is Maldives a member ofof South Asia Subregional Economic Cooperation?",ASK >> dbr:South_Asia_Subregional_Economic_Cooperation >> dbp:membership >> dbr:Maldives
"translate question to dbpedia path: Entities possibly involved: dbr:Rain_Over_Me, dbr:Planet_Pit | Question: Is Rain Over me in the planet pit album?",ASK >> dbr:Rain_Over_Me >> dbo:album >> dbr:Planet_Pit
"translate question to dbpedia path: Entities possibly involved: dbr:Croatia, dbr:Ne_daj_se,_Nina | Question: Was Ne Daj Se, Nina first aired in Croatia?","ASK >> dbr:Ne_daj_se,_Nina >> dbp:firstAired >> dbr:Croatia"
translate question to dbpedia path: Entities possibly involved: dbr:Federal_Bureau_of_Investigation | Question: How many people work at the FBI?,COUNT >> [ANS] >> dbo:occupation >> dbr:Federal_Bureau_of_Investigation
translate question to dbpedia path: Entities possibly involved: dbr:California | Question: How many people have been trained in an institute located in California?,COUNT >> [ANS] >> dbp:training >> [VAR1] [SEP] [ANS] >> rdf:type >> dbo:Person [SEP] [VAR1] >> dbp:city >> dbr:California
translate question to dbpedia path: Entities possibly involved: dbr:United_States | Question: What are some famous companies founded in the US?,[ANS] >> dbo:foundationPlace >> dbr:United_States [SEP] [ANS] >> rdf:type >> dbo:Company
translate question to dbpedia path: Entities possibly involved: dbr:QF_6-pounder_Hotchkiss | Question: Who were fighting the war where the QF Hotchkiss was used?,COUNT >> [VAR1] >> dbo:territory >> [ANS] [SEP] [VAR1] >> rdf:type >> dbo:MilitaryConflict [SEP] dbr:QF_6-pounder_Hotchkiss >> dbo:usedInWar >> [VAR1]
translate question to dbpedia path: Entities possibly involved: dbr:Anthony_Harvey | Question: Give me a count of movies whose film editor is Anthony Harvey?,COUNT >> [ANS] >> dbp:editing >> dbr:Anthony_Harvey [SEP] [ANS] >> rdf:type >> dbo:Film
translate question to dbpedia path: Entities possibly involved: dbr:Arlington_National_Cemetery | Question: How many people are buried in Arlington National Cemetery?,COUNT >> [ANS] >> dbp:placeofburial >> dbr:Arlington_National_Cemetery
translate question to dbpedia path: Entities possibly involved: dbr:New_York_Post | Question: What are some people working for the New York Post?,[ANS] >> dbo:employer >> dbr:New_York_Post [SEP] [ANS] >> rdf:type >> dbo:Person
translate question to dbpedia path: Entities possibly involved: dbr:Taiwan | Question: What are some devices whose manufacturers are in taiwan?,[ANS] >> dbo:manufacturer >> [VAR1] [SEP] [ANS] >> rdf:type >> dbo:Device [SEP] [VAR1] >> dbp:locationCountry >> dbr:Taiwan
translate question to dbpedia path: Entities possibly involved: dbr:Francisco_de_Robles | Question: Which spanish novel was published by Francisco de Robles?,[ANS] >> dbp:publisher >> dbr:Francisco_de_Robles
translate question to dbpedia path: Entities possibly involved: dbr:London | Question: What are some bands originating in London?,[ANS] >> dbo:hometown >> dbr:London [SEP] [ANS] >> rdf:type >> dbo:Band
"translate question to dbpedia path: Entities possibly involved: dbr:Swimming_at_the_2004_Summer_Olympics_–_Men's_100_metre_freestyle, dbr:Ian_Thorpe | Question: Is Ian Thorpe the bronze medalist of Swimming at the 2004 Summer Olympics  Men's 100 metre freestyle?",ASK >> dbr:Swimming_at_the_2004_Summer_Olympics_–_Men's_100_metre_freestyle >> dbo:bronzeMedalist >> dbr:Ian_Thorpe
translate question to dbpedia path: Entities possibly involved: dbr:Michael_Jackson | Question: List the producers who produced movies starring Michael Jackson.,[VAR1] >> dbp:producer >> [ANS] [SEP] [VAR1] >> dbp:starring >> dbr:Michael_Jackson [SEP] [VAR1] >> rdf:type >> dbo:Film
translate question to dbpedia path: Entities possibly involved: dbr:Joan_Laporta | Question: List the name of the soccer clubs whose chairman is Joan Laporta.,[VAR1] >> dbo:chairman >> dbr:Joan_Laporta [SEP] [VAR1] >> dbp:name >> [ANS] [SEP] [VAR1] >> rdf:type >> dbo:SoccerClub
"translate question to dbpedia path: Entities possibly involved: dbr:Prime_Time_Entertainment_Network, dbr:Babylon_5:_The_Lost_Tales | Question: Name the TV shows related to Babylon 5: The Lost Tales and is aired on Prime TIme Entertainment Networks ?",[ANS] >> dbo:network >> dbr:Prime_Time_Entertainment_Network [SEP] [ANS] >> dbo:related >> dbr:Babylon_5:_The_Lost_Tales [SEP] [ANS] >> rdf:type >> dbo:TelevisionShow
translate question to dbpedia path: Entities possibly involved: dbr:Harvard-Westlake_School | Question: Who is the person whose alma mater is Harvard-Westlake School?,[ANS] >> dbo:almaMater >> dbr:Harvard-Westlake_School [SEP] [ANS] >> rdf:type >> dbo:Person
translate question to dbpedia path: Entities possibly involved: dbr:Economist | Question: How many different religions have economists followed?,COUNT >> [VAR1] >> dbo:profession >> dbr:Economist [SEP] [VAR1] >> dbo:religion >> [ANS]
translate question to dbpedia path: Entities possibly involved: dbr:Solon_Spencer_Beman | Question: In which city are buildings by Solon Spencer Beman found?,[VAR1] >> dbo:architect >> dbr:Solon_Spencer_Beman [SEP] [VAR1] >> dbp:locationTown >> [ANS] [SEP] [VAR1] >> rdf:type >> dbo:Building
translate question to dbpedia path: Entities possibly involved: dbr:Goethe_Prize | Question: Count the total awards won by the writer who has won Goethe Prize ?,COUNT >> [VAR1] >> dbp:awards >> [ANS] [SEP] [VAR1] >> dbp:awards >> dbr:Goethe_Prize
translate question to dbpedia path: Entities possibly involved: dbr:Feminism | Question: In how many nations can I find people related to the feminist movement?,COUNT >> [VAR1] >> dbo:movement >> dbr:Feminism [SEP] [VAR1] >> dbo:nationality >> [ANS]
translate question to dbpedia path: Entities possibly involved: dbr:Heinz_Kokott | Question: With whom is Heinz Kokott a relative to who also served Nazi Army?,dbr:Heinz_Kokott >> dbo:relation >> [ANS]
translate question to dbpedia path: Entities possibly involved: dbr:Paul_Morphy | Question: Paul Morphy compiled journals of which field?,[VAR1] >> dbp:discipline >> [ANS] [SEP] [VAR1] >> dbp:editor >> dbr:Paul_Morphy
translate question to dbpedia path: Entities possibly involved: dbr:Unitary_state | Question: How many ships belong to states which has Unitary as government type ?,COUNT >> [ANS] >> dbo:country >> [VAR1] [SEP] [ANS] >> rdf:type >> dbo:Ship [SEP] [VAR1] >> dbo:governmentType >> dbr:Unitary_state
translate question to dbpedia path: Entities possibly involved: dbr:Oddamavadi_Bridge | Question: Who designed Oddamavadi Bridge?,dbr:Oddamavadi_Bridge >> dbp:designer >> [ANS]
translate question to dbpedia path: Entities possibly involved: dbr:Entertainment_One_Music | Question: Count all the band members who are in Bands which have signed up with Entertainment One Music?,COUNT >> [VAR1] >> dbo:bandMember >> [ANS] [SEP] [VAR1] >> dbp:label >> dbr:Entertainment_One_Music
translate question to dbpedia path: Entities possibly involved: dbr:European_Broadcasting_Union | Question: What are the television shows whose company is European Broadcasting Union?,[ANS] >> dbp:company >> dbr:European_Broadcasting_Union [SEP] [ANS] >> rdf:type >> dbo:TelevisionShow
translate question to dbpedia path: Entities possibly involved: dbr:Iskra | Question: Who are the founders of Iskra ?,dbr:Iskra >> dbo:foundedBy >> [ANS]
"translate question to dbpedia path: Entities possibly involved: dbr:Somerville_College,_Oxford | Question: Graduates of Somerville College have been in how many political parties?","COUNT >> [VAR1] >> dbo:almaMater >> dbr:Somerville_College,_Oxford [SEP] [VAR1] >> dbo:party >> [ANS]"
"translate question to dbpedia path: Entities possibly involved: dbr:George_Washington, dbr:General_(United_States) | Question: Was George Washington on the rank of general?",ASK >> dbr:George_Washington >> dbo:militaryRank >> dbr:General_(United_States)
translate question to dbpedia path: Entities possibly involved: dbr:Oddworld | Question: List all the developers of the Oddworld series?,[VAR1] >> dbo:developer >> [ANS] [SEP] [VAR1] >> dbo:series >> dbr:Oddworld
"translate question to dbpedia path: Entities possibly involved: dbr:The_Incredibles_(film_score), dbr:Finding_Nemo | Question: Was the Incredibles released before Finding Nemo?",ASK >> dbr:The_Incredibles_(film_score) >> dbo:previousWork >> dbr:Finding_Nemo
translate question to dbpedia path: Entities possibly involved: dbr:James_Horner | Question: Give me a count of all the producers of all the movies whose music was done by James Horner?,COUNT >> [VAR1] >> dbp:music >> dbr:James_Horner [SEP] [VAR1] >> dbp:producer >> [ANS]
"translate question to dbpedia path: Entities possibly involved: dbr:Judson_Huss, dbr:Isabelle_Caro | Question: Where did isabelle caro and judson huss both die?",dbr:Isabelle_Caro >> dbp:deathPlace >> [ANS] [SEP] dbr:Judson_Huss >> dbp:deathPlace >> [ANS]
translate question to dbpedia path: Entities possibly involved: dbr:David_Isaacs_(writer) | Question: List the notable work of David Isaacs (writer)?,dbr:David_Isaacs_(writer) >> dbo:notableWork >> [ANS]
translate question to dbpedia path: Entities possibly involved: dbr:Egypt_Nanotechnology_Center | Question: What is the province of Egypt Nanotechnology Center ?,dbr:Egypt_Nanotechnology_Center >> dbp:province >> [ANS]
translate question to dbpedia path: Entities possibly involved: dbr:John_Spencer_(Scottish_footballer) | Question: Give me the number of home stadiums of teams managed by John Spencer.,COUNT >> [VAR1] >> dbo:homeStadium >> [ANS] [SEP] [VAR1] >> dbp:manager >> dbr:John_Spencer_(Scottish_footballer)
translate question to dbpedia path: Entities possibly involved: dbr:Winchester_Cathedral | Question: How many people are buried in the Winchester Cathedral?,COUNT >> [ANS] >> dbo:restingPlace >> dbr:Winchester_Cathedral
translate question to dbpedia path: Entities possibly involved: dbr:Ishirō_Honda | Question: Which motion picture stories were edited by Ishir Honda?,[ANS] >> dbo:writer >> dbr:Ishirō_Honda [SEP] [ANS] >> rdf:type >> dbo:Film
"translate question to dbpedia path: Entities possibly involved: dbr:Erik_Bork, dbr:Stephen_E._Ambrose | Question: Name the tv series produced by Stephen Ambrose and Erik Bork?",[ANS] >> dbo:producer >> dbr:Erik_Bork [SEP] [ANS] >> dbo:producer >> dbr:Stephen_E._Ambrose [SEP] [ANS] >> rdf:type >> dbo:TelevisionShow
translate question to dbpedia path: Entities possibly involved: dbr:Boston_Bruins | Question: For which other teams have the past Boston Bruins members played?,[VAR1] >> dbo:formerTeam >> dbr:Boston_Bruins [SEP] [VAR1] >> dbp:playedFor >> [ANS]
"translate question to dbpedia path: Entities possibly involved: dbr:Stockholm, dbr:Swedish_language | Question: List the Swedish newspaper headquarted in Stockholm ?",[ANS] >> dbp:headquarters >> dbr:Stockholm [SEP] [ANS] >> dbp:language >> dbr:Swedish_language [SEP] [ANS] >> rdf:type >> dbo:Newspaper
"translate question to dbpedia path: Entities possibly involved: dbr:Fort_Lauderdale,_Florida | Question: Those seasons which have been played in Fort Lauderdale Florida now host their games where?","[VAR1] >> dbo:ground >> [ANS] [SEP] [VAR1] >> dbp:stadium >> dbr:Fort_Lauderdale,_Florida [SEP] [VAR1] >> rdf:type >> dbo:SoccerClubSeason"
"translate question to dbpedia path: Entities possibly involved: dbr:1995_South_Pacific_Games, dbr:Tahiti | Question: Were the 1995 south pacific games hosted in tahiti?",ASK >> dbr:1995_South_Pacific_Games >> dbp:hostCity >> dbr:Tahiti
translate question to dbpedia path: Entities possibly involved: dbr:Samuel_Moreno_Rojas | Question: Give me all the alma mater of the relatives of Samuek Moreno Rojas ?,[VAR1] >> dbp:almaMater >> [ANS] [SEP] dbr:Samuel_Moreno_Rojas >> dbo:relation >> [VAR1]
translate question to dbpedia path: Entities possibly involved: dbr:Robert_Nutting | Question: What is the political party to which Purnima Banerjee is a member of?,dbr:Robert_Nutting >> dbo:knownFor >> [ANS]
translate question to dbpedia path: Entities possibly involved: dbr:Radhabinod_Koijam | Question: To which political party does the successor of Radhabinod Koijam belong?,[VAR1] >> dbp:party >> [ANS] [SEP] dbr:Radhabinod_Koijam >> dbp:successor >> [VAR1]
translate question to dbpedia path: Entities possibly involved: dbr:Orange_Line_(MBTA) | Question: Who owns the bridge which crosses the Orange Line of MBTA?,[VAR1] >> dbp:crosses >> dbr:Orange_Line_(MBTA) [SEP] [VAR1] >> dbp:owner >> [ANS] [SEP] [VAR1] >> rdf:type >> dbo:Bridge
"translate question to dbpedia path: Entities possibly involved: dbr:Chicago_Blackhawks, dbr:Joel_Quenneville | Question: Is joel quenneville the main coach of Chicago Blackhawks?",ASK >> dbr:Chicago_Blackhawks >> dbp:headCoach >> dbr:Joel_Quenneville
translate question to dbpedia path: Entities possibly involved: dbr:CTV_Television_Network | Question: Count the number of judges who've come on CTV network shows.,COUNT >> [VAR1] >> dbo:network >> dbr:CTV_Television_Network [SEP] [VAR1] >> dbp:judges >> [ANS]
translate question to dbpedia path: Entities possibly involved: dbr:Kobalt_Label_Services | Question: Name the musical artists whose label is given by Kobalt Label Services?,[ANS] >> dbp:label >> dbr:Kobalt_Label_Services [SEP] [ANS] >> rdf:type >> dbo:MusicalArtist
"translate question to dbpedia path: Entities possibly involved: dbr:Watkins_Glen,_New_York | Question: Enumerate all the first teams of the GPs which were held in Watkins Glen, NY?","COUNT >> [VAR1] >> dbp:firstTeam >> [ANS] [SEP] [VAR1] >> dbp:location >> dbr:Watkins_Glen,_New_York"
"translate question to dbpedia path: Entities possibly involved: dbr:Géza_Horváth, dbr:Ganz_UV | Question: Which operator of ganz UV is also the nationality of the Gza Horvth ?",dbr:Ganz_UV >> dbo:operator >> [ANS] [SEP] dbr:Géza_Horváth >> dbo:nationality >> [ANS]
"translate question to dbpedia path: Entities possibly involved: dbr:AMC_Gremlin, dbr:Audi | Question: Does the AMC Gremlin use an Audi engine?",ASK >> dbr:AMC_Gremlin >> dbp:engine >> dbr:Audi
translate question to dbpedia path: Entities possibly involved: dbr:Larry_J._Franco | Question: Give me a count of movies whose producer is Larry J. Franco?,COUNT >> [ANS] >> dbo:producer >> dbr:Larry_J._Franco [SEP] [ANS] >> rdf:type >> dbo:Film
"translate question to dbpedia path: Entities possibly involved: dbr:Jim_Brady_(quarterback), dbr:Nihoa | Question: Which city near Nihoa is the place of death of jim Brady ?",dbr:Jim_Brady_(quarterback) >> dbo:deathPlace >> [ANS] [SEP] dbr:Nihoa >> dbp:nearestCity >> [ANS]
translate question to dbpedia path: Entities possibly involved: dbr:United_States | Question: Journals of how many fields can be found in US?,COUNT >> [VAR1] >> dbp:country >> dbr:United_States [SEP] [VAR1] >> dbp:discipline >> [ANS]
translate question to dbpedia path: Entities possibly involved: dbr:Commodore_64 | Question: How many different genres of games can I find which are compatible with the Commodore 64?,COUNT >> [VAR1] >> dbo:computingPlatform >> dbr:Commodore_64 [SEP] [VAR1] >> dbp:genre >> [ANS]
translate question to dbpedia path: Entities possibly involved: dbr:Steven_Palazzo | Question: In which wars has Steven Palazzo fought?,dbr:Steven_Palazzo >> dbp:battles >> [ANS]
translate question to dbpedia path: Entities possibly involved: dbr:United_States | Question: Which fields' academic journals are found in the US?,[VAR1] >> dbo:country >> dbr:United_States [SEP] [VAR1] >> dbp:discipline >> [ANS]
translate question to dbpedia path: Entities possibly involved: dbr:Mike_Shinoda | Question: Mike Shinoda is in which band?,[ANS] >> dbo:bandMember >> dbr:Mike_Shinoda
translate question to dbpedia path: Entities possibly involved: dbr:Mona_Marshall | Question: What are the television shows whose voices is given by  Mona Marshall?,[ANS] >> dbp:voices >> dbr:Mona_Marshall [SEP] [ANS] >> rdf:type >> dbo:TelevisionShow
"translate question to dbpedia path: Entities possibly involved: dbr:Gregg_Toland, dbr:Bernard_Herrmann | Question: Name the movie whose director of photography is Gregg Toland and Bernard Herrmann was the music composer?",[ANS] >> dbo:cinematography >> dbr:Gregg_Toland [SEP] [ANS] >> dbo:musicComposer >> dbr:Bernard_Herrmann [SEP] [ANS] >> rdf:type >> dbo:Film
translate question to dbpedia path: Entities possibly involved: dbr:Cancún | Question: How many contries surround the seas on the banks of which is the city of Cancun?,COUNT >> [VAR1] >> dbo:country >> [ANS] [SEP] [VAR1] >> dbp:cities >> dbr:Cancún
translate question to dbpedia path: Entities possibly involved: dbr:Michigan | Question: Name the other wine region of the grapes whose one of the wine region is Michigan?,[VAR1] >> dbo:wineRegion >> [ANS] [SEP] [VAR1] >> dbo:wineRegion >> dbr:Michigan [SEP] [VAR1] >> rdf:type >> dbo:Grape
translate question to dbpedia path: Entities possibly involved: dbr:Los_Angeles_Lakers | Question: Los Angeles Lakers is the team of which basketball players?,[ANS] >> dbp:team >> dbr:Los_Angeles_Lakers [SEP] [ANS] >> rdf:type >> dbo:BasketballPlayer
translate question to dbpedia path: Entities possibly involved: dbr:Michael_Deeley | Question: What are the movies produced by Michael Deeley?,[ANS] >> dbp:producer >> dbr:Michael_Deeley [SEP] [ANS] >> rdf:type >> dbo:Film
translate question to dbpedia path: Entities possibly involved: dbr:Regional_Transit_Authority_of_Southeast_Michigan | Question: Where is the headquarter of Regional Transit Authority of Southeast Michigan ?,dbr:Regional_Transit_Authority_of_Southeast_Michigan >> dbp:headquarters >> [ANS]
translate question to dbpedia path: Entities possibly involved: dbr:Daniel_Bergman | Question: What are the awards won by the parent of Daniel Bergmans?,[VAR1] >> dbp:awards >> [ANS] [SEP] dbr:Daniel_Bergman >> dbo:parent >> [VAR1]
"translate question to dbpedia path: Entities possibly involved: dbr:Butch_Metzger, dbr:Dan_Otero | Question: What is the common debut team of the Butch Metzger and Dan Otero?",dbr:Butch_Metzger >> dbo:debutTeam >> [ANS] [SEP] dbr:Dan_Otero >> dbo:debutTeam >> [ANS]
translate question to dbpedia path: Entities possibly involved: dbr:Spanish_language | Question: Collect and return a list of things in the area where Spanish language is used?,[ANS] >> dbo:location >> [VAR1] [SEP] [VAR1] >> dbo:language >> dbr:Spanish_language
translate question to dbpedia path: Entities possibly involved: dbr:Statelessness | Question: What writers have nationality as Statelessness?,[ANS] >> dbp:nationality >> dbr:Statelessness [SEP] [ANS] >> rdf:type >> dbo:Writer
"translate question to dbpedia path: Entities possibly involved: dbr:Geography_Club_(play), dbr:The_Kentucky_Cycle | Question: Among which city where Geography Club played also had the Kenticky Cycle ?",dbr:Geography_Club_(play) >> dbp:place >> [ANS] [SEP] dbr:The_Kentucky_Cycle >> dbp:place >> [ANS]
"translate question to dbpedia path: Entities possibly involved: dbr:Lousana, dbr:Alberta_Highway_42 | Question: Does Lousana lie at the end of Alberta Highway 42?",ASK >> dbr:Alberta_Highway_42 >> dbo:routeEnd >> dbr:Lousana
translate question to dbpedia path: Entities possibly involved: dbr:Basketball | Question: Count the number of sports played by the universities whose one of the sports is baketball ?,COUNT >> [VAR1] >> dbo:athletics >> dbr:Basketball [SEP] [VAR1] >> dbp:athletics >> [ANS]
"translate question to dbpedia path: Entities possibly involved: dbr:United_States, dbr:New_Mexico | Question: What things have founded place as United States and New Mexico?",[ANS] >> dbp:foundation >> dbr:New_Mexico [SEP] [ANS] >> dbp:foundation >> dbr:United_States
translate question to dbpedia path: Entities possibly involved: dbr:He's_a_Liar | Question: Who is the producer of the single which was the subsequent work of He's a Liar?,[VAR1] >> dbo:producer >> [ANS] [SEP] dbr:He's_a_Liar >> dbo:subsequentWork >> [VAR1]
"translate question to dbpedia path: Entities possibly involved: dbr:Birmingham_Airport | Question: To what other locations does the airlines have flights, who also fly to Birmingham?",[VAR1] >> dbo:targetAirport >> dbr:Birmingham_Airport [SEP] [VAR1] >> dbp:destinations >> [ANS] [SEP] [VAR1] >> rdf:type >> dbo:Airline
"translate question to dbpedia path: Entities possibly involved: dbr:Simon_Fuller, dbr:Ryan_Seacrest | Question: Name the television show whose creator is Simon Fuller and presented by Ryan Seacrest?",[ANS] >> dbo:presenter >> dbr:Ryan_Seacrest [SEP] [ANS] >> dbp:creator >> dbr:Simon_Fuller [SEP] [ANS] >> rdf:type >> dbo:TelevisionShow
"translate question to dbpedia path: Entities possibly involved: dbr:The_Bronx, dbr:Westchester_Avenue | Question: Does the Westchester Avenue fall under the Bronx?",ASK >> dbr:Westchester_Avenue >> dbp:counties >> dbr:The_Bronx
translate question to dbpedia path: Entities possibly involved: dbr:Garbage_(band) | Question: In how many places has Garbage recorded their songs?,COUNT >> [VAR1] >> dbo:producer >> dbr:Garbage_(band) [SEP] [VAR1] >> dbo:recordedIn >> [ANS]
translate question to dbpedia path: Entities possibly involved: dbr:V8_engine | Question: How many cars can I find related to the cars which have a V8 engine?,COUNT >> [VAR1] >> dbp:engine >> dbr:V8_engine [SEP] [VAR1] >> dbp:related >> [ANS]
translate question to dbpedia path: Entities possibly involved: dbr:United_States | Question: What products do US companies make?,[VAR1] >> dbo:location >> dbr:United_States [SEP] [VAR1] >> dbo:product >> [ANS] [SEP] [VAR1] >> rdf:type >> dbo:Company
translate question to dbpedia path: Entities possibly involved: dbr:The_Office_(U.S._TV_series) | Question: How many characters are there in The Office?,COUNT >> [ANS] >> dbo:series >> dbr:The_Office_(U.S._TV_series) [SEP] [ANS] >> rdf:type >> dbo:FictionalCharacter
translate question to dbpedia path: Entities possibly involved: dbr:United_Center | Question: Who all play for the teams performing in the united center?,[ANS] >> dbp:team >> [VAR1] [SEP] [VAR1] >> dbp:arena >> dbr:United_Center
translate question to dbpedia path: Entities possibly involved: dbr:Y._S._Rajasekhara_Reddy | Question: How many parties have come in power in elections where Y. S. Rajasekhara Reddy won?,COUNT >> [VAR1] >> dbo:affiliation >> [ANS] [SEP] [VAR1] >> dbp:leader >> dbr:Y._S._Rajasekhara_Reddy
translate question to dbpedia path: Entities possibly involved: dbr:Wallace_Dollase | Question: Where did Wallace Dollase die?,dbr:Wallace_Dollase >> dbo:deathPlace >> [ANS]
translate question to dbpedia path: Entities possibly involved: dbr:Amalgamated_Clothing_Workers_of_America | Question: Who is the founder of the trade union with whom Amalgamated Clothing Workers of America is affiliated?,[VAR1] >> dbp:founded >> [ANS] [SEP] dbr:Amalgamated_Clothing_Workers_of_America >> dbo:affiliation >> [VAR1]
translate question to dbpedia path: Entities possibly involved: dbr:Thud! | Question: How many non fiction topics does Thud! deals with?,COUNT >> dbr:Thud! >> dbo:nonFictionSubject >> [ANS]
translate question to dbpedia path: Entities possibly involved: dbr:Argentine_Primera_División | Question: How many people were in a youthclub which played in the Argentine Primera Division?,COUNT >> [ANS] >> dbp:youthclubs >> [VAR1] [SEP] [VAR1] >> dbp:league >> dbr:Argentine_Primera_División
translate question to dbpedia path: Entities possibly involved: dbr:The_Shirelles | Question: What is the occupation of the band members of The Shirelles?,[VAR1] >> dbo:associatedMusicalArtist >> dbr:The_Shirelles [SEP] [VAR1] >> dbo:occupation >> [ANS]
"translate question to dbpedia path: Entities possibly involved: dbr:Harlan_Mathews, dbr:Richard_Merrill_Atkinson | Question: In which university did Harlan Mathews study, where Richard Meriil Atkinson went too?",dbr:Harlan_Mathews >> dbo:almaMater >> [ANS] [SEP] dbr:Richard_Merrill_Atkinson >> dbo:almaMater >> [ANS]
translate question to dbpedia path: Entities possibly involved: dbr:Pyusawhti | Question: What kind of buildings were designed by Pyusawhti?,[VAR1] >> dbo:architect >> dbr:Pyusawhti [SEP] [VAR1] >> dbo:type >> [ANS] [SEP] [VAR1] >> rdf:type >> dbo:Building
translate question to dbpedia path: Entities possibly involved: dbr:Amanda_Reddin | Question: What are some gymnasts coached by Amanda Reddin?,[ANS] >> dbp:headcoach >> dbr:Amanda_Reddin [SEP] [ANS] >> rdf:type >> dbo:Gymnast
translate question to dbpedia path: Entities possibly involved: dbr:Katharevousa | Question: Katharevousa writers have been given which awards?,[VAR1] >> dbo:award >> [ANS] [SEP] [VAR1] >> dbp:movement >> dbr:Katharevousa [SEP] [VAR1] >> rdf:type >> dbo:Writer
translate question to dbpedia path: Entities possibly involved: dbr:Chordate | Question: What are some mammals whose phylum is Chordate?,[ANS] >> dbp:phylum >> dbr:Chordate [SEP] [ANS] >> rdf:type >> dbo:Mammal
translate question to dbpedia path: Entities possibly involved: dbr:Oddworld | Question: How many developers have worked on games of the Oddworld series?,COUNT >> [VAR1] >> dbo:developer >> [ANS] [SEP] [VAR1] >> dbo:series >> dbr:Oddworld
translate question to dbpedia path: Entities possibly involved: dbr:2015_Fort_Lauderdale_Strikers_season | Question: Name the home ground of  2015 Fort Lauderdale Strikers season ?,dbr:2015_Fort_Lauderdale_Strikers_season >> dbo:ground >> [ANS]
translate question to dbpedia path: Entities possibly involved: dbr:Plaza_on_DeWitt | Question: What is the resting place of the engineer who was the architect of Plaza on DeWitt?,[VAR1] >> dbo:restingPlace >> [ANS] [SEP] dbr:Plaza_on_DeWitt >> dbo:architect >> [VAR1]
translate question to dbpedia path: Entities possibly involved: dbr:Mercedes-Benz_Superdome | Question: How many tenants are there in the Mercedes Benz Superdome?,COUNT >> dbr:Mercedes-Benz_Superdome >> dbo:tenant >> [ANS]
translate question to dbpedia path: Entities possibly involved: dbr:Alfred_Blalock | Question: What is the affiliation of the hospital where Alfred Blalock works?,[VAR1] >> dbp:affiliation >> [ANS] [SEP] dbr:Alfred_Blalock >> dbp:workInstitutions >> [VAR1]
translate question to dbpedia path: Entities possibly involved: dbr:Bass_guitar | Question: How many genres gave birth to other genres which emphasize Bass Guitars?,COUNT >> [ANS] >> rdf:type >> dbo:MusicGenre [SEP] [VAR1] >> dbo:stylisticOrigin >> [ANS] [SEP] [VAR1] >> dbp:instruments >> dbr:Bass_guitar
translate question to dbpedia path: Entities possibly involved: dbr:Birmingham | Question: How many bands began in Birmingham?,COUNT >> [ANS] >> dbp:origin >> dbr:Birmingham [SEP] [ANS] >> rdf:type >> dbo:Band
translate question to dbpedia path: Entities possibly involved: dbr:United_States | Question: How many causes of death have been associated with American citizens?,COUNT >> [VAR1] >> dbo:deathCause >> [ANS] [SEP] [VAR1] >> dbp:citizenship >> dbr:United_States
"translate question to dbpedia path: Entities possibly involved: dbr:Luxuria_(band), dbr:Noko | Question: Was Noko a band member of Luxuria?",ASK >> dbr:Luxuria_(band) >> dbo:formerBandMember >> dbr:Noko
"translate question to dbpedia path: Entities possibly involved: dbr:Jeju_International_Airport, dbr:Asiana_Airlines | Question: Do the asiana airlines fly  to Jeju airport?",ASK >> dbr:Asiana_Airlines >> dbo:targetAirport >> dbr:Jeju_International_Airport
"translate question to dbpedia path: Entities possibly involved: dbr:Czech_Extraliga | Question: For how many teams have the league players of Czech Extraliga, previously played?",COUNT >> [VAR1] >> dbo:formerTeam >> [ANS] [SEP] [VAR1] >> dbp:league >> dbr:Czech_Extraliga
translate question to dbpedia path: Entities possibly involved: dbr:Taekwondo | Question: Count the number of sports played by university which also plays Taekwondo ?,COUNT >> [VAR1] >> dbp:athletics >> [ANS] [SEP] [VAR1] >> dbp:athletics >> dbr:Taekwondo
"translate question to dbpedia path: Entities possibly involved: dbr:Laemmle_Theatres, dbr:José_Rivera_(playwright) | Question: What is the service of the Laemmle Theatres and is also the award of the Jos Rivera (playwright)?",dbr:José_Rivera_(playwright) >> dbp:awards >> [ANS] [SEP] dbr:Laemmle_Theatres >> dbo:service >> [ANS]
translate question to dbpedia path: Entities possibly involved: dbr:Stoke_City_F.C. | Question: Which football players currently have their contracts with Stoke City F.C.?,[ANS] >> dbp:currentclub >> dbr:Stoke_City_F.C.
translate question to dbpedia path: Entities possibly involved: dbr:Art_Students_League_of_New_York | Question: Artists trained at art students league NY are buried where?,[VAR1] >> dbo:restingPlace >> [ANS] [SEP] [VAR1] >> dbo:training >> dbr:Art_Students_League_of_New_York [SEP] [VAR1] >> rdf:type >> dbo:Artist
translate question to dbpedia path: Entities possibly involved: dbr:Bloomberg_L.P. | Question: Who is the owner of Bloomberg L.P. ?,dbr:Bloomberg_L.P. >> dbp:owner >> [ANS]
translate question to dbpedia path: Entities possibly involved: dbr:Alpine_skiing_at_the_1964_Winter_Olympics_–_Men's_slalom | Question: What is the location of death of the skier who was the bronze medalist of Alpine skiing at the 1964 Winter Olympics  Men's slalom ?,[VAR1] >> dbp:deathPlace >> [ANS] [SEP] [VAR1] >> rdf:type >> dbo:Skier [SEP] dbr:Alpine_skiing_at_the_1964_Winter_Olympics_–_Men's_slalom >> dbo:bronzeMedalist >> [VAR1]
translate question to dbpedia path: Entities possibly involved: dbr:North_Fort_Myers_High_School | Question: What is the debut team of the american football player who studied in North Fort Myers High School?,[VAR1] >> dbo:highschool >> dbr:North_Fort_Myers_High_School [SEP] [VAR1] >> dbp:debutteam >> [ANS] [SEP] [VAR1] >> rdf:type >> dbo:AmericanFootballPlayer
translate question to dbpedia path: Entities possibly involved: dbr:Mouse_Morris | Question: In which races did Mouse Morris take part?,dbr:Mouse_Morris >> dbp:race >> [ANS]
translate question to dbpedia path: Entities possibly involved: dbr:South_Park:_The_Stick_of_Truth | Question: Who are the writers of South Park: The Stick of Truth?,dbr:South_Park:_The_Stick_of_Truth >> dbp:writer >> [ANS]
"translate question to dbpedia path: Entities possibly involved: dbr:Colin_Powell, dbr:Jaber_Al-Ahmad_Al-Sabah | Question: Whose commanders are Colin Powell and Jaber Al-Ahmad Al-Sabah?",[ANS] >> dbo:commander >> dbr:Colin_Powell [SEP] [ANS] >> dbo:commander >> dbr:Jaber_Al-Ahmad_Al-Sabah
translate question to dbpedia path: Entities possibly involved: dbr:Shinya_Aoki | Question: List the trainers of Shinya Aoki ?,dbr:Shinya_Aoki >> dbo:trainer >> [ANS]
translate question to dbpedia path: Entities possibly involved: dbr:Non-governmental_organization | Question: What do typically NGOs work for?,[VAR1] >> dbp:purpose >> [ANS] [SEP] [VAR1] >> dbp:type >> dbr:Non-governmental_organization
"translate question to dbpedia path: Entities possibly involved: dbr:Reading,_Berkshire | Question: List few schools situated in Reading, Berkshire ?","[ANS] >> dbp:city >> dbr:Reading,_Berkshire [SEP] [ANS] >> rdf:type >> dbo:School"
translate question to dbpedia path: Entities possibly involved: dbr:NCAA_Division_I_Football_Bowl_Subdivision | Question: How many universities participate in the NCAA Division I Football Bowl Subdivision?,COUNT >> [ANS] >> dbp:athletics >> dbr:NCAA_Division_I_Football_Bowl_Subdivision [SEP] [ANS] >> rdf:type >> dbo:University
translate question to dbpedia path: Entities possibly involved: dbr:Thomas_Pfyl | Question: What is the state of origin of Thomas Pfyl ?,dbr:Thomas_Pfyl >> dbo:stateOfOrigin >> [ANS]
"translate question to dbpedia path: Entities possibly involved: dbr:Devon, dbr:Plymouth_High_School_for_Girls | Question: Is Plymouth High School for Girls in Devon county?",ASK >> dbr:Plymouth_High_School_for_Girls >> dbo:county >> dbr:Devon
translate question to dbpedia path: Entities possibly involved: dbr:Texas | Question: Give me a count of companies located in Texas ?,COUNT >> [ANS] >> dbo:locationCity >> dbr:Texas [SEP] [ANS] >> rdf:type >> dbo:Company
translate question to dbpedia path: Entities possibly involved: dbr:Doctor_Mirabilis_(novel) | Question: Who is the cover artist of Doctor Mirabilis (novel) ?,dbr:Doctor_Mirabilis_(novel) >> dbp:coverArtist >> [ANS]
translate question to dbpedia path: Entities possibly involved: dbr:Shawnee | Question: list some shawnee people?,[ANS] >> dbp:nationality >> dbr:Shawnee
"translate question to dbpedia path: Entities possibly involved: dbr:Mark_Latham, dbr:William_Deane | Question: Who is the common prime minster of William Deaner and mark Latham ?",dbr:Mark_Latham >> dbp:primeminister >> [ANS] [SEP] dbr:William_Deane >> dbo:primeMinister >> [ANS]
translate question to dbpedia path: Entities possibly involved: dbr:Sony_Bank | Question: What is the parent company of company which owns Sony Bank?,[VAR1] >> dbo:parentCompany >> [ANS] [SEP] [VAR1] >> rdf:type >> dbo:Company [SEP] dbr:Sony_Bank >> dbp:parent >> [VAR1]
translate question to dbpedia path: Entities possibly involved: dbr:Metro_Manila | Question: How many games are played at universities in Metro Manilla?,COUNT >> [VAR1] >> dbp:athletics >> [ANS] [SEP] [VAR1] >> dbp:state >> dbr:Metro_Manila
translate question to dbpedia path: Entities possibly involved: dbr:Dalilah_Sappenfield | Question: Who is the former partner of the pupil of Dalilah Sappenfield?,[VAR1] >> dbo:formerPartner >> [ANS] [SEP] [VAR1] >> dbp:coach >> dbr:Dalilah_Sappenfield
translate question to dbpedia path: Entities possibly involved: dbr:1992_Canadian_Grand_Prix | Question: Who is the Pole driver of 1992 Canadian Grand Prix ?,dbr:1992_Canadian_Grand_Prix >> dbp:poleDriver >> [ANS]
"translate question to dbpedia path: Entities possibly involved: dbr:Yakov_Estrin, dbr:Pavel_Moroz | Question: Which home town of PAvel Moroz is the death location of the Yakov Estrin ?",dbr:Pavel_Moroz >> dbp:hometown >> [ANS] [SEP] dbr:Yakov_Estrin >> dbo:deathPlace >> [ANS]
"translate question to dbpedia path: Entities possibly involved: dbr:King_County,_Washington, dbr:Cheasty_Boulevard_South | Question: Which mainter of  Cheasty Boulevard South is also the county seat of the King County, Washingtonsu ?","dbr:Cheasty_Boulevard_South >> dbo:maintainedBy >> [ANS] [SEP] dbr:King_County,_Washington >> dbo:countySeat >> [ANS]"
translate question to dbpedia path: Entities possibly involved: dbr:Excelsior_Stakes | Question: From what countries have people participated in the Excelsior Stakes?,COUNT >> [VAR1] >> dbo:birthPlace >> [ANS] [SEP] [VAR1] >> dbp:race >> dbr:Excelsior_Stakes
translate question to dbpedia path: Entities possibly involved: dbr:Neil_Gaiman | Question: Which writer is famous for works written by Neil Gaiman?,[ANS] >> dbo:notableWork >> [VAR1] [SEP] [VAR1] >> dbp:writers >> dbr:Neil_Gaiman
translate question to dbpedia path: Entities possibly involved: dbr:King's_Quest_VI | Question: Who is the developer of the software which serves the platform for King's Quest VI?,[VAR1] >> dbp:developer >> [ANS] [SEP] [VAR1] >> rdf:type >> dbo:Software [SEP] dbr:King's_Quest_VI >> dbo:computingPlatform >> [VAR1]
"translate question to dbpedia path: Entities possibly involved: dbr:FC_Barcelona, dbr:Newell's_Old_Boys | Question: Who was in youth clubs of FC Barcelona and Newell's Old Boys?",[ANS] >> dbp:youthclubs >> dbr:FC_Barcelona [SEP] [ANS] >> dbp:youthclubs >> dbr:Newell's_Old_Boys
translate question to dbpedia path: Entities possibly involved: dbr:Alexander_Lippisch | Question: For which country did Alexander Lippisch design airplanes?,[VAR1] >> dbp:designer >> dbr:Alexander_Lippisch [SEP] [VAR1] >> dbp:nationalOrigin >> [ANS] [SEP] [VAR1] >> rdf:type >> dbo:Aircraft
translate question to dbpedia path: Entities possibly involved: dbr:James_Hartness | Question: What do the relatives of James Hartness do?,[VAR1] >> dbo:relation >> dbr:James_Hartness [SEP] [VAR1] >> dbp:occupation >> [ANS]
translate question to dbpedia path: Entities possibly involved: dbr:GNU_General_Public_License | Question: How many different kinds of softwares have been released under the GPL license?,COUNT >> [VAR1] >> dbo:genre >> [ANS] [SEP] [VAR1] >> dbp:license >> dbr:GNU_General_Public_License
translate question to dbpedia path: Entities possibly involved: dbr:Carmela_Soprano | Question: What is the religion of the relatives of Carmela Soprano ?,[VAR1] >> dbo:religion >> [ANS] [SEP] dbr:Carmela_Soprano >> dbo:relative >> [VAR1]
"translate question to dbpedia path: Entities possibly involved: dbr:Scuderia_Ferrari | Question: In all the grand prixes where the first team was Scuderia Ferrari, who all were the pole drivers?",[VAR1] >> dbp:firstTeam >> dbr:Scuderia_Ferrari [SEP] [VAR1] >> dbp:poleDriver >> [ANS] [SEP] [VAR1] >> rdf:type >> dbo:GrandPrix
translate question to dbpedia path: Entities possibly involved: dbr:Erastus_Wiman | Question: What is the citizenship of Erastus Wiman ?,dbr:Erastus_Wiman >> dbo:citizenship >> [ANS]
translate question to dbpedia path: Entities possibly involved: dbr:French_people | Question: What are some awards given to the french people?,[VAR1] >> dbo:stateOfOrigin >> dbr:French_people [SEP] [VAR1] >> dbp:awards >> [ANS]
translate question to dbpedia path: Entities possibly involved: dbr:CFRB | Question: where are the sister stations of CFRB broadcasted?,[VAR1] >> dbo:broadcastArea >> [ANS] [SEP] [VAR1] >> dbp:sisterStations >> dbr:CFRB
"translate question to dbpedia path: Entities possibly involved: dbr:Kia_Sportage, dbr:Hyundai_Lavita | Question: Is the Kia Sportage similar to the Hyundai Lavita?",ASK >> dbr:Hyundai_Lavita >> dbo:relatedMeanOfTransportation >> dbr:Kia_Sportage
translate question to dbpedia path: Entities possibly involved: dbr:Robert_William_Wilcox | Question: Name the district of Robert William Wilcox ?,dbr:Robert_William_Wilcox >> dbp:district >> [ANS]
translate question to dbpedia path: Entities possibly involved: dbr:Hirokazu_Tanaka | Question: What are the video games composed by Hirokazu Tanaka?,[ANS] >> dbp:composer >> dbr:Hirokazu_Tanaka [SEP] [ANS] >> rdf:type >> dbo:VideoGame
translate question to dbpedia path: Entities possibly involved: dbr:Philip_Novak | Question: What are the academic interest of Philip Novak?,dbr:Philip_Novak >> dbp:mainInterests >> [ANS]
translate question to dbpedia path: Entities possibly involved: dbr:Tandem_Computers | Question: Tandem Computers is the subsidiary of which company?,[ANS] >> dbo:subsidiary >> dbr:Tandem_Computers
translate question to dbpedia path: Entities possibly involved: dbr:Runes_of_Magic | Question: What is the division of the companies who make Runes of Magic?,[VAR1] >> dbo:division >> [ANS] [SEP] [VAR1] >> dbp:products >> dbr:Runes_of_Magic [SEP] [VAR1] >> rdf:type >> dbo:Company
translate question to dbpedia path: Entities possibly involved: dbr:Harvard_Medical_School | Question: List the birthplace of the medicians who studied in Harvard.,[VAR1] >> dbo:birthPlace >> [ANS] [SEP] [VAR1] >> dbo:institution >> dbr:Harvard_Medical_School [SEP] [VAR1] >> rdf:type >> dbo:Medician
translate question to dbpedia path: Entities possibly involved: dbr:Jordan_Cronenweth | Question: What are the movies whose director of photography is Jordan Cronenweth?,[ANS] >> dbp:cinematography >> dbr:Jordan_Cronenweth [SEP] [ANS] >> rdf:type >> dbo:Film
"translate question to dbpedia path: Entities possibly involved: dbr:North_Sea, dbr:Thames_Estuary | Question: Which river ends at  Thames Estuary and North Sea?",[ANS] >> dbo:riverMouth >> dbr:North_Sea [SEP] [ANS] >> dbo:riverMouth >> dbr:Thames_Estuary [SEP] [ANS] >> rdf:type >> dbo:River
translate question to dbpedia path: Entities possibly involved: dbr:Toronto | Question: How many companies are located in Toronto ?,COUNT >> [ANS] >> dbo:locationCity >> dbr:Toronto [SEP] [ANS] >> rdf:type >> dbo:Company
"translate question to dbpedia path: Entities possibly involved: dbr:Westwood,_Los_Angeles | Question: What are the movies whose editor died in Westwood, Los Angeles?","[ANS] >> dbo:editing >> [VAR1] [SEP] [VAR1] >> dbo:deathPlace >> dbr:Westwood,_Los_Angeles"
"translate question to dbpedia path: Entities possibly involved: dbr:Paul_Dini, dbr:Bruce_Timm | Question: Which are the comics characters painted by Bruce Timm and created by  Paul Dini?",[ANS] >> dbo:creator >> dbr:Bruce_Timm [SEP] [ANS] >> dbp:creators >> dbr:Paul_Dini [SEP] [ANS] >> rdf:type >> dbo:ComicsCharacter
translate question to dbpedia path: Entities possibly involved: dbr:Jerry_Tagge | Question: Where did Jerry Tagge do his elementary schooling?,dbr:Jerry_Tagge >> dbp:highSchool >> [ANS]
"translate question to dbpedia path: Entities possibly involved: dbr:Orson_Welles, dbr:Bernard_Herrmann | Question: In which movies directed by Orson Welles has Bernard Herrmann as music composer ?",[ANS] >> dbo:musicComposer >> dbr:Bernard_Herrmann [SEP] [ANS] >> dbp:director >> dbr:Orson_Welles [SEP] [ANS] >> rdf:type >> dbo:Film
translate question to dbpedia path: Entities possibly involved: dbr:Presidio_Santa_Cruz_de_Terrenate | Question: Who is the builder of Presidio Santa Cruz de Terrenate ?,dbr:Presidio_Santa_Cruz_de_Terrenate >> dbo:builder >> [ANS]
"translate question to dbpedia path: Entities possibly involved: dbr:David_Cameron, dbr:Nick_Clegg | Question: Is David Cameron the prime minister of Nick Clegg?",ASK >> dbr:Nick_Clegg >> dbo:primeMinister >> dbr:David_Cameron
translate question to dbpedia path: Entities possibly involved: dbr:WXME | Question: In which areas is the radio station broadcasted which is a sister station of WXME ?,[VAR1] >> dbp:area >> [ANS] [SEP] [VAR1] >> rdf:type >> dbo:RadioStation [SEP] dbr:WXME >> dbp:sisterStations >> [VAR1]
translate question to dbpedia path: Entities possibly involved: dbr:Comedy_Central | Question: How many shows are aired on Comedy Central?,COUNT >> [ANS] >> dbp:network >> dbr:Comedy_Central [SEP] [ANS] >> rdf:type >> dbo:TelevisionShow
translate question to dbpedia path: Entities possibly involved: dbr:Ingmar_Bergman | Question: Which awards have Ingmar Bergman won?,dbr:Ingmar_Bergman >> dbp:awards >> [ANS]
translate question to dbpedia path: Entities possibly involved: dbr:Robot_Wars:_Metal_Mayhem | Question: What are the products of the company who published Robot Wars: Metal Mayhem ?,[VAR1] >> dbo:product >> [ANS] [SEP] [VAR1] >> rdf:type >> dbo:Company [SEP] dbr:Robot_Wars:_Metal_Mayhem >> dbo:publisher >> [VAR1]
translate question to dbpedia path: Entities possibly involved: dbr:Ford_Theatre | Question: What is the company of Ford Theatre ?,dbr:Ford_Theatre >> dbp:company >> [ANS]
"translate question to dbpedia path: Entities possibly involved: dbr:Jim_Kiick, dbr:New_Jersey | Question: Did Jim Kiick do his highschool in New Jersey?",ASK >> dbr:Jim_Kiick >> dbp:highSchool >> dbr:New_Jersey
"translate question to dbpedia path: Entities possibly involved: dbr:Vanderbilt_University_Medical_Center, dbr:Monroe_Carell_Jr._Children's_Hospital_at_Vanderbilt | Question: What are Monrow Carell Jr Children Hospital and Vanderbilt University Medical Center both affiliated with?",dbr:Monroe_Carell_Jr._Children's_Hospital_at_Vanderbilt >> dbp:affiliation >> [ANS] [SEP] dbr:Vanderbilt_University_Medical_Center >> dbp:affiliation >> [ANS]
translate question to dbpedia path: Entities possibly involved: dbr:United_States_Senate | Question: How many politicians are in the US Senate?,COUNT >> [ANS] >> dbp:order >> dbr:United_States_Senate [SEP] [ANS] >> rdf:type >> dbo:OfficeHolder
translate question to dbpedia path: Entities possibly involved: dbr:Debre_Libanos | Question: List all the major shrines of the saints which has one of the shrines as Debre Libanos ?,[VAR1] >> dbo:majorShrine >> [ANS] [SEP] [VAR1] >> dbo:majorShrine >> dbr:Debre_Libanos [SEP] [VAR1] >> rdf:type >> dbo:Saint
"translate question to dbpedia path: Entities possibly involved: dbr:Duck_family_(Disney), dbr:Huey,_Dewey,_and_Louie | Question: Name the fictional character whose relatives are Huey, Dewey, and Louie and belongs to Duck family ?","[ANS] >> dbo:relative >> dbr:Duck_family_(Disney) [SEP] [ANS] >> dbp:relatives >> dbr:Huey,_Dewey,_and_Louie [SEP] [ANS] >> rdf:type >> dbo:FictionalCharacter"
translate question to dbpedia path: Entities possibly involved: dbr:Japan | Question: How many bands are signed up with labels which were founded in Japan?,COUNT >> [ANS] >> dbp:label >> [VAR1] [SEP] [ANS] >> rdf:type >> dbo:Band [SEP] [VAR1] >> dbp:foundation >> dbr:Japan
translate question to dbpedia path: Entities possibly involved: dbr:Arabian_Peninsula | Question: How many kings and queens have died in the Arabian Peninsula?,COUNT >> [ANS] >> dbo:deathPlace >> dbr:Arabian_Peninsula
translate question to dbpedia path: Entities possibly involved: dbr:Bloomington_Viaduct | Question: What is the bloomington viaduct built to cross?,dbr:Bloomington_Viaduct >> dbp:crosses >> [ANS]
translate question to dbpedia path: Entities possibly involved: dbr:Cape_Town | Question: How many politicians reside in Cape Town?,COUNT >> [ANS] >> dbp:residence >> dbr:Cape_Town [SEP] [ANS] >> rdf:type >> dbo:OfficeHolder
translate question to dbpedia path: Entities possibly involved: dbr:Virtual_Console | Question: How many games are released for virtual consoles?,COUNT >> [ANS] >> dbo:computingPlatform >> dbr:Virtual_Console [SEP] [ANS] >> rdf:type >> dbo:VideoGame
"translate question to dbpedia path: Entities possibly involved: dbr:United_States_Air_Force_Academy, dbr:Lieutenant_general_(United_States) | Question: Is Lieutenant general (United States) the superintendent of United States Air Force Academy?",ASK >> dbr:United_States_Air_Force_Academy >> dbp:superintendent >> dbr:Lieutenant_general_(United_States)
translate question to dbpedia path: Entities possibly involved: dbr:Akira_Ifukube | Question: In what movies did Akira Ifukube compose the music?,[ANS] >> dbp:music >> dbr:Akira_Ifukube [SEP] [ANS] >> rdf:type >> dbo:Film
"translate question to dbpedia path: Entities possibly involved: dbr:National_Endowment_for_the_Arts, dbr:Federal_government_of_the_United_States | Question: Is the national endowment of arts under the jurisdiction of federal government of US?",ASK >> dbr:National_Endowment_for_the_Arts >> dbp:jurisdiction >> dbr:Federal_government_of_the_United_States
translate question to dbpedia path: Entities possibly involved: dbr:Rainbow_Warrior_(1955) | Question: Who is the operator of Rainbow Warrior (1955) ?,dbr:Rainbow_Warrior_(1955) >> dbo:operator >> [ANS]
translate question to dbpedia path: Entities possibly involved: dbr:George_M._Chilcott | Question: To which state eorge M. Chilcott  belong ?,dbr:George_M._Chilcott >> dbp:state >> [ANS]
translate question to dbpedia path: Entities possibly involved: dbr:BBC | Question: What are some products of the company whose parent is BBC?,[VAR1] >> dbp:parent >> dbr:BBC [SEP] [VAR1] >> dbp:products >> [ANS] [SEP] [VAR1] >> rdf:type >> dbo:Company
"translate question to dbpedia path: Entities possibly involved: dbr:Bombay_Sapphire, dbr:Eristoff | Question: Which producer of  the Eristoff is also the  distributor of  Bombay Sapphire?",dbr:Bombay_Sapphire >> dbp:distributor >> [ANS] [SEP] dbr:Eristoff >> dbp:manufacturer >> [ANS]
translate question to dbpedia path: Entities possibly involved: dbr:Pacific_Ocean | Question: How many islands belong to archipelagos located in the pacific?,COUNT >> [ANS] >> dbp:archipelago >> [VAR1] [SEP] [ANS] >> rdf:type >> dbo:Island [SEP] [VAR1] >> dbp:location >> dbr:Pacific_Ocean
translate question to dbpedia path: Entities possibly involved: dbr:United_States_Department_of_the_Navy | Question: How many units follow the US Navy Department's command structure?,COUNT >> [ANS] >> dbo:commandStructure >> dbr:United_States_Department_of_the_Navy [SEP] [ANS] >> rdf:type >> dbo:MilitaryUnit
translate question to dbpedia path: Entities possibly involved: dbr:Kenya_national_under-20_football_team | Question: Name the home Stadium of Kenya national under-20 football team ?,dbr:Kenya_national_under-20_football_team >> dbp:homeStadium >> [ANS]
translate question to dbpedia path: Entities possibly involved: dbr:Newell's_Old_Boys | Question: How many people played for Newell's Old Boys?,COUNT >> [ANS] >> dbp:youthclubs >> dbr:Newell's_Old_Boys
translate question to dbpedia path: Entities possibly involved: dbr:Jean-François_Coté | Question: Give me the count of artist in the company whose Artist is Jean- François Coté ?,COUNT >> [VAR1] >> dbp:artist >> [ANS] [SEP] [VAR1] >> dbp:artist >> dbr:Jean-François_Coté
translate question to dbpedia path: Entities possibly involved: dbr:Fender_Stratocaster | Question: How many bands have members currently playing the Fender Stratocaster?,COUNT >> [ANS] >> dbp:currentMembers >> [VAR1] [SEP] [ANS] >> rdf:type >> dbo:Band [SEP] [VAR1] >> dbp:notableInstruments >> dbr:Fender_Stratocaster
translate question to dbpedia path: Entities possibly involved: dbr:Union_(American_Civil_War) | Question: Which military people served their allegiance to Union (American Civil War)?,[ANS] >> dbp:allegiance >> dbr:Union_(American_Civil_War) [SEP] [ANS] >> rdf:type >> dbo:MilitaryPerson
translate question to dbpedia path: Entities possibly involved: dbr:Mac_OS | Question: Mac OS is the operating system of how many things?,COUNT >> [ANS] >> dbo:operatingSystem >> dbr:Mac_OS
"translate question to dbpedia path: Entities possibly involved: dbr:Antoine_Bibeau, dbr:Nathan_Dempsey | Question: What is the draft team of the Antoine Bibeau and also has player named Nathan Dempsey ?",dbr:Antoine_Bibeau >> dbp:draftTeam >> [ANS] [SEP] dbr:Nathan_Dempsey >> dbp:playedFor >> [ANS]
translate question to dbpedia path: Entities possibly involved: dbr:Agaléga | Question: List the broadcast area of the TV stations which also serves in Agalga ?,[VAR1] >> dbo:broadcastArea >> dbr:Agaléga [SEP] [VAR1] >> dbp:broadcastArea >> [ANS]
translate question to dbpedia path: Entities possibly involved: dbr:United_States_Department_of_Defense | Question: Into what military organizations is the United States Department of Defense divided?,[ANS] >> dbo:commandStructure >> dbr:United_States_Department_of_Defense
translate question to dbpedia path: Entities possibly involved: dbr:Neil_Brown_(Australian_politician) | Question: Whose deputy is Neil Brown?,[ANS] >> dbp:deputy >> dbr:Neil_Brown_(Australian_politician)
"translate question to dbpedia path: Entities possibly involved: dbr:Gemini_8, dbr:Neil_Armstrong | Question: Was Neil Armstrong on the Gemini 8 mission?",ASK >> dbr:Neil_Armstrong >> dbp:mission >> dbr:Gemini_8
translate question to dbpedia path: Entities possibly involved: dbr:Apollo_11 | Question: which astronaut's mission was Apollo 11?,[ANS] >> dbp:mission >> dbr:Apollo_11
translate question to dbpedia path: Entities possibly involved: dbr:Los_Angeles | Question: What is debut team of the baseball players who died in Los Angeles?,[VAR1] >> dbo:deathPlace >> dbr:Los_Angeles [SEP] [VAR1] >> dbp:debutteam >> [ANS] [SEP] [VAR1] >> rdf:type >> dbo:BaseballPlayer
translate question to dbpedia path: Entities possibly involved: dbr:Budapest | Question: List all the operators of the train who operates in Budapest ?,[VAR1] >> dbo:operator >> [ANS] [SEP] [VAR1] >> dbo:operator >> dbr:Budapest [SEP] [VAR1] >> rdf:type >> dbo:Train
translate question to dbpedia path: Entities possibly involved: dbr:Puss_in_Boots_(1922_film) | Question: What are the awards won by the producer of Puss in Boots (film)?,[VAR1] >> dbo:award >> [ANS] [SEP] dbr:Puss_in_Boots_(1922_film) >> dbo:producer >> [VAR1]
translate question to dbpedia path: Entities possibly involved: dbr:Jan_Paulsen | Question: In which state is the alma matter of Jan Paulsen located ?,[VAR1] >> dbp:state >> [ANS] [SEP] dbr:Jan_Paulsen >> dbo:almaMater >> [VAR1]
translate question to dbpedia path: Entities possibly involved: dbr:Militia | Question: How many politicians are in the militia?,COUNT >> [ANS] >> dbp:branch >> dbr:Militia
translate question to dbpedia path: Entities possibly involved: dbr:Scuderia_Ferrari | Question: Who were the first drivers in Grand Prixes where the first team was Scuderia Ferrari?,[VAR1] >> dbo:firstDriver >> [ANS] [SEP] [VAR1] >> dbp:firstTeam >> dbr:Scuderia_Ferrari [SEP] [VAR1] >> rdf:type >> dbo:GrandPrix
translate question to dbpedia path: Entities possibly involved: dbr:UEM_Group | Question: How many things do bridges designed by the UEM group go over?,COUNT >> [VAR1] >> dbp:crosses >> [ANS] [SEP] [VAR1] >> dbp:designer >> dbr:UEM_Group
translate question to dbpedia path: Entities possibly involved: dbr:Les_Claypool | Question: Whose theme music is composed by the band one of whose member is Les Claypool?,[ANS] >> dbp:themeMusicComposer >> [VAR1] [SEP] [VAR1] >> dbo:bandMember >> dbr:Les_Claypool
translate question to dbpedia path: Entities possibly involved: dbr:London | Question: Who has recorded their singles in London?,[VAR1] >> dbo:recordedIn >> dbr:London [SEP] [VAR1] >> dbo:writer >> [ANS] [SEP] [VAR1] >> rdf:type >> dbo:Single
translate question to dbpedia path: Entities possibly involved: dbr:Shorty_Rogers | Question: Who are the associated musical artist of the  artists of band Shorty Rogers?,[VAR1] >> dbo:associatedBand >> dbr:Shorty_Rogers [SEP] [VAR1] >> dbo:associatedMusicalArtist >> [ANS]
translate question to dbpedia path: Entities possibly involved: dbr:Dallas_Cowboys | Question: Who were the american football players who played for Dallas Cowboys?,[ANS] >> dbo:team >> dbr:Dallas_Cowboys [SEP] [ANS] >> rdf:type >> dbo:AmericanFootballPlayer
"translate question to dbpedia path: Entities possibly involved: dbr:James_Hetfield, dbr:Metallica | Question: Is James Hetfield a band member of Metallica?",ASK >> dbr:Metallica >> dbo:bandMember >> dbr:James_Hetfield
"translate question to dbpedia path: Entities possibly involved: dbr:Mathura–Vadodara_Section, dbr:Vadodara_Junction_railway_station | Question: Does the Vadodara Railway station lie at the end of the Mathura Vadodara route?",ASK >> dbr:Mathura–Vadodara_Section >> dbo:routeEnd >> dbr:Vadodara_Junction_railway_station
translate question to dbpedia path: Entities possibly involved: dbr:Houston_Astros | Question: People who debuted from Houston Astros have played in which clubs?,[VAR1] >> dbo:debutTeam >> dbr:Houston_Astros [SEP] [VAR1] >> dbo:team >> [ANS] [SEP] [VAR1] >> rdf:type >> dbo:Person
"translate question to dbpedia path: Entities possibly involved: dbr:Washington,_D.C. | Question: Radios on what topics can be tuned in to in Washington DC?","[VAR1] >> dbo:broadcastArea >> dbr:Washington,_D.C. [SEP] [VAR1] >> dbo:programmeFormat >> [ANS] [SEP] [VAR1] >> rdf:type >> dbo:RadioStation"
translate question to dbpedia path: Entities possibly involved: dbr:Russell_T_Davies | Question: Give me some shows related to the ones created by Russell Davies,[ANS] >> dbo:related >> [VAR1] [SEP] [ANS] >> rdf:type >> dbo:TelevisionShow [SEP] [VAR1] >> dbp:creator >> dbr:Russell_T_Davies
"translate question to dbpedia path: Entities possibly involved: dbr:Microsoft_BASIC, dbr:Language_Integrated_Query | Question: Which company created BASIC and Language Integrated Query ?",dbr:Language_Integrated_Query >> dbo:designer >> [ANS] [SEP] dbr:Microsoft_BASIC >> dbo:designer >> [ANS]
translate question to dbpedia path: Entities possibly involved: dbr:Johnny_Cash | Question: What people are known to work for Johnny Cash?,[ANS] >> dbp:associatedActs >> dbr:Johnny_Cash [SEP] [ANS] >> rdf:type >> dbo:Person
translate question to dbpedia path: Entities possibly involved: dbr:Italy | Question: How many awards have been given to Italians?,COUNT >> [VAR1] >> dbp:awards >> [ANS] [SEP] [VAR1] >> dbp:birthPlace >> dbr:Italy
translate question to dbpedia path: Entities possibly involved: dbr:American_Mediterranean_Sea | Question: Count the number of cities around the American Mediterranean Sea?,COUNT >> [ANS] >> rdf:type >> dbo:City [SEP] dbr:American_Mediterranean_Sea >> dbp:cities >> [ANS]
translate question to dbpedia path: Entities possibly involved: dbr:Mika_Häkkinen | Question: List the first drivers of Grand Prixes where Mika Hakkinen was a pole driver.,[VAR1] >> dbo:firstDriver >> [ANS] [SEP] [VAR1] >> dbo:poleDriver >> dbr:Mika_Häkkinen [SEP] [VAR1] >> rdf:type >> dbo:GrandPrix
translate question to dbpedia path: Entities possibly involved: dbr:Sony_Music_Entertainment | Question: How many movies have their music signed up with Sony Music Entertainment.,COUNT >> [ANS] >> dbo:musicComposer >> [VAR1] [SEP] [ANS] >> rdf:type >> dbo:Film [SEP] [VAR1] >> dbo:recordLabel >> dbr:Sony_Music_Entertainment
translate question to dbpedia path: Entities possibly involved: dbr:BBC_HD | Question: What are the television shows whose network is BBC HD?,[ANS] >> dbo:network >> dbr:BBC_HD [SEP] [ANS] >> rdf:type >> dbo:TelevisionShow
translate question to dbpedia path: Entities possibly involved: dbr:Manchester | Question: What is the destinations of the airline whose headquarters is in Manchester?,[VAR1] >> dbp:destinations >> [ANS] [SEP] [VAR1] >> dbp:headquarters >> dbr:Manchester [SEP] [VAR1] >> rdf:type >> dbo:Airline
translate question to dbpedia path: Entities possibly involved: dbr:Clamp_(manga_artists) | Question: Who gave the voice to the characters sculpted by Clamp?,[VAR1] >> dbo:voice >> [ANS] [SEP] [VAR1] >> dbp:creator >> dbr:Clamp_(manga_artists) [SEP] [VAR1] >> rdf:type >> dbo:FictionalCharacter
"translate question to dbpedia path: Entities possibly involved: dbr:The_Temptress, dbr:Lloyd_Nosler | Question: Is Lloyd  Nosler the editor of The Temptress?",ASK >> dbr:The_Temptress >> dbo:editing >> dbr:Lloyd_Nosler
translate question to dbpedia path: Entities possibly involved: dbr:WTJC-LP | Question: On what subject does WTJC-LP air?,dbr:WTJC-LP >> dbp:format >> [ANS]
translate question to dbpedia path: Entities possibly involved: dbr:Magic_Trackpad | Question: Who developed the software which is used as operating system of Magic Trackpad ?,[VAR1] >> dbp:developer >> [ANS] [SEP] [VAR1] >> rdf:type >> dbo:Software [SEP] dbr:Magic_Trackpad >> dbo:operatingSystem >> [VAR1]
"translate question to dbpedia path: Entities possibly involved: dbr:USS_Tillamook_(AT-16), dbr:Seattle | Question: Was the USS Tillamook built in Seattle?",ASK >> dbr:USS_Tillamook_(AT-16) >> dbp:shipBuilder >> dbr:Seattle
translate question to dbpedia path: Entities possibly involved: dbr:Merritt_Paulson | Question: What is the home stadium of the soccer club seasons whose chairman is Merritt Paulson?,[VAR1] >> dbo:homeStadium >> [ANS] [SEP] [VAR1] >> dbp:chairman >> dbr:Merritt_Paulson [SEP] [VAR1] >> rdf:type >> dbo:SoccerClubSeason
translate question to dbpedia path: Entities possibly involved: dbr:Michael_Deeley | Question: How many movies did Michael Deeley produce?,COUNT >> [ANS] >> dbp:producer >> dbr:Michael_Deeley [SEP] [ANS] >> rdf:type >> dbo:Film
"translate question to dbpedia path: Entities possibly involved: dbr:Vancouver_Whitecaps_FC, dbr:Steve_Nash | Question: Is Steve Nash the chairman of Vancouver Whitecaps FC?",ASK >> dbr:Vancouver_Whitecaps_FC >> dbp:chairman >> dbr:Steve_Nash
translate question to dbpedia path: Entities possibly involved: dbr:Aarnoud_van_Heemstra | Question: Who is a famous relative of Aaround Van Heemstra?,[ANS] >> dbo:relative >> dbr:Aarnoud_van_Heemstra [SEP] [ANS] >> rdf:type >> dbo:Person
translate question to dbpedia path: Entities possibly involved: dbr:Lawrence_Realization_Stakes | Question: What awards have been given to the anyone who raced in the Lawrence Realization Stakes?,[VAR1] >> dbo:honours >> [ANS] [SEP] [VAR1] >> dbp:race >> dbr:Lawrence_Realization_Stakes
translate question to dbpedia path: Entities possibly involved: dbr:1st_Free_French_Division | Question: How many battles have involved commanders of 1st Free French Division?,COUNT >> [VAR1] >> dbp:battles >> [ANS] [SEP] dbr:1st_Free_French_Division >> dbp:notableCommanders >> [VAR1]
translate question to dbpedia path: Entities possibly involved: dbr:Willem-Alexander_of_the_Netherlands | Question: How many areas are led by Willem Alexander?,COUNT >> [ANS] >> dbo:leader >> dbr:Willem-Alexander_of_the_Netherlands
"translate question to dbpedia path: Entities possibly involved: dbr:Vangelis, dbr:Jordan_Cronenweth | Question: Name the movie in which Vangelis gave the music and Jordan was the cinematographer ?",[ANS] >> dbo:cinematography >> dbr:Jordan_Cronenweth [SEP] [ANS] >> dbp:music >> dbr:Vangelis [SEP] [ANS] >> rdf:type >> dbo:Film
translate question to dbpedia path: Entities possibly involved: dbr:Canada | Question: In how many places are the companies founded in Canada operating?,COUNT >> [VAR1] >> dbo:foundationPlace >> dbr:Canada [SEP] [VAR1] >> dbp:locations >> [ANS]
translate question to dbpedia path: Entities possibly involved: dbr:United_Kingdom | Question: Count the number of movies whose editors were born in UK?,COUNT >> [ANS] >> dbp:editing >> [VAR1] [SEP] [ANS] >> rdf:type >> dbo:Film [SEP] [VAR1] >> dbo:birthPlace >> dbr:United_Kingdom
"translate question to dbpedia path: Entities possibly involved: dbr:Jeff_Conaway, dbr:Jason_Carter_(actor) | Question: What is the television show whose cast members are Jeff Conaway and Jason Carter?",[ANS] >> dbo:starring >> dbr:Jason_Carter_(actor) [SEP] [ANS] >> dbo:starring >> dbr:Jeff_Conaway [SEP] [ANS] >> rdf:type >> dbo:TelevisionShow
"translate question to dbpedia path: Entities possibly involved: dbr:B._J._Crombeen, dbr:Brideun_School_for_Exceptional_Children | Question: What state has a Brideun School for Exception Children and is the birthplace  of B J Crombeen?",dbr:B._J._Crombeen >> dbo:birthPlace >> [ANS] [SEP] dbr:Brideun_School_for_Exceptional_Children >> dbp:state >> [ANS]
translate question to dbpedia path: Entities possibly involved: dbr:Dallas | Question: How many companies were founded in places where Dallas is the governing body ?,COUNT >> [ANS] >> dbo:foundationPlace >> [VAR1] [SEP] [ANS] >> rdf:type >> dbo:Company [SEP] [VAR1] >> dbp:governingBody >> dbr:Dallas
"translate question to dbpedia path: Entities possibly involved: dbr:Gregg_Toland, dbr:Orson_Welles | Question: What Orson Welles directed movie has  photography director as Gregg Toland ?",[ANS] >> dbo:cinematography >> dbr:Gregg_Toland [SEP] [ANS] >> dbp:director >> dbr:Orson_Welles [SEP] [ANS] >> rdf:type >> dbo:Film
translate question to dbpedia path: Entities possibly involved: dbr:Pittsburgh_Line | Question: Who founded the city at the end of the Pittsburgh Line route?,[VAR1] >> dbo:founder >> [ANS] [SEP] dbr:Pittsburgh_Line >> dbo:routeEnd >> [VAR1]
translate question to dbpedia path: Entities possibly involved: dbr:Lillian_Disney | Question: List the honorary title given to the spouse of Lillian Disney ?,[VAR1] >> dbo:award >> [ANS] [SEP] dbr:Lillian_Disney >> dbp:spouse >> [VAR1]
translate question to dbpedia path: Entities possibly involved: dbr:United_States | Question: How many games have a publisher based in US?,COUNT >> [ANS] >> dbo:publisher >> [VAR1] [SEP] [ANS] >> rdf:type >> dbo:VideoGame [SEP] [VAR1] >> dbo:location >> dbr:United_States
"translate question to dbpedia path: Entities possibly involved: dbr:Moskovsky_railway_station_(Saint_Petersburg) | Question: Where does the rail route, which ends at the Moskovsky station, begins?",[VAR1] >> dbo:routeEnd >> dbr:Moskovsky_railway_station_(Saint_Petersburg) [SEP] [VAR1] >> dbo:routeStart >> [ANS]
translate question to dbpedia path: Entities possibly involved: dbr:National_Basketball_Association | Question: How many people have played for the NBA?,COUNT >> [ANS] >> dbp:league >> dbr:National_Basketball_Association
"translate question to dbpedia path: Entities possibly involved: dbr:Tonight's_the_Night_(2003_musical), dbr:Alana_Stewart | Question: Name the musician who gave the music in Tonight's the night and is also wedded to Alana Stewart ?",dbr:Alana_Stewart >> dbo:spouse >> [ANS] [SEP] dbr:Tonight's_the_Night_(2003_musical) >> dbp:music >> [ANS]
translate question to dbpedia path: Entities possibly involved: dbr:2002_Players_Championship | Question: What is the nationality of the golf player who won the  2002 Players Championship ?,[VAR1] >> dbo:nationality >> [ANS] [SEP] [VAR1] >> rdf:type >> dbo:GolfPlayer [SEP] dbr:2002_Players_Championship >> dbo:champion >> [VAR1]
translate question to dbpedia path: Entities possibly involved: dbr:Progressive_rock | Question: How many labels sign up progressive rock artists?,COUNT >> [VAR1] >> dbo:recordLabel >> [ANS] [SEP] [VAR1] >> dbp:genre >> dbr:Progressive_rock
translate question to dbpedia path: Entities possibly involved: dbr:Gatwick_Airport | Question: Which continents can be reached by flight companies available on Gatwick Airport?,[VAR1] >> dbo:targetAirport >> dbr:Gatwick_Airport [SEP] [VAR1] >> dbp:destinations >> [ANS] [SEP] [VAR1] >> rdf:type >> dbo:Airline
"translate question to dbpedia path: Entities possibly involved: dbr:Ctenochaetus_binotatus, dbr:Actinopterygii | Question: Do Ctenochaetus Binotatus lie in the cActinopterygii class?",ASK >> dbr:Ctenochaetus_binotatus >> dbo:class >> dbr:Actinopterygii
translate question to dbpedia path: Entities possibly involved: dbr:Kiki_Cutter | Question: Where the club of Kiki Cutter located?,[VAR1] >> dbo:location >> [ANS] [SEP] dbr:Kiki_Cutter >> dbp:club >> [VAR1]
"translate question to dbpedia path: Entities possibly involved: dbr:Geoffrey_Burgon, dbr:Cinema_International_Corporation | Question: List the movie whose music was given by Geoffrey Burgon and distributed by Cinema International Corporation?",[ANS] >> dbo:distributor >> dbr:Cinema_International_Corporation [SEP] [ANS] >> dbo:musicComposer >> dbr:Geoffrey_Burgon [SEP] [ANS] >> rdf:type >> dbo:Film
translate question to dbpedia path: Entities possibly involved: dbr:Waylon_Jennings | Question: Which musical artists have collaborated with Waylon Jennings?,[ANS] >> dbo:associatedMusicalArtist >> dbr:Waylon_Jennings [SEP] [ANS] >> rdf:type >> dbo:MusicalArtist
translate question to dbpedia path: Entities possibly involved: dbr:Pope_John_Paul_II | Question: Where did the people canonized by John Paul II die?,[VAR1] >> dbp:canonizedBy >> dbr:Pope_John_Paul_II [SEP] [VAR1] >> dbp:deathPlace >> [ANS]
translate question to dbpedia path: Entities possibly involved: dbr:Titus_Software | Question: Count the different genres of games published by Titus Software,COUNT >> [VAR1] >> dbo:genre >> [ANS] [SEP] [VAR1] >> dbp:publisher >> dbr:Titus_Software
translate question to dbpedia path: Entities possibly involved: dbr:James_Horner | Question: Who has produced movies that have a James Horner score?,[VAR1] >> dbp:music >> dbr:James_Horner [SEP] [VAR1] >> dbp:producer >> [ANS] [SEP] [VAR1] >> rdf:type >> dbo:Film
"translate question to dbpedia path: Entities possibly involved: dbr:Sharon_Marley, dbr:Rohan_Marley | Question: Name the person whose daughter is Rohan Marley and also another children named Sharon Marley ?",[ANS] >> dbo:child >> dbr:Rohan_Marley [SEP] [ANS] >> dbp:children >> dbr:Sharon_Marley [SEP] [ANS] >> rdf:type >> dbo:Person
translate question to dbpedia path: Entities possibly involved: dbr:United_States | Question: Which shows are voiced be US citizens?,[ANS] >> dbp:voices >> [VAR1] [SEP] [ANS] >> rdf:type >> dbo:TelevisionShow [SEP] [VAR1] >> dbo:stateOfOrigin >> dbr:United_States
"translate question to dbpedia path: Entities possibly involved: dbr:England | Question: Count the different places where the people died, who were born in England?",COUNT >> [VAR1] >> dbp:placeOfBirth >> dbr:England [SEP] [VAR1] >> dbp:placeOfDeath >> [ANS]
translate question to dbpedia path: Entities possibly involved: dbr:Battle_of_the_Bulge | Question: What are some relatives of Battle of the Bulge veterans?,[VAR1] >> dbo:relation >> [ANS] [SEP] [VAR1] >> dbp:battles >> dbr:Battle_of_the_Bulge [SEP] [VAR1] >> rdf:type >> dbo:MilitaryPerson
"translate question to dbpedia path: Entities possibly involved: dbr:Ford_SHO_V8_engine, dbr:Ford_Y-block_engine | Question: Who made the Y block engine and the SHO V8 engine?",dbr:Ford_SHO_V8_engine >> dbo:manufacturer >> [ANS] [SEP] dbr:Ford_Y-block_engine >> dbo:manufacturer >> [ANS]
translate question to dbpedia path: Entities possibly involved: dbr:Blizzard_Entertainment | Question: How many different genres of games are produced by Blizzard?,COUNT >> [VAR1] >> dbo:developer >> dbr:Blizzard_Entertainment [SEP] [VAR1] >> dbp:genre >> [ANS]
"translate question to dbpedia path: Entities possibly involved: dbr:Ridgewood,_New_Jersey | Question: How many things are located in Ridgewood, New Jersey?","COUNT >> [ANS] >> dbp:birthPlace >> dbr:Ridgewood,_New_Jersey"
"translate question to dbpedia path: Entities possibly involved: dbr:Danish_straits, dbr:Kemijoki | Question: Name the sea whose inflow is Kemijoki and outflow is Danish straits?",[ANS] >> dbo:inflow >> dbr:Kemijoki [SEP] [ANS] >> dbp:outflow >> dbr:Danish_straits [SEP] [ANS] >> rdf:type >> dbo:Sea
translate question to dbpedia path: Entities possibly involved: dbr:Shaun_the_Sheep | Question: What award was won by executive producer of Shaun the Sheep?,[VAR1] >> dbo:award >> [ANS] [SEP] dbr:Shaun_the_Sheep >> dbo:executiveProducer >> [VAR1]
"translate question to dbpedia path: Entities possibly involved: dbr:Pablo_Picasso, dbr:Altazor | Question: Was the altazor drawn by Picasso?",ASK >> dbr:Altazor >> dbp:illustrator >> dbr:Pablo_Picasso
translate question to dbpedia path: Entities possibly involved: dbr:SR_class_3Sub | Question: What is the operator of SR class 3Sub ?,dbr:SR_class_3Sub >> dbo:operator >> [ANS]
translate question to dbpedia path: Entities possibly involved: dbr:Jeff_Conaway | Question: How many times has Jeff Conaway been casted?,COUNT >> [ANS] >> dbo:starring >> dbr:Jeff_Conaway
translate question to dbpedia path: Entities possibly involved: dbr:Miss_Michigan_USA | Question: who are some miss michigan usa?,[ANS] >> dbp:title >> dbr:Miss_Michigan_USA
translate question to dbpedia path: Entities possibly involved: dbr:Regional_Radio_Sports_Network | Question: What is the regional radio sports network associated with?,dbr:Regional_Radio_Sports_Network >> dbp:affiliations >> [ANS]
translate question to dbpedia path: Entities possibly involved: dbr:Mediterranean_Sea | Question: List the destinations of the airlines which also serves Mediterranean  Sea ?,[VAR1] >> dbp:destinations >> [ANS] [SEP] [VAR1] >> dbp:destinations >> dbr:Mediterranean_Sea [SEP] [VAR1] >> rdf:type >> dbo:Airline
translate question to dbpedia path: Entities possibly involved: dbr:Roger_Barton_(film_editor) | Question: Which fictional character's portrayer was edited by Roger Barton?,[ANS] >> dbo:portrayer >> [VAR1] [SEP] [ANS] >> rdf:type >> dbo:FictionalCharacter [SEP] [VAR1] >> dbp:editing >> dbr:Roger_Barton_(film_editor)
translate question to dbpedia path: Entities possibly involved: dbr:Miguel_García_Granados | Question: What is the birth place of the children of Miguel Garca Granados ?,[VAR1] >> dbo:birthPlace >> [ANS] [SEP] dbr:Miguel_García_Granados >> dbp:children >> [VAR1]
translate question to dbpedia path: Entities possibly involved: dbr:Sylvain_Lévi | Question: List the fields of Sylvain Lvi ?,dbr:Sylvain_Lévi >> dbp:fields >> [ANS]
"translate question to dbpedia path: Entities possibly involved: dbr:Victor_Hope,_2nd_Marquess_of_Linlithgow | Question: List the  primeministers of Victor Hope, 2nd Marquess of Linlithgow ?","dbr:Victor_Hope,_2nd_Marquess_of_Linlithgow >> dbp:primeminister >> [ANS]"
translate question to dbpedia path: Entities possibly involved: dbr:I_Love_How_You_Love_Me | Question: Name the language of I Love How You Love Me ?,dbr:I_Love_How_You_Love_Me >> dbp:language >> [ANS]
translate question to dbpedia path: Entities possibly involved: dbr:University_of_Edinburgh | Question: Count the number of places where alumini of Edinburgh university have died?,COUNT >> [VAR1] >> dbo:deathPlace >> [ANS] [SEP] [VAR1] >> dbp:education >> dbr:University_of_Edinburgh
translate question to dbpedia path: Entities possibly involved: dbr:Dalma_Kovács | Question: Who are the associate musical artists of Dalma Kovcs ?,dbr:Dalma_Kovács >> dbo:associatedMusicalArtist >> [ANS]
translate question to dbpedia path: Entities possibly involved: dbr:United_States | Question: How many movies have had a cinematographer who died in US?,COUNT >> [ANS] >> dbp:cinematography >> [VAR1] [SEP] [ANS] >> rdf:type >> dbo:Film [SEP] [VAR1] >> dbp:deathPlace >> dbr:United_States
"translate question to dbpedia path: Entities possibly involved: dbr:Stanley_Cavell, dbr:William_Shakespeare | Question: Does Stanley Cavell study Shakespeare?",ASK >> dbr:Stanley_Cavell >> dbp:mainInterests >> dbr:William_Shakespeare
translate question to dbpedia path: Entities possibly involved: dbr:The_Producers_(2005_film) | Question: Who is the label of The Producers (2005 film) ?,dbr:The_Producers_(2005_film) >> dbp:label >> [ANS]
translate question to dbpedia path: Entities possibly involved: dbr:Field_marshal | Question: Count the number of different religions that field marshals have followed?,COUNT >> [VAR1] >> dbo:militaryRank >> dbr:Field_marshal [SEP] [VAR1] >> dbo:religion >> [ANS]
"translate question to dbpedia path: Entities possibly involved: dbr:Beth_Tweddle, dbr:City_of_Liverpool_Gymnastics_Club | Question: Does Beth Tweddle play for the City of Liverpool gymnast club?",ASK >> dbr:Beth_Tweddle >> dbp:club >> dbr:City_of_Liverpool_Gymnastics_Club
translate question to dbpedia path: Entities possibly involved: dbr:Becket_Fund_for_Religious_Liberty | Question: Count the awards given to the recepients of the Becket fund for religious liberty.,COUNT >> [VAR1] >> dbo:award >> dbr:Becket_Fund_for_Religious_Liberty [SEP] [VAR1] >> dbp:awards >> [ANS]
translate question to dbpedia path: Entities possibly involved: dbr:Canada | Question: What cars were built upon the cars which were assembled in Canada?,[VAR1] >> dbo:predecessor >> [ANS] [SEP] [VAR1] >> dbp:assembly >> dbr:Canada [SEP] [VAR1] >> rdf:type >> dbo:Automobile
translate question to dbpedia path: Entities possibly involved: dbr:Royal_Thai_Army | Question: How many religions are followed by the people in the Royal Thai Army?,COUNT >> [VAR1] >> dbo:militaryBranch >> dbr:Royal_Thai_Army [SEP] [VAR1] >> dbo:religion >> [ANS]
translate question to dbpedia path: Entities possibly involved: dbr:On_Broadway_(Smash) | Question: How many guests have been there on broadway?,COUNT >> dbr:On_Broadway_(Smash) >> dbp:guests >> [ANS]
translate question to dbpedia path: Entities possibly involved: dbr:The_Pentagon | Question: Count everything garrisoned at the pentagon?,COUNT >> [ANS] >> dbp:garrison >> dbr:The_Pentagon
"translate question to dbpedia path: Entities possibly involved: dbr:2015_MLS_All-Star_Game, dbr:The_Okee_Dokee_Brothers | Question: What is the city  of the 2015 MLS All-Star Game and birthplace of the The Okee Dokee Brothers",dbr:2015_MLS_All-Star_Game >> dbp:city >> [ANS] [SEP] dbr:The_Okee_Dokee_Brothers >> dbo:birthPlace >> [ANS]
translate question to dbpedia path: Entities possibly involved: dbr:Tower_of_London | Question: How many people were opponents of the ones buried in the tower of London?,COUNT >> [ANS] >> rdf:type >> dbo:Person [SEP] [VAR1] >> dbo:opponent >> [ANS] [SEP] [VAR1] >> dbp:restingPlace >> dbr:Tower_of_London
translate question to dbpedia path: Entities possibly involved: dbr:Ontario | Question: Count all the places where companies located in Ontario operate.,COUNT >> [VAR1] >> dbo:locationCity >> dbr:Ontario [SEP] [VAR1] >> dbp:locations >> [ANS]
translate question to dbpedia path: Entities possibly involved: dbr:Egushawa | Question: How many factions have fought when Egushawa was a commander?,COUNT >> [VAR1] >> dbo:commander >> dbr:Egushawa [SEP] [VAR1] >> dbp:combatant >> [ANS]
translate question to dbpedia path: Entities possibly involved: dbr:Olivier_Boulay | Question: What is the layout of the automobiles designed by Olivier Boulay?,[VAR1] >> dbo:layout >> [ANS] [SEP] [VAR1] >> dbp:designer >> dbr:Olivier_Boulay [SEP] [VAR1] >> rdf:type >> dbo:Automobile
"translate question to dbpedia path: Entities possibly involved: dbr:Ridgewood,_New_Jersey | Question: What people were born in Ridgewood, New Jersey?","[ANS] >> dbp:birthPlace >> dbr:Ridgewood,_New_Jersey [SEP] [ANS] >> rdf:type >> dbo:Person"
"translate question to dbpedia path: Entities possibly involved: dbr:PlayStation_4, dbr:Oddworld:_Munch's_Oddysee | Question: Which predecessor of the PlayStation 4 is also the developer of Oddworld: Munch's Oddysee?",dbr:Oddworld:_Munch's_Oddysee >> dbo:developer >> [ANS] [SEP] dbr:PlayStation_4 >> dbp:predecessor >> [ANS]
"translate question to dbpedia path: Entities possibly involved: dbr:Lower_Manhattan, dbr:Hudson_River | Question: Does the hudson river flow into the lower manhatten?",ASK >> dbr:Hudson_River >> dbo:mouthMountain >> dbr:Lower_Manhattan
"translate question to dbpedia path: Entities possibly involved: dbr:Sharon_Marley, dbr:Cedella_Booker | Question: Name the person whose mother name is Cedella Booker and has a son named Sharon Marley?",[ANS] >> dbo:parent >> dbr:Cedella_Booker [SEP] [ANS] >> dbp:children >> dbr:Sharon_Marley [SEP] [ANS] >> rdf:type >> dbo:Person
translate question to dbpedia path: Entities possibly involved: dbr:Tornado_(web_server) | Question: List the websites which the authors of Tornado own ?,[VAR1] >> dbo:owner >> [ANS] [SEP] dbr:Tornado_(web_server) >> dbp:author >> [VAR1]
translate question to dbpedia path: Entities possibly involved: dbr:Akira_Ifukube | Question: What are the movies whose music composer is Akira Ifukube?,[ANS] >> dbo:musicComposer >> dbr:Akira_Ifukube [SEP] [ANS] >> rdf:type >> dbo:Film
translate question to dbpedia path: Entities possibly involved: dbr:Continental_Army | Question: Which military personnel belong to the branch of Continental Army?,[ANS] >> dbo:militaryBranch >> dbr:Continental_Army
translate question to dbpedia path: Entities possibly involved: dbr:Solon_Spencer_Beman | Question: Solon Spencer Beman has architected in how many cities?,COUNT >> [ANS] >> rdf:type >> dbo:City [SEP] [VAR1] >> dbo:architect >> dbr:Solon_Spencer_Beman [SEP] [VAR1] >> dbp:locationTown >> [ANS]
translate question to dbpedia path: Entities possibly involved: dbr:Timothy_Morton | Question: What are the main interests of Timothy Morton?,dbr:Timothy_Morton >> dbp:mainInterests >> [ANS]
translate question to dbpedia path: Entities possibly involved: dbr:Varsity_Stadium | Question: Count all those who previously played for a team which ownes Varsity Stadium ?,COUNT >> [ANS] >> dbo:formerTeam >> [VAR1] [SEP] [VAR1] >> dbp:field >> dbr:Varsity_Stadium
"translate question to dbpedia path: Entities possibly involved: dbr:Helsinki, dbr:Danish_straits | Question: Name the sea with Helsinki as one of the shore city and is also an outflow for Danish straits?",[ANS] >> dbp:cities >> dbr:Helsinki [SEP] [ANS] >> dbp:outflow >> dbr:Danish_straits [SEP] [ANS] >> rdf:type >> dbo:Sea
translate question to dbpedia path: Entities possibly involved: dbr:National_and_Kapodistrian_University_of_Athens | Question: Count the awards won by the people who graduated from the National and Kapodistrian University of Athens.,COUNT >> [VAR1] >> dbo:almaMater >> dbr:National_and_Kapodistrian_University_of_Athens [SEP] [VAR1] >> dbo:award >> [ANS]
translate question to dbpedia path: Entities possibly involved: dbr:Daniel_Waters_(screenwriter) | Question: What are the movies with Daniel Waters as screenwriter?,[ANS] >> dbp:screenplay >> dbr:Daniel_Waters_(screenwriter) [SEP] [ANS] >> rdf:type >> dbo:Film
translate question to dbpedia path: Entities possibly involved: dbr:Stockholm | Question: Which awards are presented by the committee located in Stockholm?,[ANS] >> dbo:presenter >> [VAR1] [SEP] [VAR1] >> dbp:headquarters >> dbr:Stockholm
translate question to dbpedia path: Entities possibly involved: dbr:South_Carolina | Question: Count the  area of the radio stations whose serves in South Carolina ?,COUNT >> [VAR1] >> dbp:area >> [ANS] [SEP] [VAR1] >> dbp:area >> dbr:South_Carolina
translate question to dbpedia path: Entities possibly involved: dbr:Association_of_Southeast_Asian_Institutions_of_Higher_Learning | Question: How many games are played at universities affiliated with the Association of Southeast Asian Institutions of Higher Learning?,COUNT >> [VAR1] >> dbo:affiliation >> dbr:Association_of_Southeast_Asian_Institutions_of_Higher_Learning [SEP] [VAR1] >> dbo:sport >> [ANS]
translate question to dbpedia path: Entities possibly involved: dbr:Suburb | Question: Who studied in universities located in suburbs?,[ANS] >> dbp:education >> [VAR1] [SEP] [VAR1] >> dbo:campus >> dbr:Suburb
translate question to dbpedia path: Entities possibly involved: dbr:Mickey's_Mellerdrammer | Question: List down the cinematographers of Mickey's Mellerdrammer?,dbr:Mickey's_Mellerdrammer >> dbp:cinematography >> [ANS]
translate question to dbpedia path: Entities possibly involved: dbr:Josh_Groban | Question: Who are the  judges of the television show whose anchor is Josh Groban?,[VAR1] >> dbp:judges >> [ANS] [SEP] [VAR1] >> dbp:presenter >> dbr:Josh_Groban [SEP] [VAR1] >> rdf:type >> dbo:TelevisionShow
translate question to dbpedia path: Entities possibly involved: dbr:C_(programming_language) | Question: What all are written in the C programming language?,[ANS] >> dbp:programmingLanguage >> dbr:C_(programming_language)
translate question to dbpedia path: Entities possibly involved: dbr:Cirque_du_Soleil_discography | Question: Count the number of artists in the Cirque du Soleil discography?,COUNT >> dbr:Cirque_du_Soleil_discography >> dbp:artist >> [ANS]
translate question to dbpedia path: Entities possibly involved: dbr:Orson_Welles | Question: What are the movies whose director is Orson Welles?,[ANS] >> dbp:director >> dbr:Orson_Welles [SEP] [ANS] >> rdf:type >> dbo:Film
translate question to dbpedia path: Entities possibly involved: dbr:Janice_Soprano | Question: What is the religion of character of Janice Soprano from The Soprano television show?,dbr:Janice_Soprano >> dbo:religion >> [ANS]
translate question to dbpedia path: Entities possibly involved: dbr:Urbain_Le_Verrier | Question: which planet was discovered by Urbain Le Verrier?,[ANS] >> dbo:discoverer >> dbr:Urbain_Le_Verrier
translate question to dbpedia path: Entities possibly involved: dbr:Cascade_Airways | Question: ?What are the airline hubs of Cascade Airways,dbr:Cascade_Airways >> dbp:hubs >> [ANS]
"translate question to dbpedia path: Entities possibly involved: dbr:Eric_Schiller, dbr:Craig_Van_Tilbury | Question: What sport is Eric Schiller known for, and employes Craig Van Tibury?",dbr:Craig_Van_Tilbury >> dbo:occupation >> [ANS] [SEP] dbr:Eric_Schiller >> dbo:knownFor >> [ANS]
translate question to dbpedia path: Entities possibly involved: dbr:Box_girder_bridge | Question: How many rivers are crossed by different Box Girder bridges?,COUNT >> [ANS] >> rdf:type >> dbo:River [SEP] [VAR1] >> dbp:crosses >> [ANS] [SEP] [VAR1] >> dbp:design >> dbr:Box_girder_bridge
"translate question to dbpedia path: Entities possibly involved: dbr:Tupac_Shakur, dbr:Outlawz | Question: Was tupac a member of Outlawz?",ASK >> dbr:Outlawz >> dbp:pastMembers >> dbr:Tupac_Shakur
translate question to dbpedia path: Entities possibly involved: dbr:Austria | Question: Count the number of members of the organization which have Austria as one of the member ?,COUNT >> [VAR1] >> dbp:membership >> [ANS] [SEP] [VAR1] >> dbp:membership >> dbr:Austria
translate question to dbpedia path: Entities possibly involved: dbr:Jason_Hayne | Question: List the other members of the team where Jason Hayne currently plays?,[VAR1] >> dbo:currentMember >> dbr:Jason_Hayne [SEP] [VAR1] >> dbp:name >> [ANS] [SEP] [VAR1] >> rdf:type >> dbo:OrganisationMember
translate question to dbpedia path: Entities possibly involved: dbr:Rosemarie_DeWitt | Question: list  the producer of the movies in which Rosemarie DeWitt in the star cast?,[VAR1] >> dbp:producer >> [ANS] [SEP] [VAR1] >> dbp:starring >> dbr:Rosemarie_DeWitt [SEP] [VAR1] >> rdf:type >> dbo:Film
translate question to dbpedia path: Entities possibly involved: dbr:Richard_Taylor_(colonel) | Question: How many groups have fought in wars where Richard Taylor fought too?,COUNT >> [VAR1] >> dbp:combatant >> [ANS] [SEP] [VAR1] >> rdf:type >> dbo:MilitaryConflict [SEP] dbr:Richard_Taylor_(colonel) >> dbp:battles >> [VAR1]
"translate question to dbpedia path: Entities possibly involved: dbr:Robin_Gibb, dbr:Another_Lonely_Night_in_New_York | Question: Is Another Lonely Night in New York by the musical band Robin Gibb?",ASK >> dbr:Another_Lonely_Night_in_New_York >> dbo:musicalBand >> dbr:Robin_Gibb
translate question to dbpedia path: Entities possibly involved: dbr:Elliott_Bay | Question: To which settlement does Elliot Bay belong to?,dbr:Elliott_Bay >> dbp:cities >> [ANS]
translate question to dbpedia path: Entities possibly involved: dbr:Tangerine_Dream | Question: What are the albums whose artists have performed with the Tangerine Dream?,[ANS] >> dbp:artist >> [VAR1] [SEP] [ANS] >> rdf:type >> dbo:Album [SEP] [VAR1] >> dbo:associatedBand >> dbr:Tangerine_Dream
translate question to dbpedia path: Entities possibly involved: dbr:Batoka_Gorge_Hydroelectric_Power_Station | Question: Name the river on Batoka Gorge Hydroelectric Power Station ?,dbr:Batoka_Gorge_Hydroelectric_Power_Station >> dbo:river >> [ANS]
"translate question to dbpedia path: Entities possibly involved: dbr:Batman_Returns, dbr:Chris_Lebenzon | Question: Did chris lebenzon edit Batman returns?",ASK >> dbr:Batman_Returns >> dbp:editing >> dbr:Chris_Lebenzon
translate question to dbpedia path: Entities possibly involved: dbr:Indiana | Question: What university campuses are situated in Indiana?,[ANS] >> dbo:campus >> dbr:Indiana [SEP] [ANS] >> rdf:type >> dbo:University
translate question to dbpedia path: Entities possibly involved: dbr:Maine_School_of_Science_and_Mathematics | Question: Who is the authority of Maine School of Science and Mathematics ?,dbr:Maine_School_of_Science_and_Mathematics >> dbo:authority >> [ANS]
translate question to dbpedia path: Entities possibly involved: dbr:Germanic_languages | Question: List some writers which speak one of the Germanic languages.,[ANS] >> dbp:language >> [VAR1] [SEP] [ANS] >> rdf:type >> dbo:Writer [SEP] [VAR1] >> dbo:languageFamily >> dbr:Germanic_languages
translate question to dbpedia path: Entities possibly involved: dbr:Sweden | Question: What are some awards given to people who were born in sweden?,[VAR1] >> dbo:birthPlace >> dbr:Sweden [SEP] [VAR1] >> dbp:awards >> [ANS] [SEP] [VAR1] >> rdf:type >> dbo:Person
translate question to dbpedia path: Entities possibly involved: dbr:ITV_(TV_network) | Question: ITV employes how many people?,COUNT >> [ANS] >> dbp:employer >> dbr:ITV_(TV_network)
"translate question to dbpedia path: Entities possibly involved: dbr:Ethiopia, dbr:Tofaş_Şahin | Question: Is the assembly of tofa ahin ethopia?",ASK >> dbr:Tofaş_Şahin >> dbo:assembly >> dbr:Ethiopia
"translate question to dbpedia path: Entities possibly involved: dbr:Queen_Latifah, dbr:Street_Dogs_of_South_Central | Question: Was the street dogs of south central narrated by Queen Latifah?",ASK >> dbr:Street_Dogs_of_South_Central >> dbp:narrator >> dbr:Queen_Latifah
translate question to dbpedia path: Entities possibly involved: dbr:Bison | Question: Name some schools with a bison as their mascot?,[ANS] >> dbp:mascot >> dbr:Bison [SEP] [ANS] >> rdf:type >> dbo:School
translate question to dbpedia path: Entities possibly involved: dbr:Carl_Sagan | Question: What has Carl Sagan written his books about?,[VAR1] >> dbo:author >> dbr:Carl_Sagan [SEP] [VAR1] >> dbp:subject >> [ANS] [SEP] [VAR1] >> rdf:type >> dbo:Book
"translate question to dbpedia path: Entities possibly involved: dbr:The_Peanuts_Movie, dbr:Peanuts_Motion_Comics | Question: Who voiced in Peanuts Motion Comics and The Peanuts Movie?",[ANS] >> dbo:voice >> dbr:Peanuts_Motion_Comics [SEP] [ANS] >> dbo:voice >> dbr:The_Peanuts_Movie
translate question to dbpedia path: Entities possibly involved: dbr:Thomas_Secunda | Question: Who is the owner of the bank where Thomas Secunda works ?,[VAR1] >> dbp:owner >> [ANS] [SEP] [VAR1] >> rdf:type >> dbo:Bank [SEP] dbr:Thomas_Secunda >> dbo:occupation >> [VAR1]
translate question to dbpedia path: Entities possibly involved: dbr:United_States | Question: What are some US citizens famous for?,[VAR1] >> dbo:knownFor >> [ANS] [SEP] [VAR1] >> dbo:nationality >> dbr:United_States
translate question to dbpedia path: Entities possibly involved: dbr:Mid_Wales | Question: Who founded a company which served Mid Wales ?,[VAR1] >> dbo:foundedBy >> [ANS] [SEP] [VAR1] >> dbo:regionServed >> dbr:Mid_Wales
translate question to dbpedia path: Entities possibly involved: dbr:United_Kingdom | Question: British people have edited which movies?,[ANS] >> dbp:editing >> [VAR1] [SEP] [ANS] >> rdf:type >> dbo:Film [SEP] [VAR1] >> dbo:birthPlace >> dbr:United_Kingdom
translate question to dbpedia path: Entities possibly involved: dbr:Alive_Naturalsound_Records | Question: List the home town of the bands whose label is Alive Naturalsound Records ?,[VAR1] >> dbo:hometown >> [ANS] [SEP] [VAR1] >> dbp:label >> dbr:Alive_Naturalsound_Records [SEP] [VAR1] >> rdf:type >> dbo:Band
translate question to dbpedia path: Entities possibly involved: dbr:Motor_vehicle | Question: Give me some administrators of bridges over which cars can go?,[VAR1] >> dbo:maintainedBy >> [ANS] [SEP] [VAR1] >> dbp:carries >> dbr:Motor_vehicle [SEP] [VAR1] >> rdf:type >> dbo:Bridge
translate question to dbpedia path: Entities possibly involved: dbr:Colonel_(United_States) | Question: Who are some US colonels?,[ANS] >> dbp:rank >> dbr:Colonel_(United_States)
"translate question to dbpedia path: Entities possibly involved: dbr:Gregg_Toland, dbr:Citizen_Kane | Question: Was Citizen Kane cinematographed by Gregg Toland?",ASK >> dbr:Citizen_Kane >> dbp:cinematography >> dbr:Gregg_Toland
translate question to dbpedia path: Entities possibly involved: dbr:CNN | Question: Count the different alma maters of people employed by the CNN,COUNT >> [VAR1] >> dbo:almaMater >> [ANS] [SEP] [VAR1] >> dbp:employer >> dbr:CNN
translate question to dbpedia path: Entities possibly involved: dbr:National_Collegiate_Athletic_Association | Question: How many universities are in the National Collegiate Athletic Association?,COUNT >> [ANS] >> dbo:athletics >> dbr:National_Collegiate_Athletic_Association
translate question to dbpedia path: Entities possibly involved: dbr:Lars_Bak_(computer_programmer) | Question: Which company developed the language designed by Lars Bak?,[VAR1] >> dbo:designer >> dbr:Lars_Bak_(computer_programmer) [SEP] [VAR1] >> dbp:developer >> [ANS] [SEP] [VAR1] >> rdf:type >> dbo:Language
"translate question to dbpedia path: Entities possibly involved: dbr:Start_+_Flug_H-101, dbr:Lemberger_LD20b | Question: Which country gave birth to the Lemberger LD20b and Start+Flug H101 aircrafts?",dbr:Lemberger_LD20b >> dbp:nationalOrigin >> [ANS] [SEP] dbr:Start_+_Flug_H-101 >> dbp:nationalOrigin >> [ANS]
translate question to dbpedia path: Entities possibly involved: dbr:Christopher_S._Stewart | Question: What is the workplace of Christopher S. Stewart ?,dbr:Christopher_S._Stewart >> dbp:employer >> [ANS]
translate question to dbpedia path: Entities possibly involved: dbr:Louisiana | Question: What are some things people born in Louisiana are famous for?,COUNT >> [VAR1] >> dbp:knownFor >> [ANS] [SEP] [VAR1] >> dbp:placeOfBirth >> dbr:Louisiana
translate question to dbpedia path: Entities possibly involved: dbr:2016_Fort_Lauderdale_Strikers_season | Question: Where did Fort Lauderdale Strikers season of 16 take place?,dbr:2016_Fort_Lauderdale_Strikers_season >> dbo:ground >> [ANS]
"translate question to dbpedia path: Entities possibly involved: dbr:Hohenau,_Paraguay | Question: Who is the founder of Hohenau, Paraguay?","dbr:Hohenau,_Paraguay >> dbo:founder >> [ANS]"
translate question to dbpedia path: Entities possibly involved: dbr:9_to_5_(musical) | Question: Who gave the musical score  of 9 to 5 (musical) ?,dbr:9_to_5_(musical) >> dbo:musicBy >> [ANS]
translate question to dbpedia path: Entities possibly involved: dbr:Wrongfully_Accused | Question: Who are the spouse of the actors of Wrongfully Accused?,[VAR1] >> dbo:spouse >> [ANS] [SEP] dbr:Wrongfully_Accused >> dbo:starring >> [VAR1]
translate question to dbpedia path: Entities possibly involved: dbr:Kazuo_Hirai | Question: Count all that was built by a company whose leader is Kazuo Hirai?,COUNT >> [ANS] >> dbo:manufacturer >> [VAR1] [SEP] [VAR1] >> dbp:keyPeople >> dbr:Kazuo_Hirai
"translate question to dbpedia path: Entities possibly involved: dbr:Primus_(band), dbr:Brian_Graden | Question: Which show developed by Brain Graden has theme music composed by Primus ?",[ANS] >> dbp:developer >> dbr:Brian_Graden [SEP] [ANS] >> dbp:themeMusicComposer >> dbr:Primus_(band) [SEP] [ANS] >> rdf:type >> dbo:TelevisionShow
translate question to dbpedia path: Entities possibly involved: dbr:Concrete | Question: Which builder has made concrete bridges?,[VAR1] >> dbo:builder >> [ANS] [SEP] [VAR1] >> dbp:material >> dbr:Concrete [SEP] [VAR1] >> rdf:type >> dbo:Bridge
translate question to dbpedia path: Entities possibly involved: dbr:Rostov-Glavny | Question: What is the serving railway line of Rostov-Glavny ?,dbr:Rostov-Glavny >> dbo:servingRailwayLine >> [ANS]
translate question to dbpedia path: Entities possibly involved: dbr:United_States | Question: How many different products are there of the companies located in the US?,COUNT >> [VAR1] >> dbo:location >> dbr:United_States [SEP] [VAR1] >> dbo:product >> [ANS]
"translate question to dbpedia path: Entities possibly involved: dbr:Nashville,_Tennessee | Question: How many licensee are there, of the radio stations whose area is Nashville, Tennessee ?","COUNT >> [VAR1] >> dbp:area >> dbr:Nashville,_Tennessee [SEP] [VAR1] >> dbp:licensee >> [ANS]"
"translate question to dbpedia path: Entities possibly involved: dbr:Rita_Wilson, dbr:Splash_(film) | Question: What actor starred in Splash and is married to Rita Wilson?",dbr:Rita_Wilson >> dbp:spouse >> [ANS] [SEP] dbr:Splash_(film) >> dbp:starring >> [ANS]
"translate question to dbpedia path: Entities possibly involved: dbr:Kariba_Dam, dbr:Batoka_Gorge_Hydroelectric_Power_Station | Question: What is the river on which the Kariba Dam and Batoka Gorge Hydroelectirc power station exist?",dbr:Batoka_Gorge_Hydroelectric_Power_Station >> dbo:river >> [ANS] [SEP] dbr:Kariba_Dam >> dbo:river >> [ANS]
translate question to dbpedia path: Entities possibly involved: dbr:National_Hockey_League | Question: Players from how many teams have participated in the National Hockey League?,COUNT >> [ANS] >> rdf:type >> dbo:SportsTeam [SEP] [VAR1] >> dbo:team >> [ANS] [SEP] [VAR1] >> dbp:league >> dbr:National_Hockey_League
"translate question to dbpedia path: Entities possibly involved: dbr:Iceman_(comics), dbr:Stan_Lee | Question: Did Stan Lee create the Iceman comics?",ASK >> dbr:Iceman_(comics) >> dbp:creators >> dbr:Stan_Lee
translate question to dbpedia path: Entities possibly involved: dbr:Robert_Wise | Question: What are the movies whose editor is Robert Wise?,[ANS] >> dbo:editing >> dbr:Robert_Wise [SEP] [ANS] >> rdf:type >> dbo:Film
translate question to dbpedia path: Entities possibly involved: dbr:Open_House_(American_Horror_Story) | Question: List the music of Open House (American Horror Story)?,dbr:Open_House_(American_Horror_Story) >> dbp:music >> [ANS]
translate question to dbpedia path: Entities possibly involved: dbr:Championship_Snooker | Question: Where did the narrators of the Championship snooker die?,[VAR1] >> dbo:deathPlace >> [ANS] [SEP] dbr:Championship_Snooker >> dbp:narrated >> [VAR1]
translate question to dbpedia path: Entities possibly involved: dbr:Animal | Question: What are some families of mammals in the animal kingdom?,[VAR1] >> dbo:family >> [ANS] [SEP] [VAR1] >> dbo:kingdom >> dbr:Animal [SEP] [VAR1] >> rdf:type >> dbo:Mammal
translate question to dbpedia path: Entities possibly involved: dbr:Saint_Petersburg | Question: How many things are people who died in St. Petersburg known for?,COUNT >> [VAR1] >> dbo:knownFor >> [ANS] [SEP] [VAR1] >> dbp:deathPlace >> dbr:Saint_Petersburg
translate question to dbpedia path: Entities possibly involved: dbr:The_Elders_(organization) | Question: List down the important people of The Elders ?,dbr:The_Elders_(organization) >> dbp:keyPeople >> [ANS]
"translate question to dbpedia path: Entities possibly involved: dbr:Nintendo_Entertainment_Planning_&_Development, dbr:Nintendo | Question: Does nintendo have a division called Nintendo Entertainment Planning & Development?",ASK >> dbr:Nintendo >> dbp:divisions >> dbr:Nintendo_Entertainment_Planning_&_Development
translate question to dbpedia path: Entities possibly involved: dbr:Coconut | Question: In how many nations is Coconut a common food ingredient?,COUNT >> [ANS] >> rdf:type >> dbo:Country [SEP] [VAR1] >> dbo:ingredient >> dbr:Coconut [SEP] [VAR1] >> dbp:country >> [ANS]
translate question to dbpedia path: Entities possibly involved: dbr:Cookie | Question: Who all have created new kinds of cookies?,[VAR1] >> dbp:creator >> [ANS] [SEP] [VAR1] >> dbp:type >> dbr:Cookie
"translate question to dbpedia path: Entities possibly involved: dbr:Jeffrey_Werleman, dbr:American_Mediterranean_Sea | Question: What country is Jeffrey Werleman from, which also has the American Mediterranean Sea?",dbr:American_Mediterranean_Sea >> dbo:country >> [ANS] [SEP] dbr:Jeffrey_Werleman >> dbo:birthPlace >> [ANS]
translate question to dbpedia path: Entities possibly involved: dbr:Turner_Broadcasting_System | Question: List the television shows whose network's owning company is Turner Broadcasting System?,[ANS] >> dbp:network >> [VAR1] [SEP] [ANS] >> rdf:type >> dbo:TelevisionShow [SEP] [VAR1] >> dbo:owningCompany >> dbr:Turner_Broadcasting_System
"translate question to dbpedia path: Entities possibly involved: dbr:Nebraska | Question: For how many things are people famous, who were born in Nebraska?",COUNT >> [VAR1] >> dbo:knownFor >> [ANS] [SEP] [VAR1] >> dbp:birthPlace >> dbr:Nebraska
translate question to dbpedia path: Entities possibly involved: dbr:Pandaruan_Bridge | Question: List the maintainers of Pandaruan Bridge?,dbr:Pandaruan_Bridge >> dbo:maintainedBy >> [ANS]
translate question to dbpedia path: Entities possibly involved: dbr:Slapstick_(band) | Question: What is the home town of the musical artist who is the current members of Slapstick?,[VAR1] >> dbo:hometown >> [ANS] [SEP] [VAR1] >> rdf:type >> dbo:MusicalArtist [SEP] dbr:Slapstick_(band) >> dbp:currentMembers >> [VAR1]
translate question to dbpedia path: Entities possibly involved: dbr:Zambia | Question: What are some rivers in Zambia which have a dam on them?,[VAR1] >> dbo:river >> [ANS] [SEP] [VAR1] >> dbp:country >> dbr:Zambia [SEP] [VAR1] >> rdf:type >> dbo:Dam
translate question to dbpedia path: Entities possibly involved: dbr:Cahora_Bassa | Question: what does the cahora bassa flow into?,dbr:Cahora_Bassa >> dbp:inflow >> [ANS]
"translate question to dbpedia path: Entities possibly involved: dbr:Walson_Augustin, dbr:Brothers_Union | Question: Does Walson Augustin play for the Brothers Union?",ASK >> dbr:Walson_Augustin >> dbp:currentclub >> dbr:Brothers_Union
translate question to dbpedia path: Entities possibly involved: dbr:Arsenal_Cider_House | Question: In which city is  Arsenal Cider House ? located ?,dbr:Arsenal_Cider_House >> dbp:locationCity >> [ANS]
"translate question to dbpedia path: Entities possibly involved: dbr:John_Orloff, dbr:Stephen_E._Ambrose | Question: List down the TV shows whose producer is Stephen E. Ambros and writer is John Orloff ?",[ANS] >> dbo:producer >> dbr:Stephen_E._Ambrose [SEP] [ANS] >> dbp:writer >> dbr:John_Orloff [SEP] [ANS] >> rdf:type >> dbo:TelevisionShow
translate question to dbpedia path: Entities possibly involved: dbr:Fikret_Orman | Question: What is the alma mater of Fikret Orman?,dbr:Fikret_Orman >> dbp:almaMater >> [ANS]
translate question to dbpedia path: Entities possibly involved: dbr:New_York_City_FC | Question: Which soccer players are currently playing for NYC FC?,[ANS] >> dbp:currentclub >> dbr:New_York_City_FC [SEP] [ANS] >> rdf:type >> dbo:SoccerPlayer
translate question to dbpedia path: Entities possibly involved: dbr:Evraz | Question: Which company owns Evraz ?,dbr:Evraz >> dbo:owningCompany >> [ANS]
translate question to dbpedia path: Entities possibly involved: dbr:Berlin | Question: How many party leaders are there whose parties are headquartered in Berlin?,COUNT >> [ANS] >> rdf:type >> dbo:Politician [SEP] [VAR1] >> dbo:headquarter >> dbr:Berlin [SEP] [VAR1] >> dbo:leader >> [ANS]
translate question to dbpedia path: Entities possibly involved: dbr:Java_Gold | Question: Where was the trainer of Java Gold born?,[VAR1] >> dbp:birthPlace >> [ANS] [SEP] dbr:Java_Gold >> dbp:trainer >> [VAR1]
translate question to dbpedia path: Entities possibly involved: dbr:Modern_architecture | Question: Where can I find some buildings of modern architecture?,[VAR1] >> dbp:address >> [ANS] [SEP] [VAR1] >> dbp:architecturalStyle >> dbr:Modern_architecture [SEP] [VAR1] >> rdf:type >> dbo:Building
translate question to dbpedia path: Entities possibly involved: dbr:San_Francisco_49ers | Question: Who are the people who played for San Francisco 49ers?,[ANS] >> dbo:team >> dbr:San_Francisco_49ers
"translate question to dbpedia path: Entities possibly involved: dbr:Zachary_Taylor, dbr:6th_Infantry_Regiment_(United_States) | Question: Was Zachary Taylor a commander of the sixth infantry regiment of US?",ASK >> dbr:6th_Infantry_Regiment_(United_States) >> dbo:notableCommander >> dbr:Zachary_Taylor
translate question to dbpedia path: Entities possibly involved: dbr:Barry_Voight | Question: Name a famous relative of barry voight,[ANS] >> dbo:relative >> dbr:Barry_Voight
"translate question to dbpedia path: Entities possibly involved: dbr:Walson_Augustin, dbr:Midfielder | Question: Does Walson Augustin play as a midfielder?",ASK >> dbr:Walson_Augustin >> dbo:position >> dbr:Midfielder
translate question to dbpedia path: Entities possibly involved: dbr:Mecklenburg-Vorpommern | Question: List places that are associated to cities in the state of Mecklenburg-Vorpommern.,[ANS] >> dbp:cities >> [VAR1] [SEP] [VAR1] >> dbo:federalState >> dbr:Mecklenburg-Vorpommern
"translate question to dbpedia path: Entities possibly involved: dbr:Creature_Comforts | Question: Which awards did the writer, who is  the creator of Creature Comforts, won ?",[VAR1] >> dbp:awards >> [ANS] [SEP] [VAR1] >> rdf:type >> dbo:Writer [SEP] dbr:Creature_Comforts >> dbp:creator >> [VAR1]
translate question to dbpedia path: Entities possibly involved: dbr:Criteria_Studios | Question: Who all have written songs that were then recorded in the Criteria Studios?,[VAR1] >> dbo:recordedIn >> dbr:Criteria_Studios [SEP] [VAR1] >> dbp:writer >> [ANS] [SEP] [VAR1] >> rdf:type >> dbo:MusicalWork
translate question to dbpedia path: Entities possibly involved: dbr:Volleyball | Question: Count the number of sports played by the universities whihc also plays Volleyball ?,COUNT >> [VAR1] >> dbo:athletics >> dbr:Volleyball [SEP] [VAR1] >> dbp:athletics >> [ANS]
"translate question to dbpedia path: Entities possibly involved: dbr:São_Paulo, dbr:Brazil | Question: Is Sao Paulo the largest city of Brazil?",ASK >> dbr:Brazil >> dbp:largestCity >> dbr:São_Paulo
"translate question to dbpedia path: Entities possibly involved: dbr:Monticello,_Maine | Question: In which areas are the radio stations of Monticello, Maine available too?","[VAR1] >> dbp:area >> [ANS] [SEP] [VAR1] >> dbp:city >> dbr:Monticello,_Maine [SEP] [VAR1] >> rdf:type >> dbo:RadioStation"
translate question to dbpedia path: Entities possibly involved: dbr:Katy_B | Question: Through how many labels has Katy B released her singles?,COUNT >> [VAR1] >> dbo:recordLabel >> [ANS] [SEP] [VAR1] >> dbo:writer >> dbr:Katy_B
"translate question to dbpedia path: Entities possibly involved: dbr:PIAS_Recordings, dbr:Wichita_Recordings | Question: Is PIAS Recordings the distributing label of Wichita Recordings?",ASK >> dbr:Wichita_Recordings >> dbo:distributingLabel >> dbr:PIAS_Recordings
"translate question to dbpedia path: Entities possibly involved: dbr:Gerald_Gibbs_(cinematographer), dbr:X_the_Unknown | Question: Was Gerald Gibbs the cinematographer of X the unknown?",ASK >> dbr:X_the_Unknown >> dbo:cinematography >> dbr:Gerald_Gibbs_(cinematographer)
translate question to dbpedia path: Entities possibly involved: dbr:2015_Pro_Duta_FC_season | Question: Name the sstadium of 2015 Pro Duta FC season ?,dbr:2015_Pro_Duta_FC_season >> dbp:stadium >> [ANS]
translate question to dbpedia path: Entities possibly involved: dbr:Pointe_d'Aveneyre | Question: Pointe d'Aveneyre belongs to which mountain range?,dbr:Pointe_d'Aveneyre >> dbo:mountainRange >> [ANS]
translate question to dbpedia path: Entities possibly involved: dbr:Jerry_Bock | Question: Jerry Bock's musicals has been adapted from how many things?,COUNT >> [VAR1] >> dbo:basedOn >> [ANS] [SEP] [VAR1] >> dbp:music >> dbr:Jerry_Bock
"translate question to dbpedia path: Entities possibly involved: dbr:Joel_Schumacher, dbr:Mark_Stevens_(film_editor) | Question: Count the movies edited by  Mark Stevens (film editor) and were directed by Joel Schumacher?",COUNT >> [ANS] >> dbo:director >> dbr:Joel_Schumacher [SEP] [ANS] >> dbp:editing >> dbr:Mark_Stevens_(film_editor)
translate question to dbpedia path: Entities possibly involved: dbr:Ludacris | Question: List the judge of the TV show whose one of the judge is Ludacris ?,[VAR1] >> dbp:judges >> [ANS] [SEP] [VAR1] >> dbp:judges >> dbr:Ludacris [SEP] [VAR1] >> rdf:type >> dbo:TelevisionShow
translate question to dbpedia path: Entities possibly involved: dbr:Argentine_Primera_División | Question: Whose youth clubs used to participate in Argentine Primera Division?,[ANS] >> dbp:youthclubs >> [VAR1] [SEP] [VAR1] >> dbp:league >> dbr:Argentine_Primera_División
translate question to dbpedia path: Entities possibly involved: dbr:Newark_station_(Delaware) | Question: Who owns the railway line which goes through the Newark Station?,[VAR1] >> dbp:owner >> [ANS] [SEP] dbr:Newark_station_(Delaware) >> dbp:line >> [VAR1]
"translate question to dbpedia path: Entities possibly involved: dbr:Software, dbr:Compaq | Question: Is Compaq a software company?",ASK >> dbr:Compaq >> dbo:industry >> dbr:Software
translate question to dbpedia path: Entities possibly involved: dbr:Edsel | Question: What is the parent company of Edsel?,dbr:Edsel >> dbp:parent >> [ANS]
translate question to dbpedia path: Entities possibly involved: dbr:Playtone | Question: How many shows are made by Playtone?,COUNT >> [ANS] >> dbp:company >> dbr:Playtone [SEP] [ANS] >> rdf:type >> dbo:TelevisionShow
"translate question to dbpedia path: Entities possibly involved: dbr:Owyhee_River, dbr:Oregon | Question: Does the owyhee river flow into oregon?",ASK >> dbr:Owyhee_River >> dbo:mouthMountain >> dbr:Oregon
translate question to dbpedia path: Entities possibly involved: dbr:Lawrence_Okoye | Question: From which country is Lawrence Okoye's nationality ?,dbr:Lawrence_Okoye >> dbp:nationality >> [ANS]
translate question to dbpedia path: Entities possibly involved: dbr:Hiroyuki_Takei | Question: Who authored the work illustrated by Hiroyuki Takei?,[VAR1] >> dbo:illustrator >> dbr:Hiroyuki_Takei [SEP] [VAR1] >> dbp:author >> [ANS]
"translate question to dbpedia path: Entities possibly involved: dbr:Carl_Stokes, dbr:Joseph_Stiglitz | Question: Who was the president at the time when both Carl Stokes and Joseph Stiglitz held a position in US political framework?",dbr:Carl_Stokes >> dbp:president >> [ANS] [SEP] dbr:Joseph_Stiglitz >> dbp:president >> [ANS]
translate question to dbpedia path: Entities possibly involved: dbr:Queen_Noor_of_Jordan | Question: List all the presidents of the school which had atleast one of the president as Queen Noor of Jordan ?,[VAR1] >> dbo:president >> [ANS] [SEP] [VAR1] >> dbo:president >> dbr:Queen_Noor_of_Jordan [SEP] [VAR1] >> rdf:type >> dbo:School
translate question to dbpedia path: Entities possibly involved: dbr:Leallah | Question: What is the birth city of trainer of Leallah?,[VAR1] >> dbp:birthPlace >> [ANS] [SEP] dbr:Leallah >> dbp:trainer >> [VAR1]
translate question to dbpedia path: Entities possibly involved: dbr:Susie_Liggat | Question: What are some TV shows similar to the one produced by Susie Liggat?,[ANS] >> dbo:related >> [VAR1] [SEP] [ANS] >> rdf:type >> dbo:TelevisionShow [SEP] [VAR1] >> dbp:producer >> dbr:Susie_Liggat
translate question to dbpedia path: Entities possibly involved: dbr:Doctor_of_the_Church | Question: Who has canonized someone who's a doctor of the church?,[VAR1] >> dbo:canonizedBy >> [ANS] [SEP] [VAR1] >> dbp:titles >> dbr:Doctor_of_the_Church
"translate question to dbpedia path: Entities possibly involved: dbr:Chicago, dbr:First_National_Bank_and_Trust_Building_(Lima,_Ohio) | Question: was the first national bank and trust building architectured by Chicago?","ASK >> dbr:First_National_Bank_and_Trust_Building_(Lima,_Ohio) >> dbo:architecturalStyle >> dbr:Chicago"
"translate question to dbpedia path: Entities possibly involved: dbr:Tupac_Shakur, dbr:Holler_If_Ya_Hear_Me_(musical) | Question: Did Tupac write the lyrics of Holler If Ya Hear Me?",ASK >> dbr:Holler_If_Ya_Hear_Me_(musical) >> dbp:lyrics >> dbr:Tupac_Shakur
translate question to dbpedia path: Entities possibly involved: dbr:President_of_France | Question: What currencies are prevalent in the countries governed by the President of France?,[VAR1] >> dbo:currency >> [ANS] [SEP] [VAR1] >> dbp:leaderTitle >> dbr:President_of_France [SEP] [VAR1] >> rdf:type >> dbo:Country
translate question to dbpedia path: Entities possibly involved: dbr:Édouard_Chavannes | Question: In which fields are pupils of Edouard Chavannes working?,[VAR1] >> dbo:academicAdvisor >> dbr:Édouard_Chavannes [SEP] [VAR1] >> dbp:fields >> [ANS]
translate question to dbpedia path: Entities possibly involved: dbr:Theme_Time_Radio_Hour | Question: Who is the artist of Time Radio hour ?,dbr:Theme_Time_Radio_Hour >> dbp:creator >> [ANS]
"translate question to dbpedia path: Entities possibly involved: dbr:Harry_and_the_Potters_(album) | Question: Where did the genres originate, which were in the Harry and the Potters album?",COUNT >> [VAR1] >> dbo:stylisticOrigin >> [ANS] [SEP] dbr:Harry_and_the_Potters_(album) >> dbo:genre >> [VAR1]
translate question to dbpedia path: Entities possibly involved: dbr:New_York | Question: How many sitcoms are there whose theme music is composed by a New Yorker?,COUNT >> [ANS] >> dbp:themeMusicComposer >> [VAR1] [SEP] [ANS] >> rdf:type >> dbo:TelevisionShow [SEP] [VAR1] >> dbo:hometown >> dbr:New_York
translate question to dbpedia path: Entities possibly involved: dbr:Artúr_Görgei | Question: Who was succeeded by Arthur Gegei as the office ho0lder ?,[ANS] >> dbo:successor >> dbr:Artúr_Görgei
translate question to dbpedia path: Entities possibly involved: dbr:Mark_Stevens_(film_editor) | Question: Give me a count of movies whose editor is Mark Stevens?,COUNT >> [ANS] >> dbp:editing >> dbr:Mark_Stevens_(film_editor) [SEP] [ANS] >> rdf:type >> dbo:Film
translate question to dbpedia path: Entities possibly involved: dbr:Golden_Globe_Award | Question: How many other awards have been given to people who have won the Golden Globe?,COUNT >> [ANS] >> rdf:type >> dbo:Award [SEP] [VAR1] >> dbo:award >> dbr:Golden_Globe_Award [SEP] [VAR1] >> dbp:awards >> [ANS]
"translate question to dbpedia path: Entities possibly involved: dbr:Palm_City,_Florida | Question: The people who did their high school in Palm City, Florida did their college where?","[VAR1] >> dbo:college >> [ANS] [SEP] [VAR1] >> dbp:highschool >> dbr:Palm_City,_Florida [SEP] [VAR1] >> rdf:type >> dbo:Person"
"translate question to dbpedia path: Entities possibly involved: dbr:CKFM-FM | Question: Where is the radio broadcasted in, whose sister station is CKFM-FM?",[VAR1] >> dbo:broadcastArea >> [ANS] [SEP] [VAR1] >> dbo:sisterStation >> dbr:CKFM-FM [SEP] [VAR1] >> rdf:type >> dbo:RadioStation
"translate question to dbpedia path: Entities possibly involved: dbr:Texas, dbr:San_Marcos_River | Question: Does the San Macros River start in Texas?",ASK >> dbr:San_Marcos_River >> dbo:sourceMountain >> dbr:Texas
"translate question to dbpedia path: Entities possibly involved: dbr:Journal_of_Cerebral_Blood_Flow_&_Metabolism, dbr:Ragout_fin | Question: What is the academic discipline of the Journal of Cerebral Blood Flow & Metabolism and also an ingredient of the Ragout fin ?",dbr:Journal_of_Cerebral_Blood_Flow_&_Metabolism >> dbo:academicDiscipline >> [ANS] [SEP] dbr:Ragout_fin >> dbo:ingredient >> [ANS]
"translate question to dbpedia path: Entities possibly involved: dbr:Motherland_(anthem), dbr:Mauritius | Question: Is the national anthem of Mauritius motherland?",ASK >> dbr:Mauritius >> dbo:anthem >> dbr:Motherland_(anthem)
translate question to dbpedia path: Entities possibly involved: dbr:Jason_Carter_(actor) | Question: In what tv shows did Jason Carter act?,[ANS] >> dbo:starring >> dbr:Jason_Carter_(actor) [SEP] [ANS] >> rdf:type >> dbo:TelevisionShow
"translate question to dbpedia path: Entities possibly involved: dbr:Jerry_Siegel, dbr:Lois_Lane | Question: Did Jerry Siegel create Lois Lane?",ASK >> dbr:Lois_Lane >> dbp:creators >> dbr:Jerry_Siegel
translate question to dbpedia path: Entities possibly involved: dbr:Pennsylvania | Question: Pennsylvania has how many american football teams?,COUNT >> [ANS] >> dbp:city >> dbr:Pennsylvania [SEP] [ANS] >> rdf:type >> dbo:AmericanFootballTeam
translate question to dbpedia path: Entities possibly involved: dbr:Aubie | Question: To which sports team is Aubie the mascot?,[ANS] >> dbp:mascot >> dbr:Aubie [SEP] [ANS] >> rdf:type >> dbo:SportsTeam
translate question to dbpedia path: Entities possibly involved: dbr:Hong_Kong_Taoist_Association_Tang_Hin_Memorial_Secondary_School | Question: What is the religious affiliation of Hong Kong Taoist Association Tang Hin Memorial Secondary School ?,dbr:Hong_Kong_Taoist_Association_Tang_Hin_Memorial_Secondary_School >> dbp:religiousAffiliation >> [ANS]
"translate question to dbpedia path: Entities possibly involved: dbr:Operation_Autumn_Clouds, dbr:Gaza_Strip | Question: Is Gaza Strip the result of Operation Autumn Clouds?",ASK >> dbr:Operation_Autumn_Clouds >> dbp:result >> dbr:Gaza_Strip
"translate question to dbpedia path: Entities possibly involved: dbr:The_Bare_Necessities, dbr:Rock-a-Doodle | Question: What artist was associated closely with the bare necessities and rock a doodle?",dbr:Rock-a-Doodle >> dbo:starring >> [ANS] [SEP] dbr:The_Bare_Necessities >> dbo:artist >> [ANS]
"translate question to dbpedia path: Entities possibly involved: dbr:Mario_García_Menocal, dbr:Cornell_University_Press | Question: Which parent company of the Cornell University Press is also the alma mater of the Mario Garca Menocal?",dbr:Cornell_University_Press >> dbo:parentCompany >> [ANS] [SEP] dbr:Mario_García_Menocal >> dbo:almaMater >> [ANS]
translate question to dbpedia path: Entities possibly involved: dbr:England | Question: Which religions are followed by people in England?,[VAR1] >> dbp:religion >> [ANS] [SEP] [VAR1] >> dbp:residence >> dbr:England [SEP] [VAR1] >> rdf:type >> dbo:Person
translate question to dbpedia path: Entities possibly involved: dbr:MacKenzie_Miller | Question: Where was MacKenzie Miller born?,dbr:MacKenzie_Miller >> dbp:birthPlace >> [ANS]
"translate question to dbpedia path: Entities possibly involved: dbr:Arlington_County,_Virginia, dbr:United_States_Navy | Question: Is US Navy garrisoned at Arlington County, Virginia?","ASK >> dbr:United_States_Navy >> dbp:garrison >> dbr:Arlington_County,_Virginia"
translate question to dbpedia path: Entities possibly involved: dbr:Rachel_Rasmussen | Question: What is the birthplace of the netball player who is the relative of Rachel Rasmussen ?,[VAR1] >> dbo:birthPlace >> [ANS] [SEP] [VAR1] >> rdf:type >> dbo:NetballPlayer [SEP] dbr:Rachel_Rasmussen >> dbp:relatives >> [VAR1]
translate question to dbpedia path: Entities possibly involved: dbr:Agatha_of_Sicily | Question: What is the birth location of the pope who was canonized by Agatha of Sicily?,[VAR1] >> dbp:birthPlace >> [ANS] [SEP] [VAR1] >> rdf:type >> dbo:Pope [SEP] dbr:Agatha_of_Sicily >> dbo:canonizedBy >> [VAR1]
translate question to dbpedia path: Entities possibly involved: dbr:Gold_Medal_of_the_Royal_Astronomical_Society | Question: Which set of researchers won the Gold Medal of the Royal Astronomical Society award?,[ANS] >> dbp:prizes >> dbr:Gold_Medal_of_the_Royal_Astronomical_Society [SEP] [ANS] >> rdf:type >> dbo:Scientist
"translate question to dbpedia path: Entities possibly involved: dbr:Tommy_Tucker's_Tooth, dbr:Alice's_Wonderland | Question: Which animator of Tommy Tucker's Tooth is also the film director of Alice's Wonderland ?",dbr:Alice's_Wonderland >> dbo:director >> [ANS] [SEP] dbr:Tommy_Tucker's_Tooth >> dbp:animator >> [ANS]
"translate question to dbpedia path: Entities possibly involved: dbr:Erik_Jendresen, dbr:Graham_Yost | Question: What show has writing of Erik Jendresen and Graham Yost?",[ANS] >> dbp:writer >> dbr:Erik_Jendresen [SEP] [ANS] >> dbp:writer >> dbr:Graham_Yost [SEP] [ANS] >> rdf:type >> dbo:TelevisionShow
"translate question to dbpedia path: Entities possibly involved: dbr:Laurie_Johnson, dbr:Anthony_Harvey | Question: Name the movies in which music is give by  Laurie Johnson and edited by Anthony Harvey ?",[ANS] >> dbo:editing >> dbr:Anthony_Harvey [SEP] [ANS] >> dbp:music >> dbr:Laurie_Johnson [SEP] [ANS] >> rdf:type >> dbo:Film
translate question to dbpedia path: Entities possibly involved: dbr:Church_of_England | Question: Give me the places where people who worked in Church of England died in ?,[VAR1] >> dbo:deathPlace >> [ANS] [SEP] [VAR1] >> dbo:occupation >> dbr:Church_of_England
translate question to dbpedia path: Entities possibly involved: dbr:He's_a_Liar | Question: Who is the producer of the song which is the previous work of He's a Liar ?,[VAR1] >> dbo:producer >> [ANS] [SEP] [VAR1] >> rdf:type >> dbo:Song [SEP] dbr:He's_a_Liar >> dbo:previousWork >> [VAR1]
translate question to dbpedia path: Entities possibly involved: dbr:Olemic_Thommessen | Question: How many universities are located in a country led by Olemic Thommessen?,COUNT >> [ANS] >> dbo:country >> [VAR1] [SEP] [ANS] >> rdf:type >> dbo:University [SEP] [VAR1] >> dbp:leaderName >> dbr:Olemic_Thommessen
translate question to dbpedia path: Entities possibly involved: dbr:Renaissance_Center | Question: where are renaissance centers located?,dbr:Renaissance_Center >> dbp:address >> [ANS]
translate question to dbpedia path: Entities possibly involved: dbr:Erik_Bork | Question: Which television shows have been produced by Erik Bork?,[ANS] >> dbo:producer >> dbr:Erik_Bork [SEP] [ANS] >> rdf:type >> dbo:TelevisionShow
translate question to dbpedia path: Entities possibly involved: dbr:Terry_Gou | Question: What are the gadgets whose manufacturing company is founded by Terry Gou?,[ANS] >> dbo:manufacturer >> [VAR1] [SEP] [ANS] >> rdf:type >> dbo:Device [SEP] [VAR1] >> dbp:founder >> dbr:Terry_Gou
translate question to dbpedia path: Entities possibly involved: dbr:Madrid | Question: How many books are there whose author's tomb is in Madrid?,COUNT >> [ANS] >> dbo:author >> [VAR1] [SEP] [ANS] >> rdf:type >> dbo:Book [SEP] [VAR1] >> dbo:restingPlace >> dbr:Madrid
translate question to dbpedia path: Entities possibly involved: dbr:Band_of_Brothers_(miniseries) | Question: What are the television shows whose writers did notable work for Band of Brothers ?,[ANS] >> dbp:writer >> [VAR1] [SEP] [ANS] >> rdf:type >> dbo:TelevisionShow [SEP] [VAR1] >> dbo:notableWork >> dbr:Band_of_Brothers_(miniseries)
translate question to dbpedia path: Entities possibly involved: dbr:Animal | Question: To how many different species does the members of the Animal Kingdom belong?,COUNT >> [ANS] >> rdf:type >> dbo:Species [SEP] [VAR1] >> dbo:kingdom >> dbr:Animal [SEP] [VAR1] >> dbo:species >> [ANS]
translate question to dbpedia path: Entities possibly involved: dbr:Helsinki | Question: What water bodies are nearest to Helsinki city?,[ANS] >> dbo:nearestCity >> dbr:Helsinki [SEP] [ANS] >> rdf:type >> dbo:BodyOfWater
translate question to dbpedia path: Entities possibly involved: dbr:William_Ofori_Atta | Question: What country did the successor of William Ofori Atta swear his oath to?,[VAR1] >> dbp:allegiance >> [ANS] [SEP] [VAR1] >> dbp:predecessor >> dbr:William_Ofori_Atta
"translate question to dbpedia path: Entities possibly involved: dbr:Tahiti, dbr:Society_Islands | Question: Is tahiti in the Society Islands achipelago?",ASK >> dbr:Tahiti >> dbp:archipelago >> dbr:Society_Islands
translate question to dbpedia path: Entities possibly involved: dbr:Bruce_Beutler | Question: What is the prize awarded to Bruce Beutler ?,dbr:Bruce_Beutler >> dbo:award >> [ANS]
"translate question to dbpedia path: Entities possibly involved: dbr:Thomas_Egerton_(publisher) | Question: To which books Thomas Egerton, an editor?",[ANS] >> dbo:publisher >> dbr:Thomas_Egerton_(publisher) [SEP] [ANS] >> rdf:type >> dbo:Book
translate question to dbpedia path: Entities possibly involved: dbr:Mavro | Question: Where did Marvo originate?,dbr:Mavro >> dbo:origin >> [ANS]
translate question to dbpedia path: Entities possibly involved: dbr:Ohio | Question: Who all have been a commander during the battles of Ohio?,[VAR1] >> dbo:commander >> [ANS] [SEP] [VAR1] >> dbp:place >> dbr:Ohio [SEP] [VAR1] >> rdf:type >> dbo:MilitaryConflict
"translate question to dbpedia path: Entities possibly involved: dbr:Asus, dbr:Sony | Question: What is the appliance build jointly by Sony and Asus?",[ANS] >> dbo:manufacturer >> dbr:Asus [SEP] [ANS] >> dbo:manufacturer >> dbr:Sony [SEP] [ANS] >> rdf:type >> dbo:InformationAppliance
translate question to dbpedia path: Entities possibly involved: dbr:English_language | Question: How many groups speak the English Language?,COUNT >> [ANS] >> dbp:languages >> dbr:English_language [SEP] [ANS] >> rdf:type >> dbo:EthnicGroup
translate question to dbpedia path: Entities possibly involved: dbr:Congress_of_Industrial_Organizations | Question: What was founded by Congress of Industrial Organizations ?,dbr:Congress_of_Industrial_Organizations >> dbp:founded >> [ANS]
translate question to dbpedia path: Entities possibly involved: dbr:Toronto_Argonauts | Question: Which current players once played for Toronto argonauts?,[ANS] >> dbo:formerTeam >> dbr:Toronto_Argonauts [SEP] [ANS] >> rdf:type >> dbo:AmericanFootballPlayer
"translate question to dbpedia path: Entities possibly involved: dbr:Neungin_High_School, dbr:Sylvain_Lévi | Question: What is the religious affiliation of the Neungin High School which is also the academic interest of Sylvain Lvi ?",dbr:Neungin_High_School >> dbp:religiousAffiliation >> [ANS] [SEP] dbr:Sylvain_Lévi >> dbp:fields >> [ANS]
translate question to dbpedia path: Entities possibly involved: dbr:Warner_Bros. | Question: Give me a count of movies distributed by Warner Bros?,COUNT >> [ANS] >> dbp:distributor >> dbr:Warner_Bros.
translate question to dbpedia path: Entities possibly involved: dbr:Jann_Wenner | Question: Which magazines were founded by ann Wenner ?,[ANS] >> dbo:founder >> dbr:Jann_Wenner [SEP] [ANS] >> rdf:type >> dbo:Magazine
translate question to dbpedia path: Entities possibly involved: dbr:Poznań | Question: List the shrines of the saint whose one of the shrine is Ponza ?,[VAR1] >> dbo:majorShrine >> [ANS] [SEP] [VAR1] >> dbo:majorShrine >> dbr:Poznań [SEP] [VAR1] >> rdf:type >> dbo:Saint
translate question to dbpedia path: Entities possibly involved: dbr:Metro_Blue_Line_(Minnesota) | Question: Where is the headquarters of the company which runs the Metro Blue Line in minnesota?,[VAR1] >> dbp:headquarters >> [ANS] [SEP] [VAR1] >> rdf:type >> dbo:Organisation [SEP] dbr:Metro_Blue_Line_(Minnesota) >> dbp:operator >> [VAR1]
translate question to dbpedia path: Entities possibly involved: dbr:Continental_Army | Question: How many people are in the continental army?,COUNT >> [ANS] >> dbo:militaryBranch >> dbr:Continental_Army
translate question to dbpedia path: Entities possibly involved: dbr:Vangelis | Question: What are the movies whose music is composed by Vangelis?,[ANS] >> dbo:musicComposer >> dbr:Vangelis [SEP] [ANS] >> rdf:type >> dbo:Film
translate question to dbpedia path: Entities possibly involved: dbr:Vitis_vinifera | Question: In which areas can I find wine made of Vitis vinifera grapes?,[VAR1] >> dbo:species >> dbr:Vitis_vinifera [SEP] [VAR1] >> dbo:wineRegion >> [ANS] [SEP] [VAR1] >> rdf:type >> dbo:Grape
translate question to dbpedia path: Entities possibly involved: dbr:The_Rolling_Stone_Album_Guide | Question: Who is the publisher of The Rolling Stone Album Guide ?,dbr:The_Rolling_Stone_Album_Guide >> dbo:publisher >> [ANS]
translate question to dbpedia path: Entities possibly involved: dbr:21Vianet | Question: How many services does 21Vianet provide?,COUNT >> dbr:21Vianet >> dbp:services >> [ANS]
translate question to dbpedia path: Entities possibly involved: dbr:Tackle_(gridiron_football_position) | Question: What are the former team of the american football players who played at gridiron football position ?,[VAR1] >> dbo:formerTeam >> [ANS] [SEP] [VAR1] >> dbp:position >> dbr:Tackle_(gridiron_football_position) [SEP] [VAR1] >> rdf:type >> dbo:AmericanFootballPlayer
translate question to dbpedia path: Entities possibly involved: dbr:Box_girder_bridge | Question: What are some rivers over which there is a box girder bridge?,[VAR1] >> dbp:crosses >> [ANS] [SEP] [VAR1] >> dbp:design >> dbr:Box_girder_bridge
translate question to dbpedia path: Entities possibly involved: dbr:Winnipeg_River | Question: Where is the lake located into which the Winnipeg River flows?,[VAR1] >> dbp:location >> [ANS] [SEP] [VAR1] >> dbp:outflow >> dbr:Winnipeg_River
"translate question to dbpedia path: Entities possibly involved: dbr:Chêne-Bougeries, dbr:Cologny | Question: Which  municipality is neighbored by Cologny and Chne-Bougeries?",[ANS] >> dbp:neighboringMunicipalities >> dbr:Chêne-Bougeries [SEP] [ANS] >> dbp:neighboringMunicipalities >> dbr:Cologny
translate question to dbpedia path: Entities possibly involved: dbr:Saleen_S5S_Raptor | Question: Who is the designer of Saleen S5S Raptor ?,dbr:Saleen_S5S_Raptor >> dbp:designer >> [ANS]
translate question to dbpedia path: Entities possibly involved: dbr:Janata_Dal | Question: How many party are there of the office holders whose one of the party is Janata Dal ?,COUNT >> [VAR1] >> dbo:otherParty >> [ANS] [SEP] [VAR1] >> dbo:otherParty >> dbr:Janata_Dal
translate question to dbpedia path: Entities possibly involved: dbr:1999_San_Marino_Grand_Prix | Question: Name the first driver of 1999 San Marino Grand Prix ?,dbr:1999_San_Marino_Grand_Prix >> dbo:firstDriver >> [ANS]
translate question to dbpedia path: Entities possibly involved: dbr:Egushawa | Question: Who battled under commander Egushawa in a conflict?,[VAR1] >> dbo:commander >> dbr:Egushawa [SEP] [VAR1] >> dbp:combatant >> [ANS] [SEP] [VAR1] >> rdf:type >> dbo:MilitaryConflict
translate question to dbpedia path: Entities possibly involved: dbr:Canadians | Question: How many things have made different people living in Canada famous?,COUNT >> [VAR1] >> dbo:knownFor >> [ANS] [SEP] [VAR1] >> dbo:nationality >> dbr:Canadians
translate question to dbpedia path: Entities possibly involved: dbr:Union_State | Question: Which is the largest city of Union State ?,dbr:Union_State >> dbp:largestCity >> [ANS]
"translate question to dbpedia path: Entities possibly involved: dbr:Beyond_the_Sixth_Seal, dbr:Greg_Weeks | Question: Is Greg Weeks the band member of Beyond the Sixth Seal?",ASK >> dbr:Beyond_the_Sixth_Seal >> dbo:bandMember >> dbr:Greg_Weeks
translate question to dbpedia path: Entities possibly involved: dbr:Ryan_Seacrest | Question: Ryan Seacrest has been the presenter of how many things?,COUNT >> [ANS] >> dbo:presenter >> dbr:Ryan_Seacrest
"translate question to dbpedia path: Entities possibly involved: dbr:Henry_Ford, dbr:Ford_Model_K | Question: Was the Model K designed by Herny Ford?",ASK >> dbr:Ford_Model_K >> dbo:designCompany >> dbr:Henry_Ford
translate question to dbpedia path: Entities possibly involved: dbr:Populous_(company) | Question: Count the tenants of the stadiums designed by Populous?,COUNT >> [VAR1] >> dbo:architect >> dbr:Populous_(company) [SEP] [VAR1] >> dbo:tenant >> [ANS]
translate question to dbpedia path: Entities possibly involved: dbr:CTV_Television_Network | Question: Who all have been judges on CTV Network's shows?,[VAR1] >> dbo:network >> dbr:CTV_Television_Network [SEP] [VAR1] >> dbp:judges >> [ANS] [SEP] [VAR1] >> rdf:type >> dbo:TelevisionShow
"translate question to dbpedia path: Entities possibly involved: dbr:Indianapolis_Colts, dbr:Carolina_Panthers | Question: How many have former teams as Indianapolis Colts and Carolina Panthers?",COUNT >> [ANS] >> dbo:formerTeam >> dbr:Carolina_Panthers [SEP] [ANS] >> dbo:formerTeam >> dbr:Indianapolis_Colts
translate question to dbpedia path: Entities possibly involved: dbr:Ted_Hartley | Question: What are some movies whose distributer's CEO is Ted Hartley?,[ANS] >> dbp:distributor >> [VAR1] [SEP] [ANS] >> rdf:type >> dbo:Film [SEP] [VAR1] >> dbp:keyPeople >> dbr:Ted_Hartley
"translate question to dbpedia path: Entities possibly involved: dbr:Mount_St._Peter_Church, dbr:Art_Deco | Question: Does Mt St. Peter Churt follow the architectural style of art deco?",ASK >> dbr:Mount_St._Peter_Church >> dbp:architecture >> dbr:Art_Deco
translate question to dbpedia path: Entities possibly involved: dbr:Government_of_the_United_Kingdom | Question: Who was the editor of the newspaper owned by the the UK government?,[VAR1] >> dbp:editor >> [ANS] [SEP] [VAR1] >> dbp:owners >> dbr:Government_of_the_United_Kingdom [SEP] [VAR1] >> rdf:type >> dbo:Newspaper
"translate question to dbpedia path: Entities possibly involved: dbr:Laurie_Johnson, dbr:Stanley_Kubrick | Question: List the Stanley Kubrick's movies which has music by Laurie Johnson  ?",[ANS] >> dbo:director >> dbr:Stanley_Kubrick [SEP] [ANS] >> dbp:music >> dbr:Laurie_Johnson [SEP] [ANS] >> rdf:type >> dbo:Film
translate question to dbpedia path: Entities possibly involved: dbr:Greenup_County_High_School | Question: What are the type of Greenup County High School?,dbr:Greenup_County_High_School >> dbp:type >> [ANS]
"translate question to dbpedia path: Entities possibly involved: dbr:Madison,_Wisconsin | Question: Where does the road starting from Madison, Wisconsin end?","[VAR1] >> dbo:routeEnd >> dbr:Madison,_Wisconsin [SEP] [VAR1] >> dbo:routeStart >> [ANS] [SEP] [VAR1] >> rdf:type >> dbo:Road"
"translate question to dbpedia path: Entities possibly involved: dbr:I_Pray_on_Christmas, dbr:The_Producers_(2005_film) | Question: To which label did The Producers and I pray on Christmas sign up?",dbr:I_Pray_on_Christmas >> dbp:label >> [ANS] [SEP] dbr:The_Producers_(2005_film) >> dbp:label >> [ANS]
translate question to dbpedia path: Entities possibly involved: dbr:Colin_Powell | Question: Colin Powell was the commander of which military conflict ?,[ANS] >> dbo:commander >> dbr:Colin_Powell [SEP] [ANS] >> rdf:type >> dbo:MilitaryConflict
"translate question to dbpedia path: Entities possibly involved: dbr:Geneva, dbr:Lancy | Question: Is Lancy a city close to Geneva?",ASK >> dbr:Geneva >> dbo:neighboringMunicipality >> dbr:Lancy
translate question to dbpedia path: Entities possibly involved: dbr:Texas | Question: How many corporations were founded in Texas?,COUNT >> [ANS] >> dbo:foundationPlace >> dbr:Texas [SEP] [ANS] >> rdf:type >> dbo:Company
"translate question to dbpedia path: Entities possibly involved: dbr:Shaheed_Minar,_Kolkata | Question: What is the style of architecture of Shaheed Minar, Kolkata ?","dbr:Shaheed_Minar,_Kolkata >> dbo:architecturalStyle >> [ANS]"
translate question to dbpedia path: Entities possibly involved: dbr:United_States_Congress | Question: List all the houses of United States Congress ?,dbr:United_States_Congress >> dbp:houses >> [ANS]
translate question to dbpedia path: Entities possibly involved: dbr:Toronto | Question: What companies are located in toronto?,[ANS] >> dbo:locationCity >> dbr:Toronto [SEP] [ANS] >> rdf:type >> dbo:Company
translate question to dbpedia path: Entities possibly involved: dbr:Seewoosagur_Ramgoolam | Question: Where does the network cofounded by Seewoosagur Ramgoolam air its shows?,[VAR1] >> dbp:broadcastArea >> [ANS] [SEP] [VAR1] >> dbp:founder >> dbr:Seewoosagur_Ramgoolam [SEP] [VAR1] >> rdf:type >> dbo:BroadcastNetwork
"translate question to dbpedia path: Entities possibly involved: dbr:Foxconn, dbr:PlayStation_3_system_software | Question: Name the appliance produced by Foxconn and its OS is provided by PlayStation 3 system software ?",[ANS] >> dbo:manufacturer >> dbr:Foxconn [SEP] [ANS] >> dbp:os >> dbr:PlayStation_3_system_software [SEP] [ANS] >> rdf:type >> dbo:InformationAppliance
translate question to dbpedia path: Entities possibly involved: dbr:Patrícia_Amorim | Question: Which teams participate in the football seasons headed by Patricia Amorim?,[VAR1] >> dbo:chairman >> dbr:Patrícia_Amorim [SEP] [VAR1] >> dbp:name >> [ANS] [SEP] [VAR1] >> rdf:type >> dbo:SportsSeason
translate question to dbpedia path: Entities possibly involved: dbr:Texas | Question: Name few companies founded in Texas?,[ANS] >> dbo:foundationPlace >> dbr:Texas [SEP] [ANS] >> rdf:type >> dbo:Company
translate question to dbpedia path: Entities possibly involved: dbr:Khok_Kwang | Question: In which timezone does Khok Kwang lie?,dbr:Khok_Kwang >> dbo:timeZone >> [ANS]
"translate question to dbpedia path: Entities possibly involved: dbr:University_of_Melbourne_Faculty_of_VCA_and_MCM | Question: How many awards have been received by graduates of University of Melbourne, Faculty of VCA & MCM?",COUNT >> [VAR1] >> dbo:award >> [ANS] [SEP] [VAR1] >> dbo:training >> dbr:University_of_Melbourne_Faculty_of_VCA_and_MCM
"translate question to dbpedia path: Entities possibly involved: dbr:Solidus_(coin), dbr:Aureus | Question: Where are Aureus and Solidus used as currency?",[ANS] >> dbo:currency >> dbr:Aureus [SEP] [ANS] >> dbo:currency >> dbr:Solidus_(coin)
"translate question to dbpedia path: Entities possibly involved: dbr:Ella_Fitzgerald, dbr:Mickey_Roker | Question: Is Ella Fitzgerald associated with Mickey Roker?",ASK >> dbr:Mickey_Roker >> dbo:associatedBand >> dbr:Ella_Fitzgerald
translate question to dbpedia path: Entities possibly involved: dbr:Immunology | Question: Which awards have been given to immunologists?,[VAR1] >> dbo:award >> [ANS] [SEP] [VAR1] >> dbp:fields >> dbr:Immunology
translate question to dbpedia path: Entities possibly involved: dbr:Sequoia_National_Park | Question: What are the mountains in the Sequoia National Park?,[ANS] >> dbo:locatedInArea >> dbr:Sequoia_National_Park [SEP] [ANS] >> rdf:type >> dbo:Mountain
"translate question to dbpedia path: Entities possibly involved: dbr:Lena_River, dbr:Laptev_Sea | Question: Does the lena river flow into the Laptev Sea?",ASK >> dbr:Lena_River >> dbo:mouthMountain >> dbr:Laptev_Sea
translate question to dbpedia path: Entities possibly involved: dbr:Spanish_language | Question: Name some books by Spanish speaking authors.,[ANS] >> dbp:author >> [VAR1] [SEP] [VAR1] >> dbp:language >> dbr:Spanish_language
translate question to dbpedia path: Entities possibly involved: dbr:Long_Island | Question: How many famous people are born in Long Island?,COUNT >> [ANS] >> dbo:birthPlace >> dbr:Long_Island
translate question to dbpedia path: Entities possibly involved: dbr:Maharashtra | Question: Name some sports played in institutions of Maharashtra?,[VAR1] >> dbo:sport >> [ANS] [SEP] [VAR1] >> dbp:state >> dbr:Maharashtra
translate question to dbpedia path: Entities possibly involved: dbr:Classic_rock | Question: How many other genere are there of the radio stations whose one of the genre  is Classic rock ?,COUNT >> [VAR1] >> dbo:programmeFormat >> [ANS] [SEP] [VAR1] >> dbo:programmeFormat >> dbr:Classic_rock
translate question to dbpedia path: Entities possibly involved: dbr:United_States | Question: How many veterans are buried in the US?,COUNT >> [ANS] >> dbo:restingPlace >> dbr:United_States [SEP] [ANS] >> rdf:type >> dbo:MilitaryPerson
"translate question to dbpedia path: Entities possibly involved: dbr:Michael_Schumacher, dbr:1994_Spanish_Grand_Prix | Question: Was Michael Schumacher the Pole driver of 1994 Spanish Grand Prix?",ASK >> dbr:1994_Spanish_Grand_Prix >> dbp:poleDriver >> dbr:Michael_Schumacher
"translate question to dbpedia path: Entities possibly involved: dbr:Essex, dbr:West_Thurrock | Question: Does the west thurrock come under Essex county?",ASK >> dbr:West_Thurrock >> dbo:ceremonialCounty >> dbr:Essex
"translate question to dbpedia path: Entities possibly involved: dbr:Azerbaijan, dbr:European_Go_Federation | Question: Is Azerbaijan the membership of European Go Federation?",ASK >> dbr:European_Go_Federation >> dbp:membership >> dbr:Azerbaijan
"translate question to dbpedia path: Entities possibly involved: dbr:Ryan_Powell_(lacrosse), dbr:Michael_Powell_(lacrosse) | Question: Which team did Michael and Ryan Powell play for?",dbr:Michael_Powell_(lacrosse) >> dbo:team >> [ANS] [SEP] dbr:Ryan_Powell_(lacrosse) >> dbo:team >> [ANS]
translate question to dbpedia path: Entities possibly involved: dbr:Prime_Time_Entertainment_Network | Question: What are the television shows whose network is Prime Time Entertainment Network?,[ANS] >> dbp:network >> dbr:Prime_Time_Entertainment_Network [SEP] [ANS] >> rdf:type >> dbo:TelevisionShow
"translate question to dbpedia path: Entities possibly involved: dbr:Nintendo_eShop | Question: To which company is the service ""Nintendo eShop"" associated with?",[ANS] >> dbp:services >> dbr:Nintendo_eShop [SEP] [ANS] >> rdf:type >> dbo:Company
translate question to dbpedia path: Entities possibly involved: dbr:Open_Society_Foundations | Question: Name the famous employee of open society foundations ?,[ANS] >> dbp:employer >> dbr:Open_Society_Foundations
"translate question to dbpedia path: Entities possibly involved: dbr:Abarth, dbr:Massimo_Liverani | Question: Does Massimo Liverani play for Abarth?",ASK >> dbr:Massimo_Liverani >> dbp:currentTeam >> dbr:Abarth
translate question to dbpedia path: Entities possibly involved: dbr:Governorate_of_New_Castile | Question: who is the governer of New Castile?,[ANS] >> dbp:order >> dbr:Governorate_of_New_Castile
"translate question to dbpedia path: Entities possibly involved: dbr:MSX_BASIC, dbr:Microsoft | Question: Does MSX BASIC have a license of microsoft?",ASK >> dbr:MSX_BASIC >> dbp:license >> dbr:Microsoft
translate question to dbpedia path: Entities possibly involved: dbr:Defenceman | Question: How many teams have someone playing at the defenceman position?,COUNT >> [ANS] >> rdf:type >> dbo:SportsTeam [SEP] [VAR1] >> dbo:team >> [ANS] [SEP] [VAR1] >> dbp:position >> dbr:Defenceman
translate question to dbpedia path: Entities possibly involved: dbr:Cricket | Question: Cricket is played by which countries' citizens?,[VAR1] >> dbo:occupation >> dbr:Cricket [SEP] [VAR1] >> dbo:stateOfOrigin >> [ANS]
translate question to dbpedia path: Entities possibly involved: dbr:Murray_Gold | Question: Name some shows similar to the one whose theme song is made by Murray Gold.,[ANS] >> dbo:related >> [VAR1] [SEP] [ANS] >> rdf:type >> dbo:TelevisionShow [SEP] [VAR1] >> dbp:themeMusicComposer >> dbr:Murray_Gold
"translate question to dbpedia path: Entities possibly involved: dbr:1997_Canadian_Grand_Prix, dbr:1994_Spanish_Grand_Prix | Question: Name the driver who was at pole in 1997 Canadian Grand Prix and also 1994 Spanish Grand Prix ?",dbr:1994_Spanish_Grand_Prix >> dbo:poleDriver >> [ANS] [SEP] dbr:1997_Canadian_Grand_Prix >> dbp:poleDriver >> [ANS]
translate question to dbpedia path: Entities possibly involved: dbr:Alan_Thicke | Question: Name the narrators of the album which has been narrated by Alan Thicke ?,[VAR1] >> dbp:narrated >> [ANS] [SEP] [VAR1] >> dbp:narrated >> dbr:Alan_Thicke
"translate question to dbpedia path: Entities possibly involved: dbr:North_Bend,_Ohio | Question: Whose children died in North Bend, Ohio?","[ANS] >> dbo:child >> [VAR1] [SEP] [VAR1] >> dbo:deathPlace >> dbr:North_Bend,_Ohio"
translate question to dbpedia path: Entities possibly involved: dbr:Shirley_Temple's_Storybook | Question: Name the presenter of Shirley Temple's Storybook ?,dbr:Shirley_Temple's_Storybook >> dbp:presenter >> [ANS]
translate question to dbpedia path: Entities possibly involved: dbr:Auto_Shankar_(film) | Question: What is the place of birth of the stars of Auto Shankar ?,[VAR1] >> dbo:birthPlace >> [ANS] [SEP] dbr:Auto_Shankar_(film) >> dbp:starring >> [VAR1]
"translate question to dbpedia path: Entities possibly involved: dbr:Glendale,_California | Question: How many awards have been awarded to people who are buried in Glendale, California?","COUNT >> [VAR1] >> dbo:award >> [ANS] [SEP] [VAR1] >> dbo:restingPlace >> dbr:Glendale,_California"
translate question to dbpedia path: Entities possibly involved: dbr:Toronto_Phantoms | Question: Count the number of tenants whose one of the tenant is Toronto Phantoms ?,COUNT >> [VAR1] >> dbo:tenant >> [ANS] [SEP] [VAR1] >> dbo:tenant >> dbr:Toronto_Phantoms
translate question to dbpedia path: Entities possibly involved: dbr:Turin | Question: In which war did the units garrisoned at Turin fight?,[VAR1] >> dbo:battle >> [ANS] [SEP] [VAR1] >> dbp:garrison >> dbr:Turin
translate question to dbpedia path: Entities possibly involved: dbr:Mississippi | Question: Producers of what have died in Mississippi?,[ANS] >> dbo:producer >> [VAR1] [SEP] [VAR1] >> dbo:deathPlace >> dbr:Mississippi
translate question to dbpedia path: Entities possibly involved: dbr:Ferrel_Harris | Question: Where is the birthplace of Ferrel Harris ?,dbr:Ferrel_Harris >> dbp:birthplace >> [ANS]
"translate question to dbpedia path: Entities possibly involved: dbr:Stan_Lee, dbr:The_Daredevils | Question: Did Stan Lee write the Daredevils?",ASK >> dbr:The_Daredevils >> dbp:writers >> dbr:Stan_Lee
translate question to dbpedia path: Entities possibly involved: dbr:Manhattan_Project | Question: How many scientists are known for the Manhatten Project?,COUNT >> [ANS] >> dbp:knownFor >> dbr:Manhattan_Project [SEP] [ANS] >> rdf:type >> dbo:Scientist
translate question to dbpedia path: Entities possibly involved: dbr:Hampton_Roads_Rhinos | Question: Name the sport league of Hampton Roads Rhinos ?,dbr:Hampton_Roads_Rhinos >> dbp:league >> [ANS]
translate question to dbpedia path: Entities possibly involved: dbr:Thesaban | Question: How many Thesaban towns are there?,COUNT >> [ANS] >> dbp:settlementType >> dbr:Thesaban [SEP] [ANS] >> rdf:type >> dbo:Town
translate question to dbpedia path: Entities possibly involved: dbr:Jay_Lane | Question: Name the shows whose theme was composed by a band in which Jay Lane used to be?,[ANS] >> dbp:themeMusicComposer >> [VAR1] [SEP] [ANS] >> rdf:type >> dbo:TelevisionShow [SEP] [VAR1] >> dbo:formerBandMember >> dbr:Jay_Lane
"translate question to dbpedia path: Entities possibly involved: dbr:Schibsted, dbr:Swedish_language | Question: Which newspaper owned by Schibsted is published in Swedish ?",[ANS] >> dbp:language >> dbr:Swedish_language [SEP] [ANS] >> dbp:owners >> dbr:Schibsted [SEP] [ANS] >> rdf:type >> dbo:Newspaper
"translate question to dbpedia path: Entities possibly involved: dbr:United_Arab_Emirates, dbr:Yabancı_Damat | Question: Was Yabanc Damat first aired in UAE?",ASK >> dbr:Yabancı_Damat >> dbp:firstAired >> dbr:United_Arab_Emirates
translate question to dbpedia path: Entities possibly involved: dbr:Robert_De_Niro | Question: How many other people are in a band with Robert de Niro?,COUNT >> [ANS] >> rdf:type >> dbo:Person [SEP] [VAR1] >> dbo:bandMember >> [ANS] [SEP] [VAR1] >> dbp:currentMembers >> dbr:Robert_De_Niro
translate question to dbpedia path: Entities possibly involved: dbr:Microsoft_Windows | Question: List the software which uses Microsoft Windows as their operating system ?,[ANS] >> dbo:operatingSystem >> dbr:Microsoft_Windows [SEP] [ANS] >> rdf:type >> dbo:Software
translate question to dbpedia path: Entities possibly involved: dbr:Jerry_Siegel | Question: What all has been created by Jerry Siegel?,[ANS] >> dbp:creators >> dbr:Jerry_Siegel
"translate question to dbpedia path: Entities possibly involved: dbr:Manthena_Venkata_Raju, dbr:B._Shiva_Rao | Question: What is the common party of the Manthena Venkata Raju and  B. Shiva Rao?",dbr:B._Shiva_Rao >> dbp:party >> [ANS] [SEP] dbr:Manthena_Venkata_Raju >> dbo:party >> [ANS]
"translate question to dbpedia path: Entities possibly involved: dbr:Think_(journal), dbr:Philosophy | Question: Is Philosophy the academic discipline of Think (journal)?",ASK >> dbr:Think_(journal) >> dbo:academicDiscipline >> dbr:Philosophy
translate question to dbpedia path: Entities possibly involved: dbr:Tokaj_wine_region | Question: List the country of Tokaj wine region ?,dbr:Tokaj_wine_region >> dbp:country >> [ANS]
translate question to dbpedia path: Entities possibly involved: dbr:Islam | Question: Who all were venerated in Islam?,COUNT >> [ANS] >> dbo:veneratedIn >> dbr:Islam
"translate question to dbpedia path: Entities possibly involved: dbr:Lake_Uniamési, dbr:Cahora_Bassa | Question: Which country has outflow of  Lake Uniamsi and  inflows of the Cahora Bassa?",dbr:Cahora_Bassa >> dbp:inflow >> [ANS] [SEP] dbr:Lake_Uniamési >> dbp:outflow >> [ANS]
translate question to dbpedia path: Entities possibly involved: dbr:Science_fiction | Question: How many items belong to the Science Fiction genre?,COUNT >> [ANS] >> dbp:genre >> dbr:Science_fiction
translate question to dbpedia path: Entities possibly involved: dbr:BBC_News_(TV_channel) | Question: How many shows belong to the networks one of whose sister station is BBC News?,COUNT >> [ANS] >> dbo:network >> [VAR1] [SEP] [ANS] >> rdf:type >> dbo:TelevisionShow [SEP] [VAR1] >> dbp:sisterNames >> dbr:BBC_News_(TV_channel)
translate question to dbpedia path: Entities possibly involved: dbr:São_Paulo_Museum_of_Art | Question: Whose artworks are in Sao Paulo Museum of Art?,[VAR1] >> dbp:artist >> [ANS] [SEP] [VAR1] >> dbp:museum >> dbr:São_Paulo_Museum_of_Art [SEP] [VAR1] >> rdf:type >> dbo:Artwork
translate question to dbpedia path: Entities possibly involved: dbr:GANEFO | Question: Where was Ganefo hosted?,dbr:GANEFO >> dbp:hostCity >> [ANS]
translate question to dbpedia path: Entities possibly involved: dbr:Josep_Maria_Bartomeu | Question: Count everyone who was in a youthclub chaired by Josep Maria Bartomeu ?,COUNT >> [ANS] >> dbp:youthclubs >> [VAR1] [SEP] [VAR1] >> dbp:chairman >> dbr:Josep_Maria_Bartomeu
"translate question to dbpedia path: Entities possibly involved: dbr:The_Information:_A_History,_a_Theory,_a_Flood, dbr:Isaac_Newton | Question: The Information: A History, a Theory, a Flood is a work of Isaac Newton?","ASK >> dbr:The_Information:_A_History,_a_Theory,_a_Flood >> dbo:previousWork >> dbr:Isaac_Newton"
translate question to dbpedia path: Entities possibly involved: dbr:Nebraska | Question: Where are ethnic group located which speak Nebraskan?,[VAR1] >> dbp:region >> [ANS] [SEP] [VAR1] >> rdf:type >> dbo:EthnicGroup [SEP] dbr:Nebraska >> dbo:language >> [VAR1]
translate question to dbpedia path: Entities possibly involved: dbr:Vanderbilt_University_Medical_Center | Question: What is the affiliation of Vanderbilt University Medical Center ?,dbr:Vanderbilt_University_Medical_Center >> dbp:affiliation >> [ANS]
translate question to dbpedia path: Entities possibly involved: dbr:Occupation_of_Japan | Question: How many scientist became famous for the battle of Occupation of Japan?,COUNT >> [ANS] >> dbp:knownFor >> [VAR1] [SEP] [ANS] >> rdf:type >> dbo:Scientist [SEP] [VAR1] >> dbo:battle >> dbr:Occupation_of_Japan
"translate question to dbpedia path: Entities possibly involved: dbr:Steve_Sampson, dbr:Santa_Clara_University | Question: Did Steve Sampson manage a club of Santa Clara university",ASK >> dbr:Steve_Sampson >> dbo:managerClub >> dbr:Santa_Clara_University
translate question to dbpedia path: Entities possibly involved: dbr:Boston | Question: What have been made in the state whose capital is Boston?,[ANS] >> dbo:location >> [VAR1] [SEP] [VAR1] >> dbp:capital >> dbr:Boston
"translate question to dbpedia path: Entities possibly involved: dbr:Colin_Powell, dbr:Israel | Question: Name the military conflict whose commander was Colin Powell and took place in israel ?",[ANS] >> dbo:commander >> dbr:Colin_Powell [SEP] [ANS] >> dbo:place >> dbr:Israel [SEP] [ANS] >> rdf:type >> dbo:MilitaryConflict
translate question to dbpedia path: Entities possibly involved: dbr:Desilu_Productions | Question: How many sitcoms were produced by the company whose predecessor was the Desilu Productions,COUNT >> [ANS] >> dbp:company >> [VAR1] [SEP] [ANS] >> rdf:type >> dbo:TelevisionShow [SEP] [VAR1] >> dbp:predecessor >> dbr:Desilu_Productions
translate question to dbpedia path: Entities possibly involved: dbr:Mediterranean_Sea | Question: What are some other destinations covered by the airlines whose flights go to the Mediterranean sea?,[VAR1] >> dbo:destination >> [ANS] [SEP] [VAR1] >> dbp:destinations >> dbr:Mediterranean_Sea [SEP] [VAR1] >> rdf:type >> dbo:Airline
translate question to dbpedia path: Entities possibly involved: dbr:Caterpillar_797 | Question: Where is the  assembly of Caterpillar 797 ?,dbr:Caterpillar_797 >> dbo:assembly >> [ANS]
translate question to dbpedia path: Entities possibly involved: dbr:Goran_Čengić | Question: Where did Goran Cengic die?,dbr:Goran_Čengić >> dbp:deathPlace >> [ANS]
"translate question to dbpedia path: Entities possibly involved: dbr:Carl_Sitton, dbr:Harry_Parker_(baseball) | Question: Which former team of the Harry Parker (baseball) is the  debut team of the Carl Sitton?",dbr:Carl_Sitton >> dbp:debutteam >> [ANS] [SEP] dbr:Harry_Parker_(baseball) >> dbo:formerTeam >> [ANS]
translate question to dbpedia path: Entities possibly involved: dbr:Boeing_Field | Question: What are the county seats of the region which operates the Boeing Field?,[VAR1] >> dbo:countySeat >> [ANS] [SEP] [VAR1] >> rdf:type >> dbo:Region [SEP] dbr:Boeing_Field >> dbo:operator >> [VAR1]
translate question to dbpedia path: Entities possibly involved: dbr:Frederick_Frelinghuysen_(general) | Question: What are the professions of Frederick Frelinghuysen (general) ?,dbr:Frederick_Frelinghuysen_(general) >> dbp:occupation >> [ANS]
"translate question to dbpedia path: Entities possibly involved: dbr:Ford_Model_C, dbr:Henry_Ford | Question: Did Henry Ford design the Model C?",ASK >> dbr:Ford_Model_C >> dbo:designCompany >> dbr:Henry_Ford
translate question to dbpedia path: Entities possibly involved: dbr:Urban_area | Question: Count the sports played at universities located in Urban Areas?,COUNT >> [VAR1] >> dbo:campus >> dbr:Urban_area [SEP] [VAR1] >> dbo:sport >> [ANS]
"translate question to dbpedia path: Entities possibly involved: dbr:Queen_Latifah, dbr:Just_Another_Day... | Question: Was Just Another day made by Queen Latifah?",ASK >> dbr:Just_Another_Day... >> dbo:musicalBand >> dbr:Queen_Latifah
translate question to dbpedia path: Entities possibly involved: dbr:The_Point! | Question: Who was the narrator in the point?,dbr:The_Point! >> dbp:narrated >> [ANS]
"translate question to dbpedia path: Entities possibly involved: dbr:Australia_at_the_2008_Summer_Olympics, dbr:Stephanie_Rice | Question: Is Stephanie Rice the flagbearer of Australia at the 2008 Summer Olympics?",ASK >> dbr:Australia_at_the_2008_Summer_Olympics >> dbp:flagbearer >> dbr:Stephanie_Rice
"translate question to dbpedia path: Entities possibly involved: dbr:Vanderbilt_University, dbr:Carolyn_Heinrich | Question: Did Carolyn Heinrich study at the Vanderbilt?",ASK >> dbr:Carolyn_Heinrich >> dbo:institution >> dbr:Vanderbilt_University
translate question to dbpedia path: Entities possibly involved: dbr:Michaelhouse | Question: List all the school of the rugby player whose one of the school is Michael House ?,[VAR1] >> dbo:school >> dbr:Michaelhouse [SEP] [VAR1] >> dbp:school >> [ANS] [SEP] [VAR1] >> rdf:type >> dbo:RugbyPlayer
"translate question to dbpedia path: Entities possibly involved: dbr:Cruce_a_Nado_Internacional, dbr:Christopher_Díaz_Figueroa | Question: What is the official residence of the Christopher Daz Figuero which is also the  state of the Cruce a Nado Internacional",dbr:Christopher_Díaz_Figueroa >> dbp:residence >> [ANS] [SEP] dbr:Cruce_a_Nado_Internacional >> dbo:country >> [ANS]
translate question to dbpedia path: Entities possibly involved: dbr:Focke-Wulf_Fw_260 | Question: What is the national origin of Focke-Wulf Fw 260 ?,dbr:Focke-Wulf_Fw_260 >> dbp:nationalOrigin >> [ANS]
translate question to dbpedia path: Entities possibly involved: dbr:Fergie_Sutherland | Question: List the races of Fergie Sutherland?,dbr:Fergie_Sutherland >> dbp:race >> [ANS]
translate question to dbpedia path: Entities possibly involved: dbr:Amiga | Question: Games on amiga are typically of what kind?,[VAR1] >> dbo:computingPlatform >> dbr:Amiga [SEP] [VAR1] >> dbp:genre >> [ANS] [SEP] [VAR1] >> rdf:type >> dbo:VideoGame
translate question to dbpedia path: Entities possibly involved: dbr:Phil_Collinson | Question: Which shows are similar to the ones produced by Phil Collinson?,[ANS] >> dbo:related >> [VAR1] [SEP] [ANS] >> rdf:type >> dbo:TelevisionShow [SEP] [VAR1] >> dbo:executiveProducer >> dbr:Phil_Collinson
translate question to dbpedia path: Entities possibly involved: dbr:Gérard_Larcher | Question: What is the country whose leader name is Grard Larcher?,[ANS] >> dbp:leaderName >> dbr:Gérard_Larcher [SEP] [ANS] >> rdf:type >> dbo:Country
translate question to dbpedia path: Entities possibly involved: dbr:Baco_noir | Question: Name the wine regions of Baco noir?,dbr:Baco_noir >> dbo:wineRegion >> [ANS]
translate question to dbpedia path: Entities possibly involved: dbr:From_the_Life_of_the_Marionettes | Question: What is the awards won by the producer of From the Life of the Marionettes ?,[VAR1] >> dbp:awards >> [ANS] [SEP] dbr:From_the_Life_of_the_Marionettes >> dbo:producer >> [VAR1]
translate question to dbpedia path: Entities possibly involved: dbr:Harry_Harlow | Question: List the doctoral students of Harry Harlow ?,dbr:Harry_Harlow >> dbp:doctoralStudents >> [ANS]
translate question to dbpedia path: Entities possibly involved: dbr:St._Takla_Haymanot's_Church_(Alexandria) | Question: List the major shrines of the saints whose one of the shrine is St. Takla Haymanot's Church ?,[VAR1] >> dbo:majorShrine >> [ANS] [SEP] [VAR1] >> dbp:majorShrine >> dbr:St._Takla_Haymanot's_Church_(Alexandria) [SEP] [VAR1] >> rdf:type >> dbo:Saint
translate question to dbpedia path: Entities possibly involved: dbr:The_Way_to_Your_Heart | Question: Which currency is used by the record label of the Way to Your Heart?,[VAR1] >> dbp:currency >> [ANS] [SEP] dbr:The_Way_to_Your_Heart >> dbo:recordLabel >> [VAR1]
"translate question to dbpedia path: Entities possibly involved: dbr:Pope_John_Paul_II, dbr:Mother_Teresa | Question: Was mother teresa beatified by John Paul the second?",ASK >> dbr:Mother_Teresa >> dbp:beatifiedBy >> dbr:Pope_John_Paul_II
translate question to dbpedia path: Entities possibly involved: dbr:Isaac_Hayes | Question: Isaac Hayes has acted in which movies ?,[ANS] >> dbp:starring >> dbr:Isaac_Hayes [SEP] [ANS] >> rdf:type >> dbo:Film [SEP] [ANS] >> rdf:type >> dbo:Film
"translate question to dbpedia path: Entities possibly involved: dbr:Cervelle_de_canut, dbr:Sarah_Kazemy | Question: What is the citizenship of the Sarah Kazemy and land of the Cervelle de canut",dbr:Cervelle_de_canut >> dbo:country >> [ANS] [SEP] dbr:Sarah_Kazemy >> dbo:citizenship >> [ANS]
"translate question to dbpedia path: Entities possibly involved: dbr:Michael_Deeley, dbr:Jordan_Cronenweth | Question: Movie's produced by Michael Deeley has Jordan Cronenweth as director of photography",[ANS] >> dbo:cinematography >> dbr:Jordan_Cronenweth [SEP] [ANS] >> dbo:producer >> dbr:Michael_Deeley [SEP] [ANS] >> rdf:type >> dbo:Film
translate question to dbpedia path: Entities possibly involved: dbr:John_Tory | Question: How many buildings are located in the jurisdiction of John Tory?,COUNT >> [ANS] >> dbp:location >> [VAR1] [SEP] [ANS] >> rdf:type >> dbo:Building [SEP] [VAR1] >> dbo:leaderName >> dbr:John_Tory
translate question to dbpedia path: Entities possibly involved: dbr:Software_as_a_service | Question: Name some software as a service?,[ANS] >> dbo:license >> dbr:Software_as_a_service [SEP] [ANS] >> rdf:type >> dbo:Software
"translate question to dbpedia path: Entities possibly involved: dbr:Menlo_Park,_California | Question: How many companies were founded in Menlo Park, California?","COUNT >> [ANS] >> dbp:foundation >> dbr:Menlo_Park,_California [SEP] [ANS] >> rdf:type >> dbo:Company"
translate question to dbpedia path: Entities possibly involved: dbr:Joe_Schilling | Question: Give me all martial artists trained by Joe Schilling.,[ANS] >> dbo:trainer >> dbr:Joe_Schilling [SEP] [ANS] >> rdf:type >> dbo:MartialArtist
translate question to dbpedia path: Entities possibly involved: dbr:Carl_Sagan | Question: Carl Sagan has penned books on how many matters?,COUNT >> [VAR1] >> dbo:author >> dbr:Carl_Sagan [SEP] [VAR1] >> dbp:subject >> [ANS]
translate question to dbpedia path: Entities possibly involved: dbr:Edwin_of_Northumbria | Question: What is the venerated in of Edwin of Northumbria ?,dbr:Edwin_of_Northumbria >> dbp:veneratedIn >> [ANS]
"translate question to dbpedia path: Entities possibly involved: dbr:Georgetown_University, dbr:William_Doyle_(businessman) | Question: Is william doyle the chairman of Georgetown university?",ASK >> dbr:Georgetown_University >> dbp:chairman >> dbr:William_Doyle_(businessman)
translate question to dbpedia path: Entities possibly involved: dbr:Picasso's_Last_Words_(Drink_to_Me) | Question: Where was Picasso's Last Words recorded ?,dbr:Picasso's_Last_Words_(Drink_to_Me) >> dbp:recorded >> [ANS]
"translate question to dbpedia path: Entities possibly involved: dbr:India, dbr:Pawan_Hans | Question: What is the hub airport of Pawan Hans, and is also the largest city of India?",dbr:India >> dbo:largestCity >> [ANS] [SEP] dbr:Pawan_Hans >> dbo:hubAirport >> [ANS]
translate question to dbpedia path: Entities possibly involved: dbr:Iowa | Question: What is the occupation of the people who are born in Iowa?,[VAR1] >> dbo:birthPlace >> dbr:Iowa [SEP] [VAR1] >> dbo:occupation >> [ANS] [SEP] [VAR1] >> rdf:type >> dbo:Person
"translate question to dbpedia path: Entities possibly involved: dbr:NBC, dbr:Paramount_Television | Question: How many have company as Paramount Television and network as NBC are there?",COUNT >> [ANS] >> dbo:network >> dbr:NBC [SEP] [ANS] >> dbp:company >> dbr:Paramount_Television
translate question to dbpedia path: Entities possibly involved: dbr:Christianity | Question: Count the different causes of death of Christians.,COUNT >> [VAR1] >> dbo:deathCause >> [ANS] [SEP] [VAR1] >> dbo:religion >> dbr:Christianity
translate question to dbpedia path: Entities possibly involved: dbr:San_Francisco_49ers | Question: How many players debuted their careers from San Francisco 49ers?,COUNT >> [ANS] >> dbo:debutTeam >> dbr:San_Francisco_49ers [SEP] [ANS] >> rdf:type >> dbo:Athlete
"translate question to dbpedia path: Entities possibly involved: dbr:Harris_County,_Texas | Question: Which company is located in Harris County, Texas?","[ANS] >> dbo:locationCity >> dbr:Harris_County,_Texas [SEP] [ANS] >> rdf:type >> dbo:Company"
"translate question to dbpedia path: Entities possibly involved: dbr:North_America, dbr:Airtours_International_Airways | Question: Is north america one of the destinations of airtours airways?",ASK >> dbr:Airtours_International_Airways >> dbo:destination >> dbr:North_America
"translate question to dbpedia path: Entities possibly involved: dbr:South_Asia_Subregional_Economic_Cooperation, dbr:Aishath_Saffa | Question: Which memeber of South Asia SubRegional Economic cooperation is also the nationality of Aishath saffa ?",dbr:Aishath_Saffa >> dbp:nationality >> [ANS] [SEP] dbr:South_Asia_Subregional_Economic_Cooperation >> dbp:membership >> [ANS]
"translate question to dbpedia path: Entities possibly involved: dbr:Latvian_Wikipedia, dbr:Jimmy_Wales | Question: Which board memeber of jimmy Wales also owns Latvian Wikipedia ?",dbr:Jimmy_Wales >> dbo:board >> [ANS] [SEP] dbr:Latvian_Wikipedia >> dbo:owner >> [ANS]
translate question to dbpedia path: Entities possibly involved: dbr:Bruce_Bochy | Question: Which baseball team is managed by Bruce Bochy?,[ANS] >> dbo:manager >> dbr:Bruce_Bochy [SEP] [ANS] >> rdf:type >> dbo:BaseballTeam
"translate question to dbpedia path: Entities possibly involved: dbr:Sheldon_Harnick | Question: What are the musicals based on, whose lyricist was Shelon Harnick?",[VAR1] >> dbo:basedOn >> [ANS] [SEP] [VAR1] >> dbp:lyrics >> dbr:Sheldon_Harnick [SEP] [VAR1] >> rdf:type >> dbo:Musical
"translate question to dbpedia path: Entities possibly involved: dbr:Doctor_Who:_The_Mazes_of_Time, dbr:BBC_Multimedia | Question: What series is Mazes of Time from, and is produced by BBC multimedia?",dbr:BBC_Multimedia >> dbo:product >> [ANS] [SEP] dbr:Doctor_Who:_The_Mazes_of_Time >> dbo:series >> [ANS]
"translate question to dbpedia path: Entities possibly involved: dbr:Audie_Murphy, dbr:Arlington_National_Cemetery | Question: Is Audie Murphy buried in the Arlington national cementery?",ASK >> dbr:Audie_Murphy >> dbp:placeofburial >> dbr:Arlington_National_Cemetery
translate question to dbpedia path: Entities possibly involved: dbr:Chip_Kelly | Question: How many had their debut team coached by Chip Kelly?,COUNT >> [ANS] >> dbo:debutTeam >> [VAR1] [SEP] [VAR1] >> dbp:coach >> dbr:Chip_Kelly
translate question to dbpedia path: Entities possibly involved: dbr:Karl_Ewald_Hasse | Question: Who is the scientist whose academic advisor was Karl Ewald Hasse?,[ANS] >> dbo:academicAdvisor >> dbr:Karl_Ewald_Hasse [SEP] [ANS] >> rdf:type >> dbo:Scientist
translate question to dbpedia path: Entities possibly involved: dbr:Malaysian_Highway_Authority | Question: Malaysian highway authority has designed bridges over what things?,[VAR1] >> dbp:crosses >> [ANS] [SEP] [VAR1] >> dbp:designer >> dbr:Malaysian_Highway_Authority [SEP] [VAR1] >> rdf:type >> dbo:Bridge
translate question to dbpedia path: Entities possibly involved: dbr:Kumta | Question: What is the government type of Kumta ?,dbr:Kumta >> dbp:governmentType >> [ANS]
translate question to dbpedia path: Entities possibly involved: dbr:Alabama | Question: Who owns the radio stations in Alabama?,[VAR1] >> dbo:city >> dbr:Alabama [SEP] [VAR1] >> dbo:owner >> [ANS] [SEP] [VAR1] >> rdf:type >> dbo:RadioStation
"translate question to dbpedia path: Entities possibly involved: dbr:Stanley_Kubrick, dbr:Anthony_Harvey | Question: Name the movie whose director is Stanley Kubrick and editor is Anthony Harvey?",[ANS] >> dbo:director >> dbr:Stanley_Kubrick [SEP] [ANS] >> dbo:editing >> dbr:Anthony_Harvey [SEP] [ANS] >> rdf:type >> dbo:Film
translate question to dbpedia path: Entities possibly involved: dbr:Ekstraliga_(speedway) | Question: what are the nicknames of the people who are in Ekstraliga?,[VAR1] >> dbp:league >> dbr:Ekstraliga_(speedway) [SEP] [VAR1] >> dbp:nickname >> [ANS]
translate question to dbpedia path: Entities possibly involved: dbr:Bangladesh | Question: List all the members of the organization whose one of the members is Bangladesh ?,[VAR1] >> dbp:membership >> [ANS] [SEP] [VAR1] >> dbp:membership >> dbr:Bangladesh [SEP] [VAR1] >> rdf:type >> dbo:Organisation
translate question to dbpedia path: Entities possibly involved: dbr:Cerebral_blood_flow | Question: List all discipline of the journals whose one of the discipline is Cerebral blood flow ?,[VAR1] >> dbo:academicDiscipline >> [ANS] [SEP] [VAR1] >> dbo:academicDiscipline >> dbr:Cerebral_blood_flow [SEP] [VAR1] >> rdf:type >> dbo:AcademicJournal
translate question to dbpedia path: Entities possibly involved: dbr:Starwood_Hotels_and_Resorts_Worldwide | Question: In how many different places do Starwood hotels and resorts worldwide operate?,COUNT >> [VAR1] >> dbp:address >> [ANS] [SEP] [VAR1] >> dbp:operator >> dbr:Starwood_Hotels_and_Resorts_Worldwide
translate question to dbpedia path: Entities possibly involved: dbr:Utopian_and_dystopian_fiction | Question: How many utopian and dystopian fiction books are there?,COUNT >> [ANS] >> dbo:literaryGenre >> dbr:Utopian_and_dystopian_fiction
translate question to dbpedia path: Entities possibly involved: dbr:Philip_Webb | Question: List the architect of the buildings whose one of the  architect is Philip Webb?,[VAR1] >> dbp:architect >> [ANS] [SEP] [VAR1] >> dbp:architect >> dbr:Philip_Webb [SEP] [VAR1] >> rdf:type >> dbo:Building
translate question to dbpedia path: Entities possibly involved: dbr:Alpine_skiing_at_the_1972_Winter_Olympics_–_Women's_downhill | Question: What is the residence of the bronze medalist of Alpine skiing at the women's downhill competition at the 1972 Winter Olympics?,[VAR1] >> dbp:birthPlace >> [ANS] [SEP] dbr:Alpine_skiing_at_the_1972_Winter_Olympics_–_Women's_downhill >> dbo:bronzeMedalist >> [VAR1]
"translate question to dbpedia path: Entities possibly involved: dbr:Mazhar_Ul_Haq_High_School,_Beerwah, dbr:Islam | Question: Mazhar Ul Haq High School, Beerwah is affiliated to Islamic Religion","ASK >> dbr:Mazhar_Ul_Haq_High_School,_Beerwah >> dbp:religiousAffiliation >> dbr:Islam"
"translate question to dbpedia path: Entities possibly involved: dbr:Ivanpah_Solar_Power_Facility, dbr:Dart_(programming_language) | Question: What is the owner of Ivanpah Solar Power Facility and the original developer of Dart?",dbr:Dart_(programming_language) >> dbo:developer >> [ANS] [SEP] dbr:Ivanpah_Solar_Power_Facility >> dbo:owner >> [ANS]
translate question to dbpedia path: Entities possibly involved: dbr:Agaricus_bisporus | Question: Find the total number of  ingredient of the recepies whose ingredient is common Mushroom ?,COUNT >> [VAR1] >> dbo:ingredient >> [ANS] [SEP] [VAR1] >> dbo:ingredient >> dbr:Agaricus_bisporus
translate question to dbpedia path: Entities possibly involved: dbr:SummerSlam_(2004) | Question: List all the tenants of the stadium where the WWF Summer Slam 2004 took place.,[VAR1] >> dbo:tenant >> [ANS] [SEP] dbr:SummerSlam_(2004) >> dbp:venue >> [VAR1]
translate question to dbpedia path: Entities possibly involved: dbr:Dolores_del_Río | Question: How many movies are directed by the spouse of Dolores del Ro?,COUNT >> [ANS] >> dbp:director >> [VAR1] [SEP] [ANS] >> rdf:type >> dbo:Film [SEP] [VAR1] >> dbp:partner >> dbr:Dolores_del_Río
"translate question to dbpedia path: Entities possibly involved: dbr:Texarkana,_Texas | Question: What are some bands out to texarkana?","[ANS] >> dbp:origin >> dbr:Texarkana,_Texas [SEP] [ANS] >> rdf:type >> dbo:Band"
translate question to dbpedia path: Entities possibly involved: dbr:Taiwan | Question: How many information appliance are manufactured by companies located in Taiwan?,COUNT >> [ANS] >> dbo:manufacturer >> [VAR1] [SEP] [ANS] >> rdf:type >> dbo:InformationAppliance [SEP] [VAR1] >> dbp:locationCity >> dbr:Taiwan
translate question to dbpedia path: Entities possibly involved: dbr:England_national_football_team | Question: How many people are in the England national football team?,COUNT >> [ANS] >> dbp:nationalteam >> dbr:England_national_football_team
"translate question to dbpedia path: Entities possibly involved: dbr:Lahpet, dbr:Tea | Question: Is Tea the main ingredient of Lahpet?",ASK >> dbr:Lahpet >> dbp:mainIngredient >> dbr:Tea
translate question to dbpedia path: Entities possibly involved: dbr:Rosie_Huntington-Whiteley | Question: who is the husband of Rosie Huntington Whiteley?,dbr:Rosie_Huntington-Whiteley >> dbo:partner >> [ANS]
"translate question to dbpedia path: Entities possibly involved: dbr:Chicago_Bulls, dbr:Los_Angeles_Clippers | Question: Which current player of Chicago Bulls was drafted by Los Angeles Clippers ?",[ANS] >> dbp:draftTeam >> dbr:Los_Angeles_Clippers [SEP] [ANS] >> dbp:team >> dbr:Chicago_Bulls
translate question to dbpedia path: Entities possibly involved: dbr:Dominican_Republic | Question: What team has  players  born in Dominican Republic ?,[VAR1] >> dbo:team >> [ANS] [SEP] [VAR1] >> dbp:birthPlace >> dbr:Dominican_Republic
translate question to dbpedia path: Entities possibly involved: dbr:Indira_Gandhi | Question: Name the party of Indira Gandhi ?,dbr:Indira_Gandhi >> dbo:party >> [ANS]
"translate question to dbpedia path: Entities possibly involved: dbr:Balaton_wine_region, dbr:Ganz_UV | Question: What is the common country of Ganz UV and Balaton wine region ?",dbr:Balaton_wine_region >> dbo:location >> [ANS] [SEP] dbr:Ganz_UV >> dbo:operator >> [ANS]
"translate question to dbpedia path: Entities possibly involved: dbr:John_Scott_Harrison, dbr:William_Henry_Harrison_Tomb_State_Memorial | Question: Whose resting place is William Henry Harrison Tomb State Memorial and has kids named John Scott Harrison?",[ANS] >> dbo:child >> dbr:John_Scott_Harrison [SEP] [ANS] >> dbp:restingplace >> dbr:William_Henry_Harrison_Tomb_State_Memorial
translate question to dbpedia path: Entities possibly involved: dbr:Domenico_Modugno | Question: Name the constituency of Domenico Modugno ?,dbr:Domenico_Modugno >> dbp:constituency >> [ANS]
"translate question to dbpedia path: Entities possibly involved: dbr:Michelangelo, dbr:The_Persian_Boy | Question: Is michelangelo the painter of The Persian Boy?",ASK >> dbr:The_Persian_Boy >> dbo:illustrator >> dbr:Michelangelo
translate question to dbpedia path: Entities possibly involved: dbr:Islam | Question: Which saints were the messengers of Islam?,[ANS] >> dbo:veneratedIn >> dbr:Islam [SEP] [ANS] >> rdf:type >> dbo:Saint
translate question to dbpedia path: Entities possibly involved: dbr:Chicken_Little_(1943_film) | Question: What awards were given to the producer of Chicken Little?,[VAR1] >> dbo:award >> [ANS] [SEP] dbr:Chicken_Little_(1943_film) >> dbo:producer >> [VAR1]
"translate question to dbpedia path: Entities possibly involved: dbr:Gümüş_(TV_series), dbr:Albania | Question: Was GM first aired in Albania?",ASK >> dbr:Gümüş_(TV_series) >> dbp:firstAired >> dbr:Albania
translate question to dbpedia path: Entities possibly involved: dbr:Kemijoki | Question: What water bodies have primary inflows sa Kemijoki?,[ANS] >> dbo:inflow >> dbr:Kemijoki
"translate question to dbpedia path: Entities possibly involved: dbr:James_Watt, dbr:Mechanical_engineering | Question: was james watt a mechanical engineer?",ASK >> dbr:James_Watt >> dbo:field >> dbr:Mechanical_engineering
translate question to dbpedia path: Entities possibly involved: dbr:United_States | Question: Which drinks have emerged from the US?,[VAR1] >> dbo:origin >> dbr:United_States [SEP] [VAR1] >> dbp:locationCity >> [ANS] [SEP] [VAR1] >> rdf:type >> dbo:Beverage
translate question to dbpedia path: Entities possibly involved: dbr:Holler_If_Ya_Hear_Me_(musical) | Question: Who composed the lyrics of Holler If Ya Hear Me ?,dbr:Holler_If_Ya_Hear_Me_(musical) >> dbp:lyrics >> [ANS]
"translate question to dbpedia path: Entities possibly involved: dbr:Bluebird, dbr:Miss_Potential | Question: Is Bluebird the grandsire of Miss Potential?",ASK >> dbr:Miss_Potential >> dbo:grandsire >> dbr:Bluebird
translate question to dbpedia path: Entities possibly involved: dbr:Bottineau_LRT | Question: What is the headquarters of the public transit system which is the system of Bottineau LRT ?,[VAR1] >> dbp:headquarters >> [ANS] [SEP] [VAR1] >> rdf:type >> dbo:PublicTransitSystem [SEP] dbr:Bottineau_LRT >> dbp:system >> [VAR1]
translate question to dbpedia path: Entities possibly involved: dbr:The_Pentagon | Question: What units are garrisoned in the Pentagon?,[ANS] >> dbp:garrison >> dbr:The_Pentagon [SEP] [ANS] >> rdf:type >> dbo:MilitaryUnit
translate question to dbpedia path: Entities possibly involved: dbr:John_Speraw | Question: What is the hometown of John Speraw ?,dbr:John_Speraw >> dbp:hometown >> [ANS]
translate question to dbpedia path: Entities possibly involved: dbr:Philosophy | Question: Count  the journals in the field of Philosophy.,COUNT >> [ANS] >> dbp:discipline >> dbr:Philosophy [SEP] [ANS] >> rdf:type >> dbo:AcademicJournal
"translate question to dbpedia path: Entities possibly involved: dbr:Nader_Guirat, dbr:Josef_Johansson | Question: What is the hometown of Nader Guirat, where Josef Johansson was born too?",dbr:Josef_Johansson >> dbp:birthPlace >> [ANS] [SEP] dbr:Nader_Guirat >> dbo:hometown >> [ANS]
"translate question to dbpedia path: Entities possibly involved: dbr:Pope_Pius_XI | Question: How many major shrine are there, of the saints whose beatified by Pope Pius XI ?",COUNT >> [VAR1] >> dbo:majorShrine >> [ANS] [SEP] [VAR1] >> dbp:beatifiedBy >> dbr:Pope_Pius_XI
translate question to dbpedia path: Entities possibly involved: dbr:CBS | Question: Name the TV shows owned by divisions of CBS?,[ANS] >> dbp:company >> [VAR1] [SEP] [ANS] >> rdf:type >> dbo:TelevisionShow [SEP] [VAR1] >> dbp:parent >> dbr:CBS
translate question to dbpedia path: Entities possibly involved: dbr:Journal_of_Cerebral_Blood_Flow_&_Metabolism | Question: What is the academic discipline of Journal of Cerebral Blood Flow & Metabolism ?,dbr:Journal_of_Cerebral_Blood_Flow_&_Metabolism >> dbo:academicDiscipline >> [ANS]
translate question to dbpedia path: Entities possibly involved: dbr:2011–12_Russian_Premier_League | Question: List the home stadiums of the teams in the Russian Premier League?,[VAR1] >> dbo:homeStadium >> [ANS] [SEP] [VAR1] >> dbp:league >> dbr:2011–12_Russian_Premier_League
translate question to dbpedia path: Entities possibly involved: dbr:Wild_Risk | Question: Give me an estimate number of races where horses grandsired by the Wild Risk have raced in?,COUNT >> [ANS] >> rdf:type >> dbo:HorseRace [SEP] [VAR1] >> dbo:grandsire >> dbr:Wild_Risk [SEP] [VAR1] >> dbp:race >> [ANS]
"translate question to dbpedia path: Entities possibly involved: dbr:Vangelis, dbr:Jordan_Cronenweth | Question: What is the name of the movie whose director of photography was Jordan Cronenweth and music composer was Vangelis?",[ANS] >> dbo:musicComposer >> dbr:Vangelis [SEP] [ANS] >> dbp:cinematography >> dbr:Jordan_Cronenweth [SEP] [ANS] >> rdf:type >> dbo:Film
translate question to dbpedia path: Entities possibly involved: dbr:Vitis_vinifera | Question: Count the different origins of members of the Vitis Vinifera species.,COUNT >> [ANS] >> rdf:type >> dbo:Place [SEP] [VAR1] >> dbo:origin >> [ANS] [SEP] [VAR1] >> dbo:species >> dbr:Vitis_vinifera
translate question to dbpedia path: Entities possibly involved: dbr:David_Scherman | Question: Where was David Scherman trained ?,dbr:David_Scherman >> dbo:training >> [ANS]
translate question to dbpedia path: Entities possibly involved: dbr:Sean_Young | Question: In which series has Sean Young portrayed someone?,[VAR1] >> dbo:portrayer >> dbr:Sean_Young [SEP] [VAR1] >> dbo:series >> [ANS]
"translate question to dbpedia path: Entities possibly involved: dbr:Atlanta, dbr:The_Boy_Is_Mine_(song) | Question: Was the song The Boy is Mine recorded in Atlanta?",ASK >> dbr:The_Boy_Is_Mine_(song) >> dbp:recorded >> dbr:Atlanta
translate question to dbpedia path: Entities possibly involved: dbr:Blanche_DuBois | Question: Who wrote the play in which Blanche DuBois is a character?,[VAR1] >> dbp:characters >> dbr:Blanche_DuBois [SEP] [VAR1] >> dbp:writer >> [ANS] [SEP] [VAR1] >> rdf:type >> dbo:Play
translate question to dbpedia path: Entities possibly involved: dbr:Pacific_Ocean | Question: List the regions served by the company which serves in Pacific Ocean ?,[VAR1] >> dbo:regionServed >> [ANS] [SEP] [VAR1] >> dbo:regionServed >> dbr:Pacific_Ocean [SEP] [VAR1] >> rdf:type >> dbo:Company
translate question to dbpedia path: Entities possibly involved: dbr:Chaeng_Watthana_Government_Complex | Question: Give me the name of the organization hqed at  Chaeng Watthana Govt Complex?,[VAR1] >> dbo:headquarter >> dbr:Chaeng_Watthana_Government_Complex [SEP] [VAR1] >> dbp:agencyName >> [ANS] [SEP] [VAR1] >> rdf:type >> dbo:Organisation
translate question to dbpedia path: Entities possibly involved: dbr:Peter-John_Vettese | Question: Who is the writer of the singles whose producer is Peter-John Vettese?,[VAR1] >> dbo:writer >> [ANS] [SEP] [VAR1] >> dbp:producer >> dbr:Peter-John_Vettese [SEP] [VAR1] >> rdf:type >> dbo:Single
translate question to dbpedia path: Entities possibly involved: dbr:Writing | Question: Count the number of artist whose pone of the field is writing ?,COUNT >> [VAR1] >> dbo:field >> [ANS] [SEP] [VAR1] >> dbo:field >> dbr:Writing
translate question to dbpedia path: Entities possibly involved: dbr:CBS | Question: Which veterans served at CBS?,[ANS] >> dbo:occupation >> dbr:CBS
translate question to dbpedia path: Entities possibly involved: dbr:Massachusetts_Department_of_Transportation | Question: What are some shareholders of the bridge maintained by the Massachusetts department of transportation?,[VAR1] >> dbo:maintainedBy >> dbr:Massachusetts_Department_of_Transportation [SEP] [VAR1] >> dbp:owner >> [ANS] [SEP] [VAR1] >> rdf:type >> dbo:Bridge
"translate question to dbpedia path: Entities possibly involved: dbr:Shaun_Thong, dbr:Audi | Question: Does Shaun Thong a member of Audi?",ASK >> dbr:Shaun_Thong >> dbp:currentTeam >> dbr:Audi
"translate question to dbpedia path: Entities possibly involved: dbr:Mammal, dbr:Chestnut_white-bellied_rat | Question: Is the chestnut white bellied rat a mammal?",ASK >> dbr:Chestnut_white-bellied_rat >> dbo:class >> dbr:Mammal
translate question to dbpedia path: Entities possibly involved: dbr:Great_Ayton | Question: Who attended Great Ayton university?,[ANS] >> dbo:education >> dbr:Great_Ayton
"translate question to dbpedia path: Entities possibly involved: dbr:Canterbury-Bankstown_Bulldogs, dbr:Sonny_Bill_Williams | Question: Does Sonny Bill Williams belong in the Canterbury Bankstown Bulldogs club?",ASK >> dbr:Sonny_Bill_Williams >> dbp:club >> dbr:Canterbury-Bankstown_Bulldogs
translate question to dbpedia path: Entities possibly involved: dbr:Paul_Morphy | Question: Which field's journals are edited by Paul Morphy?,[VAR1] >> dbo:editor >> dbr:Paul_Morphy [SEP] [VAR1] >> dbp:discipline >> [ANS] [SEP] [VAR1] >> rdf:type >> dbo:AcademicJournal
translate question to dbpedia path: Entities possibly involved: dbr:Immunology | Question: Count the awards received by Immunologists?,COUNT >> [ANS] >> rdf:type >> dbo:Award [SEP] [VAR1] >> dbo:award >> [ANS] [SEP] [VAR1] >> dbp:fields >> dbr:Immunology
translate question to dbpedia path: Entities possibly involved: dbr:Houston_Astros | Question: For how many different teams have the players debuted in Houston Astros played?,COUNT >> [ANS] >> rdf:type >> dbo:SportsTeam [SEP] [VAR1] >> dbo:debutTeam >> dbr:Houston_Astros [SEP] [VAR1] >> dbo:team >> [ANS]
"translate question to dbpedia path: Entities possibly involved: dbr:Oulu, dbr:Rostock | Question: Rostock and Oulu is the shore cities on which sea ?",[ANS] >> dbp:cities >> dbr:Oulu [SEP] [ANS] >> dbp:cities >> dbr:Rostock [SEP] [ANS] >> rdf:type >> dbo:Sea
"translate question to dbpedia path: Entities possibly involved: dbr:Selwyn_Lloyd, dbr:Winston_Churchill | Question: Was winston churchill the prime minister of Selwyn Lloyd?",ASK >> dbr:Selwyn_Lloyd >> dbo:primeMinister >> dbr:Winston_Churchill
translate question to dbpedia path: Entities possibly involved: dbr:Sweden | Question: How many different things are used as ingredients in Sweden?,COUNT >> [VAR1] >> dbo:country >> dbr:Sweden [SEP] [VAR1] >> dbo:ingredient >> [ANS]
translate question to dbpedia path: Entities possibly involved: dbr:Yosemite_National_Park | Question: How many people have been the first one to scale a peak in the Yosemite Park?,COUNT >> [ANS] >> rdf:type >> dbo:Person [SEP] [VAR1] >> dbo:firstAscentPerson >> [ANS] [SEP] [VAR1] >> dbo:locatedInArea >> dbr:Yosemite_National_Park
"translate question to dbpedia path: Entities possibly involved: dbr:Nashville,_Tennessee | Question: What are some licensees of the stations playing in Nashville, Tennessee?","[VAR1] >> dbp:area >> dbr:Nashville,_Tennessee [SEP] [VAR1] >> dbp:licensee >> [ANS] [SEP] [VAR1] >> rdf:type >> dbo:RadioStation"
"translate question to dbpedia path: Entities possibly involved: dbr:Grey_Goose_(vodka), dbr:Bombay_Sapphire | Question: Which distributer of Bombay Sapphire also makes Grewy goose ?",dbr:Bombay_Sapphire >> dbp:distributor >> [ANS] [SEP] dbr:Grey_Goose_(vodka) >> dbp:manufacturer >> [ANS]
"translate question to dbpedia path: Entities possibly involved: dbr:Bacteria, dbr:Firmicutes | Question: Count the total number of bacterias whose division is Firmicutes and domain is Bacteria?",COUNT >> [ANS] >> dbo:division >> dbr:Firmicutes [SEP] [ANS] >> dbp:domain >> dbr:Bacteria
translate question to dbpedia path: Entities possibly involved: dbr:Close_air_support | Question: Count me the number of people whose military unit is involved with Close air support ?,COUNT >> [ANS] >> dbo:militaryUnit >> [VAR1] [SEP] [ANS] >> rdf:type >> dbo:MilitaryPerson [SEP] [VAR1] >> dbp:role >> dbr:Close_air_support
translate question to dbpedia path: Entities possibly involved: dbr:Queer_as_Folk_(UK_TV_series) | Question: What are some other great things by the person who produced Queer as Folk?,COUNT >> [VAR1] >> dbp:notableworks >> [ANS] [SEP] [VAR1] >> rdf:type >> dbo:Person [SEP] dbr:Queer_as_Folk_(UK_TV_series) >> dbo:producer >> [VAR1]
"translate question to dbpedia path: Entities possibly involved: dbr:Jean-Louis_Arcand, dbr:Geneva | Question: Does Jean Louis Arcand work for Geneva?",ASK >> dbr:Jean-Louis_Arcand >> dbp:institution >> dbr:Geneva
"translate question to dbpedia path: Entities possibly involved: dbr:Facebook, dbr:Public_company | Question: Is facebook a public company?",ASK >> dbr:Facebook >> dbp:companyType >> dbr:Public_company
translate question to dbpedia path: Entities possibly involved: dbr:Alcalá_de_Henares | Question: Count the number of books whose author's were born in Alcal de Henares ?,COUNT >> [ANS] >> dbo:author >> [VAR1] [SEP] [ANS] >> rdf:type >> dbo:Book [SEP] [VAR1] >> dbo:birthPlace >> dbr:Alcalá_de_Henares
translate question to dbpedia path: Entities possibly involved: dbr:Catcher | Question: List down all the baseball teams whose team manager was a Catcher?,[ANS] >> dbo:manager >> [VAR1] [SEP] [ANS] >> rdf:type >> dbo:BaseballTeam [SEP] [VAR1] >> dbo:position >> dbr:Catcher
translate question to dbpedia path: Entities possibly involved: dbr:West_Papua_football_team | Question: Where is the stadium of west Papus football team ?,dbr:West_Papua_football_team >> dbo:stadium >> [ANS]
"translate question to dbpedia path: Entities possibly involved: dbr:Air_2000, dbr:North_America | Question: Does Air 2000 fly to the north american continent?",ASK >> dbr:Air_2000 >> dbo:destination >> dbr:North_America
"translate question to dbpedia path: Entities possibly involved: dbr:Bobby_Beasley, dbr:Martin_Molony | Question: In which racing championships did Bobby Beasley and Martin Molony participate?",dbr:Bobby_Beasley >> dbo:race >> [ANS] [SEP] dbr:Martin_Molony >> dbo:race >> [ANS]
translate question to dbpedia path: Entities possibly involved: dbr:Troodos_Mountains | Question: What is the origin of the grape whose wine region is the Troodos Mountains ?,[VAR1] >> dbo:origin >> [ANS] [SEP] [VAR1] >> dbo:wineRegion >> dbr:Troodos_Mountains [SEP] [VAR1] >> rdf:type >> dbo:Grape
"translate question to dbpedia path: Entities possibly involved: dbr:Buccinidae, dbr:Buccinoidea | Question: Whose families are Buccinoidea and Buccinidae?",[ANS] >> dbo:family >> dbr:Buccinidae [SEP] [ANS] >> dbo:family >> dbr:Buccinoidea
translate question to dbpedia path: Entities possibly involved: dbr:Brad_Paisley_discography | Question: Name the artist of Brad Paisley discography ?,dbr:Brad_Paisley_discography >> dbp:artist >> [ANS]
translate question to dbpedia path: Entities possibly involved: dbr:Ernest_Rutherford | Question: Ernest Rutherford was the advisor of how many people?,COUNT >> [ANS] >> dbp:doctoralAdvisor >> dbr:Ernest_Rutherford
translate question to dbpedia path: Entities possibly involved: dbr:Vancouver_Whitecaps_FC | Question: list all the chairman of Vancouver Whitecaps FC?,dbr:Vancouver_Whitecaps_FC >> dbp:chairman >> [ANS]
"translate question to dbpedia path: Entities possibly involved: dbr:University_of_California,_Santa_Cruz | Question: What are some employees of Uni of California, santa cruz?","[ANS] >> dbp:employer >> dbr:University_of_California,_Santa_Cruz"
translate question to dbpedia path: Entities possibly involved: dbr:Tennie_and_Laura_(schooner) | Question: Name the nearest city to Tennie and Laura ?,dbr:Tennie_and_Laura_(schooner) >> dbp:nearestCity >> [ANS]
translate question to dbpedia path: Entities possibly involved: dbr:Simon_Fuller | Question: How many TV shows have been created by Simon Fuller ?,COUNT >> [ANS] >> dbp:creator >> dbr:Simon_Fuller [SEP] [ANS] >> rdf:type >> dbo:TelevisionShow
translate question to dbpedia path: Entities possibly involved: dbr:ITV_(Thailand) | Question: What is the area of ITV (Thailand) ?,dbr:ITV_(Thailand) >> dbp:area >> [ANS]
translate question to dbpedia path: Entities possibly involved: dbr:Quarterback | Question: who all play for of the american football players at  Quarterback position?,[VAR1] >> dbo:team >> [ANS] [SEP] [VAR1] >> dbp:position >> dbr:Quarterback [SEP] [VAR1] >> rdf:type >> dbo:AmericanFootballPlayer
translate question to dbpedia path: Entities possibly involved: dbr:Henri_Maspero | Question: What is the field of interest of the advisor of Henri Maspero ?,[VAR1] >> dbp:fields >> [ANS] [SEP] dbr:Henri_Maspero >> dbo:academicAdvisor >> [VAR1]
translate question to dbpedia path: Entities possibly involved: dbr:Miami | Question: Count the cities whihch are on the same sea as that of Miami ?,COUNT >> [VAR1] >> dbp:cities >> [ANS] [SEP] [VAR1] >> dbp:cities >> dbr:Miami
translate question to dbpedia path: Entities possibly involved: dbr:FWD.us | Question: Who are the key people of FWD.us?,dbr:FWD.us >> dbp:keyPeople >> [ANS]
translate question to dbpedia path: Entities possibly involved: dbr:Into_the_Dalek | Question: Who is the executive producer of Into the Dalek ?,dbr:Into_the_Dalek >> dbp:executiveProducer >> [ANS]
"translate question to dbpedia path: Entities possibly involved: dbr:Robert_Nederlander, dbr:Gary_Sánchez | Question: What team is famous for Robert Nederlander and also the debuting team of Gary Sanchez?",[ANS] >> rdf:type >> dbo:SportsTeam [SEP] dbr:Gary_Sánchez >> dbo:debutTeam >> [ANS] [SEP] dbr:Robert_Nederlander >> dbo:knownFor >> [ANS]
translate question to dbpedia path: Entities possibly involved: dbr:Arkansas | Question: Through how many cities does the river flowing into Arkansas go?,COUNT >> [ANS] >> rdf:type >> dbo:City [SEP] [VAR1] >> dbo:city >> [ANS] [SEP] [VAR1] >> dbo:mouthMountain >> dbr:Arkansas
"translate question to dbpedia path: Entities possibly involved: dbr:Richard_Marx, dbr:Guitar | Question: Does Richard Marx play guitar?",ASK >> dbr:Richard_Marx >> dbp:instrument >> dbr:Guitar
translate question to dbpedia path: Entities possibly involved: dbr:Sony_Corporation_shareholders_and_subsidiaries | Question: How many things are manufactured by the company whose subsidiary is Sony Corporation shareholders and subsidiaries?,COUNT >> [ANS] >> dbo:manufacturer >> [VAR1] [SEP] [VAR1] >> dbo:subsidiary >> dbr:Sony_Corporation_shareholders_and_subsidiaries
translate question to dbpedia path: Entities possibly involved: dbr:Bill_Clinton | Question: What is the total number of office holders who preceded the people working under president bill clinton?,COUNT >> [ANS] >> dbp:successor >> [VAR1] [SEP] [ANS] >> rdf:type >> dbo:OfficeHolder [SEP] [VAR1] >> dbp:president >> dbr:Bill_Clinton
"translate question to dbpedia path: Entities possibly involved: dbr:Ontario | Question: In which other places are there companies which are in Ontario, too?",[VAR1] >> dbo:locationCity >> dbr:Ontario [SEP] [VAR1] >> dbp:locations >> [ANS]
translate question to dbpedia path: Entities possibly involved: dbr:Russia_women's_national_volleyball_team | Question: How many nations' volleyball players have played for the Russian women volleyball team?,COUNT >> [ANS] >> rdf:type >> dbo:Country [SEP] [VAR1] >> dbp:nationalteam >> dbr:Russia_women's_national_volleyball_team [SEP] [VAR1] >> dbp:placeOfBirth >> [ANS]
translate question to dbpedia path: Entities possibly involved: dbr:Bachelor_of_Arts | Question: In how many places can I find people whose alma mater was in bachelor of arts?,COUNT >> [ANS] >> rdf:type >> dbo:Place [SEP] [VAR1] >> dbo:residence >> [ANS] [SEP] [VAR1] >> dbp:almaMater >> dbr:Bachelor_of_Arts
"translate question to dbpedia path: Entities possibly involved: dbr:Gutenburg,_Switzerland, dbr:Madiswil | Question: Is Gutenberg neighbouring with Madiswil?","ASK >> dbr:Madiswil >> dbp:neighboringMunicipalities >> dbr:Gutenburg,_Switzerland"
"translate question to dbpedia path: Entities possibly involved: dbr:Pizza, dbr:Mr._Jim's_Pizza | Question: Does Mr. Jim's Pizza operate in the pizza industry?",ASK >> dbr:Mr._Jim's_Pizza >> dbo:industry >> dbr:Pizza
translate question to dbpedia path: Entities possibly involved: dbr:South_Park:_The_Stick_of_Truth | Question: Name the writer of South Park: The Stick of Truth ?,dbr:South_Park:_The_Stick_of_Truth >> dbo:writer >> [ANS]
translate question to dbpedia path: Entities possibly involved: dbr:Torrey_Pines_Gliderport | Question: Who owns Torrey Pines Gliderport?,dbr:Torrey_Pines_Gliderport >> dbp:owner >> [ANS]
"translate question to dbpedia path: Entities possibly involved: dbr:Ajahn_Sao_Kantasīlo, dbr:Newin_Chidchob | Question: Which nationality of Newin Chidchob is also the nationality of Ajahn Sao Kantaslo ?",dbr:Ajahn_Sao_Kantasīlo >> dbo:nationality >> [ANS] [SEP] dbr:Newin_Chidchob >> dbp:nationality >> [ANS]
translate question to dbpedia path: Entities possibly involved: dbr:If_(band) | Question: What is the label of things produced by the band If?,[VAR1] >> dbp:artist >> dbr:If_(band) [SEP] [VAR1] >> dbp:label >> [ANS]
translate question to dbpedia path: Entities possibly involved: dbr:Winston_Bryant | Question: List the goverener of Winston Bryant?,dbr:Winston_Bryant >> dbp:governor >> [ANS]
"translate question to dbpedia path: Entities possibly involved: dbr:Tim_Burton, dbr:Danny_Elfman | Question: Count the movies directed by Tim Burton and music composer Danny Elfman ?",COUNT >> [ANS] >> dbp:director >> dbr:Tim_Burton [SEP] [ANS] >> dbp:music >> dbr:Danny_Elfman
translate question to dbpedia path: Entities possibly involved: dbr:Drum_kit | Question: From which genres of music did those genres emerge where drums are important?,[VAR1] >> dbo:stylisticOrigin >> [ANS] [SEP] [VAR1] >> dbp:instruments >> dbr:Drum_kit [SEP] [VAR1] >> rdf:type >> dbo:MusicGenre
translate question to dbpedia path: Entities possibly involved: dbr:Earl_B._Ruth | Question: Who is the appointer of Earl B. Ruth ?,dbr:Earl_B._Ruth >> dbp:appointer >> [ANS]
translate question to dbpedia path: Entities possibly involved: dbr:Samuel_Isham | Question: To which educational institutes is Samuel Isham associated to?,dbr:Samuel_Isham >> dbp:education >> [ANS]
translate question to dbpedia path: Entities possibly involved: dbr:Canidae | Question: Give me a count of mammals whose family is Canidae?,COUNT >> [ANS] >> dbo:family >> dbr:Canidae [SEP] [ANS] >> rdf:type >> dbo:Mammal
"translate question to dbpedia path: Entities possibly involved: dbr:Oulu, dbr:Europe | Question: Which European sea has Oulu as one of the shore city ?",[ANS] >> dbo:location >> dbr:Europe [SEP] [ANS] >> dbp:cities >> dbr:Oulu [SEP] [ANS] >> rdf:type >> dbo:Sea
translate question to dbpedia path: Entities possibly involved: dbr:Tony_Award | Question: List the total number of awards of the musicals who have won Tony Award?,COUNT >> [VAR1] >> dbp:awards >> [ANS] [SEP] [VAR1] >> dbp:awards >> dbr:Tony_Award
"translate question to dbpedia path: Entities possibly involved: dbr:BBC_Multimedia, dbr:Visions_(convention) | Question: What is the product of the BBC Multimedia and is the theme of Visions, the convention?",dbr:BBC_Multimedia >> dbo:product >> [ANS] [SEP] dbr:Visions_(convention) >> dbp:genre >> [ANS]
"translate question to dbpedia path: Entities possibly involved: dbr:Golan_Heights, dbr:Jordan_River | Question: Does the Jordan River start in the Golan Heights?",ASK >> dbr:Jordan_River >> dbo:sourceRegion >> dbr:Golan_Heights
translate question to dbpedia path: Entities possibly involved: dbr:Battle_of_France | Question: Count the awards received by the ones who fought the battle of france?,COUNT >> [VAR1] >> dbo:award >> [ANS] [SEP] [VAR1] >> dbo:battle >> dbr:Battle_of_France
translate question to dbpedia path: Entities possibly involved: dbr:Dallas_Cowboys | Question: How many people play for the Dallas Cowboys?,COUNT >> [ANS] >> dbo:team >> dbr:Dallas_Cowboys
"translate question to dbpedia path: Entities possibly involved: dbr:Iran, dbr:Reza_Amrollahi | Question: Was Reza Amrollahi born in Iran?",ASK >> dbr:Reza_Amrollahi >> dbp:birthplace >> dbr:Iran
"translate question to dbpedia path: Entities possibly involved: dbr:Hagåtña,_Guam | Question: What is the country whose administrative centre is Hagta, Guam?","[ANS] >> dbo:capital >> dbr:Hagåtña,_Guam [SEP] [ANS] >> rdf:type >> dbo:Country"
translate question to dbpedia path: Entities possibly involved: dbr:John_Madden_Football_'92 | Question: Who was the designer of john madden Football '92 ?,dbr:John_Madden_Football_'92 >> dbp:designer >> [ANS]
translate question to dbpedia path: Entities possibly involved: dbr:Donald_Wilson_(writer_and_producer) | Question: Which are the television show which have been created by Donald Wilson?,[ANS] >> dbo:creator >> dbr:Donald_Wilson_(writer_and_producer) [SEP] [ANS] >> rdf:type >> dbo:TelevisionShow
translate question to dbpedia path: Entities possibly involved: dbr:Colonel_(United_States) | Question: Count all the Colonels?,COUNT >> [ANS] >> dbp:rank >> dbr:Colonel_(United_States)
"translate question to dbpedia path: Entities possibly involved: dbr:Croton_River, dbr:Hudson_River | Question: Does the croton river flow into the hudson?",ASK >> dbr:Hudson_River >> dbo:leftTributary >> dbr:Croton_River
translate question to dbpedia path: Entities possibly involved: dbr:Ontario | Question: What has  location as Ontario?,[ANS] >> dbo:location >> dbr:Ontario
translate question to dbpedia path: Entities possibly involved: dbr:Juno_I | Question: Where was Juno I launched from ?,dbr:Juno_I >> dbo:launchSite >> [ANS]
"translate question to dbpedia path: Entities possibly involved: dbr:Æthelred_the_Unready | Question: In which sects was the aristocrat venerated, whose parent is Thelred the Unready?",[VAR1] >> dbo:parent >> dbr:Æthelred_the_Unready [SEP] [VAR1] >> dbp:veneratedIn >> [ANS] [SEP] [VAR1] >> rdf:type >> dbo:Royalty
"translate question to dbpedia path: Entities possibly involved: dbr:1971_United_States_Grand_Prix, dbr:1967_Mexican_Grand_Prix | Question: What was a common first team at the 1967 Mexican Grand Prix and 1971 US one?",dbr:1967_Mexican_Grand_Prix >> dbp:firstTeam >> [ANS] [SEP] dbr:1971_United_States_Grand_Prix >> dbp:firstTeam >> [ANS]
translate question to dbpedia path: Entities possibly involved: dbr:Sweden | Question: What are some common ingredients used in Swedish dishes?,[VAR1] >> dbo:country >> dbr:Sweden [SEP] [VAR1] >> dbo:ingredient >> [ANS]
translate question to dbpedia path: Entities possibly involved: dbr:Rheinmetall_MG_60 | Question: Where did Rheinmetall MG 60 originated ?,dbr:Rheinmetall_MG_60 >> dbo:origin >> [ANS]
"translate question to dbpedia path: Entities possibly involved: dbr:Nokia_215, dbr:Series_30+ | Question: Did nokia 215 has the series 30+ OS?",ASK >> dbr:Nokia_215 >> dbp:os >> dbr:Series_30+
translate question to dbpedia path: Entities possibly involved: dbr:Gregg_Toland | Question: Gregg Toland cinematographed how many things?,COUNT >> [ANS] >> dbo:cinematography >> dbr:Gregg_Toland
translate question to dbpedia path: Entities possibly involved: dbr:Democratic_Party_(United_States) | Question: List the birth city of the politicians of Democratic Party.,[VAR1] >> dbo:birthPlace >> [ANS] [SEP] [VAR1] >> dbo:party >> dbr:Democratic_Party_(United_States) [SEP] [VAR1] >> rdf:type >> dbo:Politician
"translate question to dbpedia path: Entities possibly involved: dbr:Walt_Disney, dbr:Tommy_Tucker's_Tooth | Question: Was Tommy Tucker's Tooth animated by Walt Disney?",ASK >> dbr:Tommy_Tucker's_Tooth >> dbo:animator >> dbr:Walt_Disney
translate question to dbpedia path: Entities possibly involved: dbr:Metro-North_Railroad | Question: Give me the total number of lines owned by owner of Mwtro-Noth Railroad ?,COUNT >> [VAR1] >> dbo:owner >> dbr:Metro-North_Railroad [SEP] [VAR1] >> dbp:owner >> [ANS]
translate question to dbpedia path: Entities possibly involved: dbr:Fox_Broadcasting_Company | Question: How many television shows are broadcasted on Fox Broadcasting Company?,COUNT >> [ANS] >> dbo:channel >> dbr:Fox_Broadcasting_Company [SEP] [ANS] >> rdf:type >> dbo:TelevisionShow
translate question to dbpedia path: Entities possibly involved: dbr:Simon_Fuller | Question: What are some tv shows created by Simon Fuller?,[ANS] >> dbp:creator >> dbr:Simon_Fuller [SEP] [ANS] >> rdf:type >> dbo:TelevisionShow
translate question to dbpedia path: Entities possibly involved: dbr:Mediterranean_Basketball_Association | Question: How many states are in the Mediterranean Basketball Association?,COUNT >> [ANS] >> rdf:type >> dbo:Place [SEP] dbr:Mediterranean_Basketball_Association >> dbo:country >> [ANS]
translate question to dbpedia path: Entities possibly involved: dbr:Main_Course | Question: Who wrote the singles on the Main Course?,[VAR1] >> dbp:album >> dbr:Main_Course [SEP] [VAR1] >> dbp:writer >> [ANS] [SEP] [VAR1] >> rdf:type >> dbo:Single
"translate question to dbpedia path: Entities possibly involved: dbr:Dundas_Castle_(Roscoe,_New_York) | Question: In how many places can I find people who were the architects of the Dundas Castle?","COUNT >> [VAR1] >> dbp:region >> [ANS] [SEP] dbr:Dundas_Castle_(Roscoe,_New_York) >> dbp:architecture >> [VAR1]"
translate question to dbpedia path: Entities possibly involved: dbr:Barbara_Bush | Question: List all the children of Barbara Bush?,dbr:Barbara_Bush >> dbp:children >> [ANS]
translate question to dbpedia path: Entities possibly involved: dbr:Wisconsin | Question: Who trained the wrestlers who are billed in Wisconsin?,[VAR1] >> dbo:billed >> dbr:Wisconsin [SEP] [VAR1] >> dbo:trainer >> [ANS] [SEP] [VAR1] >> rdf:type >> dbo:Wrestler
translate question to dbpedia path: Entities possibly involved: dbr:Ionian_Sea | Question: How many cities are around the sea in which the ionian sea flows?,COUNT >> [VAR1] >> dbp:cities >> [ANS] [SEP] [VAR1] >> rdf:type >> dbo:Sea [SEP] dbr:Ionian_Sea >> dbo:outflow >> [VAR1]
"translate question to dbpedia path: Entities possibly involved: dbr:Douglas,_Isle_of_Man | Question: What all is produced by companies in Douglas, Isle of Man?","[VAR1] >> dbo:locationCity >> dbr:Douglas,_Isle_of_Man [SEP] [VAR1] >> dbo:product >> [ANS] [SEP] [VAR1] >> rdf:type >> dbo:Company"
translate question to dbpedia path: Entities possibly involved: dbr:Miguel_de_Cervantes | Question: Miguel de Cervantes wrote the musical extended from which book?,[VAR1] >> dbo:author >> dbr:Miguel_de_Cervantes [SEP] [VAR1] >> dbo:basedOn >> [ANS] [SEP] [VAR1] >> rdf:type >> dbo:Musical
"translate question to dbpedia path: Entities possibly involved: dbr:Soccer_Bowl_'76, dbr:Boundary_Dam | Question: Which city amongst the one which belongs to Boundary Dam was the palce for Soccer Bowl '76 ?",dbr:Boundary_Dam >> dbp:owner >> [ANS] [SEP] dbr:Soccer_Bowl_'76 >> dbo:city >> [ANS]
"translate question to dbpedia path: Entities possibly involved: dbr:Google.by, dbr:Manu_Cornet | Question: Which employer of Manu Cornet has alsoe written Google.by ?",dbr:Google.by >> dbo:author >> [ANS] [SEP] dbr:Manu_Cornet >> dbp:employer >> [ANS]
translate question to dbpedia path: Entities possibly involved: dbr:Niederkirchnerstraße | Question: Who had headed the governmental agencies whose admin HQ was in Niederkirchnerstrasse?,[VAR1] >> dbo:headquarter >> dbr:Niederkirchnerstraße [SEP] [VAR1] >> dbo:leader >> [ANS] [SEP] [VAR1] >> rdf:type >> dbo:GovernmentAgency
translate question to dbpedia path: Entities possibly involved: dbr:The_Kentucky_Cycle | Question: Where does the Kentucky cycle take place?,dbr:The_Kentucky_Cycle >> dbp:place >> [ANS]
"translate question to dbpedia path: Entities possibly involved: dbr:Johnny_Depp, dbr:Skull_Gang | Question: Was Johnny Depp a member of Skull Gang?",ASK >> dbr:Skull_Gang >> dbo:bandMember >> dbr:Johnny_Depp
translate question to dbpedia path: Entities possibly involved: dbr:Chinese_poetry | Question: Count the number of fileds of the scientist whose one of the interest is Chinese poetry ?,COUNT >> [VAR1] >> dbp:fields >> [ANS] [SEP] [VAR1] >> dbp:fields >> dbr:Chinese_poetry
translate question to dbpedia path: Entities possibly involved: dbr:Peace | Question: What organisations purpose is Peace?,[ANS] >> dbp:purpose >> dbr:Peace [SEP] [ANS] >> rdf:type >> dbo:Organisation
translate question to dbpedia path: Entities possibly involved: dbr:Defenceman | Question: In how many different teams have all those who have played as a defenceman been?,COUNT >> [ANS] >> rdf:type >> dbo:SportsTeam [SEP] [VAR1] >> dbp:playedFor >> [ANS] [SEP] [VAR1] >> dbp:position >> dbr:Defenceman
translate question to dbpedia path: Entities possibly involved: dbr:Hockey_Canada | Question: How many teams have used the stadiums which have been rented by the Canadian Hockey team?,COUNT >> [VAR1] >> dbo:tenant >> dbr:Hockey_Canada [SEP] [VAR1] >> dbp:tenants >> [ANS]
translate question to dbpedia path: Entities possibly involved: dbr:Los_Angeles_Kings | Question: How many teams have LA kings players in them currently?,COUNT >> [ANS] >> rdf:type >> dbo:SportsTeam [SEP] [VAR1] >> dbo:formerTeam >> dbr:Los_Angeles_Kings [SEP] [VAR1] >> dbo:team >> [ANS]
"translate question to dbpedia path: Entities possibly involved: dbr:Hard_Candy_Fitness, dbr:Moscow | Question: Is Hard Candy Fitness one of the divisions of Moscow?",ASK >> dbr:Hard_Candy_Fitness >> dbp:divisions >> dbr:Moscow
translate question to dbpedia path: Entities possibly involved: dbr:J._Michael_Straczynski | Question: What is the television show whose developer is J. Michael Straczynski?,[ANS] >> dbo:developer >> dbr:J._Michael_Straczynski [SEP] [ANS] >> rdf:type >> dbo:TelevisionShow
"translate question to dbpedia path: Entities possibly involved: dbr:Environmentalism, dbr:Peace | Question: list the organisation with motive for peace and environmentalism?",[ANS] >> dbp:purpose >> dbr:Environmentalism [SEP] [ANS] >> dbp:purpose >> dbr:Peace [SEP] [ANS] >> rdf:type >> dbo:Organisation
translate question to dbpedia path: Entities possibly involved: dbr:Darcs | Question: What is the content license of Darcs ?,dbr:Darcs >> dbo:license >> [ANS]
"translate question to dbpedia path: Entities possibly involved: dbr:Truth_prevails, dbr:Czechoslovakia | Question: Is Truth prevails the national motto of Czechoslovakia?",ASK >> dbr:Czechoslovakia >> dbp:nationalMotto >> dbr:Truth_prevails
"translate question to dbpedia path: Entities possibly involved: dbr:Arlington_County,_Virginia, dbr:United_States_Department_of_the_Navy | Question: Name a military unit whose command structure is United States Department of the Navy and garrison is Arlington County, Virginia?","[ANS] >> dbo:commandStructure >> dbr:United_States_Department_of_the_Navy [SEP] [ANS] >> dbo:garrison >> dbr:Arlington_County,_Virginia [SEP] [ANS] >> rdf:type >> dbo:MilitaryUnit"
"translate question to dbpedia path: Entities possibly involved: dbr:Lena_River, dbr:Olyokma_River | Question: Is Olyokma River the right tributary of Lena River?",ASK >> dbr:Lena_River >> dbo:rightTributary >> dbr:Olyokma_River
translate question to dbpedia path: Entities possibly involved: dbr:Deborah_Crombie | Question: What is the mascot of the alma mater of Deborah Crombie?,[VAR1] >> dbp:mascot >> [ANS] [SEP] dbr:Deborah_Crombie >> dbo:almaMater >> [VAR1]
translate question to dbpedia path: Entities possibly involved: dbr:James_W._Hyatt | Question: What is the resting place of the person who is the successor of James W. Hyatt ?,[VAR1] >> dbo:restingPlace >> [ANS] [SEP] [VAR1] >> rdf:type >> dbo:Person [SEP] dbr:James_W._Hyatt >> dbp:successor >> [VAR1]
translate question to dbpedia path: Entities possibly involved: dbr:Masahiko_Minami | Question: Who wrote the mangas produced by Masahike Minami?,[VAR1] >> dbo:author >> [ANS] [SEP] [VAR1] >> dbp:producer >> dbr:Masahiko_Minami [SEP] [VAR1] >> rdf:type >> dbo:Manga
translate question to dbpedia path: Entities possibly involved: dbr:Quezon_City | Question: What is the mascot of military in Quezon city?,[VAR1] >> dbp:garrison >> dbr:Quezon_City [SEP] [VAR1] >> dbp:mascot >> [ANS] [SEP] [VAR1] >> rdf:type >> dbo:MilitaryUnit
"translate question to dbpedia path: Entities possibly involved: dbr:Ja,_vi_elsker_dette_landet | Question: What all are in the states whose anthem is Ja, vi esker dette landet?","[ANS] >> dbo:country >> [VAR1] [SEP] [VAR1] >> dbo:anthem >> dbr:Ja,_vi_elsker_dette_landet"
translate question to dbpedia path: Entities possibly involved: dbr:National_Basketball_Association | Question: return some  players who have played in the NBA?,[ANS] >> dbp:league >> dbr:National_Basketball_Association
"translate question to dbpedia path: Entities possibly involved: dbr:San_Francisco_International_Airport, dbr:Los_Angeles_International_Airport | Question: Name an airline with hub airports as Los Angeles International Airport and San Francisco International Airport?",[ANS] >> dbo:hubAirport >> dbr:Los_Angeles_International_Airport [SEP] [ANS] >> dbp:hubs >> dbr:San_Francisco_International_Airport [SEP] [ANS] >> rdf:type >> dbo:Airline
translate question to dbpedia path: Entities possibly involved: dbr:Tennessee | Question: Give me a count on scientist who are known for garrison is Tennessee ?,COUNT >> [ANS] >> dbp:knownFor >> [VAR1] [SEP] [ANS] >> rdf:type >> dbo:Scientist [SEP] [VAR1] >> dbo:garrison >> dbr:Tennessee
"translate question to dbpedia path: Entities possibly involved: dbr:Ronaldinho, dbr:Brazil_national_under-23_football_team | Question: Does Ronaldinho play in the brazil's under 23 team?",ASK >> dbr:Ronaldinho >> dbp:nationalteam >> dbr:Brazil_national_under-23_football_team
translate question to dbpedia path: Entities possibly involved: dbr:Fabio_Mercurio | Question: Who owns the bank where Fabio Mercurio works?,[VAR1] >> dbp:owner >> [ANS] [SEP] [VAR1] >> rdf:type >> dbo:Bank [SEP] dbr:Fabio_Mercurio >> dbp:institution >> [VAR1]
translate question to dbpedia path: Entities possibly involved: dbr:Timeform | Question: Who owns the horses which have won the Timeform award?,[VAR1] >> dbo:owner >> [ANS] [SEP] [VAR1] >> dbp:awards >> dbr:Timeform [SEP] [VAR1] >> rdf:type >> dbo:Horse
translate question to dbpedia path: Entities possibly involved: dbr:The_Peanuts_Movie | Question: What are some fictional characters whose voice is in the peanuts movie?,[ANS] >> dbo:voice >> dbr:The_Peanuts_Movie
translate question to dbpedia path: Entities possibly involved: dbr:Toronto_Argonauts | Question: How many people used to play for Toronto Argonauts?,COUNT >> [ANS] >> dbo:formerTeam >> dbr:Toronto_Argonauts
translate question to dbpedia path: Entities possibly involved: dbr:Indian_Standard_Time | Question: How many different people have been in any political seat in places which are under the Indian Standard timezone?,COUNT >> [VAR1] >> dbo:leaderName >> [ANS] [SEP] [VAR1] >> dbo:timeZone >> dbr:Indian_Standard_Time
"translate question to dbpedia path: Entities possibly involved: dbr:Hirth_Acrostar, dbr:Dornier_Aerodyne | Question: What is the national origin of Dornier Aerodyne and Hirth Acrostar ?;",dbr:Dornier_Aerodyne >> dbp:nationalOrigin >> [ANS] [SEP] dbr:Hirth_Acrostar >> dbo:origin >> [ANS]
"translate question to dbpedia path: Entities possibly involved: dbr:Class_conflict, dbr:Karl_Marx | Question: Was Class Conflict an interest of Karl Marx?",ASK >> dbr:Karl_Marx >> dbo:mainInterest >> dbr:Class_conflict
translate question to dbpedia path: Entities possibly involved: dbr:Toronto | Question: Count the tenants of the stadiums owned by toronto.,COUNT >> [VAR1] >> dbp:owner >> dbr:Toronto [SEP] [VAR1] >> dbp:tenants >> [ANS]
translate question to dbpedia path: Entities possibly involved: dbr:Emanuel_de_Guzman | Question: How many sports are played in organizations presided by Emanuel de Guzman?,COUNT >> [ANS] >> rdf:type >> dbo:Sport [SEP] [VAR1] >> dbo:president >> dbr:Emanuel_de_Guzman [SEP] [VAR1] >> dbo:sport >> [ANS]
translate question to dbpedia path: Entities possibly involved: dbr:Leonid_Fedun | Question: What are the home stadiums of the things Leonid Fedun has been the chairman of?,[VAR1] >> dbo:chairman >> dbr:Leonid_Fedun [SEP] [VAR1] >> dbo:homeStadium >> [ANS]
"translate question to dbpedia path: Entities possibly involved: dbr:Akan_language, dbr:Ghana | Question: Is Akan spoken in Ghana?",ASK >> dbr:Ghana >> dbp:languages >> dbr:Akan_language
translate question to dbpedia path: Entities possibly involved: dbr:Colin_Brake | Question: Who acted in the work written by Colin Brake?,[VAR1] >> dbp:starring >> [ANS] [SEP] [VAR1] >> dbp:writer >> dbr:Colin_Brake [SEP] [VAR1] >> rdf:type >> dbo:Work
"translate question to dbpedia path: Entities possibly involved: dbr:Oh!_Darling, dbr:Robin_Gibb | Question: Is Robin Gibb the singer of Oh! Darling?",ASK >> dbr:Oh!_Darling >> dbo:musicalArtist >> dbr:Robin_Gibb
translate question to dbpedia path: Entities possibly involved: dbr:Bodhi_Elfman | Question: What are some movies whose score is composed by relatives of Bodhi Elfman?,[ANS] >> dbp:music >> [VAR1] [SEP] [ANS] >> rdf:type >> dbo:Film [SEP] [VAR1] >> dbp:relatives >> dbr:Bodhi_Elfman
"translate question to dbpedia path: Entities possibly involved: dbr:Chiva_bus, dbr:Ford_Motor_Company | Question: Is the Chiva Bus by the Ford Motor Company?",ASK >> dbr:Chiva_bus >> dbo:automobilePlatform >> dbr:Ford_Motor_Company
translate question to dbpedia path: Entities possibly involved: dbr:K._W._Jeter | Question: List the series of the books whose author is K. W. Jeter.,[VAR1] >> dbo:series >> [ANS] [SEP] [VAR1] >> dbp:author >> dbr:K._W._Jeter [SEP] [VAR1] >> rdf:type >> dbo:Book
"translate question to dbpedia path: Entities possibly involved: dbr:Vanderbilt_Commodores, dbr:Hubert_Wiggs | Question: What is the common university iof vanderbilt Commodores and also the college of hubert Wiggs ?",dbr:Hubert_Wiggs >> dbo:college >> [ANS] [SEP] dbr:Vanderbilt_Commodores >> dbo:university >> [ANS]
translate question to dbpedia path: Entities possibly involved: dbr:Emanuel_de_Guzman | Question: How many sports are played at the university whose president is Emanuel de Guzman?,COUNT >> [ANS] >> rdf:type >> dbo:Sport [SEP] [VAR1] >> dbo:sport >> [ANS] [SEP] [VAR1] >> dbp:president >> dbr:Emanuel_de_Guzman
translate question to dbpedia path: Entities possibly involved: dbr:Metaphysics | Question: Give me the count of interests of the philosopher whose primary interest is Metaphysics ?,COUNT >> [VAR1] >> dbp:mainInterests >> [ANS] [SEP] [VAR1] >> dbp:mainInterests >> dbr:Metaphysics
translate question to dbpedia path: Entities possibly involved: dbr:Gold_Medal_of_the_Royal_Astronomical_Society | Question: How many people won the Gold Medal of the Royal Astronomical Society?,COUNT >> [ANS] >> dbp:prizes >> dbr:Gold_Medal_of_the_Royal_Astronomical_Society
"translate question to dbpedia path: Entities possibly involved: dbr:Funky_Lab_Rat, dbr:North_America | Question: Was the Funky Lab Rat released in North America?",ASK >> dbr:Funky_Lab_Rat >> dbp:released >> dbr:North_America
"translate question to dbpedia path: Entities possibly involved: dbr:Timothy_Morton, dbr:Philip_Novak | Question: What is the main common interests of the Philip Novak and Timothy Morton?",dbr:Philip_Novak >> dbp:mainInterests >> [ANS] [SEP] dbr:Timothy_Morton >> dbp:mainInterests >> [ANS]
translate question to dbpedia path: Entities possibly involved: dbr:Bacillales | Question: How many members are there of the order of Bacillales?,COUNT >> [ANS] >> dbo:order >> dbr:Bacillales
"translate question to dbpedia path: Entities possibly involved: dbr:PostgreSQL, dbr:Fluidinfo | Question: Is Fluidinfo written in PostgreSQL language?",ASK >> dbr:Fluidinfo >> dbp:programmingLanguage >> dbr:PostgreSQL
translate question to dbpedia path: Entities possibly involved: dbr:Massachusetts_House_of_Representatives | Question: How many people work in the Massachusetts house of Representatives?,COUNT >> [ANS] >> dbp:office >> dbr:Massachusetts_House_of_Representatives
translate question to dbpedia path: Entities possibly involved: dbr:South_Asia_Subregional_Economic_Cooperation | Question: Which countries came together to serve a greater purpose and founded South Asia Subregional Economic Cooperation?,dbr:South_Asia_Subregional_Economic_Cooperation >> dbp:membership >> [ANS]
translate question to dbpedia path: Entities possibly involved: dbr:Janata_Dal | Question: Count the number of religions followed by Janta Dal members.,COUNT >> [VAR1] >> dbo:religion >> [ANS] [SEP] [VAR1] >> dbp:party >> dbr:Janata_Dal
"translate question to dbpedia path: Entities possibly involved: dbr:Johann_Gottfried_Galle, dbr:Neptune | Question: Did Johann Gottfried Galle invent Neptune?",ASK >> dbr:Neptune >> dbp:discoverer >> dbr:Johann_Gottfried_Galle
"translate question to dbpedia path: Entities possibly involved: dbr:Shire_River, dbr:Kafue_River | Question: Where does Kafue and Shire river flow into?",dbr:Kafue_River >> dbo:riverMouth >> [ANS] [SEP] dbr:Shire_River >> dbo:riverMouth >> [ANS]
translate question to dbpedia path: Entities possibly involved: dbr:Katy_B | Question: Through which label has Katy B released her singles?,[VAR1] >> dbo:recordLabel >> [ANS] [SEP] [VAR1] >> dbo:writer >> dbr:Katy_B [SEP] [VAR1] >> rdf:type >> dbo:Single
translate question to dbpedia path: Entities possibly involved: dbr:Bobby_Hoppe | Question: List the teams for which Bobby Hoppe played ?,dbr:Bobby_Hoppe >> dbp:pastteams >> [ANS]
translate question to dbpedia path: Entities possibly involved: dbr:Joker_(comics) | Question: How many other characters are there of the plays which has a  characters name Joker (comics) ?,COUNT >> [VAR1] >> dbp:characters >> [ANS] [SEP] [VAR1] >> dbp:characters >> dbr:Joker_(comics)
translate question to dbpedia path: Entities possibly involved: dbr:Cathedral_Peak_(California) | Question: Who first ascented a mountain of Cathedral Peak (California) ?,dbr:Cathedral_Peak_(California) >> dbo:firstAscentPerson >> [ANS]
translate question to dbpedia path: Entities possibly involved: dbr:Erik_Bergman_(Lutheran_minister) | Question: Which awards did the children of Erik Bergman won ?,[VAR1] >> dbp:awards >> [ANS] [SEP] dbr:Erik_Bergman_(Lutheran_minister) >> dbp:children >> [VAR1]
translate question to dbpedia path: Entities possibly involved: dbr:Mausoleum_of_Augustus | Question: How many people are buried in the Mausoleum of Augustus?,COUNT >> [ANS] >> dbp:placeOfBurial >> dbr:Mausoleum_of_Augustus
translate question to dbpedia path: Entities possibly involved: dbr:WASH_(FM) | Question: List the program genres of the sister stations of 97.1 WASH FM?,[VAR1] >> dbo:programmeFormat >> [ANS] [SEP] dbr:WASH_(FM) >> dbp:sisterStations >> [VAR1]
translate question to dbpedia path: Entities possibly involved: dbr:National_Hockey_League | Question: Which team's players have played in the national hockey league?,[VAR1] >> dbo:team >> [ANS] [SEP] [VAR1] >> dbp:league >> dbr:National_Hockey_League [SEP] [VAR1] >> rdf:type >> dbo:Athlete
translate question to dbpedia path: Entities possibly involved: dbr:James_McClure_(table_tennis) | Question: Where was James McClure born ?,dbr:James_McClure_(table_tennis) >> dbp:birthPlace >> [ANS]
translate question to dbpedia path: Entities possibly involved: dbr:Progressive_rock | Question: Which labels signs up progressive rock bands?,[VAR1] >> dbo:recordLabel >> [ANS] [SEP] [VAR1] >> dbp:genre >> dbr:Progressive_rock [SEP] [VAR1] >> rdf:type >> dbo:MusicalArtist
"translate question to dbpedia path: Entities possibly involved: dbr:Kazan | Question: Where does the railway tracks start, which ends in Kazan?",[VAR1] >> dbo:routeEnd >> dbr:Kazan [SEP] [VAR1] >> dbo:routeStart >> [ANS] [SEP] [VAR1] >> rdf:type >> dbo:RailwayLine
translate question to dbpedia path: Entities possibly involved: dbr:Asus | Question: what are some devices made by asus?,[ANS] >> dbo:manufacturer >> dbr:Asus [SEP] [ANS] >> rdf:type >> dbo:InformationAppliance
"translate question to dbpedia path: Entities possibly involved: dbr:François_Beauchemin, dbr:Nathan_Dempsey | Question: Which former team of Franois Beauchemin does the Nathan Dempsey played for ?",dbr:François_Beauchemin >> dbo:formerTeam >> [ANS] [SEP] dbr:Nathan_Dempsey >> dbp:playedFor >> [ANS]
"translate question to dbpedia path: Entities possibly involved: dbr:Reading,_Berkshire | Question: Give me a count of schools in Reading, Berkshire?","COUNT >> [ANS] >> dbo:city >> dbr:Reading,_Berkshire [SEP] [ANS] >> rdf:type >> dbo:School"
"translate question to dbpedia path: Entities possibly involved: dbr:Buzz_Williams, dbr:2013–14_Marquette_Golden_Eagles_men's_basketball_team | Question: Was Buzz Williams the headcoach of the Marquette Golden Eagles mens team?",ASK >> dbr:2013–14_Marquette_Golden_Eagles_men's_basketball_team >> dbp:headcoach >> dbr:Buzz_Williams
"translate question to dbpedia path: Entities possibly involved: dbr:Miguel_de_Cervantes, dbr:Francisco_de_Robles | Question: List books authored by Miguel de Cervantes and published by Francisco de Robles ?",[ANS] >> dbo:publisher >> dbr:Francisco_de_Robles [SEP] [ANS] >> dbp:author >> dbr:Miguel_de_Cervantes [SEP] [ANS] >> rdf:type >> dbo:Book
translate question to dbpedia path: Entities possibly involved: dbr:Neil_Cross | Question: List down all notable works of Neil Cross ?,dbr:Neil_Cross >> dbo:notableWork >> [ANS]
"translate question to dbpedia path: Entities possibly involved: dbr:Redding,_Connecticut | Question: Who are the parent  of the people that  has POD as Redding, Connecticut ?","[VAR1] >> dbo:deathPlace >> dbr:Redding,_Connecticut [SEP] [VAR1] >> dbo:parent >> [ANS]"
"translate question to dbpedia path: Entities possibly involved: dbr:Mushir, dbr:Saddam_Hussein | Question: Was saddam hussein at the rank of Mushir ever?",ASK >> dbr:Saddam_Hussein >> dbp:rank >> dbr:Mushir
translate question to dbpedia path: Entities possibly involved: dbr:Eric_Schiller | Question: What are the things Eric Schiller known for ?,dbr:Eric_Schiller >> dbo:knownFor >> [ANS]
translate question to dbpedia path: Entities possibly involved: dbr:United_States | Question: How many venues are located in the US?,COUNT >> [ANS] >> dbp:address >> dbr:United_States [SEP] [ANS] >> rdf:type >> dbo:Venue
translate question to dbpedia path: Entities possibly involved: dbr:Cologny | Question: What are some neighboring cities of cologny?,[ANS] >> dbp:neighboringMunicipalities >> dbr:Cologny
"translate question to dbpedia path: Entities possibly involved: dbr:Kirk_Hammett, dbr:Gibson_Flying_V | Question: Does Kirk Hammett play the Gibson Flying V?",ASK >> dbr:Kirk_Hammett >> dbo:instrument >> dbr:Gibson_Flying_V
translate question to dbpedia path: Entities possibly involved: dbr:Jens_Jensen_(landscape_architect) | Question: Who are the people who died in a place architected by Jens Jensen,[ANS] >> dbo:deathPlace >> [VAR1] [SEP] [ANS] >> rdf:type >> dbo:Person [SEP] [VAR1] >> dbo:architect >> dbr:Jens_Jensen_(landscape_architect)
"translate question to dbpedia path: Entities possibly involved: dbr:Kelly_Osbourne, dbr:Ozzy_Osbourne | Question: Who has Kelly Osbourne and Ozzy Osbourne as relatives?",[ANS] >> dbo:relative >> dbr:Kelly_Osbourne [SEP] [ANS] >> dbo:relative >> dbr:Ozzy_Osbourne
"translate question to dbpedia path: Entities possibly involved: dbr:HBO, dbr:Playtone | Question: Name the television show whose company is HBO and Playtone?",[ANS] >> dbo:company >> dbr:HBO [SEP] [ANS] >> dbp:company >> dbr:Playtone [SEP] [ANS] >> rdf:type >> dbo:TelevisionShow
translate question to dbpedia path: Entities possibly involved: dbr:Bruce_Bochy | Question: Who did Bruce Bochy play for ?,dbr:Bruce_Bochy >> dbo:team >> [ANS]
translate question to dbpedia path: Entities possibly involved: dbr:Martin_Crane | Question: Which political party got elected in First Legislative Assembly of Uttar Pradesh ?,dbr:Martin_Crane >> dbp:children >> [ANS]
"translate question to dbpedia path: Entities possibly involved: dbr:Anatoly_Kharlampiyev, dbr:Lyudmila_Buldakova | Question: What is the deathplace of the Anatoly Kharlampiyev which is also the death place of  Lyudmila Buldakova?",dbr:Anatoly_Kharlampiyev >> dbp:deathPlace >> [ANS] [SEP] dbr:Lyudmila_Buldakova >> dbp:deathPlace >> [ANS]
"translate question to dbpedia path: Entities possibly involved: dbr:Tamera_Mowry, dbr:Voices_(group) | Question: Is Tamera Mowry the former band member of Voices?",ASK >> dbr:Voices_(group) >> dbo:formerBandMember >> dbr:Tamera_Mowry
translate question to dbpedia path: Entities possibly involved: dbr:Lucy_Sullivan_Is_Getting_Married | Question: List the actors of  Lucy Sullivan Is Getting Married?,dbr:Lucy_Sullivan_Is_Getting_Married >> dbp:starring >> [ANS]
translate question to dbpedia path: Entities possibly involved: dbr:Hynief | Question: How many people have worked in the band one of whose current member is Hynief?,COUNT >> [ANS] >> rdf:type >> dbo:Person [SEP] [VAR1] >> dbo:bandMember >> [ANS] [SEP] [VAR1] >> dbp:currentMembers >> dbr:Hynief
translate question to dbpedia path: Entities possibly involved: dbr:New_York | Question: Enumerate all those who are in the Board of companies founded in New York?,COUNT >> [ANS] >> dbo:board >> [VAR1] [SEP] [VAR1] >> dbp:foundation >> dbr:New_York
translate question to dbpedia path: Entities possibly involved: dbr:Murray_Gold | Question: Murray Gold has composed music for how many things?,COUNT >> [ANS] >> dbo:composer >> dbr:Murray_Gold
translate question to dbpedia path: Entities possibly involved: dbr:NBC | Question: How many people have been presenters for NBC shows?,COUNT >> [ANS] >> rdf:type >> dbo:Person [SEP] [VAR1] >> dbo:channel >> dbr:NBC [SEP] [VAR1] >> dbp:presenter >> [ANS]
"translate question to dbpedia path: Entities possibly involved: dbr:Peter_Thorneycroft, dbr:British_Gazette | Question: Who is the compiler of British Gazette whose prime minister is also Peter Thorneycroft ?",dbr:British_Gazette >> dbp:editor >> [ANS] [SEP] dbr:Peter_Thorneycroft >> dbp:primeminister >> [ANS]
translate question to dbpedia path: Entities possibly involved: dbr:Georgia_(U.S._state) | Question: Name the states which have been billed by the wrestlers who has also billed Georgia ?,[VAR1] >> dbp:billed >> [ANS] [SEP] [VAR1] >> dbp:billed >> dbr:Georgia_(U.S._state) [SEP] [VAR1] >> rdf:type >> dbo:Wrestler
"translate question to dbpedia path: Entities possibly involved: dbr:Grand_Bahama, dbr:The_Bahamas | Question: Is Grand Bahama lie in the achipelago of the bahamas?",ASK >> dbr:Grand_Bahama >> dbp:archipelago >> dbr:The_Bahamas
"translate question to dbpedia path: Entities possibly involved: dbr:1994_Hungarian_Grand_Prix, dbr:Michael_Schumacher | Question: Is Michael Schumacher the first driver of the 1994 grand prix?",ASK >> dbr:1994_Hungarian_Grand_Prix >> dbp:firstDriver >> dbr:Michael_Schumacher
translate question to dbpedia path: Entities possibly involved: dbr:Madrid | Question: What are the books written by authors who died in Madrid?,[ANS] >> dbp:author >> [VAR1] [SEP] [ANS] >> rdf:type >> dbo:Book [SEP] [VAR1] >> dbo:restingPlace >> dbr:Madrid
translate question to dbpedia path: Entities possibly involved: dbr:Agaléga | Question: Count the number of broadcast area of the TV stations which serves in Agalga ?,COUNT >> [VAR1] >> dbo:broadcastArea >> dbr:Agaléga [SEP] [VAR1] >> dbp:broadcastArea >> [ANS]
translate question to dbpedia path: Entities possibly involved: dbr:Monty_Python | Question: Name the movies writtten by the group Monty Python ?,[ANS] >> dbp:writer >> dbr:Monty_Python [SEP] [ANS] >> rdf:type >> dbo:Film
translate question to dbpedia path: Entities possibly involved: dbr:Lao_Plaza_Hotel | Question: Where is Lao Plaza Hotel located?,dbr:Lao_Plaza_Hotel >> dbp:developer >> [ANS]
"translate question to dbpedia path: Entities possibly involved: dbr:Walt_Disney, dbr:Mickey's_Mellerdrammer | Question: Was Walt Disney the cinematographer of Mickey's Mellerdrammer?",ASK >> dbr:Mickey's_Mellerdrammer >> dbp:cinematography >> dbr:Walt_Disney
"translate question to dbpedia path: Entities possibly involved: dbr:Pandaruan_Bridge, dbr:Malaysia_Junior_Hockey_League | Question: Which mainter of Pandaruan Bridge is also the land of Malaysia junior Hockey league ?",dbr:Malaysia_Junior_Hockey_League >> dbo:country >> [ANS] [SEP] dbr:Pandaruan_Bridge >> dbo:maintainedBy >> [ANS]
translate question to dbpedia path: Entities possibly involved: dbr:William_Luther_Hill | Question: What is the profession of William Luther Hill ?,dbr:William_Luther_Hill >> dbo:profession >> [ANS]
translate question to dbpedia path: Entities possibly involved: dbr:Selangor | Question: Name all the hubs of the airlines whose one of the hubs is Selangir ?,[VAR1] >> dbp:hubs >> [ANS] [SEP] [VAR1] >> dbp:hubs >> dbr:Selangor [SEP] [VAR1] >> rdf:type >> dbo:Airline
translate question to dbpedia path: Entities possibly involved: dbr:Michaelhouse | Question: How many other school are there of the rugby players whose school is Michaelhouse ?,COUNT >> [VAR1] >> dbo:school >> dbr:Michaelhouse [SEP] [VAR1] >> dbp:school >> [ANS]
translate question to dbpedia path: Entities possibly involved: dbr:Colorectal_cancer | Question: What are the films whose atleast one cast member died due to Colorectal cancer?,[ANS] >> dbp:starring >> [VAR1] [SEP] [ANS] >> rdf:type >> dbo:Film [SEP] [VAR1] >> dbo:deathCause >> dbr:Colorectal_cancer
translate question to dbpedia path: Entities possibly involved: dbr:United_World_College_of_Costa_Rica | Question: Who is the President of United World College of Costa Rica ?,dbr:United_World_College_of_Costa_Rica >> dbp:president >> [ANS]
translate question to dbpedia path: Entities possibly involved: dbr:Cheasty_Boulevard_South | Question: Which city has it's landmark as Cheasty Boulevard South?,dbr:Cheasty_Boulevard_South >> dbo:maintainedBy >> [ANS]
translate question to dbpedia path: Entities possibly involved: dbr:Frank_Stilwell | Question: List down the opponents of Frank Stilwell?,dbr:Frank_Stilwell >> dbo:opponent >> [ANS]
"translate question to dbpedia path: Entities possibly involved: dbr:Vangelis, dbr:Ridley_Scott | Question: Name the movie whose director is Ridley Scott and it's music composer is Vangelis?",[ANS] >> dbo:musicComposer >> dbr:Vangelis [SEP] [ANS] >> dbp:director >> dbr:Ridley_Scott [SEP] [ANS] >> rdf:type >> dbo:Film
translate question to dbpedia path: Entities possibly involved: dbr:Bogobiri_House | Question: Where is Bogobiri House located ?,dbr:Bogobiri_House >> dbp:locationCity >> [ANS]
translate question to dbpedia path: Entities possibly involved: dbr:Neverwhere_(radio_play) | Question: Who is the writer of Neverwhere (radio play) ?,dbr:Neverwhere_(radio_play) >> dbo:writer >> [ANS]
translate question to dbpedia path: Entities possibly involved: dbr:Hillary_Clinton | Question: How many other key people are there of the non-profit organisations whose key people is Hillary Clinton ?,COUNT >> [VAR1] >> dbp:keyPeople >> [ANS] [SEP] [VAR1] >> dbp:keyPeople >> dbr:Hillary_Clinton
translate question to dbpedia path: Entities possibly involved: dbr:Nea_Smyrni_Stadium | Question: List the stadium of the teams which uses Nea Smyrni  as one of the stadium ?,[VAR1] >> dbp:stadium >> [ANS] [SEP] [VAR1] >> dbp:stadium >> dbr:Nea_Smyrni_Stadium
translate question to dbpedia path: Entities possibly involved: dbr:French_language | Question: How many currencies are in used in places where people speak French?,COUNT >> [ANS] >> rdf:type >> dbo:Currency [SEP] [VAR1] >> dbo:currency >> [ANS] [SEP] [VAR1] >> dbo:officialLanguage >> dbr:French_language
translate question to dbpedia path: Entities possibly involved: dbr:Middlesbrough_F.C. | Question: Which football managers managed Middlesbrough F.C.?,[ANS] >> dbo:managerClub >> dbr:Middlesbrough_F.C.
translate question to dbpedia path: Entities possibly involved: dbr:Arthur_St._Clair | Question: How many factions were involved in the battles fought by Arthur St. Clair?,COUNT >> [VAR1] >> dbp:combatant >> [ANS] [SEP] dbr:Arthur_St._Clair >> dbp:battles >> [VAR1]
translate question to dbpedia path: Entities possibly involved: dbr:Pork | Question: Count the number of ingredient of the foods which have one of the ingredient is Pork ?,COUNT >> [VAR1] >> dbo:ingredient >> [ANS] [SEP] [VAR1] >> dbo:ingredient >> dbr:Pork
translate question to dbpedia path: Entities possibly involved: dbr:Ringo_Starr | Question: Who were the narrators of the albums which had Ringo Starr as one of the narrator ?,[VAR1] >> dbp:narrated >> [ANS] [SEP] [VAR1] >> dbp:narrated >> dbr:Ringo_Starr [SEP] [VAR1] >> rdf:type >> dbo:Album
translate question to dbpedia path: Entities possibly involved: dbr:Bankers_Life_Fieldhouse | Question: How many people have played for the ones who own the stadium of Bankers Life Fieldhouse?,COUNT >> [ANS] >> dbp:team >> [VAR1] [SEP] [VAR1] >> dbp:arena >> dbr:Bankers_Life_Fieldhouse
translate question to dbpedia path: Entities possibly involved: dbr:Central_European_Summer_Time | Question: List the newspapers whose headquarters's time zone is Central European Summer Time.,[ANS] >> dbp:headquarters >> [VAR1] [SEP] [ANS] >> rdf:type >> dbo:Newspaper [SEP] [VAR1] >> dbo:timeZone >> dbr:Central_European_Summer_Time
translate question to dbpedia path: Entities possibly involved: dbr:Lucas_Oil_Stadium | Question: Count all american football players whose former team owns Lucas Oil Stadium ?,COUNT >> [ANS] >> dbo:formerTeam >> [VAR1] [SEP] [ANS] >> rdf:type >> dbo:AmericanFootballPlayer [SEP] [VAR1] >> dbp:city >> dbr:Lucas_Oil_Stadium
translate question to dbpedia path: Entities possibly involved: dbr:Paul_Demiéville | Question: What are the academic interests of the advisor of Paul Demiville ?,[VAR1] >> dbp:fields >> [ANS] [SEP] dbr:Paul_Demiéville >> dbo:academicAdvisor >> [VAR1]
translate question to dbpedia path: Entities possibly involved: dbr:Swedish_Academy | Question: Which awards are presented by Swedish Academy?,[ANS] >> dbo:presenter >> dbr:Swedish_Academy [SEP] [ANS] >> rdf:type >> dbo:Award
translate question to dbpedia path: Entities possibly involved: dbr:Albertin_Montoya | Question: Name the university whose teams have been managed by Albertin Montoya?,[VAR1] >> dbo:university >> [ANS] [SEP] [VAR1] >> rdf:type >> dbo:SportsTeam [SEP] dbr:Albertin_Montoya >> dbp:managerclubs >> [VAR1]
translate question to dbpedia path: Entities possibly involved: dbr:Philosophy | Question: what are some journals of academic Philosophy,[ANS] >> dbp:discipline >> dbr:Philosophy
translate question to dbpedia path: Entities possibly involved: dbr:Liu_Mingchuan | Question: Where did the conflict take place where Liu Mingchuan fought?,[VAR1] >> dbo:territory >> [ANS] [SEP] dbr:Liu_Mingchuan >> dbp:battles >> [VAR1]
"translate question to dbpedia path: Entities possibly involved: dbr:John_McTaggart_(jockey), dbr:Lula_J._Davis | Question: What is the official residence of the Lula J. Davis which is also the death location of the John McTaggart (jockey) ?",dbr:John_McTaggart_(jockey) >> dbo:deathPlace >> [ANS] [SEP] dbr:Lula_J._Davis >> dbo:residence >> [ANS]
translate question to dbpedia path: Entities possibly involved: dbr:Londo_Mollari | Question: To which series does the character of Londo Mollari belong?,dbr:Londo_Mollari >> dbo:series >> [ANS]
translate question to dbpedia path: Entities possibly involved: dbr:Edwin_Catmull | Question: What company's leader is Edwin Catmull?,[ANS] >> dbp:keyPeople >> dbr:Edwin_Catmull [SEP] [ANS] >> rdf:type >> dbo:Company
translate question to dbpedia path: Entities possibly involved: dbr:Olivier_Boulay | Question: How many different layouts do cars designed by Oliver Boulay have?,COUNT >> [VAR1] >> dbo:layout >> [ANS] [SEP] [VAR1] >> dbp:designer >> dbr:Olivier_Boulay
translate question to dbpedia path: Entities possibly involved: dbr:Naval_Station_Bremerton | Question: What is the type of Naval Station Bremerton ?,dbr:Naval_Station_Bremerton >> dbp:type >> [ANS]
"translate question to dbpedia path: Entities possibly involved: dbr:Bordesley_railway_station, dbr:Birmingham_and_Oxford_Junction_Railway | Question: Name the  borough of the Bordesley railway station which is also the route end of the Birmingham and Oxford Junction Railway?",dbr:Birmingham_and_Oxford_Junction_Railway >> dbo:routeEnd >> [ANS] [SEP] dbr:Bordesley_railway_station >> dbp:borough >> [ANS]
translate question to dbpedia path: Entities possibly involved: dbr:British_people | Question: What are some movies written by British writers?,[ANS] >> dbo:writer >> [VAR1] [SEP] [ANS] >> rdf:type >> dbo:Film [SEP] [VAR1] >> dbo:nationality >> dbr:British_people
"translate question to dbpedia path: Entities possibly involved: dbr:1999_Japanese_Grand_Prix, dbr:Michael_Schumacher | Question: Was Michael Schumacher a pole driver in the 1999 GP?",ASK >> dbr:1999_Japanese_Grand_Prix >> dbp:poleDriver >> dbr:Michael_Schumacher
translate question to dbpedia path: Entities possibly involved: dbr:San_Francisco_Art_Institute | Question: Count the number of artists who trained at the San Francisco Art Institute?,COUNT >> [ANS] >> dbp:training >> dbr:San_Francisco_Art_Institute [SEP] [ANS] >> rdf:type >> dbo:Artist
"translate question to dbpedia path: Entities possibly involved: dbr:DreamWorks_Television, dbr:Playtone | Question: What tv shows were born out of a collaboration of playtone and dreamworks?",[ANS] >> dbo:company >> dbr:DreamWorks_Television [SEP] [ANS] >> dbo:company >> dbr:Playtone [SEP] [ANS] >> rdf:type >> dbo:TelevisionShow
"translate question to dbpedia path: Entities possibly involved: dbr:Henry_David_Thoreau, dbr:Ethics | Question: Is Ethics the main interests of Henry David Thoreau?",ASK >> dbr:Henry_David_Thoreau >> dbp:mainInterests >> dbr:Ethics
"translate question to dbpedia path: Entities possibly involved: dbr:Pope_Paul_VI, dbr:Elizabeth_Ann_Seton | Question: Was Elizabeth Ann Seton canonized by Pope Paul VI?",ASK >> dbr:Elizabeth_Ann_Seton >> dbp:canonizedBy >> dbr:Pope_Paul_VI
translate question to dbpedia path: Entities possibly involved: dbr:German-occupied_Europe | Question: List the leaders of the government agencies whose jurisdiction was German-occupied Europe.,[VAR1] >> dbo:jurisdiction >> dbr:German-occupied_Europe [SEP] [VAR1] >> dbo:leader >> [ANS] [SEP] [VAR1] >> rdf:type >> dbo:GovernmentAgency
translate question to dbpedia path: Entities possibly involved: dbr:Mark_Johnson_(producer) | Question: List the cast member of the movies whose producer is Mark Johnson.,[VAR1] >> dbo:producer >> dbr:Mark_Johnson_(producer) [SEP] [VAR1] >> dbo:starring >> [ANS] [SEP] [VAR1] >> rdf:type >> dbo:Film
"translate question to dbpedia path: Entities possibly involved: dbr:Saleen_S5S_Raptor, dbr:Jimmy_Diggs | Question: Which city was designed by saleen Pator which is also the birht location of Jimmy Diggs ?",dbr:Jimmy_Diggs >> dbo:birthPlace >> [ANS] [SEP] dbr:Saleen_S5S_Raptor >> dbp:designer >> [ANS]
translate question to dbpedia path: Entities possibly involved: dbr:Lake_Victoria | Question: Name the nearest city to  Lake Victoria?,dbr:Lake_Victoria >> dbo:nearestCity >> [ANS]
"translate question to dbpedia path: Entities possibly involved: dbr:Middlesbrough_F.C., dbr:Gareth_Southgate | Question: Was Gareth Southgate a manager of Middlesbrough F.C.?",ASK >> dbr:Gareth_Southgate >> dbp:managerclubs >> dbr:Middlesbrough_F.C.
translate question to dbpedia path: Entities possibly involved: dbr:United_States | Question: What is the total number of  builder of the military structures whose builder is also United States?,COUNT >> [VAR1] >> dbo:builder >> [ANS] [SEP] [VAR1] >> dbo:builder >> dbr:United_States
translate question to dbpedia path: Entities possibly involved: dbr:Malaysian_Public_Works_Department | Question: Tell me the total number of organizations who maintain the bridges made by the malaysian PWD?,COUNT >> [ANS] >> rdf:type >> dbo:Organisation [SEP] [VAR1] >> dbo:maintainedBy >> [ANS] [SEP] [VAR1] >> dbp:designer >> dbr:Malaysian_Public_Works_Department
translate question to dbpedia path: Entities possibly involved: dbr:HBO | Question: How many shows does HBO have?,COUNT >> [ANS] >> dbo:company >> dbr:HBO [SEP] [ANS] >> rdf:type >> dbo:TelevisionShow
translate question to dbpedia path: Entities possibly involved: dbr:Pope_Benedict_XVI | Question: How many people have been canonized by Pope Benedict XVI?,COUNT >> [ANS] >> dbp:canonizedBy >> dbr:Pope_Benedict_XVI
translate question to dbpedia path: Entities possibly involved: dbr:Bud_Adams | Question: Bud Adams owns which american football team?,[ANS] >> dbo:owner >> dbr:Bud_Adams [SEP] [ANS] >> rdf:type >> dbo:AmericanFootballTeam
translate question to dbpedia path: Entities possibly involved: dbr:Musée_d'Orsay | Question: Whose work is in the Musee d'orsay?,[VAR1] >> dbp:artist >> [ANS] [SEP] [VAR1] >> dbp:museum >> dbr:Musée_d'Orsay [SEP] [VAR1] >> rdf:type >> dbo:Artwork
"translate question to dbpedia path: Entities possibly involved: dbr:Butch_Metzger, dbr:Brian_Horwitz | Question: For which team did both Butch Metzger and Brian Horwitz debuted ?",dbr:Brian_Horwitz >> dbo:debutTeam >> [ANS] [SEP] dbr:Butch_Metzger >> dbo:debutTeam >> [ANS]
"translate question to dbpedia path: Entities possibly involved: dbr:Animal, dbr:Sicklefin_lemon_shark | Question: Does the Sicklefin lemon shark belong in the animal kingdom?",ASK >> dbr:Sicklefin_lemon_shark >> dbo:kingdom >> dbr:Animal
"translate question to dbpedia path: Entities possibly involved: dbr:Plena, dbr:Caribbean | Question: Does the stylistic origins of Plena lie in the Caribbean?",ASK >> dbr:Plena >> dbp:stylisticOrigins >> dbr:Caribbean
translate question to dbpedia path: Entities possibly involved: dbr:University_of_Toronto | Question: What are the famous Uni Toronto scientists known for?,[VAR1] >> dbo:almaMater >> dbr:University_of_Toronto [SEP] [VAR1] >> dbo:knownFor >> [ANS] [SEP] [VAR1] >> rdf:type >> dbo:Scientist
translate question to dbpedia path: Entities possibly involved: dbr:Miguel_de_Cervantes | Question: How many books have been penned by Miguel de Cervantes?,COUNT >> [ANS] >> dbo:author >> dbr:Miguel_de_Cervantes [SEP] [ANS] >> rdf:type >> dbo:Book
translate question to dbpedia path: Entities possibly involved: dbr:Skull_Gang | Question: Count the band members of Skull Gang?,COUNT >> [ANS] >> rdf:type >> dbo:Person [SEP] dbr:Skull_Gang >> dbo:bandMember >> [ANS]
translate question to dbpedia path: Entities possibly involved: dbr:Czech_Extraliga | Question: In which teams have league members of the Czech Extraliga played previously?,[VAR1] >> dbo:formerTeam >> [ANS] [SEP] [VAR1] >> dbp:league >> dbr:Czech_Extraliga
translate question to dbpedia path: Entities possibly involved: dbr:Ghana_School_of_Law | Question: Which country's people have graduated from Ghana School of Law?,[VAR1] >> dbo:nationality >> [ANS] [SEP] [VAR1] >> dbp:almaMater >> dbr:Ghana_School_of_Law [SEP] [VAR1] >> rdf:type >> dbo:Person
translate question to dbpedia path: Entities possibly involved: dbr:Grandmaster_(chess) | Question: In which cities were the chess grand masters born?,[VAR1] >> dbo:birthPlace >> [ANS] [SEP] [VAR1] >> dbp:title >> dbr:Grandmaster_(chess)
"translate question to dbpedia path: Entities possibly involved: dbr:Switzerland_at_the_2008_Summer_Olympics, dbr:Tennis_at_the_2012_Summer_Olympics_–_Men's_singles | Question: Which  siler medalist of the Tennis at the 2012 Summer Olympics  Men's singles was also the  flagbearer of the Switzerland at the 2008 Summer Olympics",dbr:Switzerland_at_the_2008_Summer_Olympics >> dbp:flagbearer >> [ANS] [SEP] dbr:Tennis_at_the_2012_Summer_Olympics_–_Men's_singles >> dbo:silverMedalist >> [ANS]
translate question to dbpedia path: Entities possibly involved: dbr:London | Question: How many bands are based in London?,COUNT >> [ANS] >> dbo:hometown >> dbr:London [SEP] [ANS] >> rdf:type >> dbo:Band
translate question to dbpedia path: Entities possibly involved: dbr:Prime_Time_Entertainment_Network | Question: Name few TV shows aired by Prime Time Entertainment Network?,[ANS] >> dbo:network >> dbr:Prime_Time_Entertainment_Network [SEP] [ANS] >> rdf:type >> dbo:TelevisionShow
translate question to dbpedia path: Entities possibly involved: dbr:Doonesbury_(musical) | Question: WHo gave the lyrcis of Doonesbury ?,dbr:Doonesbury_(musical) >> dbo:lyrics >> [ANS]
"translate question to dbpedia path: Entities possibly involved: dbr:Houston_City_Council | Question: Which things have been located, where governance is Houston City Council?",[ANS] >> dbo:location >> [VAR1] [SEP] [VAR1] >> dbp:governingBody >> dbr:Houston_City_Council
"translate question to dbpedia path: Entities possibly involved: dbr:Robert_A._Taft, dbr:Charles_Phelps_Taft_II | Question: Who are the parents of  Charles Phelps Taft II and Robert A. Taft?",[ANS] >> dbo:child >> dbr:Charles_Phelps_Taft_II [SEP] [ANS] >> dbo:child >> dbr:Robert_A._Taft
translate question to dbpedia path: Entities possibly involved: dbr:Duncan_Sandys | Question: How many prime ministers did the predecessor of Duncan Sandys  serve?,COUNT >> [VAR1] >> dbp:primeminister >> [ANS] [SEP] dbr:Duncan_Sandys >> dbp:successor >> [VAR1]
translate question to dbpedia path: Entities possibly involved: dbr:Juhu_Aerodrome | Question: Name the city served by Juhu Aerodrome ?,dbr:Juhu_Aerodrome >> dbp:cityServed >> [ANS]
translate question to dbpedia path: Entities possibly involved: dbr:The_Tony_Randall_Show | Question: List the notable works of the writer of The Tony Randall Show ?,[VAR1] >> dbo:notableWork >> [ANS] [SEP] dbr:The_Tony_Randall_Show >> dbp:writer >> [VAR1]
translate question to dbpedia path: Entities possibly involved: dbr:Canada | Question: How many cars succeed the cars assembled in Canada?,COUNT >> [ANS] >> rdf:type >> dbo:Automobile [SEP] [VAR1] >> dbo:predecessor >> [ANS] [SEP] [VAR1] >> dbp:assembly >> dbr:Canada
translate question to dbpedia path: Entities possibly involved: dbr:Columbia_Records | Question: Where has the employee of Columbia Records  worked ?,[VAR1] >> dbo:employer >> [ANS] [SEP] [VAR1] >> dbo:employer >> dbr:Columbia_Records
translate question to dbpedia path: Entities possibly involved: dbr:Den_norske_Bank | Question: Name the products of Den norske Bank ?,dbr:Den_norske_Bank >> dbp:products >> [ANS]
translate question to dbpedia path: Entities possibly involved: dbr:Pope_John_Paul_II | Question: In how many places have people canonized by John Paul II died?,COUNT >> [ANS] >> rdf:type >> dbo:Place [SEP] [VAR1] >> dbp:canonizedBy >> dbr:Pope_John_Paul_II [SEP] [VAR1] >> dbp:deathPlace >> [ANS]
"translate question to dbpedia path: Entities possibly involved: dbr:North_America, dbr:Bucyrus_MT6300AC | Question: Is the Bucyrus MT6300AC assembled in north america?",ASK >> dbr:Bucyrus_MT6300AC >> dbp:assembly >> dbr:North_America
translate question to dbpedia path: Entities possibly involved: dbr:Lower_Manhattan | Question: Which rivers flow into the lower manhatten?,[ANS] >> dbo:mouthMountain >> dbr:Lower_Manhattan
translate question to dbpedia path: Entities possibly involved: dbr:Pittsburgh | Question: Who is the founder of Pittsburgh ?,dbr:Pittsburgh >> dbo:founder >> [ANS]
translate question to dbpedia path: Entities possibly involved: dbr:San_Francisco_International_Airport | Question: What are the airlines whose hub is San Francisco International Airport?,[ANS] >> dbp:hubs >> dbr:San_Francisco_International_Airport [SEP] [ANS] >> rdf:type >> dbo:Airline
"translate question to dbpedia path: Entities possibly involved: dbr:Harvard_College, dbr:2658_Gingerich | Question: Was 2658 Gingerich invented in Harvard?",ASK >> dbr:2658_Gingerich >> dbo:discoverer >> dbr:Harvard_College
translate question to dbpedia path: Entities possibly involved: dbr:Oysterhead | Question: Count all the shows whose music composers are in Oysterhead.,COUNT >> [ANS] >> dbp:themeMusicComposer >> [VAR1] [SEP] [ANS] >> rdf:type >> dbo:TelevisionShow [SEP] [VAR1] >> dbo:associatedMusicalArtist >> dbr:Oysterhead
translate question to dbpedia path: Entities possibly involved: dbr:Stanford_White | Question: How many other architect are there of the historic places whose architect is also Stanford White ?,COUNT >> [VAR1] >> dbo:architect >> [ANS] [SEP] [VAR1] >> dbo:architect >> dbr:Stanford_White
"translate question to dbpedia path: Entities possibly involved: dbr:Marshall_Fletcher_McCallie, dbr:Vanderbilt_University_Medical_Center | Question: What is the alma mater of the Marshall Fletcher McCallie and has affiliation with  Vanderbilt University Medical Center ?",dbr:Marshall_Fletcher_McCallie >> dbp:almaMater >> [ANS] [SEP] dbr:Vanderbilt_University_Medical_Center >> dbp:affiliation >> [ANS]
"translate question to dbpedia path: Entities possibly involved: dbr:Amazon_River, dbr:Arequipa_Region | Question: Does the Amazon River start in Arequipa Region?",ASK >> dbr:Amazon_River >> dbp:sourceRegion >> dbr:Arequipa_Region
"translate question to dbpedia path: Entities possibly involved: dbr:The_Bahamas, dbr:San_Salvador_Island | Question: Is San Salvador Island a part of the Bahamas?",ASK >> dbr:San_Salvador_Island >> dbo:archipelago >> dbr:The_Bahamas
translate question to dbpedia path: Entities possibly involved: dbr:Super_Mario_Adventures | Question: Which companies published Super Mario Adventures?,dbr:Super_Mario_Adventures >> dbp:publisher >> [ANS]
"translate question to dbpedia path: Entities possibly involved: dbr:Madagascar:_Operation_Penguin, dbr:He's_a_Pirate | Question: Which artist of Madagascar: Operation Penguin is also the writer of He's a Pirate ?",dbr:He's_a_Pirate >> dbp:writer >> [ANS] [SEP] dbr:Madagascar:_Operation_Penguin >> dbp:artist >> [ANS]
translate question to dbpedia path: Entities possibly involved: dbr:REP_Parasol | Question: Where was the designer of REP Parasol born?,[VAR1] >> dbo:birthPlace >> [ANS] [SEP] dbr:REP_Parasol >> dbo:designer >> [VAR1]
translate question to dbpedia path: Entities possibly involved: dbr:Pontiac_G8 | Question: How many cars are the predecessor of cars similar to the Pontiac G8?,COUNT >> [VAR1] >> dbo:predecessor >> [ANS] [SEP] [VAR1] >> rdf:type >> dbo:Automobile [SEP] dbr:Pontiac_G8 >> dbo:relatedMeanOfTransportation >> [VAR1]
translate question to dbpedia path: Entities possibly involved: dbr:Breeders'_Cup_Turf | Question: From how many different places have participants of Breeders's Cup Turf come?,COUNT >> [VAR1] >> dbp:birthPlace >> [ANS] [SEP] [VAR1] >> dbp:race >> dbr:Breeders'_Cup_Turf
translate question to dbpedia path: Entities possibly involved: dbr:Jordan_Cronenweth | Question: How many movies were cinematographed by Jordan Cronenweth?,COUNT >> [ANS] >> dbo:cinematography >> dbr:Jordan_Cronenweth [SEP] [ANS] >> rdf:type >> dbo:Film
translate question to dbpedia path: Entities possibly involved: dbr:Kelly_Osbourne | Question: Who is the famous relative of Kelly Osbourne?,[ANS] >> dbp:relatives >> dbr:Kelly_Osbourne
translate question to dbpedia path: Entities possibly involved: dbr:2015_North_American_Soccer_League_season | Question: In how many different stadiums are the seasons of the 2015 NA Soccer league held?,COUNT >> [ANS] >> rdf:type >> dbo:Stadium [SEP] [VAR1] >> dbo:ground >> [ANS] [SEP] [VAR1] >> dbo:league >> dbr:2015_North_American_Soccer_League_season
translate question to dbpedia path: Entities possibly involved: dbr:Avangard_Omsk | Question: What teams have Avangard Omsk's players played for?,[VAR1] >> dbo:formerTeam >> [ANS] [SEP] [VAR1] >> dbp:playedFor >> dbr:Avangard_Omsk
translate question to dbpedia path: Entities possibly involved: dbr:Private_university | Question: How many athletic associations are there in all of the private universities?,COUNT >> [VAR1] >> dbp:athletics >> [ANS] [SEP] [VAR1] >> dbp:type >> dbr:Private_university
translate question to dbpedia path: Entities possibly involved: dbr:IBC_Root_Beer | Question: In which cities can i find drinks similar to the IBC root beer?,[VAR1] >> dbo:related >> dbr:IBC_Root_Beer [SEP] [VAR1] >> dbp:locationCity >> [ANS] [SEP] [VAR1] >> rdf:type >> dbo:Beverage
"translate question to dbpedia path: Entities possibly involved: dbr:Queen_Latifah, dbr:Afrika_Baby_Bam | Question: Is Queen Latifah associated with Afrika Baby Bam?",ASK >> dbr:Afrika_Baby_Bam >> dbo:associatedBand >> dbr:Queen_Latifah
translate question to dbpedia path: Entities possibly involved: dbr:Sony | Question: What are some products manufactured by Sony?,[ANS] >> dbo:manufacturer >> dbr:Sony
translate question to dbpedia path: Entities possibly involved: dbr:RCA_Records | Question: List all the movies whose music has been made up with someone under RCA records?,[ANS] >> dbp:music >> [VAR1] [SEP] [ANS] >> rdf:type >> dbo:Film [SEP] [VAR1] >> dbo:recordLabel >> dbr:RCA_Records
"translate question to dbpedia path: Entities possibly involved: dbr:N._C._Wyeth, dbr:The_Mysterious_Stranger | Question: Is N. C. Wyeth the illustration by of The Mysterious Stranger?",ASK >> dbr:The_Mysterious_Stranger >> dbp:illustrator >> dbr:N._C._Wyeth
"translate question to dbpedia path: Entities possibly involved: dbr:James_Brown, dbr:Killing_Is_Out,_School_Is_In | Question: Did James brown make the song Killing is Out, School Is In?","ASK >> dbr:Killing_Is_Out,_School_Is_In >> dbo:musicalBand >> dbr:James_Brown"
translate question to dbpedia path: Entities possibly involved: dbr:South_Loop_Printing_House_District | Question: What is the style of architecture of South Loop Printing House District ?,dbr:South_Loop_Printing_House_District >> dbo:architecturalStyle >> [ANS]
translate question to dbpedia path: Entities possibly involved: dbr:Ivan_Fomin | Question: Name the ssignificant buildings of Ivan Fomin ?,dbr:Ivan_Fomin >> dbo:significantBuilding >> [ANS]
"translate question to dbpedia path: Entities possibly involved: dbr:Chemistry, dbr:Robert_Boyle | Question: Is Robert Boyle a chemist?",ASK >> dbr:Robert_Boyle >> dbo:field >> dbr:Chemistry
translate question to dbpedia path: Entities possibly involved: dbr:Geneva | Question: What are the television shows of a company headquartered in Geneva?,[ANS] >> dbp:company >> [VAR1] [SEP] [ANS] >> rdf:type >> dbo:TelevisionShow [SEP] [VAR1] >> dbp:headquarters >> dbr:Geneva
"translate question to dbpedia path: Entities possibly involved: dbr:Stockholm, dbr:Swedish_language | Question: Give me the count of newspaper whose language is Sweedish and headquartered at stockholm ?",COUNT >> [ANS] >> dbp:headquarters >> dbr:Stockholm [SEP] [ANS] >> dbp:language >> dbr:Swedish_language
translate question to dbpedia path: Entities possibly involved: dbr:Aegean_Sea | Question: What are the cities located on the sea into which the Aegean Sea flows?,[VAR1] >> dbp:cities >> [ANS] [SEP] dbr:Aegean_Sea >> dbo:outflow >> [VAR1]
translate question to dbpedia path: Entities possibly involved: dbr:Sylvain_Lévi | Question: In which areas did the pupils of Sylvain Levi work?,[VAR1] >> dbo:academicAdvisor >> dbr:Sylvain_Lévi [SEP] [VAR1] >> dbp:fields >> [ANS]
"translate question to dbpedia path: Entities possibly involved: dbr:Michael_Deeley, dbr:Vangelis | Question: Name the movie whose producer is Michael Deeley and music is given by Vangelis ?",[ANS] >> dbo:producer >> dbr:Michael_Deeley [SEP] [ANS] >> dbp:music >> dbr:Vangelis [SEP] [ANS] >> rdf:type >> dbo:Film
translate question to dbpedia path: Entities possibly involved: dbr:Juelz_Santana | Question: How many people are in the band with Juelz Santana?,COUNT >> [ANS] >> rdf:type >> dbo:Person [SEP] [VAR1] >> dbo:bandMember >> [ANS] [SEP] [VAR1] >> dbp:currentMembers >> dbr:Juelz_Santana
translate question to dbpedia path: Entities possibly involved: dbr:CNN | Question: Who owns the broadcast network founded by CNN?,[VAR1] >> dbo:foundedBy >> dbr:CNN [SEP] [VAR1] >> dbp:owner >> [ANS] [SEP] [VAR1] >> rdf:type >> dbo:BroadcastNetwork
translate question to dbpedia path: Entities possibly involved: dbr:Tales_of_Suspense | Question: List the writers of Tales of Suspense ?,dbr:Tales_of_Suspense >> dbp:writers >> [ANS]
translate question to dbpedia path: Entities possibly involved: dbr:Neuroimaging | Question: List the academic discipline of the journals whose one of the discipline is neuro imaging ?,[VAR1] >> dbo:academicDiscipline >> [ANS] [SEP] [VAR1] >> dbo:academicDiscipline >> dbr:Neuroimaging [SEP] [VAR1] >> rdf:type >> dbo:AcademicJournal
translate question to dbpedia path: Entities possibly involved: dbr:Perkins_School_for_the_Blind | Question: Who has authored books published by the Perkins school for the Blind?,[VAR1] >> dbo:author >> [ANS] [SEP] [VAR1] >> dbo:publisher >> dbr:Perkins_School_for_the_Blind [SEP] [VAR1] >> rdf:type >> dbo:WrittenWork
translate question to dbpedia path: Entities possibly involved: dbr:Blizzard_Entertainment | Question: What kind of games does Blizzard games develop?,[VAR1] >> dbo:developer >> dbr:Blizzard_Entertainment [SEP] [VAR1] >> dbo:genre >> [ANS] [SEP] [VAR1] >> rdf:type >> dbo:VideoGame
"translate question to dbpedia path: Entities possibly involved: dbr:Renault_in_Formula_One | Question: How many different pole drivers are there, of the GPs when Renault was the first team?",COUNT >> [ANS] >> rdf:type >> dbo:FormulaOneRacer [SEP] [VAR1] >> dbo:poleDriver >> [ANS] [SEP] [VAR1] >> dbp:firstTeam >> dbr:Renault_in_Formula_One
translate question to dbpedia path: Entities possibly involved: dbr:Irène_Joliot-Curie | Question: Name the person whose child is Irne Joliot-Curie?,[ANS] >> dbp:children >> dbr:Irène_Joliot-Curie [SEP] [ANS] >> rdf:type >> dbo:Person
translate question to dbpedia path: Entities possibly involved: dbr:Europe | Question: How many destinations are covered by the airlines which also serves Europe ?,COUNT >> [VAR1] >> dbp:destinations >> [ANS] [SEP] [VAR1] >> dbp:destinations >> dbr:Europe
"translate question to dbpedia path: Entities possibly involved: dbr:Don_R._Berlin, dbr:Michael_M._Sears | Question: Name few companies where don berlin and michael sears have worked together?",dbr:Don_R._Berlin >> dbo:employer >> [ANS] [SEP] dbr:Michael_M._Sears >> dbo:employer >> [ANS]
translate question to dbpedia path: Entities possibly involved: dbr:Chordate | Question: How many things belong to phylum of Chordate?,COUNT >> [ANS] >> dbo:phylum >> dbr:Chordate
"translate question to dbpedia path: Entities possibly involved: dbr:West_Africa, dbr:Gwo_ka | Question: Did Gwo Ka originate in Western Africa?",ASK >> dbr:Gwo_ka >> dbp:stylisticOrigins >> dbr:West_Africa
translate question to dbpedia path: Entities possibly involved: dbr:Maharashtra | Question: People from how many political parties exist in Maharashtra?,COUNT >> [VAR1] >> dbo:party >> [ANS] [SEP] [VAR1] >> dbp:placeOfBirth >> dbr:Maharashtra
translate question to dbpedia path: Entities possibly involved: dbr:Abigail_Adams | Question: Who are the children of Abigail Adams?,dbr:Abigail_Adams >> dbp:children >> [ANS]
"translate question to dbpedia path: Entities possibly involved: dbr:Vishwajyot_High_School, dbr:Fr._Agnel_Multipurpose_School_and_Junior_College | Question: what are some common games played at both Fr Agnel Multipurpose School and Vishwajyot High School?",dbr:Fr._Agnel_Multipurpose_School_and_Junior_College >> dbo:sport >> [ANS] [SEP] dbr:Vishwajyot_High_School >> dbo:sport >> [ANS]
translate question to dbpedia path: Entities possibly involved: dbr:National_Medal_of_Science | Question: Who have done their PhDs under a National Medal of Science winner?,[ANS] >> dbp:doctoralAdvisor >> [VAR1] [SEP] [VAR1] >> dbp:prizes >> dbr:National_Medal_of_Science
translate question to dbpedia path: Entities possibly involved: dbr:Kennedy_family | Question: How many people are there who have relationship with Kennedy family?,COUNT >> [ANS] >> dbo:relation >> dbr:Kennedy_family
"translate question to dbpedia path: Entities possibly involved: dbr:The_Office_(U.S._TV_series), dbr:Greg_Daniels | Question: What is the total number of fictional characters whose created by  Greg Daniels and series is The Office (U.S. TV series)?",COUNT >> [ANS] >> dbo:creator >> dbr:Greg_Daniels [SEP] [ANS] >> dbo:series >> dbr:The_Office_(U.S._TV_series)
translate question to dbpedia path: Entities possibly involved: dbr:Schibsted | Question: What newspapers's owners is Schibsted,[ANS] >> dbp:owners >> dbr:Schibsted [SEP] [ANS] >> rdf:type >> dbo:Newspaper
"translate question to dbpedia path: Entities possibly involved: dbr:Batoka_Gorge_Hydroelectric_Power_Station, dbr:Cahora_Bassa | Question: Which river inflow of the Cahora Bassa is also Batoka Gorge Hydroelectric Power Station's river ?",dbr:Batoka_Gorge_Hydroelectric_Power_Station >> dbo:river >> [ANS] [SEP] dbr:Cahora_Bassa >> dbp:inflow >> [ANS]
translate question to dbpedia path: Entities possibly involved: dbr:Greater_Antilles | Question: What islands are there on the Greater Antilles archipelago?,[VAR1] >> dbp:archipelago >> dbr:Greater_Antilles [SEP] [VAR1] >> dbp:name >> [ANS] [SEP] [VAR1] >> rdf:type >> dbo:Island
"translate question to dbpedia path: Entities possibly involved: dbr:Zachary_Taylor, dbr:Major_general_(United_States) | Question: Was Zachary taylor a major general?",ASK >> dbr:Zachary_Taylor >> dbp:rank >> dbr:Major_general_(United_States)
translate question to dbpedia path: Entities possibly involved: dbr:The_Pentagon | Question: Name the military units whose command structure's headquarters is The Pentagon?,[ANS] >> dbo:commandStructure >> [VAR1] [SEP] [ANS] >> rdf:type >> dbo:MilitaryUnit [SEP] [VAR1] >> dbp:headquarters >> dbr:The_Pentagon
translate question to dbpedia path: Entities possibly involved: dbr:David_Paton | Question: Which bands are associated to David Paton?,dbr:David_Paton >> dbo:associatedBand >> [ANS]
translate question to dbpedia path: Entities possibly involved: dbr:Defenceman | Question: In how many teams have people previously played who play as defencemen?,COUNT >> [ANS] >> rdf:type >> dbo:SportsTeam [SEP] [VAR1] >> dbo:formerTeam >> [ANS] [SEP] [VAR1] >> dbp:position >> dbr:Defenceman
translate question to dbpedia path: Entities possibly involved: dbr:St._Viator_High_School | Question: What is the Team Name  of St. Viator High School ?,dbr:St._Viator_High_School >> dbp:teamName >> [ANS]
translate question to dbpedia path: Entities possibly involved: dbr:Toronto_Furies | Question: Give me the count of tenants of the stadia whose one of the tenants is Toronto Furies?,COUNT >> [VAR1] >> dbp:tenants >> [ANS] [SEP] [VAR1] >> dbp:tenants >> dbr:Toronto_Furies
translate question to dbpedia path: Entities possibly involved: dbr:Rob_Pike | Question: Who developed the programming languages designed by Rob Pike?,[VAR1] >> dbo:designer >> dbr:Rob_Pike [SEP] [VAR1] >> dbo:developer >> [ANS] [SEP] [VAR1] >> rdf:type >> dbo:ProgrammingLanguage
translate question to dbpedia path: Entities possibly involved: dbr:Jacques_Van't_Hart | Question: Which races has the horse bred by Jacques Van't Hart participated in?,[VAR1] >> dbo:breeder >> dbr:Jacques_Van't_Hart [SEP] [VAR1] >> dbp:race >> [ANS] [SEP] [VAR1] >> rdf:type >> dbo:Horse
"translate question to dbpedia path: Entities possibly involved: dbr:Journal_of_Cerebral_Blood_Flow_&_Metabolism, dbr:Brain | Question: Is the Journal of Cerebral Blood Flow and Metabolism about Brains?",ASK >> dbr:Journal_of_Cerebral_Blood_Flow_&_Metabolism >> dbo:academicDiscipline >> dbr:Brain
translate question to dbpedia path: Entities possibly involved: dbr:Tuna_salad | Question: What are all the countires where food related to tuna salad is consumed ?,[VAR1] >> dbo:related >> dbr:Tuna_salad [SEP] [VAR1] >> dbp:country >> [ANS]
translate question to dbpedia path: Entities possibly involved: dbr:Olivier_Boulay | Question: What is the layout of the automobiles whose designer company is Olivier Boulay?,[VAR1] >> dbo:designCompany >> dbr:Olivier_Boulay [SEP] [VAR1] >> dbo:layout >> [ANS] [SEP] [VAR1] >> rdf:type >> dbo:Automobile
"translate question to dbpedia path: Entities possibly involved: dbr:Caterpillar_797F, dbr:North_America | Question: Is the Caterpullar 797F assembled in North America?",ASK >> dbr:Caterpillar_797F >> dbp:assembly >> dbr:North_America
translate question to dbpedia path: Entities possibly involved: dbr:Roger_Waters | Question: which band was Roger waters in?,[ANS] >> dbo:formerBandMember >> dbr:Roger_Waters
translate question to dbpedia path: Entities possibly involved: dbr:England_national_under-21_football_team | Question: Who is the coach of England national under-21 football team ?,dbr:England_national_under-21_football_team >> dbp:coach >> [ANS]
"translate question to dbpedia path: Entities possibly involved: dbr:Old_Saybrook,_Connecticut | Question: Which rivers end in Old Saybrook, Connecticut?","[ANS] >> dbo:mouthMountain >> dbr:Old_Saybrook,_Connecticut"
translate question to dbpedia path: Entities possibly involved: dbr:San_Francisco_Giants | Question: What are the baseball players who played for San Francisco Giants?,[ANS] >> dbo:team >> dbr:San_Francisco_Giants [SEP] [ANS] >> rdf:type >> dbo:BaseballPlayer
translate question to dbpedia path: Entities possibly involved: dbr:Los_Angeles_World_Airports | Question: How many airlines have a hub at an airport run by LA World Airports?,COUNT >> [ANS] >> dbo:hubAirport >> [VAR1] [SEP] [ANS] >> rdf:type >> dbo:Airline [SEP] [VAR1] >> dbo:operator >> dbr:Los_Angeles_World_Airports
"translate question to dbpedia path: Entities possibly involved: dbr:Reading,_Berkshire | Question: What are the schools whose city is Reading, Berkshire?","[ANS] >> dbo:city >> dbr:Reading,_Berkshire"
translate question to dbpedia path: Entities possibly involved: dbr:Toronto_Marlies | Question: Find the total number of tenants of the stadium whose tenants was Toronto Marlies?,COUNT >> [VAR1] >> dbp:tenants >> [ANS] [SEP] [VAR1] >> dbp:tenants >> dbr:Toronto_Marlies
translate question to dbpedia path: Entities possibly involved: dbr:Commodore_64 | Question: What genres of games are available on the Commodore 64?,[VAR1] >> dbo:computingPlatform >> dbr:Commodore_64 [SEP] [VAR1] >> dbp:genre >> [ANS] [SEP] [VAR1] >> rdf:type >> dbo:VideoGame
translate question to dbpedia path: Entities possibly involved: dbr:Allen_Walker | Question: Who gave the voice for Allen Walker ?,dbr:Allen_Walker >> dbo:voice >> [ANS]
translate question to dbpedia path: Entities possibly involved: dbr:Toronto | Question: How many buildings are located in Toronto ?,COUNT >> [ANS] >> dbp:location >> dbr:Toronto [SEP] [ANS] >> rdf:type >> dbo:Building
translate question to dbpedia path: Entities possibly involved: dbr:Middlesbrough_F.C. | Question: How many people have been the head coach for Middlesbrough FC?,COUNT >> [ANS] >> rdf:type >> dbo:Person [SEP] [VAR1] >> dbo:manager >> [ANS] [SEP] [VAR1] >> dbp:club >> dbr:Middlesbrough_F.C.
"translate question to dbpedia path: Entities possibly involved: dbr:Buddhism, dbr:The_Universe_in_a_Single_Atom | Question: Is The Universe in a Single Atom a book about buddhism?",ASK >> dbr:The_Universe_in_a_Single_Atom >> dbo:literaryGenre >> dbr:Buddhism
"translate question to dbpedia path: Entities possibly involved: dbr:Frontaccounting, dbr:GNU | Question: Is Frontaccounting licensed under GNU license?",ASK >> dbr:Frontaccounting >> dbo:license >> dbr:GNU
translate question to dbpedia path: Entities possibly involved: dbr:Michael_Jackson | Question: How many producers have casted Michael Jackson?,COUNT >> [VAR1] >> dbp:producer >> [ANS] [SEP] [VAR1] >> dbp:starring >> dbr:Michael_Jackson
"translate question to dbpedia path: Entities possibly involved: dbr:Miss_Louisiana_USA | Question: Who is married to a Miss Louisiana, USA?",[ANS] >> dbp:spouse >> [VAR1] [SEP] [VAR1] >> dbp:title >> dbr:Miss_Louisiana_USA
translate question to dbpedia path: Entities possibly involved: dbr:Fr._Agnel_Stadium | Question: What sports are played by school which owns Fr. Agnel Stadium ?,[VAR1] >> dbo:sport >> [ANS] [SEP] [VAR1] >> rdf:type >> dbo:School [SEP] dbr:Fr._Agnel_Stadium >> dbp:owner >> [VAR1]
translate question to dbpedia path: Entities possibly involved: dbr:Jacques-Désiré_Laval | Question: What is the major shrine of Jacques-Dsir Laval ?,dbr:Jacques-Désiré_Laval >> dbo:majorShrine >> [ANS]
translate question to dbpedia path: Entities possibly involved: dbr:1997_Canadian_Grand_Prix | Question: Who is the Pole driver of 1997 Canadian Grand Prix ?,dbr:1997_Canadian_Grand_Prix >> dbp:poleDriver >> [ANS]
translate question to dbpedia path: Entities possibly involved: dbr:United_World_College_of_Costa_Rica | Question: Who is the president of United World College of Costa Rica ?,dbr:United_World_College_of_Costa_Rica >> dbo:president >> [ANS]
translate question to dbpedia path: Entities possibly involved: dbr:Mediterranean_Sea | Question: Things going to the mediterranean sea also go where?,COUNT >> [VAR1] >> dbo:destination >> [ANS] [SEP] [VAR1] >> dbp:destinations >> dbr:Mediterranean_Sea
translate question to dbpedia path: Entities possibly involved: dbr:Brown_hair | Question: In how many different places are Brown haired models living?,COUNT >> [VAR1] >> dbo:residence >> [ANS] [SEP] [VAR1] >> dbp:hairColor >> dbr:Brown_hair
translate question to dbpedia path: Entities possibly involved: dbr:Mouse_Morris | Question: Mouse Morris' horses have raced in which races?,[VAR1] >> dbo:trainer >> dbr:Mouse_Morris [SEP] [VAR1] >> dbp:race >> [ANS] [SEP] [VAR1] >> rdf:type >> dbo:Horse
translate question to dbpedia path: Entities possibly involved: dbr:Atlanta | Question: What are the television shows telecasted on the network which has headquarters at Atlanta?,[ANS] >> dbp:network >> [VAR1] [SEP] [ANS] >> rdf:type >> dbo:TelevisionShow [SEP] [VAR1] >> dbp:headquarters >> dbr:Atlanta
"translate question to dbpedia path: Entities possibly involved: dbr:Norway, dbr:Swedish_Academy | Question: Name the award given in Norway and presented by Swedish Academy ?",[ANS] >> dbo:country >> dbr:Norway [SEP] [ANS] >> dbo:presenter >> dbr:Swedish_Academy [SEP] [ANS] >> rdf:type >> dbo:Award
"translate question to dbpedia path: Entities possibly involved: dbr:Queen_Latifah, dbr:Arctic_Tale | Question: Is Queen Latifah the narrator of Arctic Tale?",ASK >> dbr:Arctic_Tale >> dbp:narrator >> dbr:Queen_Latifah
translate question to dbpedia path: Entities possibly involved: dbr:Comedy_Central | Question: What are some shows by Comedy Central?,[ANS] >> dbp:network >> dbr:Comedy_Central [SEP] [ANS] >> rdf:type >> dbo:TelevisionShow
translate question to dbpedia path: Entities possibly involved: dbr:Yes_(band) | Question: Which movies' music is composed by people associated with the band Yes?,[ANS] >> dbo:musicComposer >> [VAR1] [SEP] [ANS] >> rdf:type >> dbo:Film [SEP] [VAR1] >> dbo:associatedMusicalArtist >> dbr:Yes_(band)
"translate question to dbpedia path: Entities possibly involved: dbr:PlayStation_4, dbr:PlayStation_3_system_software | Question: What came before  PlayStation 4 and uses PlayStation 3 system software as OS?",[ANS] >> dbo:successor >> dbr:PlayStation_4 [SEP] [ANS] >> dbp:os >> dbr:PlayStation_3_system_software
translate question to dbpedia path: Entities possibly involved: dbr:Royal_Thai_Army | Question: How many religion's commanders have served in the Royal Thai Army?,COUNT >> [VAR1] >> dbo:religion >> [ANS] [SEP] dbr:Royal_Thai_Army >> dbp:notableCommanders >> [VAR1]
"translate question to dbpedia path: Entities possibly involved: dbr:Asus, dbr:Sony | Question: What is manufactured by Asus and Sony togather?",[ANS] >> dbo:manufacturer >> dbr:Asus [SEP] [ANS] >> dbo:manufacturer >> dbr:Sony
"translate question to dbpedia path: Entities possibly involved: dbr:Comedy_Central, dbr:Primus_(band) | Question: Name the TV show with theme music by Primus and broadcasted on Comedy Central ?",[ANS] >> dbp:network >> dbr:Comedy_Central [SEP] [ANS] >> dbp:themeMusicComposer >> dbr:Primus_(band) [SEP] [ANS] >> rdf:type >> dbo:TelevisionShow
translate question to dbpedia path: Entities possibly involved: dbr:United_States | Question: Count all the games whose distributors are located in America,COUNT >> [ANS] >> dbp:distributor >> [VAR1] [SEP] [VAR1] >> dbp:country >> dbr:United_States
"translate question to dbpedia path: Entities possibly involved: dbr:RKO_Pictures, dbr:Orson_Welles | Question: What work has been directed by Orson Welles and distributed by  RKO Pictures?",[ANS] >> dbp:director >> dbr:Orson_Welles [SEP] [ANS] >> dbp:distributor >> dbr:RKO_Pictures [SEP] [ANS] >> rdf:type >> dbo:Work
translate question to dbpedia path: Entities possibly involved: dbr:Andrew_W._Lewis | Question: What is the alma mater of Andrew W. Lewis ?,dbr:Andrew_W._Lewis >> dbo:almaMater >> [ANS]
translate question to dbpedia path: Entities possibly involved: dbr:Daniel_Gibson | Question: Who is the spouse of Daniel Gibson?,[ANS] >> dbp:spouse >> dbr:Daniel_Gibson
"translate question to dbpedia path: Entities possibly involved: dbr:Englewood,_Colorado | Question: Name the nearest city to the historic place which has Englewood, Colorado as one of them ?","[VAR1] >> dbo:nearestCity >> [ANS] [SEP] [VAR1] >> dbp:nearestCity >> dbr:Englewood,_Colorado [SEP] [VAR1] >> rdf:type >> dbo:HistoricPlace"
translate question to dbpedia path: Entities possibly involved: dbr:Joel_Schumacher | Question: What are the movies directed by Joel Schumacher?,[ANS] >> dbo:director >> dbr:Joel_Schumacher [SEP] [ANS] >> rdf:type >> dbo:Film
translate question to dbpedia path: Entities possibly involved: dbr:Antoine_Bibeau | Question: What is the draft team of Antoine Bibeau ?,dbr:Antoine_Bibeau >> dbp:draftTeam >> [ANS]
translate question to dbpedia path: Entities possibly involved: dbr:Buccinidae | Question: What are a few molluscas whose family is Buccinidae?,[ANS] >> dbo:family >> dbr:Buccinidae [SEP] [ANS] >> rdf:type >> dbo:Mollusca
"translate question to dbpedia path: Entities possibly involved: dbr:Ape, dbr:Primate | Question: How many have family as Ape and order (taxonomy) is Primate ?",COUNT >> [ANS] >> dbo:family >> dbr:Ape [SEP] [ANS] >> dbo:order >> dbr:Primate
translate question to dbpedia path: Entities possibly involved: dbr:Marv_McFadden | Question: From which team did Marv McFadden played ?,dbr:Marv_McFadden >> dbp:pastteams >> [ANS]
"translate question to dbpedia path: Entities possibly involved: dbr:Parliament_of_India, dbr:Rajya_Sabha | Question: Is Rajya Sabha a house of parliament in India?",ASK >> dbr:Parliament_of_India >> dbp:houses >> dbr:Rajya_Sabha
translate question to dbpedia path: Entities possibly involved: dbr:Candice_Michelle | Question: Who are the trainersof Candice Michelle?,dbr:Candice_Michelle >> dbo:trainer >> [ANS]
translate question to dbpedia path: Entities possibly involved: dbr:1967_Mexican_Grand_Prix | Question: Which constructor's team won the 1967 Mexican Grand Prix ?,dbr:1967_Mexican_Grand_Prix >> dbp:firstTeam >> [ANS]
translate question to dbpedia path: Entities possibly involved: dbr:Howard_Hughes_Medical_Institute | Question: Which person belongs to the board of Howard Hughes Medical Institute?,[ANS] >> dbo:board >> dbr:Howard_Hughes_Medical_Institute [SEP] [ANS] >> rdf:type >> dbo:Person
"translate question to dbpedia path: Entities possibly involved: dbr:Gimhae_International_Airport, dbr:Asiana_Airlines | Question: Does the asiana airlines fly into the Gimhae International Airport?",ASK >> dbr:Asiana_Airlines >> dbo:targetAirport >> dbr:Gimhae_International_Airport
translate question to dbpedia path: Entities possibly involved: dbr:Kakae | Question: What is the title of Kakae ?,dbr:Kakae >> dbp:title >> [ANS]
"translate question to dbpedia path: Entities possibly involved: dbr:Michael_Medor, dbr:Mauritius_Broadcasting_Corporation | Question: Which broadcast area of Mauritius Broadcasting Corporation is also the nationality of Michael Medor ?",dbr:Mauritius_Broadcasting_Corporation >> dbp:broadcastArea >> [ANS] [SEP] dbr:Michael_Medor >> dbo:nationality >> [ANS]
translate question to dbpedia path: Entities possibly involved: dbr:Pahang | Question: What is the county of the road whose route end is Pahang ?,[VAR1] >> dbo:county >> [ANS] [SEP] [VAR1] >> dbo:routeEnd >> dbr:Pahang [SEP] [VAR1] >> rdf:type >> dbo:Road
translate question to dbpedia path: Entities possibly involved: dbr:Heroman | Question: Who wrote Heroman?,dbr:Heroman >> dbp:author >> [ANS]
"translate question to dbpedia path: Entities possibly involved: dbr:The_Ultimate_Fighter:_Team_Rousey_vs._Team_Tate, dbr:The_Ultimate_Fighter:_A_Champion_Will_Be_Crowned | Question: Where did the ultimate fighter: a champion will be crowned tonight and ultimate fighter: team rousey vs team tate take place?",dbr:The_Ultimate_Fighter:_A_Champion_Will_Be_Crowned >> dbp:city >> [ANS] [SEP] dbr:The_Ultimate_Fighter:_Team_Rousey_vs._Team_Tate >> dbp:city >> [ANS]
"translate question to dbpedia path: Entities possibly involved: dbr:Roger_Federer, dbr:Switzerland_at_the_2004_Summer_Olympics | Question: Is Roger Federer the flagbearer of Switzerland at the 2004 Summer Olympics?",ASK >> dbr:Switzerland_at_the_2004_Summer_Olympics >> dbp:flagbearer >> dbr:Roger_Federer
translate question to dbpedia path: Entities possibly involved: dbr:Poland | Question: Which nation's engineers have graduated in Poland?,[VAR1] >> dbo:education >> dbr:Poland [SEP] [VAR1] >> dbp:nationality >> [ANS] [SEP] [VAR1] >> rdf:type >> dbo:Engineer
translate question to dbpedia path: Entities possibly involved: dbr:Bernard_Herrmann | Question: Give me a count of movies whose music composer is Bernard Herrmann?,COUNT >> [ANS] >> dbo:musicComposer >> dbr:Bernard_Herrmann [SEP] [ANS] >> rdf:type >> dbo:Film
translate question to dbpedia path: Entities possibly involved: dbr:Novair_International_Airways | Question: List the destinations of Novair International Airways ?,dbr:Novair_International_Airways >> dbp:destinations >> [ANS]
translate question to dbpedia path: Entities possibly involved: dbr:Lake_Uniamési | Question: Into which water bodies does Lake Uniamsi outflow?,dbr:Lake_Uniamési >> dbp:outflow >> [ANS]
translate question to dbpedia path: Entities possibly involved: dbr:Katima_Mulilo_Bridge | Question: Which river does Katima Mulilo Bridge cross?,dbr:Katima_Mulilo_Bridge >> dbp:crosses >> [ANS]
translate question to dbpedia path: Entities possibly involved: dbr:Tom_O'Malley | Question: What is the debut team of Tom O'Malley ?,dbr:Tom_O'Malley >> dbp:debutteam >> [ANS]
translate question to dbpedia path: Entities possibly involved: dbr:Purnima_Banerjee | Question: What is the political party to which Purnima Banerjee is a member of??,dbr:Purnima_Banerjee >> dbo:party >> [ANS]
"translate question to dbpedia path: Entities possibly involved: dbr:Jimmie_Lou_Fisher, dbr:Winston_Bryant | Question: Jimmie Fisher and Winston Bryant were governors under which president?",dbr:Jimmie_Lou_Fisher >> dbp:governor >> [ANS] [SEP] dbr:Winston_Bryant >> dbp:governor >> [ANS]
translate question to dbpedia path: Entities possibly involved: dbr:Red_Ahead | Question: What is the headquarters of the public transit system which is the section of Red Ahead ?,[VAR1] >> dbp:headquarters >> [ANS] [SEP] [VAR1] >> rdf:type >> dbo:PublicTransitSystem [SEP] dbr:Red_Ahead >> dbo:isPartOf >> [VAR1]
"translate question to dbpedia path: Entities possibly involved: dbr:Christiaan_Barnard, dbr:University_of_Minnesota | Question: Did Christian Barnard study in the University of Minnesota?",ASK >> dbr:Christiaan_Barnard >> dbo:institution >> dbr:University_of_Minnesota
translate question to dbpedia path: Entities possibly involved: dbr:Gangan_Comics | Question: Who has written works found in the Gangan comics?,[VAR1] >> dbp:author >> [ANS] [SEP] [VAR1] >> dbp:magazine >> dbr:Gangan_Comics
translate question to dbpedia path: Entities possibly involved: dbr:Republic_of_Montenegro_(1992–2006) | Question: What is the currency of Republic of Montenegro (1992-2006) ?,dbr:Republic_of_Montenegro_(1992–2006) >> dbp:currency >> [ANS]
translate question to dbpedia path: Entities possibly involved: dbr:Perianne_Jones | Question: What is the club of Perianne Jones ?,dbr:Perianne_Jones >> dbp:club >> [ANS]
"translate question to dbpedia path: Entities possibly involved: dbr:Bacillales, dbr:Firmicutes | Question: How many have order (taxonomy) as Bacillales and division as Firmicutes are there?",COUNT >> [ANS] >> dbo:division >> dbr:Firmicutes [SEP] [ANS] >> dbo:order >> dbr:Bacillales
"translate question to dbpedia path: Entities possibly involved: dbr:Michael_Deeley, dbr:Ridley_Scott | Question: What is the movie whose producer is Michael Deeley and directed by  Ridley Scott?",[ANS] >> dbp:director >> dbr:Ridley_Scott [SEP] [ANS] >> dbp:producer >> dbr:Michael_Deeley [SEP] [ANS] >> rdf:type >> dbo:Film
"translate question to dbpedia path: Entities possibly involved: dbr:Ford_Air_Transport_Service, dbr:Ford_Y-block_engine | Question: Which manufacturer of  Ford Y-block engine is the parent of  Ford Air Transport Service ?",dbr:Ford_Air_Transport_Service >> dbp:parent >> [ANS] [SEP] dbr:Ford_Y-block_engine >> dbo:manufacturer >> [ANS]
translate question to dbpedia path: Entities possibly involved: dbr:United_States | Question: What are some important works of US citizens?,[VAR1] >> dbo:notableWork >> [ANS] [SEP] [VAR1] >> dbp:nationality >> dbr:United_States
translate question to dbpedia path: Entities possibly involved: dbr:Private_school | Question: Which sports are played typically in private schools?,[VAR1] >> dbo:sport >> [ANS] [SEP] [VAR1] >> dbp:schooltype >> dbr:Private_school
translate question to dbpedia path: Entities possibly involved: dbr:Russell_T_Davies | Question: How many shows is Russell Davies known for?,COUNT >> [ANS] >> rdf:type >> dbo:TelevisionShow [SEP] dbr:Russell_T_Davies >> dbp:notableworks >> [ANS]
translate question to dbpedia path: Entities possibly involved: dbr:Justin_Zackham | Question: What is the casting of the movie directed by Justin Zackham ?,[VAR1] >> dbo:director >> dbr:Justin_Zackham [SEP] [VAR1] >> dbp:starring >> [ANS] [SEP] [VAR1] >> rdf:type >> dbo:Film
translate question to dbpedia path: Entities possibly involved: dbr:Mekong_River_Commission | Question: List all the mmebers of  Mekong River Commission?,dbr:Mekong_River_Commission >> dbp:membership >> [ANS]
translate question to dbpedia path: Entities possibly involved: dbr:Malaysia | Question: How many religion's people have died in Malaysia?,COUNT >> [VAR1] >> dbo:deathPlace >> dbr:Malaysia [SEP] [VAR1] >> dbo:religion >> [ANS]
"translate question to dbpedia path: Entities possibly involved: dbr:Erik_Jendresen, dbr:HBO | Question: Name the HBO TV show written by Erik jendresen  ?",[ANS] >> dbo:company >> dbr:HBO [SEP] [ANS] >> dbp:writer >> dbr:Erik_Jendresen [SEP] [ANS] >> rdf:type >> dbo:TelevisionShow
translate question to dbpedia path: Entities possibly involved: dbr:President_of_France | Question: How many different currencies are used in the places governed by the president of France?,COUNT >> [VAR1] >> dbo:currency >> [ANS] [SEP] [VAR1] >> dbp:leaderTitle >> dbr:President_of_France
translate question to dbpedia path: Entities possibly involved: dbr:Doug_Acomb | Question: List the team for which Doug Acomb played ?,dbr:Doug_Acomb >> dbp:playedFor >> [ANS]
